name,category,address,city,state,postal_code,phone,website_url,source_url,source_type,observed_at,rating,amenities,pet_policy,canonical,market_id
AC Hotel Phoenix Biltmore,pet-friendly-hotels,2811 East Camelback Road,Phoenix,AZ,85016,(602) 852-6502,https://www.marriott.com/en-us/hotels/phxab-ac-hotel-phoenix-biltmore/overview/,https://www.marriott.com/en-us/hotels/phxab-ac-hotel-phoenix-biltmore/overview/,OFFICIAL_PROPERTY,2026-09-29,,,Pet Policy | Pets Welcome | Domestic and service animals allowed. | Non-Refundable Pet Fee Per Night: ... | Maximum Pet Weight: 50.0lbs | Maximum Number of Pets in Room: 2,,phoenix-az
AC Hotel Phoenix Tempe/Downtown,pet-friendly-hotels,100 East Rio Salado Parkway,Tempe,AZ,85281,(480) 642-6140,https://www.marriott.com/en-us/hotels/phxac-ac-hotel-phoenix-tempe-downtown/overview/,https://www.marriott.com/en-us/hotels/phxac-ac-hotel-phoenix-tempe-downtown/overview/,OFFICIAL_PROPERTY,2026-09-29,,,Pet Policy | Pets Welcome | Pets allowed with stay fee $75.00. Service animals welcome with no fee. | Maximum Pet Weight: 40.0lbs,,phoenix-az
AC Hotel Scottsdale North,pet-friendly-hotels,15200 North Kierland Boulevard,Scottsdale,AZ,85254,(480) 607-5555,https://www.marriott.com/en-us/hotels/phxax-ac-hotel-scottsdale-north/overview/,https://www.marriott.com/en-us/hotels/phxax-ac-hotel-scottsdale-north/overview/,OFFICIAL_PROPERTY,2026-09-29,,,Pet Policy | Pets Welcome | Fee of $75.00 per pet per night. 2 pets maximum. $450 max per stay. | Non-Refundable Pet Fee Per Stay: $150.00 | Maximum Pet Weight: 75.0lbs | Maximum Number of Pets in Room: 2,,phoenix-az
AC Hotel Scottsdale Old Town,pet-friendly-hotels,7117 E 3rd Ave.,Scottsdale,AZ,85251,(847) 372-3886,https://www.marriott.com/en-us/hotels/phxdc-ac-hotel-scottsdale-old-town/overview/,https://www.marriott.com/en-us/hotels/phxdc-ac-hotel-scottsdale-old-town/overview/,OFFICIAL_PROPERTY,2026-09-29,,,Pet Policy | Pets Welcome | 2 pets 50lbs max per pet per room. 100USD non-refundable fee per room per stay | Non-Refundable Pet Fee Per Stay: $100.00 | Maximum Pet Weight: 50.0lbs | Maximum Number of Pets in Room: 2,,phoenix-az
"Adero Scottsdale Resort, Autograph Collection",pet-friendly-hotels,13225 North Eagle Ridge Drive,Scottsdale,AZ,85268,,https://www.marriott.com/en-us/hotels/phxaf-adero-scottsdale-resort-autograph-collection/overview/,https://www.marriott.com/en-us/hotels/phxaf-adero-scottsdale-resort-autograph-collection/overview/,OFFICIAL_PROPERTY,2026-09-29,,,Pet Policy | Pets Welcome. | We welcome dogs up to 25 lbs | Non-Refundable Pet Fee Per Stay: $150.00 | Maximum Pet Weight: 25.0lbs | Maximum Number of Pets in Room: 2,,phoenix-az
Aloft Glendale at Westgate,pet-friendly-hotels,6920 N 93rd Avenue,Glendale,AZ,85305,(602) 883-3500,https://www.marriott.com/en-us/hotels/phxaw-aloft-glendale-at-westgate/overview/,https://www.marriott.com/en-us/hotels/phxaw-aloft-glendale-at-westgate/overview/,OFFICIAL_PROPERTY,2026-09-29,,,"Pet Policy | Pets Welcome | 2 pets, 40lbs maximum, per room. $50.00 non-refundable pet fee per stay. | Maximum Pet Weight: 40.0lbs | Maximum Number of Pets in Room: 2",,phoenix-az
Aloft Phoenix-Airport,pet-friendly-hotels,4450 East Washington,Phoenix,AZ,85034,,https://www.marriott.com/en-us/hotels/phxxl-aloft-phoenix-airport/overview/,https://www.marriott.com/en-us/hotels/phxxl-aloft-phoenix-airport/overview/,OFFICIAL_PROPERTY,2026-09-29,,,Pet Policy | Pets Welcome | Non-Refundable Pet Fee Per Night: ... | Maximum Pet Weight: 40.0lbs | Maximum Number of Pets in Room: 2,,phoenix-az
Aloft Scottsdale,pet-friendly-hotels,4415 North Civic Center Plaza,Scottsdale,AZ,85251,(480) 253-3700,https://www.marriott.com/en-us/hotels/phxsd-aloft-scottsdale/overview/,https://www.marriott.com/en-us/hotels/phxsd-aloft-scottsdale/overview/,OFFICIAL_PROPERTY,2026-09-29,,,Pet Policy | Pets Welcome | $50/Day or $150/stay | Non-Refundable Pet Fee Per Night: ... | Maximum Pet Weight: 40.0lbs,,phoenix-az
Aloft Tempe,pet-friendly-hotels,951 East Playa Del Norte Drive,Tempe,AZ,85288,,https://www.marriott.com/en-us/hotels/phxal-aloft-tempe/overview/,https://www.marriott.com/en-us/hotels/phxal-aloft-tempe/overview/,OFFICIAL_PROPERTY,2026-09-29,,,"Pet Policy | Pets Welcome | $50 a day, maximum of $150 per stay | Non-Refundable Pet Fee Per Night: ... | Maximum Pet Weight: 40.0lbs | Maximum Number of Pets in Room: 2",,phoenix-az
Andaz Scottsdale Resort & Bungalows,pet-friendly-hotels,6114 N Scottsdale Road,Scottsdale,AZ,85253,(480) 368-1234,https://scottsdale.andaz.hyatt.com,https://scottsdale.andaz.hyatt.com,OFFICIAL_PROPERTY,2026-09-29,,,Pets Are Welcome | Bring man's best friend along on your wellness retreat. We gladly welcome your canine companions to | Fees | 1-6 nights $150 | 7 to 30 nights + deep cleaning fee $300 | Weight Limits | Maximum number of pets is 2.,,phoenix-az
Arizona Biltmore,pet-friendly-hotels,2400 East Missouri Avenue,Phoenix,AZ,85016,+1 602 955 6600,https://www.hilton.com/en/hotels/phxbmol-arizona-biltmore/,https://www.hilton.com/en/hotels/phxbmol-arizona-biltmore/resort/,OFFICIAL_PROPERTY,2026-09-29,,,"Resort Policies | Pets | Pets Allowed: Yes | Pet Policy: Pets allowed, $150.00 non-refundable fee, 150 lbs maximum, Pet food menus | Max Weight: 150 lbs | Pet Fee: $150.00 Non-refundable",,phoenix-az
Bespoke Inn Scottsdale,pet-friendly-hotels,3701 N Marshall Way,Scottsdale,AZ,85251,(844) 842-4981,http://www.bespokeinnscottsdale.com,https://bespokeinnscottsdale.com/scottsdale-inn#pets,OFFICIAL_PROPERTY,2026-09-29,,,"Pet Lodging & Amenities | Bespoke Inn welcomes canine companions in our pet friendly accommodations, which include any of our rooms or suites. We’re happ | Pet Policies | We request a limit of two pets per room with a $50 per pet non-refundable fee. We do not have a weig",,phoenix-az
Best Western North Phoenix Hotel,pet-friendly-hotels,9455 N. Black Canyon Highway,Phoenix,AZ,85021,,https://www.bestwestern.com/en_US/book/hotels-in-phoenix/best-western-north-phoenix-hotel/propertyCode.03161.html,https://www.bestwestern.com/en_US/book/hotels-in-phoenix/best-western-north-phoenix-hotel/propertyCode.03161.html,OFFICIAL_PROPERTY,2026-09-29,,,Pet Policy | We are Pet Friendly and allow up to two dogs in a limited number of rooms. The size limit for any on,,phoenix-az
Best Western Phoenix Goodyear Inn,pet-friendly-hotels,55 N Litchfield Road,Goodyear,AZ,85338,,https://www.bestwestern.com/en_US/book/hotels-in-goodyear/best-western-phoenix-goodyear-inn/propertyCode.03116.html,https://www.bestwestern.com/en_US/book/hotels-in-goodyear/best-western-phoenix-goodyear-inn/propertyCode.03116.html,OFFICIAL_PROPERTY,2026-09-29,,,Pet Policy | We are Pet Friendly and allow up to two dogs in a limited number of rooms. The size limit for any on,,phoenix-az
Best Western Plus Sundial,pet-friendly-hotels,7320 E Camelback Road,Scottsdale,AZ,85251,,https://www.bestwestern.com/en_US/book/hotels-in-scottsdale/best-western-plus-sundial/propertyCode.03147.html,https://www.bestwestern.com/en_US/book/hotels-in-scottsdale/best-western-plus-sundial/propertyCode.03147.html,OFFICIAL_PROPERTY,2026-09-29,,,Pet Policy | We are Pet Friendly and allow up to two dogs in a limited number of rooms. The size limit for any on,,phoenix-az
Best Western Tolleson Hotel,pet-friendly-hotels,8421 W McDowell Road,Tolleson,AZ,85353,,https://www.bestwestern.com/en_US/book/hotels-in-tolleson/best-western-tolleson-hotel/propertyCode.03154.html,https://www.bestwestern.com/en_US/book/hotels-in-tolleson/best-western-tolleson-hotel/propertyCode.03154.html,OFFICIAL_PROPERTY,2026-09-29,,,Pet Policy | We are Pet Friendly and allow up to two dogs in a limited number of rooms. The size limit for any on,,phoenix-az
"Caesars Republic Scottsdale, a Hilton Hotel",pet-friendly-hotels,4747 N Goldwater Blvd,Scottsdale,AZ,85251,+1 480-903-4747,https://www.hilton.com/en/hotels/phxdlhh-caesars-republic-scottsdale/,https://www.hilton.com/en/hotels/phxdlhh-caesars-republic-scottsdale/hotel-info/,OFFICIAL_PROPERTY,2026-09-29,,,Pets | Pets allowed: Yes | Non-refundable fee: $125.00 | Max weight: 75 lbs | Max size: medium | Pet policy: Dogs only. 2 dogs allowed per room with a maximum weight of 75bs,,phoenix-az
Cambria Hotel Phoenix Chandler - Fashion Center,pet-friendly-hotels,3165 West Frye Rd.,Chandler,AZ,85226,(480) 899-2203,https://www.choicehotels.com/arizona/chandler/cambria-hotels/az435,https://www.choicehotels.com/arizona/chandler/cambria-hotels/az435,OFFICIAL_PROPERTY,2026-09-29,,,"Pets Allowed: Yes General: Pets Are Allowed. Dogs Only. 50USD Per night. Limit of 75 pounds. Maximum of 2 pets per room.. Service animals are permitted, without charge.",,phoenix-az
Candlewood Suites Mesa - Phoenix East,pet-friendly-hotels,1748 S Crismon Rd,Mesa,AZ,85209,+1-480-908-1033,https://www.ihg.com/candlewood/hotels/us/en/mesa/phxmz/hoteldetail,https://www.ihg.com/candlewood/hotels/us/en/mesa/phxmz/hoteldetail,OFFICIAL_PROPERTY,2026-09-29,,,"5209 United States Parking and transportation details Check-in : 3:00 PM Check-out : 12:00 PM Minimum check-in age : 21 Hotel Highlights Pet Friendly Guest Laundry Full Kitchen Suites With You In Mind Complimentary WiFi Candlewood Cupboard Pet Friendly It’s hard to leave your best buddy at home when you’re traveling for extended periods, so we provide a pet friendly experience at Candlewood Suites. Pet fees apply Guest Laundry Feel free to use our complimentary, 24/7 laundry facility at your con",,phoenix-az
Canopy by Hilton Scottsdale Old Town,pet-friendly-hotels,7142 E 1st St,Scottsdale,AZ,85251,+1 480-590-3864,https://www.hilton.com/en/hotels/phxotpy-canopy-scottsdale-old-town/,https://www.hilton.com/en/hotels/phxotpy-canopy-scottsdale-old-town/hotel-info/,OFFICIAL_PROPERTY,2026-09-29,,,Pets | Pets allowed: Yes | Non-refundable fee: $75.00 | Max weight: 75 lbs | Max size: medium | Pet policy: $75 per stay.,,phoenix-az
Canopy by Hilton Tempe Downtown,pet-friendly-hotels,108 E. University Drive,Tempe,AZ,85281,+1 480-968-6800,https://www.hilton.com/en/hotels/phxtypy-canopy-tempe-downtown/,https://www.hilton.com/en/hotels/phxtypy-canopy-tempe-downtown/hotel-info/,OFFICIAL_PROPERTY,2026-09-29,,,Pets | Pets allowed: Yes | Non-refundable fee: $50.00 | Max weight: 75 lbs | Max size: large,,phoenix-az
Comfort Inn & Suites Phoenix North / Deer Valley,pet-friendly-hotels,17017 North Black Canyon Highway,Phoenix,AZ,85023,+1 602-548-8888,https://www.choicehotels.com/arizona/phoenix/comfort-inn-hotels/az476,https://www.choicehotels.com/arizona/phoenix/comfort-inn-hotels/az476,OFFICIAL_PROPERTY,2026-09-29,,,"Pets Allowed: Yes General: Only dogs are allowed. 25.00 USD per night. A limit of 30 pounds and maximum 2 pets per room.. Service animals are permitted, without charge.",,phoenix-az
Comfort Inn I-10 West at 51st Ave,pet-friendly-hotels,5152 Latham Street,Phoenix,AZ,85043,+1 480-676-5406,https://www.choicehotels.com/arizona/phoenix/comfort-inn-hotels/az350,https://www.choicehotels.com/arizona/phoenix/comfort-inn-hotels/az350,OFFICIAL_PROPERTY,2026-09-29,,,"Pets Allowed: Yes General: Pet charge: 25.00 USD per pet, per night. Pet limit: 2 pets per room and 50 lbs maximum weight.. Service animals are permitted, without charge.",,phoenix-az
Comfort Suites Glendale - State Farm Stadium Area,pet-friendly-hotels,9824 W Camelback Rd,Glendale,AZ,85305,+1 623-271-9005,https://www.choicehotels.com/arizona/glendale/comfort-suites-hotels/az296,https://www.choicehotels.com/arizona/glendale/comfort-suites-hotels/az296,OFFICIAL_PROPERTY,2026-09-29,,,"Pets Allowed: Yes General: Pets allowed, dogs only. $25.00 per pet, per night. No refundable deposit required. No size limit. Maximum of 2 pets per room.. Service animals are permitted, without charge.",,phoenix-az
Comfort Suites Goodyear-West Phoenix,pet-friendly-hotels,15575 W. Roosevelt St,Goodyear,AZ,85338,+1 520-257-3134,https://www.choicehotels.com/arizona/goodyear/comfort-suites-hotels/az246,https://www.choicehotels.com/arizona/goodyear/comfort-suites-hotels/az246,OFFICIAL_PROPERTY,2026-09-29,,,"Pets Allowed: Yes General: Pets are Allowed. 50.00 USD charge per pet per night. A maximum of 40 pounds and 1 pet per room is allowed.. Service animals are permitted, without charge.",,phoenix-az
"Country Inn & Suites by Radisson, Mesa, AZ",pet-friendly-hotels,6650 E. Superstition Springs Blvd,Mesa,AZ,85206,+1 480-641-8000,https://www.choicehotels.com/arizona/mesa/country-inn-suites-hotels/az605,https://www.choicehotels.com/arizona/mesa/country-inn-suites-hotels/az605,OFFICIAL_PROPERTY,2026-09-29,,,"Pets Allowed: Yes General: Pets are allowed for QNDXPE (2 Queen Beds, Nonsmoking, Upgrade) rooms. Dogs Only. Pet fee of 25 USD Per Night Per Pet. Limit of 75 pounds. Maximum of 2 pets per room.. Service animals are permitted, without charge.",,phoenix-az
"Country Inn & Suites by Radisson, Phoenix Airport, AZ",pet-friendly-hotels,4702 E University Dr,Phoenix,AZ,85034,+1 480-829-0700,https://www.choicehotels.com/arizona/phoenix/country-inn-suites-hotels/az609,https://www.choicehotels.com/arizona/phoenix/country-inn-suites-hotels/az609,OFFICIAL_PROPERTY,2026-09-29,,,"Pets Allowed: Yes General: Pets allowed. All Pets. Pet Accommodation 15.00 USD Per Night, Per pet. A maximum of 50 pounds per pet. A maximum of 2 pet. All pets must be declared prior to check in to assure that a pet-friendly room can be assigned. Please call the hotel directly.. Service animals are permitted, without charge.",,phoenix-az
Courtyard by Marriott Mesa at Wrigleyville West,pet-friendly-hotels,2224 West Rio Salado Parkway,Mesa,AZ,85201,+1 480-590-8000,https://www.marriott.com/en-us/hotels/phxce-courtyard-mesa-at-wrigleyville-west/overview/,https://www.marriott.com/en-us/hotels/phxce-courtyard-mesa-at-wrigleyville-west/overview/,OFFICIAL_PROPERTY,2026-09-29,,,Pet Policy | Pets Welcome | Non-Refundable Pet Fee Per Stay: $50.00 | Maximum Number of Pets in Room: 2,,phoenix-az
Courtyard by Marriott Phoenix Mesa,pet-friendly-hotels,1221 South Westwood,Mesa,AZ,85210,+1 480-461-3000,https://www.marriott.com/en-us/hotels/phxme-courtyard-phoenix-mesa/overview/,https://www.marriott.com/en-us/hotels/phxme-courtyard-phoenix-mesa/overview/,OFFICIAL_PROPERTY,2026-09-29,,,Pet Policy | Pets Welcome | Pet fee $150/stay nonrefundable cleaning fee excludes Service Animals | Non-Refundable Pet Fee Per Stay: $150.00 | Maximum Pet Weight: 50.0lbs | Maximum Number of Pets in Room: 2,,phoenix-az
Courtyard by Marriott Phoenix Mesa Gateway Airport,pet-friendly-hotels,6907 East Ray Road,Mesa,AZ,85212,+1 480-351-7088,https://www.marriott.com/en-us/hotels/phxmz-courtyard-phoenix-mesa-gateway-airport/overview/,https://www.marriott.com/en-us/hotels/phxmz-courtyard-phoenix-mesa-gateway-airport/overview/,OFFICIAL_PROPERTY,2026-09-29,,,Pet Policy | Pets Welcome | $150 pet fee per stay | Non-Refundable Pet Fee Per Stay: $150.00 | Maximum Pet Weight: 75.0lbs | Maximum Number of Pets in Room: 2,,phoenix-az
Courtyard by Marriott Phoenix North,pet-friendly-hotels,9631 North Black Canyon Highway,Phoenix,AZ,85021,+1 602-944-7373,https://www.marriott.com/en-us/hotels/phxmc-courtyard-phoenix-north/overview/,https://www.marriott.com/en-us/hotels/phxmc-courtyard-phoenix-north/overview/,OFFICIAL_PROPERTY,2026-09-29,,,Pet Policy | Pets Welcome | Pet fee $20/day with $100/stay nonrefundable clean fee excludes Service Animals | Non-Refundable Pet Fee Per Stay: $100.00 | Non-Refundable Pet Fee Per Night: ... | Maximum Pet Weight: 50.0lbs | Maximum Number of Pets in Room: 1,,phoenix-az
Courtyard by Marriott Phoenix West/Avondale,pet-friendly-hotels,1650 N 95th Lane,Phoenix,AZ,85037,,https://www.marriott.com/en-us/hotels/phxsw-courtyard-phoenix-west-avondale/overview/,https://www.marriott.com/en-us/hotels/phxsw-courtyard-phoenix-west-avondale/overview/,OFFICIAL_PROPERTY,2026-09-29,,,Pet Policy | Pets Welcome | $75 per stay (stays 1-5 nights) or $125 per stay (stays 6 nights or longer) | Non-Refundable Pet Fee Per Stay: $75.00 | Maximum Number of Pets in Room: 2,,phoenix-az
Courtyard by Marriott Scottsdale Old Town,pet-friendly-hotels,3311 North Scottsdale Road,Scottsdale,AZ,85251,+1 480-429-7785,https://www.marriott.com/en-us/hotels/phxsc-courtyard-scottsdale-old-town/overview/,https://www.marriott.com/en-us/hotels/phxsc-courtyard-scottsdale-old-town/overview/,OFFICIAL_PROPERTY,2026-09-29,,,Pet Policy | Pets Welcome | Pet fee $20/day with $100/stay nonrefundable clean fee excludes Service Animals | Non-Refundable Pet Fee Per Night: ... | Maximum Pet Weight: 100.0lbs | Maximum Number of Pets in Room: 3,,phoenix-az
Courtyard by Marriott Scottsdale Salt River,pet-friendly-hotels,5201 North Pima Road,Scottsdale,AZ,85250,+1 480-745-8200,https://www.marriott.com/en-us/hotels/phxpi-courtyard-scottsdale-salt-river/overview/,https://www.marriott.com/en-us/hotels/phxpi-courtyard-scottsdale-salt-river/overview/,OFFICIAL_PROPERTY,2026-09-29,,,"Pet Policy | Pets Welcome | $100/stay non-refundable fee and $20/day up to 7 days, excludes Service Animals | Non-Refundable Pet Fee Per Stay: $100.00 | Non-Refundable Pet Fee Per Night: ... | Maximum Pet Weight: 50.0lbs | Maximum Number of Pets in Room: 2",,phoenix-az
Crowne Plaza Phoenix Airport - PHX,pet-friendly-hotels,4300 East Washington Street,Phoenix,AZ,85034,+1-602-273-7778,https://www.ihg.com/crowneplaza/hotels/us/en/phoenix/phxea/hoteldetail,https://www.ihg.com/crowneplaza/hotels/us/en/phoenix/phxea/hoteldetail,OFFICIAL_PROPERTY,2026-09-29,,,housekeeping Ev chargers Fitness center On-site parking (14 USD / day) Pet-friendly (50 USD / stay) Pool 2 on-site restaurants Smoke-free hotel Wi-Fi Area shuttle Daily housekeeping Ev chargers Fitness center On-site parking (14 USD / day) Pet-friendly (50 USD / stay) Pool 2 on-site restaurants Smoke-free hotel Wi-Fi Area shuttle View all amenities Accommodations Guest Rooms Relax and recharge in our thoughtfully designed guest rooms at Crowne Plaza Phoenix Airport - PHX. Parking fee: 14 USD per,,phoenix-az
Crowne Plaza Phoenix - Chandler Golf Resort,pet-friendly-hotels,One San Marcos Place,Chandler,AZ,85225,,https://www.ihg.com/crowneplaza/hotels/us/en/chandler/phxqq/hoteldetail,https://www.ihg.com/crowneplaza/hotels/us/en/chandler/phxqq/hoteldetail,OFFICIAL_PROPERTY,2026-09-29,,,"Pets are welcome at Crowne Plaza Resort Phoenix - Chandler Golf Resort. | Pet policy description. Pet Friendly Hotel. 2 pets per room up to 40 lbs. each, 75 dollar non refund | Pet fee per stay: 75 USD | Pet damage deposit: 75 USD | Pet weight limit: 40 | 2 pets allowed | Pets allowed: Only dogs allowed",,phoenix-az
Days Inn & Suites by Wyndham Mesa Near Phoenix,pet-friendly-hotels,333 West Juanita Avenue,Mesa,AZ,85210,+1 480-582-0018,https://www.wyndhamhotels.com/days-inn/mesa-arizona/days-hotel-mesa-country-club/overview,https://www.wyndhamhotels.com/days-inn/mesa-arizona/days-inn-and-suites-mesa-near-phoenix/overview,OFFICIAL_PROPERTY,2026-09-29,,,Service Animals - ADA-defined service animals welcome. / Pets Allowed - 2 pets max. / Fees - 25USD per night. / Other Information - Contact hotel for additional details.,,phoenix-az
Days Inn by Wyndham Buckeye,pet-friendly-hotels,25205 W Yuma Rd,Buckeye,AZ,85326,1-623-3865400,https://www.wyndhamhotels.com/days-inn/buckeye-arizona/days-inn-buckeye/overview,https://www.wyndhamhotels.com/days-inn/buckeye-arizona/days-inn-buckeye/overview,OFFICIAL_PROPERTY,2026-09-29,,,Service Animals - ADA-defined service animals welcome. / Pets Allowed - 2 pets max. 40lbs or less per pet / Fees - 20USD per pet per night. / Pet Sanitation Fee 500USD if required. / Other information - Contact hotel for additional details and availability.,,phoenix-az
Delta Hotels Phoenix Mesa,pet-friendly-hotels,200 North Centennial Way,Mesa,AZ,85201,(480) 898-8300,https://www.marriott.com/en-us/hotels/phxde-delta-hotels-phoenix-mesa/overview/,https://www.marriott.com/en-us/hotels/phxde-delta-hotels-phoenix-mesa/overview/,OFFICIAL_PROPERTY,2026-09-29,,,Pet Policy | Pets Welcome | Dogs allowed. Max 2 pets per room. $75 non-refundable deposit | Maximum Pet Weight: 70.0lbs | Maximum Number of Pets in Room: 2,,phoenix-az
Denu Hotel & Spa,pet-friendly-hotels,1 E. Adams St,Phoenix,AZ,85004,(623) 336-0987,https://www.denuhotel.com/,https://www.denuhotel.com/,OFFICIAL_PROPERTY,2026-09-29,,,"with Intention at Denū: Exclusive Group Offer Meet at Denū Offers View gallery View map Call for reservations Go to home page View gallery View map Call for reservations Call 888-211-2282 Rewards Offers Book Book Experience Traveling with Pets Traveling with Pets Where Paws Feel at Home Denū is a dog-friendly hotel in Phoenix offering pet-friendly amenities and a downtown setting perfect for traveling with your four-legged companion. yage Package Pet-friendly Accommodations, Complimentary Pet En",,phoenix-az
DoubleTree by Hilton Hotel Phoenix - Gilbert,pet-friendly-hotels,1800 South SanTan Village Parkway,Gilbert,AZ,85295,+1 480-809-4100,https://www.hilton.com/en/hotels/phxstdt-doubletree-phoenix-gilbert/,https://www.hilton.com/en/hotels/phxstdt-doubletree-phoenix-gilbert/hotel-info/,OFFICIAL_PROPERTY,2026-09-29,,,Pets | Pets allowed: Yes | Non-refundable fee: $75.00 | Max weight: 75 lbs | Max size: large,,phoenix-az
DoubleTree by Hilton Phoenix Mesa,pet-friendly-hotels,1011 West Holmes Avenue,Mesa,AZ,85210,+1 480-833-5555,https://www.hilton.com/en/hotels/meswhdt-doubletree-phoenix-mesa/,https://www.hilton.com/en/hotels/meswhdt-doubletree-phoenix-mesa/hotel-info/,OFFICIAL_PROPERTY,2026-09-29,,,Pets | Pets allowed: Yes | Non-refundable fee: $75.00 | Max weight: 75 lbs | Max size: large | Pet policy: Limit 2 pets per room combined weight limit 75lbs. Pets must be on leash or in carrier in public are,,phoenix-az
DoubleTree by Hilton Phoenix Midtown,pet-friendly-hotels,4000 N. Central Avenue,Phoenix,AZ,85012,+1 602-279-9811,https://www.hilton.com/en/hotels/phxardt-doubletree-phoenix-midtown/,https://www.hilton.com/en/hotels/phxardt-doubletree-phoenix-midtown/hotel-info/,OFFICIAL_PROPERTY,2026-09-29,,,"Pets | Pets allowed: Yes | Non-refundable fee: $75.00 | Max weight: 75 lbs | Max size: large | Pet policy: $75(1-4n),$75(5+n) 2petsMax,dog/cat only",,phoenix-az
DoubleTree by Hilton Phoenix North,pet-friendly-hotels,10220 North Metro Parkway East,Phoenix,AZ,85051,+1 602-997-5900,https://www.hilton.com/en/hotels/phxntdt-doubletree-phoenix-north/,https://www.hilton.com/en/hotels/phxntdt-doubletree-phoenix-north/hotel-info/,OFFICIAL_PROPERTY,2026-09-29,,,Pets | Pets allowed: Yes | Non-refundable fee: $50.00 | Max weight: 75 lbs,,phoenix-az
DoubleTree Resort by Hilton Hotel Paradise Valley - Scottsdale,pet-friendly-hotels,5401 N. Scottsdale Rd.,Scottsdale,AZ,85250,+1 480-947-5400,https://www.hilton.com/en/hotels/phxsjdt-doubletree-resort-paradise-valley-scottsdale/,https://www.hilton.com/en/hotels/phxsjdt-doubletree-resort-paradise-valley-scottsdale/hotel-info/,OFFICIAL_PROPERTY,2026-09-29,,,Pets | Pets allowed: Yes | Non-refundable fee: $75.00 | Max weight: 75 lbs | Max size: large,,phoenix-az
Drury Inn & Suites Phoenix Airport,pet-friendly-hotels,3333 East University Drive,Phoenix,AZ,85034,+1-602-437-8400,https://www.druryhotels.com/locations/phoenix-az/drury-inn-and-suites-phoenix-airport,https://www.druryhotels.com/locations/phoenix-az/drury-inn-and-suites-phoenix-airport,OFFICIAL_PROPERTY,2026-09-29,,,Pet Policy | Dogs and cats accepted. Rooms with pets will be charged a daily fee of $50 per room plus tax. Servic,,phoenix-az
Drury Inn & Suites Phoenix Chandler Fashion Center,pet-friendly-hotels,1205 S Price Road,Chandler,AZ,85286,(480) 899-8100,https://www.druryhotels.com/locations/phoenix-az/drury-inn-and-suites-phoenix-chandler-fashion-center,https://www.druryhotels.com/locations/phoenix-az/drury-inn-and-suites-phoenix-chandler-fashion-center,OFFICIAL_PROPERTY,2026-09-29,,,Pet Policy | Dogs and cats accepted. Rooms with pets will be charged a daily fee of $50 per room plus tax. Servic,,phoenix-az
Drury Inn & Suites Phoenix Happy Valley,pet-friendly-hotels,2335 W Pinnacle Peak Road Phoenix 85027,Phoenix,AZ,85027,,https://www.druryhotels.com/locations/phoenix-az/drury-inn-and-suites-phoenix-happy-valley,https://www.druryhotels.com/locations/phoenix-az/drury-inn-and-suites-phoenix-happy-valley,OFFICIAL_PROPERTY,2026-09-29,,,Pet Policy | Dogs and cats accepted. Rooms with pets will be charged a daily fee of $50 per room plus tax. Servic,,phoenix-az
Drury Plaza Hotel Phoenix Tempe,pet-friendly-hotels,1780 W. Ranch Road,Tempe,AZ,85284,(480) 940-3700,https://www.druryhotels.com/locations/phoenix-az/drury-plaza-hotel-phoenix-tempe,https://www.druryhotels.com/locations/phoenix-az/drury-plaza-hotel-phoenix-tempe,OFFICIAL_PROPERTY,2026-09-29,,,Pet Policy | Dogs and cats accepted. Rooms with pets will be charged a daily fee of $50 per room plus tax. Servic,,phoenix-az
ECHO Suites Extended Stay by Wyndham Phoenix-Peoria/Glendale,pet-friendly-hotels,10750 N 91st Ave,Peoria,AZ,85345,(602) 755-8330,https://www.wyndhamhotels.com/echo-suites/peoria-arizona/echo-suites-phoenix-peoria-glendale/overview,https://www.wyndhamhotels.com/echo-suites/peoria-arizona/echo-suites-phoenix-peoria-glendale/overview,OFFICIAL_PROPERTY,2026-09-29,,,Service Animals - ADA-defined service animals welcome. / Dogs Allowed. 2 dogs max. 75lbs or less per pet. / Fees - 50USD per night. Plus 10USD for each additional night. / Other Information - Contact hotel for additional details and availability.,,phoenix-az
Egyptian Motor Hotel,pet-friendly-hotels,765 Grand Avenue,Phoenix,AZ,85007,(602) 807-5225,https://www.egyptianmotorhotel.com/,https://www.egyptianmotorhotel.com/,OFFICIAL_PROPERTY,2026-09-29,,,"Pets are allowed for hotel guests only. There is a $25 per pet, per day fee.",,phoenix-az
Element Chandler Fashion Center,pet-friendly-hotels,44 South Chandler Village Drive,Chandler,AZ,85226,(480) 553-7277,https://www.marriott.com/en-us/hotels/phxel-element-chandler-fashion-center/overview/,https://www.marriott.com/en-us/hotels/phxel-element-chandler-fashion-center/overview/,OFFICIAL_PROPERTY,2026-09-29,,,Pet Policy | Pets Welcome | Dogs only. 50 pound weight limit. | Non-Refundable Pet Fee Per Night: ... | Maximum Pet Weight: 50.0lbs | Maximum Number of Pets in Room: 2,,phoenix-az
Element Scottsdale at SkySong,pet-friendly-hotels,1345 North Scottsdale Road,Scottsdale,AZ,85257,(480) 361-0000,https://www.marriott.com/en-us/hotels/phxes-element-scottsdale-at-skysong/overview/,https://www.marriott.com/en-us/hotels/phxes-element-scottsdale-at-skysong/overview/,OFFICIAL_PROPERTY,2026-09-29,,,"Pet Policy | Pets Welcome | Pet Policy USD 50 non-refundable fee per room per night, up to USD 150 per stay. | Non-Refundable Pet Fee Per Night: ... | Maximum Pet Weight: 80.0lbs | Maximum Number of Pets in Room: 2",,phoenix-az
Embassy Suites by Hilton Phoenix Biltmore,pet-friendly-hotels,2630 East Camelback Road,Phoenix,AZ,85016,+1 602-955-3992,https://www.hilton.com/en/hotels/phxcbes-embassy-suites-phoenix-biltmore/,https://www.hilton.com/en/hotels/phxcbes-embassy-suites-phoenix-biltmore/hotel-info/,OFFICIAL_PROPERTY,2026-09-29,,,"Pets | Pets allowed: Yes | Non-refundable fee: $125.00 | Max weight: 75 lbs | Max size: medium | Pet policy: $75 (1-4n), $125 (5+n) 2petsMax, dog/cat only",,phoenix-az
Embassy Suites by Hilton Phoenix Downtown North,pet-friendly-hotels,10 East Thomas Road,Phoenix,AZ,85012,+1 602-222-1111,https://www.hilton.com/en/hotels/phxeses-embassy-suites-phoenix-downtown-north/,https://www.hilton.com/en/hotels/phxeses-embassy-suites-phoenix-downtown-north/hotel-info/,OFFICIAL_PROPERTY,2026-09-29,,,Pets | Pets allowed: Yes | Non-refundable fee: $75.00 | Pet policy: 1-4 night stay $75; 5+ night stay $125; 2 pets max; dog or cat only,,phoenix-az
Embassy Suites by Hilton Phoenix Scottsdale,pet-friendly-hotels,4415 E. Paradise Village Pkwy South,Phoenix,AZ,85032,+1 602-765-5800,https://www.hilton.com/en/hotels/phxpves-embassy-suites-phoenix-scottsdale/,https://www.hilton.com/en/hotels/phxpves-embassy-suites-phoenix-scottsdale/hotel-info/,OFFICIAL_PROPERTY,2026-09-29,,,Pets | Pets allowed: Yes | Non-refundable fee: $75.00 | Pet policy: 1-4 night stay $75; 5+ night stay $125; 2 pets max; dog or cat only,,phoenix-az
Embassy Suites by Hilton Phoenix Tempe,pet-friendly-hotels,4400 South Rural Road,Tempe,AZ,85282,+1 480-897-7444,https://www.hilton.com/en/hotels/phxtpes-embassy-suites-phoenix-tempe/,https://www.hilton.com/en/hotels/phxtpes-embassy-suites-phoenix-tempe/hotel-info/,OFFICIAL_PROPERTY,2026-09-29,,,Pets | Pets allowed: Yes | Non-refundable fee: $75.00 | Pet policy: 1-4 night stay $75; 5+ night stay $125; 2 pets max; dog or cat only,,phoenix-az
Embassy Suites by Hilton Scottsdale Resort,pet-friendly-hotels,5001 N. Scottsdale Road,Scottsdale,AZ,85250,+1 480-949-1414,https://www.hilton.com/en/hotels/scteses-embassy-suites-scottsdale-resort/,https://www.hilton.com/en/hotels/scteses-embassy-suites-scottsdale-resort/hotel-info/,OFFICIAL_PROPERTY,2026-09-29,,,Pets | Pets allowed: Yes | Non-refundable fee: $75.00 | Max weight: 147 lbs | Max size: large | Pet policy: 1-4 night stay $75; 5+ night stay $125; 2 pets max; dog or cat only,,phoenix-az
Everhome Suites Chandler Phoenix Fashion Center,pet-friendly-hotels,3200 West Willis Road,Chandler,AZ,85286,(480) 409-9447,https://www.choicehotels.com/arizona/chandler/everhome-suites-hotels/az597,https://www.choicehotels.com/arizona/chandler/everhome-suites-hotels/az597,OFFICIAL_PROPERTY,2026-09-29,,,"Pets Allowed: Yes General: Pets allowed Dogs only 10.00 USD pet charge per night, per pet 50.00 USD Non-refundable deposit, 75 lbs max of 2 pets per room. Service animals are permitted, without charge.",,phoenix-az
Everhome Suites Glendale Sports & Entertainment District,pet-friendly-hotels,9775 W Northern Ave,Glendale,AZ,85305,(623) 233-0180,https://www.choicehotels.com/arizona/glendale/everhome-suites-hotels/az589,https://www.choicehotels.com/arizona/glendale/everhome-suites-hotels/az589,OFFICIAL_PROPERTY,2026-09-29,,,"Pets Allowed: Yes General: Dogs Allowed Only. No cats. Pet Charge 15 USD Per Pet,Per Night. Non-Refundable deposit of 50 USD is required Per Stay. Pet limit 2 Pet Per Room. Max 50 Pounds. Service animals are permitted, without charge.",,phoenix-az
Extended Stay America Premier Suites Phoenix-Chandler-Airport,pet-friendly-hotels,1855 S Cooper Road,Chandler,AZ,85286,(480) 744-0330,https://www.extendedstayamerica.com/hotels/az/phoenix/chandler-airport,https://www.extendedstayamerica.com/hotels/az/phoenix/chandler-airport,OFFICIAL_PROPERTY,2026-09-29,,,pets are allowed,,phoenix-az
Extended Stay America Premier Suites Phoenix - Chandler Downtown,pet-friendly-hotels,2055 W. Chandler Blvd.,Chandler,AZ,85224,(480) 681-1002,https://www.extendedstayamerica.com/hotels/az/phoenix/chandler-downtown,https://www.extendedstayamerica.com/hotels/az/phoenix/chandler-downtown,OFFICIAL_PROPERTY,2026-09-29,,,pets are allowed,,phoenix-az
Fairfield Inn & Suites Scottsdale Old Town,pet-friendly-hotels,3275 North Drinkwater Blvd,Scottsdale,AZ,85251,(480) 946-1111,https://www.marriott.com/en-us/hotels/phxdf-fairfield-inn-and-suites-scottsdale-old-town/overview/,https://www.marriott.com/en-us/hotels/phxdf-fairfield-inn-and-suites-scottsdale-old-town/overview/,OFFICIAL_PROPERTY,2026-09-29,,,Pet Policy | Pets Welcome | 2 pets per room. $125 per stay one time fee. | Maximum Number of Pets in Room: 2,,phoenix-az
FOUND:RE Phoenix,pet-friendly-hotels,1100 N. Central Ave.,Phoenix,AZ,85004,(602) 875-8000,https://www.foundrehotels.com/,https://www.foundrehotels.com/,OFFICIAL_PROPERTY,2026-09-29,,,We're pet friendly!,,phoenix-az
Four Points by Sheraton at Phoenix Mesa Gateway Airport,pet-friendly-hotels,6850 East Williams Field Road,Mesa,AZ,85212,+1-480-579-2100,https://www.marriott.com/en-us/hotels/phxma-four-points-at-phoenix-mesa-gateway-airport/overview/,https://www.marriott.com/en-us/hotels/phxma-four-points-at-phoenix-mesa-gateway-airport/overview/,OFFICIAL_PROPERTY,2026-09-29,,,Pet Policy | Pets Welcome | Pet fee $20/day with $100/stay nonrefundable clean fee excludes Service Animals | Non-Refundable Pet Fee Per Night: ... | Maximum Pet Weight: 40.0lbs | Maximum Number of Pets in Room: 2,,phoenix-az
Four Seasons Resort Scottsdale at Troon North,pet-friendly-hotels,10600 East Crescent Moon Drive,Scottsdale,AZ,85262,(480) 515-5700,http://www.fourseasons.com/scottsdale,https://www.fourseasons.com/scottsdale/services-and-amenities/,OFFICIAL_PROPERTY,2026-09-29,,,Pet-Friendly Resort | Our pet-friendly resort welcomes dogs and cats to experience the beauty of the Sonoran Desert alongs,,phoenix-az
Graduate by Hilton Tempe,pet-friendly-hotels,225 E. Apache Blvd,Tempe,AZ,85281,+1-480-967-9431,https://www.hilton.com/en/hotels/phxgpgu-graduate-tempe/,https://www.hilton.com/en/hotels/phxgpgu-graduate-tempe/hotel-info/,OFFICIAL_PROPERTY,2026-09-29,,,"Pets | Pets allowed: Yes | Non-refundable fee: $75.00 | Max weight: 75 lbs | Max size: large | Pet policy: A maximum of two pets are allowed. A one-time, non-refundable pet fee of $75 per stay per pet will b",,phoenix-az
Grand Hyatt Scottsdale Resort,pet-friendly-hotels,7500 E. Doubletree Ranch Road,Scottsdale,AZ,85258,(480) 444-1234,https://www.hyatt.com/grand-hyatt/en-US/scott-grand-hyatt-scottsdale-resort,https://www.hyatt.com/grand-hyatt/en-US/scott-grand-hyatt-scottsdale-resort,OFFICIAL_PROPERTY,2026-09-29,,,"Pets Are Welcome | As a dog-friendly hotel in Scottsdale, we understand that dogs are part of the family and aim to mak | Pet Fees | 1–6 nights $150 STAY | 7–30 nights (additional deep-cleaning fee, nonrefundable) $150 STAY | Weight Limits | Maximum number of pets is 2.",,phoenix-az
Hampton Inn & Suites by Hilton Buckeye Phoenix,pet-friendly-hotels,21245 W Roosevelt St,Buckeye,AZ,85326,+16233359330,https://www.hilton.com/en/hotels/phxbkhx-hampton-suites-buckeye-phoenix/,https://www.hilton.com/en/hotels/phxbkhx-hampton-suites-buckeye-phoenix/hotel-info/,OFFICIAL_PROPERTY,2026-09-29,,,Pets | Pets allowed: Yes | Non-refundable fee: $75.00 | Max weight: 75 lbs | Max size: medium,,phoenix-az
Hampton Inn & Suites Phoenix Chandler-Fashion Center AZ,pet-friendly-hotels,1231 South Spectrum Boulevard,Chandler,AZ,85286,+1 480-917-9500,https://www.hilton.com/en/hotels/phxcrhx-hampton-suites-phoenix-chandler-fashion-center-az/,https://www.hilton.com/en/hotels/phxcrhx-hampton-suites-phoenix-chandler-fashion-center-az/hotel-info/,OFFICIAL_PROPERTY,2026-09-29,,,Pets | Pets allowed: Yes | Non-refundable fee: $125.00 | Max weight: 75 lbs | Max size: medium,,phoenix-az
Hampton Inn & Suites Phoenix Downtown,pet-friendly-hotels,77 E Polk St,Phoenix,AZ,85004,+1 602-710-1240,https://www.hilton.com/en/hotels/phxcthx-hampton-suites-phoenix-downtown/,https://www.hilton.com/en/hotels/phxcthx-hampton-suites-phoenix-downtown/hotel-info/,OFFICIAL_PROPERTY,2026-09-29,,,"Pets | Pets allowed: Yes | Non-refundable fee: $75.00 | Pet policy: $75 1-4 nights/$125 5+nights, 2 pets max",,phoenix-az
Hampton Inn & Suites Phoenix East Mesa,pet-friendly-hotels,1825 N. Higley Road,Gilbert,AZ,85234,+1 480-654-4000,https://www.hilton.com/en/hotels/phxemhx-hampton-suites-phoenix-east-mesa/,https://www.hilton.com/en/hotels/phxemhx-hampton-suites-phoenix-east-mesa/hotel-info/,OFFICIAL_PROPERTY,2026-09-29,,,Pets | Pets allowed: Yes | Non-refundable fee: $50.00 | Pet policy: 1-4 night stay $50; 5+ night stay $75; 2 pets max; dog or cat only,,phoenix-az
Hampton Inn & Suites Phoenix/Gilbert,pet-friendly-hotels,3265 South Market Street,Gilbert,AZ,85297,+1 480-543-1500,https://www.hilton.com/en/hotels/phxgthx-hampton-suites-phoenix-gilbert/,https://www.hilton.com/en/hotels/phxgthx-hampton-suites-phoenix-gilbert/hotel-info/,OFFICIAL_PROPERTY,2026-09-29,,,Pets | Pets allowed: Yes | Non-refundable fee: $75.00 | Max weight: 75 lbs | Pet policy: $75 1 - 4 days -5 days after 125.00,,phoenix-az
Hampton Inn & Suites Phoenix Glendale-Westgate,pet-friendly-hotels,6630 N 95th Avenue,Glendale,AZ,85305,+1 623-271-7771,https://www.hilton.com/en/hotels/phxglhx-hampton-suites-phoenix-glendale-westgate/,https://www.hilton.com/en/hotels/phxglhx-hampton-suites-phoenix-glendale-westgate/hotel-info/,OFFICIAL_PROPERTY,2026-09-29,,,"Pets | Pets allowed: Yes | Non-refundable fee: $75.00 | Pet policy: $75 1-4 nights/$125 5+nights, 2 pets max",,phoenix-az
Hampton Inn & Suites Phoenix-Goodyear,pet-friendly-hotels,2000 N. Litchfield Road,Goodyear,AZ,85395,+1 623-536-1313,https://www.hilton.com/en/hotels/phxgyhx-hampton-suites-phoenix-goodyear/,https://www.hilton.com/en/hotels/phxgyhx-hampton-suites-phoenix-goodyear/hotel-info/,OFFICIAL_PROPERTY,2026-09-29,,,"Pets | Pets allowed: Yes | Non-refundable fee: $75.00 | Pet policy: $75 per stay, 2petsMax,dog/cat only",,phoenix-az
Hampton Inn & Suites Phoenix North/Happy Valley,pet-friendly-hotels,2550 West Charlotte Drive,Phoenix,AZ,85085,+1 623-516-9300,https://www.hilton.com/en/hotels/phxhphx-hampton-suites-phoenix-north-happy-valley/,https://www.hilton.com/en/hotels/phxhphx-hampton-suites-phoenix-north-happy-valley/hotel-info/,OFFICIAL_PROPERTY,2026-09-29,,,"Pets | Pets allowed: Yes | Non-refundable fee: $75.00 | Pet policy: $75 1-4 nights/$125 5+nights, 2 pets max",,phoenix-az
Hampton Inn & Suites Phoenix/Scottsdale,pet-friendly-hotels,16620 North Scottsdale Road,Scottsdale,AZ,85254,+1 480-348-9280,https://www.hilton.com/en/hotels/scthshx-hampton-suites-phoenix-scottsdale/,https://www.hilton.com/en/hotels/scthshx-hampton-suites-phoenix-scottsdale/hotel-info/,OFFICIAL_PROPERTY,2026-09-29,,,"Pets | Pets allowed: Yes | Non-refundable fee: $75.00 | Pet policy: $75 for 1-4 nights, and $125 for 5+ nights, 2 pets max per room, per night, dog/cat only",,phoenix-az
Hampton Inn & Suites Phoenix/Scottsdale on Shea Boulevard,pet-friendly-hotels,10101 North Scottsdale Road,Scottsdale,AZ,85253,+1 480-443-3233,https://www.hilton.com/en/hotels/phxsdhx-hampton-suites-phoenix-scottsdale-on-shea-boulevard/,https://www.hilton.com/en/hotels/phxsdhx-hampton-suites-phoenix-scottsdale-on-shea-boulevard/hotel-info/,OFFICIAL_PROPERTY,2026-09-29,,,"Pets | Pets allowed: Yes | Non-refundable fee: $75.00 | Max weight: 75 lbs | Pet policy: $75(1-4n),$125(5+n) 2pets Max, dog/cat only",,phoenix-az
Hampton Inn & Suites Phoenix-Surprise,pet-friendly-hotels,14783 West Grand Avenue,Surprise,AZ,85374,+1 623-537-9122,https://www.hilton.com/en/hotels/phxsrhx-hampton-suites-phoenix-surprise/,https://www.hilton.com/en/hotels/phxsrhx-hampton-suites-phoenix-surprise/hotel-info/,OFFICIAL_PROPERTY,2026-09-29,,,"Pets | Pets allowed: Yes | Non-refundable fee: $75.00 | Max weight: 75 lbs | Pet policy: Combined weight of 75 lbs max, $75(1-4n) $125(5+n), 2 pet max, dogs/cats only.",,phoenix-az
Hampton Inn & Suites Phoenix Tempe,pet-friendly-hotels,1415 N. Scottsdale Road,Tempe,AZ,85288,+1 480-941-3441,https://www.hilton.com/en/hotels/phxsuhx-hampton-suites-phoenix-tempe/,https://www.hilton.com/en/hotels/phxsuhx-hampton-suites-phoenix-tempe/hotel-info/,OFFICIAL_PROPERTY,2026-09-29,,,"Pets | Pets allowed: Yes | Non-refundable fee: $75.00 | Max weight: 75 lbs | Pet policy: $75(1-4n) $125(5+n)2petsMax, dog/cat only",,phoenix-az
Hampton Inn & Suites Scottsdale at Talking Stick,pet-friendly-hotels,9550 E. Talking Stick Way,Scottsdale,AZ,85256,+1 480-270-5393,https://www.hilton.com/en/hotels/sctrwhx-hampton-suites-scottsdale-talking-stick/,https://www.hilton.com/en/hotels/sctrwhx-hampton-suites-scottsdale-talking-stick/hotel-info/,OFFICIAL_PROPERTY,2026-09-29,,,"Pets | Pets allowed: Yes | Non-refundable fee: $75.00 | Pet policy: $75(1-4n),$100(5+n) 2petsMax,dog/cat only",,phoenix-az
Hampton Inn & Suites Tempe/Phoenix Airport,pet-friendly-hotels,1550 S 52nd Street,Tempe,AZ,85281,+1 480-410-6400,https://www.hilton.com/en/hotels/phxtahx-hampton-suites-tempe-phoenix-airport/,https://www.hilton.com/en/hotels/phxtahx-hampton-suites-tempe-phoenix-airport/hotel-info/,OFFICIAL_PROPERTY,2026-09-29,,,"Pets | Pets allowed: Yes | Non-refundable fee: $75.00 | Max weight: 75 lbs | Max size: medium | Pet policy: Fees are per animal: $75(1-night),$125(5+nights) pets only Max 2, dog/cat only",,phoenix-az
Hampton Inn Carefree,pet-friendly-hotels,2 Easy Street,Carefree,AZ,85377,+1 480-476-9200,https://www.hilton.com/en/hotels/phxcfhx-hampton-carefree/,https://www.hilton.com/en/hotels/phxcfhx-hampton-carefree/hotel-info/,OFFICIAL_PROPERTY,2026-09-29,,,Pets | Pets allowed: Yes | Non-refundable fee: $75.00 | Max weight: 75 lbs | Pet policy: Pet Service Charge,,phoenix-az
Hampton Inn Phoenix-Airport North,pet-friendly-hotels,601 N 44th Street,Phoenix,AZ,85008,+1 602-267-0606,https://www.hilton.com/en/hotels/phxaphx-hampton-phoenix-airport-north/,https://www.hilton.com/en/hotels/phxaphx-hampton-phoenix-airport-north/hotel-info/,OFFICIAL_PROPERTY,2026-09-29,,,Pets | Pets allowed: Yes | Non-refundable fee: $75.00 | Max weight: 75 lbs,,phoenix-az
Hampton Inn Phoenix/Anthem,pet-friendly-hotels,42415 N 41st Drive,Anthem,AZ,85086,+1 623-465-7979,https://www.hilton.com/en/hotels/phxamhx-hampton-phoenix-anthem/,https://www.hilton.com/en/hotels/phxamhx-hampton-phoenix-anthem/hotel-info/,OFFICIAL_PROPERTY,2026-09-29,,,"Pets | Pets allowed: Yes | Non-refundable fee: $75.00 | Pet policy: $75(1-4nt),$125(5+nt) 2pet Max, dog/cat only",,phoenix-az
Hampton Inn Phoenix-Biltmore,pet-friendly-hotels,2310 East Highland Avenue,Phoenix,AZ,85016,+1 602-956-5221,https://www.hilton.com/en/hotels/phxehhx-hampton-phoenix-biltmore/,https://www.hilton.com/en/hotels/phxehhx-hampton-phoenix-biltmore/hotel-info/,OFFICIAL_PROPERTY,2026-09-29,,,"Pets | Pets allowed: Yes | Non-refundable fee: $75.00 | Pet policy: $75 per stay. 2petsMax,dog/cat only",,phoenix-az
Hampton Inn Phoenix/Chandler,pet-friendly-hotels,7333 W. Detroit Street,Chandler,AZ,85226,+1 480-753-5200,https://www.hilton.com/en/hotels/phxcnhx-hampton-phoenix-chandler/,https://www.hilton.com/en/hotels/phxcnhx-hampton-phoenix-chandler/hotel-info/,OFFICIAL_PROPERTY,2026-09-29,,,Pets | Pets allowed: Yes | Non-refundable fee: $50.00 | Pet policy: 1-4 night stay $50; 5+ night stay $75; 2 pets max; dog or cat only,,phoenix-az
Hampton Inn Phoenix/Glendale/Peoria,pet-friendly-hotels,8408 W. Paradise Lane,Peoria,AZ,85382,+1 877-529-5007,https://www.hilton.com/en/hotels/phxgdhx-hampton-phoenix-glendale-peoria/,https://www.hilton.com/en/hotels/phxgdhx-hampton-phoenix-glendale-peoria/hotel-info/,OFFICIAL_PROPERTY,2026-09-29,,,"Pets | Pets allowed: Yes | Non-refundable fee: $75.00 | Pet policy: $75(1-4n),$125(5+n) 2pets Max, dog/cat only",,phoenix-az
Hampton Inn Phoenix-Midtown-Downtown Area,pet-friendly-hotels,160 W. Catalina Drive,Phoenix,AZ,85013,+1 602-200-0990,https://www.hilton.com/en/hotels/phxuthx-hampton-phoenix-midtown-downtown-area/,https://www.hilton.com/en/hotels/phxuthx-hampton-phoenix-midtown-downtown-area/hotel-info/,OFFICIAL_PROPERTY,2026-09-29,,,Pets | Pets allowed: Yes | Non-refundable fee: $75.00 | Max weight: 80 lbs | Pet policy: 1-4 night stay $75; 5+ night stay $125; 2 pets max; dog or cat only,,phoenix-az
Hampton Inn Queen Creek,pet-friendly-hotels,20768 E. Maya Road,Queen Creek,AZ,85242,+1-480-888-7474,https://www.hilton.com/en/hotels/phxqchx-hampton-queen-creek/,https://www.hilton.com/en/hotels/phxqchx-hampton-queen-creek/hotel-info/,OFFICIAL_PROPERTY,2026-09-29,,,Pets | Pets allowed: Yes | Non-refundable fee: $50.00 | Pet policy: 1-4 night stay $50; 5+ night stay $75; 2 pets max; dog or cat only,,phoenix-az
Hilton Garden Inn Chandler Downtown,pet-friendly-hotels,150 South Arizona Avenue,Chandler,AZ,85225,+1 623-471-8400,https://www.hilton.com/en/hotels/phxazgi-hilton-garden-inn-chandler-downtown/,https://www.hilton.com/en/hotels/phxazgi-hilton-garden-inn-chandler-downtown/hotel-info/,OFFICIAL_PROPERTY,2026-09-29,,,Pets | Pets allowed: Yes | Non-refundable fee: $75.00 | Max weight: 75 lbs | Pet policy: $75 up to 4 nights and 4+ nights $125 non-refundable pet fee. Fee is applicable up to 2 pets only. 2,,phoenix-az
Hilton Garden Inn North Phoenix Scottsdale,pet-friendly-hotels,4425 East Irma Lane,Phoenix,AZ,85050,+1-480-585-6644,https://www.hilton.com/en/hotels/phxeigi-hilton-garden-inn-north-phoenix-scottsdale/,https://www.hilton.com/en/hotels/phxeigi-hilton-garden-inn-north-phoenix-scottsdale/hotel-info/,OFFICIAL_PROPERTY,2026-09-29,,,"Pets | Pets allowed: Yes | Non-refundable fee: $50.00 | Max weight: 75 lbs | Pet policy: $50(1-4 nights), $75(5+ nights) 2pets max, dog/cat only",,phoenix-az
Hilton Garden Inn Phoenix Airport,pet-friendly-hotels,3422 E. Elwood St,Phoenix,AZ,85040,+1 602-470-0500,https://www.hilton.com/en/hotels/phxaggi-hilton-garden-inn-phoenix-airport/,https://www.hilton.com/en/hotels/phxaggi-hilton-garden-inn-phoenix-airport/hotel-info/,OFFICIAL_PROPERTY,2026-09-29,,,"Pets | Pets allowed: Yes | Non-refundable fee: $75.00 | Pet policy: $75 (1-4 nights), $125 (5+ nights), maximum of 2 pets, dogs and cats only.",,phoenix-az
Hilton Garden Inn Phoenix Airport North,pet-friendly-hotels,3838 East Van Buren Street,Phoenix,AZ,85008,+1 602-306-2323,https://www.hilton.com/en/hotels/phxangi-hilton-garden-inn-phoenix-airport-north/,https://www.hilton.com/en/hotels/phxangi-hilton-garden-inn-phoenix-airport-north/hotel-info/,OFFICIAL_PROPERTY,2026-09-29,,,"Pets | Pets allowed: Yes | Non-refundable fee: $75.00 | Max weight: 50 lbs | Pet policy: $75(1-4nts),$100(5+nts) 2petsMax,dog/cat only",,phoenix-az
Hilton Garden Inn Phoenix/Avondale,pet-friendly-hotels,11460 West Hilton Way,Avondale,AZ,85323,+1 623-882-3351,https://www.hilton.com/en/hotels/phxavgi-hilton-garden-inn-phoenix-avondale/,https://www.hilton.com/en/hotels/phxavgi-hilton-garden-inn-phoenix-avondale/hotel-info/,OFFICIAL_PROPERTY,2026-09-29,,,Pets | Pets allowed: Yes | Non-refundable fee: $75.00,,phoenix-az
Hilton Garden Inn Phoenix Downtown,pet-friendly-hotels,15 East Monroe Street,Phoenix,AZ,85004,+1 602-343-0006,https://www.hilton.com/en/hotels/phxdogi-hilton-garden-inn-phoenix-downtown/,https://www.hilton.com/en/hotels/phxdogi-hilton-garden-inn-phoenix-downtown/hotel-info/,OFFICIAL_PROPERTY,2026-09-29,,,"Pets | Pets allowed: Yes | Non-refundable fee: $75.00 | Pet policy: $75(1-4n)$150(5+n)2pets Max,dog/cat only",,phoenix-az
Hilton Garden Inn Phoenix North Happy Valley,pet-friendly-hotels,1940 West Pinnacle Peak Road,Phoenix,AZ,85027,+1 623-434-5556,https://www.hilton.com/en/hotels/phxhvgi-hilton-garden-inn-phoenix-north-happy-valley/,https://www.hilton.com/en/hotels/phxhvgi-hilton-garden-inn-phoenix-north-happy-valley/hotel-info/,OFFICIAL_PROPERTY,2026-09-29,,,"Pets | Pets allowed: Yes | Non-refundable fee: $75.00 | Max weight: 75 lbs | Pet policy: $75(1-4n), $100(5+n) 2petsMax,dog/cat only",,phoenix-az
Hilton Garden Inn Phoenix/Tempe ASU Area,pet-friendly-hotels,86 S Rockford Dr.,Tempe,AZ,85281,+1 480-968-2180,https://www.hilton.com/en/hotels/phxaagi-hilton-garden-inn-phoenix-tempe-asu-area/,https://www.hilton.com/en/hotels/phxaagi-hilton-garden-inn-phoenix-tempe-asu-area/hotel-info/,OFFICIAL_PROPERTY,2026-09-29,,,Pets | Pets allowed: Yes | Non-refundable fee: $75.00 | Max weight: 75 lbs,,phoenix-az
Hilton Garden Inn Scottsdale North/Perimeter Center,pet-friendly-hotels,8550 East Princess Drive,Scottsdale,AZ,85255,+1 480-515-4944,https://www.hilton.com/en/hotels/sctnpgi-hilton-garden-inn-scottsdale-north-perimeter-center/,https://www.hilton.com/en/hotels/sctnpgi-hilton-garden-inn-scottsdale-north-perimeter-center/hotel-info/,OFFICIAL_PROPERTY,2026-09-29,,,"Pets | Pets allowed: Yes | Non-refundable fee: $75.00 | Pet policy: $75 1-4 nights/$125 5+nights, 2 pets max",,phoenix-az
Hilton Garden Inn Scottsdale Old Town,pet-friendly-hotels,7324 East Indian School Road,Scottsdale,AZ,85251,+1 480-481-0400,https://www.hilton.com/en/hotels/sctgigi-hilton-garden-inn-scottsdale-old-town/,https://www.hilton.com/en/hotels/sctgigi-hilton-garden-inn-scottsdale-old-town/hotel-info/,OFFICIAL_PROPERTY,2026-09-29,,,"Pets | Pets allowed: Yes | Non-refundable fee: $75.00 | Pet policy: $75(1-4n),$150(5+n)2petsMax,dog/cat only",,phoenix-az
Hilton Garden Inn Surprise Phoenix,pet-friendly-hotels,16601 North Stadium Way,Surprise,AZ,85374,+1 623-404-2300,https://www.hilton.com/en/hotels/phxrmgi-hilton-garden-inn-surprise-phoenix/,https://www.hilton.com/en/hotels/phxrmgi-hilton-garden-inn-surprise-phoenix/hotel-info/,OFFICIAL_PROPERTY,2026-09-29,,,Pets | Pets allowed: Yes | Non-refundable fee: $75.00 | Max weight: 75 lbs | Pet policy: 1-4 night stay $75; 5+ night stay $125; 2 pets max; dog or cat only,,phoenix-az
Hilton North Scottsdale at Cavasson,pet-friendly-hotels,7965 E. Cavasson Boulevard,Scottsdale,AZ,85255,+1-480-648-1500,https://www.hilton.com/en/hotels/scfnshh-north-scottsdale-at-cavasson/,https://www.hilton.com/en/hotels/scfnshh-north-scottsdale-at-cavasson/hotel-info/,OFFICIAL_PROPERTY,2026-09-29,,,Pets | Pets allowed: Yes | Non-refundable fee: $75.00 | Max weight: 50 lbs | Max size: medium,,phoenix-az
Hilton Phoenix Chandler,pet-friendly-hotels,2929 W Frye Road,Chandler,AZ,85224,+1 480-899-7400,https://www.hilton.com/en/hotels/phxchhf-hilton-phoenix-chandler/,https://www.hilton.com/en/hotels/phxchhf-hilton-phoenix-chandler/hotel-info/,OFFICIAL_PROPERTY,2026-09-29,,,Pets | Pets allowed: Yes | Non-refundable fee: $50.00 | Max weight: 75 lbs,,phoenix-az
Hilton Phoenix Resort at the Peak,pet-friendly-hotels,7677 N 16th Street,Phoenix,AZ,85020,+1-602-997-2626,https://www.hilton.com/en/hotels/phxsppr-hilton-phoenix-resort-at-the-peak/,https://www.hilton.com/en/hotels/phxsppr-hilton-phoenix-resort-at-the-peak/hotel-info/,OFFICIAL_PROPERTY,2026-09-29,,,Pets | Pets allowed: Yes | Non-refundable fee: $100.00 | Max weight: 75 lbs | Max size: medium,,phoenix-az
Holiday Inn & Suites Goodyear - West Phoenix Area,pet-friendly-hotels,1188 N. Dysart Road,Goodyear,AZ,85395,,https://www.ihg.com/holidayinn/hotels/us/en/goodyear/phxnd/hoteldetail,https://www.ihg.com/holidayinn/hotels/us/en/goodyear/phxnd/hoteldetail,OFFICIAL_PROPERTY,2026-09-29,,,"Pets are welcome at Holiday Inn & Suites Goodyear - West Phoenix Area. | Pet policy description. 35.00 non refundable pet fee, up to two pets. Pets must be friendly and crat | Pet damage deposit: 35 USD | Pet weight limit: No weight limit per pet | 2 pets allowed | Pets allowed: Only dogs and cats allowed",,phoenix-az
Holiday Inn & Suites Phoenix Airport North,pet-friendly-hotels,1515 N 44th Street,Phoenix,AZ,85008,(602) 244-8800,https://www.ihg.com/holidayinn/hotels/us/en/phoenix/phxff/hoteldetail,https://www.ihg.com/holidayinn/hotels/us/en/phoenix/phxff/hoteldetail,OFFICIAL_PROPERTY,2026-09-29,,,"Parking fee: 15 USD per day In and out privileges Parking for registered guests only Vehicles allowed: Bus, Rv, Trailer, Truck Parking & transportation details Can I bring my pet to Holiday Inn & Suites Phoenix Airport North? Pets are welcome at Holiday Inn & Suites Phoenix Airport North. Pet policy description. Pets that weigh less than 50 pounds are welcome, with a maximum of 2 pets per room. A 50 Dollar per stay fee will be applied per pet. Pet fee per stay: 50 USD Pet weight limit: 50 2 pets",,phoenix-az
Holiday Inn Express & Suites Gilbert – Mesa Gateway Airport,pet-friendly-hotels,5530 S. Power Road,Gilbert,AZ,85295,(480) 507-3000,https://www.ihg.com/holidayinnexpress/hotels/us/en/gilbert/phxmg/hoteldetail,https://www.ihg.com/holidayinnexpress/hotels/us/en/gilbert/phxmg/hoteldetail,OFFICIAL_PROPERTY,2026-09-29,,,"Parking fee: 0 USD per day Parking for registered guests only Parking & transportation details Can I bring my pet to Holiday Inn Express & Suites Gilbert – Mesa Gateway Airport? Pets are welcome at Holiday Inn Express & Suites Gilbert – Mesa Gateway Airport. Pet policy description. We welcome up to 2 dogs, no larger than 30 pounds, for a one time NONREFUNDABLE fee of 50 USD for 1 to 5 night stays and 100 USD for 6 or more night stays. Fee and weight limit waived for service dogs. Pet weight limi",,phoenix-az
Holiday Inn Express & Suites Phoenix Airport,pet-friendly-hotels,3401 E. University Dr.,Phoenix,AZ,85034,(602) 453-9900,https://www.ihg.com/holidayinnexpress/hotels/us/en/phoenix/phxun/hoteldetail,https://www.ihg.com/holidayinnexpress/hotels/us/en/phoenix/phxun/hoteldetail,OFFICIAL_PROPERTY,2026-09-29,,,"Parking fee: 10 USD per day In and out privileges Vehicles allowed: Bus, Rv, Trailer, Truck Parking & transportation details Can I bring my pet to Holiday Inn Express & Suites Phoenix Airport? Pets are welcome at Holiday Inn Express & Suites Phoenix Airport. Pet policy description. Nonrefundable 50 USD pet fee. Max 2 dogs or cats, up to 40 pounds. Pet fee per night: 50 USD Pet weight limit: 40 2 pets allowed Pets allowed: Only dogs and cats allowed Pet policy Does Holiday Inn Express & Suites Ph",,phoenix-az
Holiday Inn Express & Suites Phoenix East - Gilbert,pet-friendly-hotels,5285 East Baseline Road,Gilbert,AZ,85234,(480) 218-8000,https://www.ihg.com/holidayinnexpress/hotels/us/en/gilbert/phxgt/hoteldetail,https://www.ihg.com/holidayinnexpress/hotels/us/en/gilbert/phxgt/hoteldetail,OFFICIAL_PROPERTY,2026-09-29,,,"Parking for registered guests only Parking & transportation details Can I bring my pet to Holiday Inn Express & Suites Phoenix East - Gilbert? Pets are welcome at Holiday Inn Express & Suites Phoenix East - Gilbert. Pet policy description. We welcome 2 dogs, no larger than 30 pounds, for a one time NONREFUNDABLE fee of 50 USD for reservations staying 1 to 5 nights and 100 USD for 6 or more night stays. Service dogs are exempt. Pet fee per stay: 50 USD Pet weight limit: 30 2 pets allowed Pets all",,phoenix-az
Holiday Inn Express & Suites Phoenix West - Buckeye,pet-friendly-hotels,445 S Watson Road,Buckeye,AZ,85326,1-623-3868550,https://www.ihg.com/holidayinnexpress/hotels/us/en/buckeye/phxbe/hoteldetail,https://www.ihg.com/holidayinnexpress/hotels/us/en/buckeye/phxbe/hoteldetail,OFFICIAL_PROPERTY,2026-09-29,,,"With pet-friendly rooms and flexible meeting spaces, we make every stay simple and smart. Free ample parking Parking for registered guests only Parking & transportation details Can I bring my pet to Holiday Inn Express & Suites Phoenix West - Buckeye? Pets are welcome at Holiday Inn Express & Suites Phoenix West - Buckeye. Pet policy description. Up to two pets are welcome in select rooms. 00 USD pet fee per pet will apply. Pet fee per night: 75 USD Pet weight limit: 50 2 pets allowed Pets allow",,phoenix-az
Holiday Inn Express & Suites Phoenix West - Tolleson,pet-friendly-hotels,1750 N 95th Lane,Phoenix,AZ,85037,(623) 265-7800,https://www.ihg.com/holidayinnexpress/hotels/us/en/phoenix/phxdw/hoteldetail,https://www.ihg.com/holidayinnexpress/hotels/us/en/phoenix/phxdw/hoteldetail,OFFICIAL_PROPERTY,2026-09-29,,,Parking fee: 0 USD per day In and out privileges Parking for registered guests only Parking & transportation details Can I bring my pet to Holiday Inn Express & Suites Phoenix West - Tolleson? Pets are welcome at Holiday Inn Express & Suites Phoenix West - Tolleson. Pet policy description. We have a limited number of specially designated pet friendly rooms. A nightly pet fee of 40 USD applies. Pet fee per night: 40 USD Pet damage deposit: 250 USD Pet weight limit: 50 2 pets allowed Pets allowed:,,phoenix-az
Holiday Inn Express & Suites Tempe,pet-friendly-hotels,1520 West Baseline Road,Tempe,AZ,85283,(480) 831-9800,https://www.ihg.com/holidayinnexpress/hotels/us/en/tempe/phxwb/hoteldetail,https://www.ihg.com/holidayinnexpress/hotels/us/en/tempe/phxwb/hoteldetail,OFFICIAL_PROPERTY,2026-09-29,,,"com 1520 West Baseline Road Tempe, AZ 85283 United States Parking and transportation details Check-in : 3:00 PM Check-out : 11:00 AM Minimum check-in age : 21 The highlights Stay Close to ASU, Explore Tempe in Style Rise, Shine & Dine Pet-Perfect Stay Desert Heat, Poolside Treat Work On the Go, Stress-Free Stay Close to ASU, Explore Tempe in Style Located near Arizona State University and just 4. Pet-Perfect Stay Bring your furry friends along for the fun! Our pet-friendly hotel welcomes both do",,phoenix-az
Holiday Inn Express Scottsdale North,pet-friendly-hotels,7350 East Gold Dust Avenue,Scottsdale,AZ,85258,(480) 596-6559,https://www.ihg.com/holidayinnexpress/hotels/us/en/scottsdale/phxeg/hoteldetail,https://www.ihg.com/holidayinnexpress/hotels/us/en/scottsdale/phxeg/hoteldetail,OFFICIAL_PROPERTY,2026-09-29,,,"Complimentary parking on site Parking fee: 0 USD per day Parking for registered guests only Vehicles allowed: Bus, Rv, Trailer, Truck Parking & transportation details Can I bring my pet to Holiday Inn Express Scottsdale North? Pets are welcome at Holiday Inn Express Scottsdale North. Pet policy description. A mandatory nonrefundable pet fee of 20 USD per night applies. Dogs must be kept on a leash at all times while in public areas of the hotel. Pet fee per night: 20 USD Pet weight limit: No wei",,phoenix-az
Holiday Inn Phoenix - Chandler,pet-friendly-hotels,1200 West Ocotillo Road,Chandler,AZ,85248,(480) 203-2121,https://www.ihg.com/holidayinn/hotels/us/en/chandler/phxch/hoteldetail,https://www.ihg.com/holidayinn/hotels/us/en/chandler/phxch/hoteldetail,OFFICIAL_PROPERTY,2026-09-29,,,"Parking fee: 12 USD per day In and out privileges Parking for registered guests only Parking & transportation details Can I bring my pet to Holiday Inn Phoenix - Chandler? Pets are welcome at Holiday Inn Phoenix - Chandler. Pet policy description. Pets that weigh less than 50 pounds are welcomed, with a maximum of 2 pets per room. Specific rooms have been designated as pet friendly. Pets must be friendly and crated while unattended. 100 nonrefundable fee Pet fee per night: 100 USD Pet damage dep",,phoenix-az
Holiday Inn Phoenix-Mesa/Chandler,pet-friendly-hotels,1600 South Country Club Drive,Mesa,AZ,85210,+1-480-964-7000,https://www.ihg.com/holidayinn/hotels/us/en/mesa/phxme/hoteldetail,https://www.ihg.com/holidayinn/hotels/us/en/mesa/phxme/hoteldetail,OFFICIAL_PROPERTY,2026-09-29,,,Pet-friendly (100 USD / stay),,phoenix-az
Home2 Suites by Hilton Buckeye Phoenix,pet-friendly-hotels,955 South Watson Road,Buckeye,AZ,85326,+1 623-386-2616,https://www.hilton.com/en/hotels/bxkbeht-home2-suites-buckeye-phoenix/,https://www.hilton.com/en/hotels/bxkbeht-home2-suites-buckeye-phoenix/hotel-info/,OFFICIAL_PROPERTY,2026-09-29,,,Pets | Pets allowed: Yes | Non-refundable fee: $75.00 | Max weight: 75 lbs | Max size: medium,,phoenix-az
Home2 Suites by Hilton Gilbert,pet-friendly-hotels,3333 S. Market Street,Gilbert,AZ,85297,+1 480-857-4778,https://www.hilton.com/en/hotels/phxgzht-home2-suites-gilbert/,https://www.hilton.com/en/hotels/phxgzht-home2-suites-gilbert/hotel-info/,OFFICIAL_PROPERTY,2026-09-29,,,"Pets | Pets allowed: Yes | Non-refundable fee: $50.00 | Pet policy: $75(1-4n), $125(5+n), 2petsMax,dog/cat only",,phoenix-az
Home2 Suites by Hilton Goodyear Phoenix West,pet-friendly-hotels,1950 N Litchfield Rd,Goodyear,AZ,85395,+1 623-250-6400,https://www.hilton.com/en/hotels/phxgoht-home2-suites-goodyear-phoenix-west/,https://www.hilton.com/en/hotels/phxgoht-home2-suites-goodyear-phoenix-west/hotel-info/,OFFICIAL_PROPERTY,2026-09-29,,,Pets | Pets allowed: Yes | Non-refundable fee: $125.00 | Max weight: 75 lbs | Max size: large | Pet policy: 1-4 Nights: $75 per pet 5+ Nights: $125 per pet 2 pets max (Dogs & Cats only),,phoenix-az
Home2 Suites by Hilton Mesa Longbow,pet-friendly-hotels,5643 East Longbow Pkwy,Mesa,AZ,85215,+1 480-545-6615,https://www.hilton.com/en/hotels/phxmeht-home2-suites-mesa-longbow/,https://www.hilton.com/en/hotels/phxmeht-home2-suites-mesa-longbow/hotel-info/,OFFICIAL_PROPERTY,2026-09-29,,,"Pets | Pets allowed: Yes | Non-refundable fee: $125.00 | Max weight: 75 lbs | Max size: large | Pet policy: $75(1-4n),$125(5+n) 2petsMax,dog/cat onl",,phoenix-az
Home2 Suites by Hilton Phoenix Airport North,pet-friendly-hotels,888 N 44th Street,Phoenix,AZ,85008,+1 602-914-3333,https://www.hilton.com/en/hotels/phxaiht-home2-suites-phoenix-airport-north/,https://www.hilton.com/en/hotels/phxaiht-home2-suites-phoenix-airport-north/hotel-info/,OFFICIAL_PROPERTY,2026-09-29,,,"Pets | Pets allowed: Yes | Non-refundable fee: $75.00 | Pet policy: $75(1-4n),$125(5+n), plus tax 2 pets max per room dog/cat only",,phoenix-az
Home2 Suites by Hilton Phoenix Airport South,pet-friendly-hotels,4725 E Broadway Road,Phoenix,AZ,85040,+1 602-414-0099,https://www.hilton.com/en/hotels/phxsaht-home2-suites-phoenix-airport-south/,https://www.hilton.com/en/hotels/phxsaht-home2-suites-phoenix-airport-south/hotel-info/,OFFICIAL_PROPERTY,2026-09-29,,,Pets | Pets allowed: Yes | Non-refundable fee: $75.00 | Pet policy: 1-4 Nights: $75 per pet 5+ Nights: $125 per pet 2 pets max (Dogs & Cats only),,phoenix-az
Home2 Suites by Hilton Phoenix Avondale,pet-friendly-hotels,10275 W. McDowell Road,Avondale,AZ,85392,+1 480-676-4944,https://www.hilton.com/en/hotels/phxalht-home2-suites-phoenix-avondale/,https://www.hilton.com/en/hotels/phxalht-home2-suites-phoenix-avondale/hotel-info/,OFFICIAL_PROPERTY,2026-09-29,,,"Pets | Pets allowed: Yes | Non-refundable fee: $75.00 | Max weight: 75 lbs | Pet policy: $75(1-4n), $125(5+n) 2petsMax, dog/cat only",,phoenix-az
Home2 Suites by Hilton Phoenix Chandler,pet-friendly-hotels,2490 W. Queen Creek Rd.,Chandler,AZ,85248,+1 480-659-2090,https://www.hilton.com/en/hotels/phxpcht-home2-suites-phoenix-chandler/,https://www.hilton.com/en/hotels/phxpcht-home2-suites-phoenix-chandler/hotel-info/,OFFICIAL_PROPERTY,2026-09-29,,,"Pets | Pets allowed: Yes | Non-refundable fee: $75.00 | Pet policy: $75(1-5n)$125(6+n) 2petsMax,dog/cat only",,phoenix-az
Home2 Suites by Hilton Phoenix Downtown,pet-friendly-hotels,125 E Jackson St,Phoenix,AZ,85004,+1 602-603-1111,https://www.hilton.com/en/hotels/phxpxht-home2-suites-phoenix-downtown/,https://www.hilton.com/en/hotels/phxpxht-home2-suites-phoenix-downtown/hotel-info/,OFFICIAL_PROPERTY,2026-09-29,,,"Pets | Pets allowed: Yes | Non-refundable fee: $125.00 | Max weight: 50 lbs | Max size: medium | Pet policy: $75(1-4n), $125(5+n) 2 pets Max, dog/cat only",,phoenix-az
Home2 Suites by Hilton Phoenix Glendale-Westgate,pet-friendly-hotels,6620 N 95th Avenue,Glendale,AZ,85305,+1 623-877-4600,https://www.hilton.com/en/hotels/phxgwht-home2-suites-phoenix-glendale-westgate/,https://www.hilton.com/en/hotels/phxgwht-home2-suites-phoenix-glendale-westgate/hotel-info/,OFFICIAL_PROPERTY,2026-09-29,,,"Pets | Pets allowed: Yes | Non-refundable fee: $75.00 | Pet policy: $75 1-4 nights/$125 5+nights, 2 pets max",,phoenix-az
Home2 Suites by Hilton Phoenix North Happy Valley,pet-friendly-hotels,2107 W Whispering Wind Drive,Phoenix,AZ,85085,+1 623-444-6188,https://www.hilton.com/en/hotels/phxnvht-home2-suites-phoenix-north-happy-valley/,https://www.hilton.com/en/hotels/phxnvht-home2-suites-phoenix-north-happy-valley/hotel-info/,OFFICIAL_PROPERTY,2026-09-29,,,Pets | Pets allowed: Yes | Non-refundable fee: $75.00 | Max weight: 50 lbs | Max size: medium,,phoenix-az
Home2 Suites by Hilton Scottsdale North near Mayo Clinic,pet-friendly-hotels,20001 N. Scottsdale Road,Scottsdale,AZ,85255,+1-480-741-1100,https://www.hilton.com/en/hotels/phxtsht-home2-suites-north-scottsdale-mayo-clinic/,https://www.hilton.com/en/hotels/phxtsht-home2-suites-north-scottsdale-mayo-clinic/hotel-info/,OFFICIAL_PROPERTY,2026-09-29,,,Pets | Pets allowed: Yes | Non-refundable fee: $75.00 | Max weight: 75 lbs | Max size: large | Pet policy: $75 pet fee for 1-4 nights and $125 for 5+ nights. 75 lb. weight limit. 2 pets max per room. Dogs &,,phoenix-az
Home2 Suites by Hilton Scottsdale Old Town,pet-friendly-hotels,3131 N Scottsdale Road,Scottsdale,AZ,85251,+1 480-675-7665,https://www.hilton.com/en/hotels/phxdbht-home2-suites-scottsdale-old-town/,https://www.hilton.com/en/hotels/phxdbht-home2-suites-scottsdale-old-town/hotel-info/,OFFICIAL_PROPERTY,2026-09-29,,,"Pets | Pets allowed: Yes | Non-refundable fee: $50.00 | Pet policy: $50(1-4 nights), $75(5+ nights) 2pets max, dog/cat only",,phoenix-az
Homewood Suites by Hilton Phoenix Airport South,pet-friendly-hotels,4750 East Cotton Center Boulevard,Phoenix,AZ,85040,+1 602-470-2100,https://www.hilton.com/en/hotels/phxashw-homewood-suites-phoenix-airport-south/,https://www.hilton.com/en/hotels/phxashw-homewood-suites-phoenix-airport-south/hotel-info/,OFFICIAL_PROPERTY,2026-09-29,,,"Pets | Pets allowed: Yes | Non-refundable fee: $50.00 | Pet policy: $50(1-4 nights),$75(5+ nights), $125(30+ nights) 2petsMax,dog/cat only",,phoenix-az
Homewood Suites by Hilton Phoenix-Avondale,pet-friendly-hotels,11450 West Hilton Way,Avondale,AZ,85323,+1 623-882-3315,https://www.hilton.com/en/hotels/phxadhw-homewood-suites-phoenix-avondale/,https://www.hilton.com/en/hotels/phxadhw-homewood-suites-phoenix-avondale/hotel-info/,OFFICIAL_PROPERTY,2026-09-29,,,Pets | Pets allowed: Yes | Non-refundable fee: $75.00,,phoenix-az
Homewood Suites by Hilton Phoenix-Biltmore,pet-friendly-hotels,2001 E. Highland Avenue,Phoenix,AZ,85016,+1 602-508-0937,https://www.hilton.com/en/hotels/phxhwhw-homewood-suites-phoenix-biltmore/,https://www.hilton.com/en/hotels/phxhwhw-homewood-suites-phoenix-biltmore/hotel-info/,OFFICIAL_PROPERTY,2026-09-29,,,"Pets | Pets allowed: Yes | Max weight: 75 lbs | Max size: large | Pet policy: $75 1-4 nts, 5+ nts $125, 2 pets max",,phoenix-az
Homewood Suites by Hilton Phoenix/Chandler,pet-friendly-hotels,7373 West Detroit Street,Chandler,AZ,85226,+1 480 753 6200,https://www.hilton.com/en/hotels/phxcdhw-homewood-suites-phoenix-chandler/,https://www.hilton.com/en/hotels/phxcdhw-homewood-suites-phoenix-chandler/hotel-info/,OFFICIAL_PROPERTY,2026-09-29,,,"Pets | Pets allowed: Yes | Non-refundable fee: $75.00 | Pet policy: $75(1-4n),$125(5+n) 2petsMax,dog/cat",,phoenix-az
Homewood Suites by Hilton Phoenix Chandler Fashion Center,pet-friendly-hotels,1221 S. Spectrum Blvd.,Chandler,AZ,85286,+1 480 963 5700,https://www.hilton.com/en/hotels/phxclhw-homewood-suites-phoenix-chandler-fashion-center/,https://www.hilton.com/en/hotels/phxclhw-homewood-suites-phoenix-chandler-fashion-center/hotel-info/,OFFICIAL_PROPERTY,2026-09-29,,,Pets | Pets allowed: Yes | Non-refundable fee: $125.00 | Max weight: 75 lbs | Max size: medium | Pet policy: $75.00 per room for 1 to 4 nights $125.00 per room for 5+ nights,,phoenix-az
Homewood Suites by Hilton Phoenix Gilbert,pet-friendly-hotels,3623 S Val Vista Dr,Gilbert,AZ,85297,+1 480-923-3600,https://www.hilton.com/en/hotels/phxmvhw-homewood-suites-gilbert/,https://www.hilton.com/en/hotels/phxmvhw-homewood-suites-gilbert/hotel-info/,OFFICIAL_PROPERTY,2026-09-29,,,"Pets | Pets allowed: Yes | Non-refundable fee: $125.00 | Max weight: 75 lbs | Max size: large | Pet policy: 1-4 nights $75 non-refundable fee, 5+ nights is a $125 non-refundable fee. Dogs and cats allowed. Ad",,phoenix-az
Homewood Suites by Hilton Phoenix North-Happy Valley,pet-friendly-hotels,2470 West Charlotte Drive,Phoenix,AZ,85085,+1 623-580-1800,https://www.hilton.com/en/hotels/phxhyhw-homewood-suites-phoenix-north-happy-valley/,https://www.hilton.com/en/hotels/phxhyhw-homewood-suites-phoenix-north-happy-valley/hotel-info/,OFFICIAL_PROPERTY,2026-09-29,,,"Pets | Pets allowed: Yes | Non-refundable fee: $75.00 | Pet policy: $75 1-4 nights/$125 5+nights, 2 pets max",,phoenix-az
Homewood Suites By Hilton Phoenix Tempe ASU Area,pet-friendly-hotels,66 S. Rockford Dr.,Tempe,AZ,85281,+1 480-966-2780,https://www.hilton.com/en/hotels/phxtuhw-homewood-suites-phoenix-tempe-asu-area/,https://www.hilton.com/en/hotels/phxtuhw-homewood-suites-phoenix-tempe-asu-area/hotel-info/,OFFICIAL_PROPERTY,2026-09-29,,,"Pets | Pets allowed: Yes | Non-refundable fee: $75.00 | Pet policy: $75(1-4n)$125(5+n) 2petsMax,dog/cat only",,phoenix-az
"Hotel Adeline, Scottsdale, a Tribute Portfolio Hotel",pet-friendly-hotels,5101 North Scottsdale Road,Scottsdale,AZ,85250,(480) 284-7700,https://www.marriott.com/en-us/hotels/phxtx-hotel-adeline-scottsdale-a-tribute-portfolio-hotel/overview/,https://www.marriott.com/en-us/hotels/phxtx-hotel-adeline-scottsdale-a-tribute-portfolio-hotel/overview/,OFFICIAL_PROPERTY,2026-09-29,,,Pet Policy | Pets Welcome. | 2 pets 50lbs maximum per room with 75USD Non Refundable fee per room per stay | Non-Refundable Pet Fee Per Stay: $75.00 | Maximum Pet Weight: 50.0lbs | Maximum Number of Pets in Room: 2,,phoenix-az
"Hotel Embarque, Unscripted by Hyatt",pet-friendly-hotels,4727 East Thomas Road,Phoenix,AZ,85018,+1 602 956 6500,https://hotelembarque.com/,https://hotelembarque.com/,OFFICIAL_PROPERTY,2026-09-29,,,pets allowed,,phoenix-az
Hotel Solaya,pet-friendly-hotels,4000 N. Drinkwater,Scottsdale,AZ,85251,(623) 352-7272,https://www.hyatt.com/jdv-by-hyatt/en-US/phxjs-hotel-solaya,https://www.hyatt.com/jdv-by-hyatt/en-US/phxjs-hotel-solaya,OFFICIAL_PROPERTY,2026-09-29,,,"Your Furry Friend Is Welcome, Too | Your dog is welcome to stay with you when you visit us at Hotel Solaya. Dogs must be kept on leash w | Pet Fees | Price $75 STAY",,phoenix-az
Hotel Valley Ho,pet-friendly-hotels,6850 East Main Street,Scottsdale,AZ,85251,(480) 376-2600,https://hotelvalleyho.com/,https://hotelvalleyho.com/faqs/,OFFICIAL_PROPERTY,2026-09-29,,,"Pet Policy | Hotel Valley Ho is a pet-friendly property. Pets stay for free, but are subject to additional fees f",,phoenix-az
Hyatt House Scottsdale/Old Town,pet-friendly-hotels,4245 North Drinkwater Boulevard,Scottsdale,AZ,85251,+1 408-946-7700,https://scottsdale.house.hyatt.com,https://www.hyatt.com/hyatt-house/en-US/phxxs-hyatt-house-scottsdale-old-town,OFFICIAL_PROPERTY,2026-09-29,,,We Are Pet Friendly | Hyatt House Scottsdale / Old Town knows it doesn't entirely feel like home without that furry member | Pet Fees | 1–6 nights $100 STAY | 7-30 nights + additional cleaning fee $200 STAY | Weight Limits | Maximum number of pets is 2.,,phoenix-az
Hyatt Place Phoenix/Chandler-Fashion Center,pet-friendly-hotels,3535 West Chandler Boulevard,Chandler,AZ,85226,(480) 812-9600,https://www.hyatt.com/en-US/hotel/arizona/hyatt-place-phoenix-chandler-fashion-center/phxzc,https://www.hyatt.com/en-US/hotel/arizona/hyatt-place-phoenix-chandler-fashion-center/phxzc,OFFICIAL_PROPERTY,2026-09-29,,,Pets Are Welcome | Bring your favorite four-legged travel companion with you to experience Hyatt Place. Fees apply reg. | Pet Fees | 1-6 nights | 7-30 nights | Weight Limits | Maximum number of pets is 2.,,phoenix-az
Hyatt Place Phoenix/Gilbert,pet-friendly-hotels,3275 S. Market Street,Gilbert,AZ,85297,(480) 899-5900,https://gilbert.place.hyatt.com,https://gilbert.place.hyatt.com,OFFICIAL_PROPERTY,2026-09-29,,,"Pets Are Welcome | We welcome your furry friend and allow a maximum of two dogs per room. For those staying 30+ nights, | Pet Fees | 1–6 nights $75 STAY | 7–30 nights (includes cleaning fee) $175 STAY | Weight Limits | Maximum number of pets is 2.",,phoenix-az
Hyatt Place Phoenix/Mesa,pet-friendly-hotels,1422 West Bass Pro Drive,Mesa,AZ,85201,+1-480-969-8200,https://www.hyatt.com/en-us/hotel/arizona/hyatt-place-phoenix-mesa/phxzm,https://www.hyatt.com/hyatt-place/en-US/phxzm-hyatt-place-phoenix-mesa,OFFICIAL_PROPERTY,2026-09-29,,,We Are Pet Friendly | Let your pet be part of the fun while you travel to Mesa. Bring your doggos along to enjoy all the e | Pet Fees | 1-6 nights $100 | 7-30 nights $200 | Weight Limits | Maximum number of pets is 2.,,phoenix-az
Hyatt Place Phoenix-North,pet-friendly-hotels,10838 N 25th Avenue,Phoenix,AZ,85029,,https://www.hyatt.com/en-us/hotel/arizona/hyatt-place-phoenix-north/phxzn,https://www.hyatt.com/en-us/hotel/arizona/hyatt-place-phoenix-north/phxzn,OFFICIAL_PROPERTY,2026-09-29,,,"Pets Are Welcome | We welcome your housebroken dogs. For those staying 31 nights or more, please contact the hotel. | Pet Fees | $75 | $175 | Weight Limits | Maximum number of pets is 2.",,phoenix-az
Hyatt Place Scottsdale/Old Town,pet-friendly-hotels,7300 East Third Avenue,Scottsdale,AZ,85251,+1 480-423-9944,https://www.hyatt.com/en-US/hotel/arizona/hyatt-place-scottsdale-old-town/scozo,https://www.hyatt.com/hyatt-place/en-US/scozo-hyatt-place-scottsdale-old-town,OFFICIAL_PROPERTY,2026-09-29,,,Pets Are Welcome | Don't let your pet miss out on the fun while you travel. Bring your furry friend along to enjoy all | Pet Fees | 1–6 nights $100 STAY | 7–30 nights + additional cleaning fee $200 STAY | Weight Limits | Maximum number of pets is 2.,,phoenix-az
Hyatt Place Tempe/Phoenix Airport,pet-friendly-hotels,1413 W Rio Salado Parkway,Tempe,AZ,85281,(888) 492-8847,https://www.hyatt.com/en-us/hotel/arizona/hyatt-place-tempe-phoenix-airport/phxza,https://www.hyatt.com/en-us/hotel/arizona/hyatt-place-tempe-phoenix-airport/phxza,OFFICIAL_PROPERTY,2026-09-29,,,"Pets Are Welcome | Whether you're in town to visit nearby Tempe Diablo Stadium or Arizona State University, our hotel, | Pet Fees | 1 - 6 nights: $100 STAY | 7 - 30 nights (includes cleaning fee): $200 STAY | Weight Limits | Maximum number of pets is 2.",,phoenix-az
Hyatt Place Tempe / Phoenix / University,pet-friendly-hotels,601 E 6th Street,Tempe,AZ,85281,(480) 207-1578,https://www.hyatt.com/en-us/hotel/arizona/hyatt-place-tempe-phoenix-university/phxzt,https://www.hyatt.com/hyatt-place/en-US/phxzt-hyatt-place-tempe-phoenix-university,OFFICIAL_PROPERTY,2026-09-29,,,Pets Are Welcome | Bring your furry friends to Hyatt Place Tempe/Phoenix/University. | Pet Fees | 1-6 nights $100 STAY | 7-30 nights (including cleaning fee) $200 STAY | Weight Limits | Maximum number of pets is 2.,,phoenix-az
Hyatt Regency Phoenix,pet-friendly-hotels,122 North Second Street,Phoenix,AZ,85004,+1 602-252-1234,https://www.hyatt.com/en-US/hotel/arizona/hyatt-regency-phoenix/phxrp,https://www.hyatt.com/hyatt-regency/en-US/phxrp-hyatt-regency-phoenix,OFFICIAL_PROPERTY,2026-09-29,,,"We Are Pet Friendly | *We welcome guests with disabilities traveling with their service animals. Service animals are not p | Pet Fees | 1–5 nights $100 STAY | 6–30 nights (additional deep-cleaning fee, nonrefundable) $100 STAY | Second dog, there is an additional fee $50 STAY",,phoenix-az
JW Marriott Phoenix Desert Ridge Resort & Spa,pet-friendly-hotels,5350 East Marriott Drive,Phoenix,AZ,85054,(480) 293-5000,https://www.marriott.com/en-us/hotels/phxdr-jw-marriott-phoenix-desert-ridge-resort-and-spa/overview/,https://www.marriott.com/en-us/hotels/phxdr-jw-marriott-phoenix-desert-ridge-resort-and-spa/overview/,OFFICIAL_PROPERTY,2026-09-29,,,Pet Policy | Pets Welcome. | 150 USD non-refundable pet fee per stay applies + 20 USD nightly charge per pet | Non-Refundable Pet Fee Per Stay: $150.00 | Maximum Number of Pets in Room: 2,,phoenix-az
JW Marriott Scottsdale Camelback Inn Resort & Spa,pet-friendly-hotels,5402 East Lincoln Drive,Scottsdale,AZ,85253,(480) 948-1700,https://www.marriott.com/en-us/hotels/phxcb-jw-marriott-scottsdale-camelback-inn-resort-and-spa/overview/,https://www.marriott.com/en-us/hotels/phxcb-jw-marriott-scottsdale-camelback-inn-resort-and-spa/overview/,OFFICIAL_PROPERTY,2026-09-29,,,Pet Policy | Pets Welcome. | 2 pets per room with USD 150 per room per stay fee and signed pet agreement. | Non-Refundable Pet Fee Per Stay: $150.00 | Maximum Number of Pets in Room: 2,,phoenix-az
Kimpton Hotel Palomar Phoenix,pet-friendly-hotels,2 East Jefferson Street,Phoenix,AZ,85004,(602) 253-6633,https://www.ihg.com/kimptonhotels/hotels/us/en/hotel-palomar-phoenix-az/phxpx/hoteldetail,https://www.ihg.com/kimptonhotels/hotels/us/en/hotel-palomar-phoenix-az/phxpx/hoteldetail,OFFICIAL_PROPERTY,2026-09-29,,,"Parking fee: 30 USD per day Vehicles allowed: Bus, Truck Parking & transportation details Can I bring my pet to Kimpton Hotel Palomar Phoenix? Pets are welcome at Kimpton Hotel Palomar Phoenix. Pet policy description. We invite you to bring your pet no matter their size, weight, or breed, all at no extra charge. If your pet fits through the door, we will welcome them in. Pet fee per night: 0 USD Pet damage deposit: 0 USD Pet weight limit: No weight limit per pet NO_LIMIT pets allowed Pets allowe",,phoenix-az
Kimpton Miralina Resort and Villas,pet-friendly-hotels,7200 N. Scottsdale Road,Scottsdale,AZ,85253,+1-480-948-5000,https://www.ihg.com/kimptonhotels/hotels/us/en/scottsdale/phxza/hoteldetail,https://www.ihg.com/kimptonhotels/hotels/us/en/scottsdale/phxza/hoteldetail,OFFICIAL_PROPERTY,2026-09-29,,,"Parking & transportation details Can I bring my pet to Kimpton Miralina Resort and Villas? Pets are welcome at Kimpton Miralina Resort and Villas. Pet policy description. We invite you to bring your pet no matter their size, weight, or breed, all at no extra charge. If your pet fits through the door, we will welcome them in. Pet fee per night: 0 USD Pet damage deposit: 0 USD Pet weight limit: No weight limit per pet NO_LIMIT pets allowed Pets allowed: All pets allowed Pet policy Can I cancel my",,phoenix-az
La Quinta Inn & Suites by Wyndham Mesa Superstition Springs,pet-friendly-hotels,6530 East Superstition,Mesa,AZ,85206,+1-480-654-1970,https://www.wyndhamhotels.com/laquinta/mesa-arizona/la-quinta-mesa-superstition-springs/overview,https://www.wyndhamhotels.com/laquinta/mesa-arizona/la-quinta-mesa-superstition-springs/overview,OFFICIAL_PROPERTY,2026-09-29,,,Service Animals - ADA-defined service animals are welcome free of charge. / Pets Allowed - 2 pets max. Cats and dogs only. 75lbs or less per pet. / Fees - Non-refundable 25 USD nightly for up to 2 pets. Max 75 USD per stay. / Other Information - Contact hotel for additional details and availability.,,phoenix-az
La Quinta Inn & Suites by Wyndham Phoenix Chandler,pet-friendly-hotels,15241 S 50th Street,Phoenix,AZ,85044,(480) 961-7700,https://www.wyndhamhotels.com/laquinta/phoenix-arizona/la-quinta-phoenix-chandler/overview,https://www.wyndhamhotels.com/laquinta/phoenix-arizona/la-quinta-phoenix-chandler/overview,OFFICIAL_PROPERTY,2026-09-29,,,Service Animals - ADA-defined service animals are welcome free of charge. / Pets Allowed - 2 pets max. Cats and dogs only. 75lbs or less per pet. / Fees - Non-refundable 25 USD nightly for up to 2 pets. Max 75 USD per stay. / Other Information - Contact hotel for additional details and availability.,,phoenix-az
La Quinta Inn & Suites by Wyndham Phoenix I-10 West,pet-friendly-hotels,4929 West McDowell Road,Phoenix,AZ,85035,1-602-5957601,https://www.wyndhamhotels.com/laquinta/phoenix-arizona/la-quinta-phoenix-i-10-west/overview,https://www.wyndhamhotels.com/laquinta/phoenix-arizona/la-quinta-phoenix-i-10-west/overview,OFFICIAL_PROPERTY,2026-09-29,,,Service Animals - ADA-defined service animals are welcome free of charge. / Pets Allowed - 2 pets max. Cats and dogs only. 75lbs or less per pet. / Fees - Non-refundable 25 USD nightly for up to 2 pets. Max 75 USD per stay. / Other Information - Contact hotel for additional details and availability.,,phoenix-az
La Quinta Inn & Suites by Wyndham Phoenix Mesa West,pet-friendly-hotels,902 West Grove Avenue,Mesa,AZ,85210,+1-480-844-8747,https://www.wyndhamhotels.com/laquinta/mesa-arizona/la-quinta-phoenix-mesa-west/overview,https://www.wyndhamhotels.com/laquinta/mesa-arizona/la-quinta-phoenix-mesa-west/overview,OFFICIAL_PROPERTY,2026-09-29,,,Service Animals - ADA-defined service animals are welcome free of charge. / Pets Allowed - 2 pets max. Cats and dogs only. 75lbs or less per pet. / Fees - Non-refundable 25 USD nightly for up to 2 pets. Max 75 USD per stay. / Other Information - Contact hotel for additional details and availability.,,phoenix-az
La Quinta Inn & Suites by Wyndham Phoenix Scottsdale,pet-friendly-hotels,8888 East Shea Boulevard,Scottsdale,AZ,85260,(480) 614-5300,https://www.wyndhamhotels.com/laquinta/scottsdale-arizona/la-quinta-phoenix-scottsdale/overview,https://www.wyndhamhotels.com/laquinta/scottsdale-arizona/la-quinta-phoenix-scottsdale/overview,OFFICIAL_PROPERTY,2026-09-29,,,Service Animals - ADA-defined service animals are welcome free of charge. / Pets Allowed - 2 pets max. Cats and dogs only. 75lbs or less per pet. / Fees - Non-refundable 25 USD nightly for up to 2 pets. Max 75 USD per stay. / Other Information - Contact hotel for additional details and availability.,,phoenix-az
La Quinta Inn & Suites by Wyndham Phoenix West / Glendale,pet-friendly-hotels,9050 W McDowell Rd,Phoenix,AZ,85037,(480) 572-0112,https://www.wyndhamhotels.com/laquinta/phoenix-arizona/la-quinta-inn-suites-phoenix-west-glendale/overview,https://www.wyndhamhotels.com/laquinta/phoenix-arizona/la-quinta-inn-suites-phoenix-west-glendale/overview,OFFICIAL_PROPERTY,2026-09-29,,,Service Animals - ADA-defined service animals are welcome free of charge./Pets Allowed - 2 pets max. Cats and dogs only. 75lbs or less per pet./Fees - Non-refundable 25 USD nightly for up to 2 pets. Max 75 USD per stay./Other Information - Contact hotel for additional details and availability.,,phoenix-az
La Quinta Inn & Suites by Wyndham Phoenix West Peoria,pet-friendly-hotels,16321 N 83rd Avenue,Peoria,AZ,85382,1-623-4871900,https://www.wyndhamhotels.com/laquinta/peoria-arizona/la-quinta-phoenix-west-peoria/overview,https://www.wyndhamhotels.com/laquinta/peoria-arizona/la-quinta-phoenix-west-peoria/overview,OFFICIAL_PROPERTY,2026-09-29,,,Service Animals - ADA-defined service animals are welcome free of charge. / Pets Allowed - 2 pets max. Cats and dogs only. 75lbs or less per pet. / Fees - Non-refundable 25 USD nightly for up to 2 pets. Max 75 USD per stay. / Other Information - Contact hotel for additional details and availability.,,phoenix-az
La Quinta Inn & Suites by Wyndham Tempe University / Phoenix,pet-friendly-hotels,1375 E University Drive,Tempe,AZ,85281,+1-480-774-2500,https://www.wyndhamhotels.com/laquinta/tempe-arizona/la-quinta-inn-and-suites-tempe-university-phoenix/overview,https://www.wyndhamhotels.com/laquinta/tempe-arizona/la-quinta-inn-and-suites-tempe-university-phoenix/overview,OFFICIAL_PROPERTY,2026-09-29,,,Service Animals - ADA-defined service animals are welcome free of charge./Pets Allowed - 2 pets max. Cats and dogs only. 75lbs or less per pet./Fees - Non-refundable 25 USD nightly for up to 2 pets. Max 75 USD per stay./Other Information - Contact hotel for additional details and availability.,,phoenix-az
La Quinta Inn by Wyndham Phoenix Sky Harbor Airport,pet-friendly-hotels,911 S 48th Street,Tempe,AZ,85281,(480) 967-4465,https://www.wyndhamhotels.com/laquinta/tempe-arizona/la-quinta-inn-phoenix-sky-harbor-airport/overview,https://www.wyndhamhotels.com/laquinta/tempe-arizona/la-quinta-inn-phoenix-sky-harbor-airport/overview,OFFICIAL_PROPERTY,2026-09-29,,,Service Animals - ADA-defined service animals are welcome free of charge. / Pets Allowed - 2 pets max. Cats and dogs only. 75lbs or less per pet. / Fees - Non-refundable 25 USD nightly for up to 2 pets. Max 75 USD per stay. / Other Information - Contact hotel for additional details and availability.,,phoenix-az
Mountain Shadows Resort Scottsdale,pet-friendly-hotels,5445 E Lincoln Dr,SCOTTSDALE,AZ,85253,+1-480-624-5400,http://mountainshadows.com,https://mountainshadows.com/resort/faqs/,OFFICIAL_PROPERTY,2026-09-29,,,Can I bring my pet? | Mountain Shadows Resort Scottsdale is pet friendly throughout the resort guestrooms and in select re,,phoenix-az
Moxy Phoenix Tempe/ASU Area,pet-friendly-hotels,1333 South Rural Road,Tempe,AZ,85281,(480) 968-3451,https://www.marriott.com/en-us/hotels/phxox-moxy-phoenix-tempe-asu-area/overview/,https://www.marriott.com/en-us/hotels/phxox-moxy-phoenix-tempe-asu-area/overview/,OFFICIAL_PROPERTY,2026-09-29,,,Pet Policy | Pets Welcome | $50/night or $150/stay for 3+ night stay. 2 pets are allowed. | Non-Refundable Pet Fee Per Night: ... | Maximum Number of Pets in Room: 2,,phoenix-az
My Place Hotel-Phoenix West/Buckeye,pet-friendly-hotels,1019 South Watson Road,Buckeye,AZ,85326,(623) 440-3661,https://www.myplacehotels.com/locations/my-place-hotel-phoenix-westbuckeye-az,https://www.myplacehotels.com/locations/my-place-hotel-phoenix-westbuckeye-az,OFFICIAL_PROPERTY,2026-09-29,,,"Located near Skyline Regional Park, historic sites, spas, and local dining, our pet-friendly, extended-stay hotel has in-room kitchens and easy access to everything Buckeye has to offer! Book Now Amenities Grab & Go My Store Free Parking $0 Grubhub Delivery On-site Laundry In-Room Kitchen Coffee Maker Free Wi-Fi Television Hair Dryer Iron Climate Control Pet Friendly Accessible Rooms Make My Place Your Place ® My Place Hotel-Phoenix West/Buckeye, AZ Escape to comfort on the edge of the desert at",,phoenix-az
My Place Hotels - Mesa,pet-friendly-hotels,1555 S 105th Place,Mesa,AZ,85209,+1-480-956-0390,https://www.myplacehotels.com/locations/my-place-hotel-phoenix-east-mesa-az,https://www.myplacehotels.com/locations/my-place-hotel-phoenix-east-mesa-az,OFFICIAL_PROPERTY,2026-09-29,,,"Conveniently located near US-60 and Loop 202, the Phoenix East/Mesa My Place welcomes you to a clean, pet-friendly hotel with a kitchen area in every guest room. Book Now Amenities Grab & Go My Store Free Parking $0 Grubhub Delivery On-site Laundry In-Room Kitchen Coffee Maker Free Wi-Fi Television Hair Dryer Iron Climate Control Pet Friendly Accessible Rooms Make My Place Your Place ® Looking for the Best Hotel in Phoenix East/Mesa, AZ? Pet-Friendly Hotel in Phoenix East/Mesa Bring your furry f",,phoenix-az
Omni Scottsdale Resort & Spa at Montelucia,pet-friendly-hotels,4949 East Lincoln Drive,Scottsdale,AZ,85253,+1-480-627-3200,http://www.omnihotels.com/montelucia,https://www.omnihotels.com/hotels/scottsdale-montelucia/policies,OFFICIAL_PROPERTY,2026-09-29,,,PETS | Pets are welcome at Omni Scottsdale Resort & Spa at Montelucia. A $150 non-refundable cleaning fee for each room will be charged for your stay. One pet is allowed per guest room.,,phoenix-az
Omni Tempe Hotel at ASU,pet-friendly-hotels,7 East University Drive,Tempe,AZ,85281,(602) 794-8600,http://www.omnihotels.com/hotels/tempe-asu,https://www.omnihotels.com/hotels/tempe-asu,OFFICIAL_PROPERTY,2026-09-29,,,Is the hotel pet friendly? | Omni Tempe Hotel at ASU is a pet-friendly hotel. Guests must have a valid credit card on their reser,,phoenix-az
Phoenix Marriott Chandler,pet-friendly-hotels,1600 South Price Road,Chandler,AZ,85286,+1-480-732-1600,https://www.marriott.com/en-us/hotels/phxml-marriott-phoenix-chandler/overview/,https://www.marriott.com/en-us/hotels/phxml-marriott-phoenix-chandler/overview/,OFFICIAL_PROPERTY,2026-09-29,,,Pet Policy | Pets Welcome | 2 pets 50lbs maximum per room with 75USD non Refundable fee per room per stay | Non-Refundable Pet Fee Per Stay: $75.00 | Maximum Pet Weight: 50.0lbs | Maximum Number of Pets in Room: 2,,phoenix-az
Quality Inn & Suites Goodyear - Phoenix West,pet-friendly-hotels,950 N. Dysart Road,Goodyear,AZ,85338,,https://www.choicehotels.com/arizona/goodyear/quality-inn-hotels/az304,https://www.choicehotels.com/arizona/goodyear/quality-inn-hotels/az304,OFFICIAL_PROPERTY,2026-09-29,,,"Pets Allowed: Yes General: Pets are allowed. Pet fee of 30.00 USD per pet, per stay and not refundable. We only accept 2 small well behave pets.. Service animals are permitted, without charge.",,phoenix-az
Red Lion Inn & Suites Goodyear Phoenix,pet-friendly-hotels,1313 North Litchfield Road,Goodyear,AZ,85395,,https://www.sonesta.com/red-lion-inn-suites/az/goodyear/red-lion-inn-suites-goodyear-phoenix,https://www.sonesta.com/red-lion-inn-suites/az/goodyear/red-lion-inn-suites-goodyear-phoenix,OFFICIAL_PROPERTY,2026-09-29,,,Pets are welcome,,phoenix-az
Renaissance Phoenix Downtown Hotel,pet-friendly-hotels,100 N 1st Street,Phoenix,AZ,85004,(602) 333-0000,https://www.marriott.com/en-us/hotels/phxbd-renaissance-phoenix-downtown-hotel/overview/,https://www.marriott.com/en-us/hotels/phxbd-renaissance-phoenix-downtown-hotel/overview/,OFFICIAL_PROPERTY,2026-09-29,,,"Pet Policy | Pets Welcome. | Max 2 dogs, 50 lbs. $50 fee, $20 additional pet fee, non-refundable. | Non-Refundable Pet Fee Per Night: $50.00 | Maximum Pet Weight: 50.0lbs | Maximum Number of Pets in Room: 2",,phoenix-az
Renaissance Phoenix Glendale Hotel & Spa,pet-friendly-hotels,9495 Entertainment Boulevard,Glendale,AZ,85305,(623) 937-3700,https://www.marriott.com/en-us/hotels/phxgr-renaissance-phoenix-glendale-hotel-and-conference-center/overview/,https://www.marriott.com/en-us/hotels/phxgr-renaissance-phoenix-glendale-hotel-and-conference-center/overview/,OFFICIAL_PROPERTY,2026-09-29,,,"Pet Policy | Pets Welcome. | Pet Fee per Night is $50.00, and $150.00 Max Fee per stay (ALL Non-Refundable) | Non-Refundable Pet Fee Per Night: $50.00 | Maximum Pet Weight: 50.0lbs | Maximum Number of Pets in Room: 2",,phoenix-az
Residence Inn by Marriott Phoenix Southeast,pet-friendly-hotels,4700 S 44th Place,Phoenix,AZ,85040,,https://www.marriott.com/en-us/hotels/phxoe-residence-inn-phoenix-southeast/overview/,https://www.marriott.com/en-us/hotels/phxoe-residence-inn-phoenix-southeast/overview/,OFFICIAL_PROPERTY,2026-09-29,,,Pet Policy | Pets Welcome | Non-Refundable Pet Fee Per Stay: $75.00,,phoenix-az
Residence Inn Gilbert San Tan,pet-friendly-hotels,3685 S. Val Vista Dr.,Gilbert,AZ,85297,,https://www.marriott.com/en-us/hotels/phxlr-residence-inn-gilbert%25C2%25A0san-tan/overview/,https://www.marriott.com/en-us/hotels/phxlr-residence-inn-gilbert-san-tan/overview/,OFFICIAL_PROPERTY,2026-09-29,,,"Pet Policy | Pets Welcome | 2 pets, 50lbs max per pet per room, with a 150USD non-refundable fee per room | Non-Refundable Pet Fee Per Stay: $100.00 | Maximum Pet Weight: 50.0lbs | Maximum Number of Pets in Room: 2",,phoenix-az
Residence Inn Phoenix Airport,pet-friendly-hotels,801 N 44th Street,Phoenix,AZ,85008,+1 602-273-9220,https://www.marriott.com/en-us/hotels/phxra-residence-inn-phoenix-airport/overview/,https://www.marriott.com/en-us/hotels/phxra-residence-inn-phoenix-airport/overview/,OFFICIAL_PROPERTY,2026-09-29,,,Pet Policy | Pets Welcome | 2 pets 60 lbs max | Non-Refundable Pet Fee Per Stay: $150.00 | Maximum Pet Weight: 60.0lbs | Maximum Number of Pets in Room: 2,,phoenix-az
Residence Inn Phoenix Chandler/Fashion Center,pet-friendly-hotels,200 North Federal Street,Chandler,AZ,85226,+1 480-782-1551,https://www.marriott.com/en-us/hotels/phxcd-residence-inn-phoenix-chandler-fashion-center/overview/,https://www.marriott.com/en-us/hotels/phxcd-residence-inn-phoenix-chandler-fashion-center/overview/,OFFICIAL_PROPERTY,2026-09-29,,,"Pet Policy | Pets Welcome | $100 non-refundable pet fee per stay, 2 pets max 50 pounds. | Non-Refundable Pet Fee Per Stay: $100.00 | Maximum Pet Weight: 50.0lbs | Maximum Number of Pets in Room: 2",,phoenix-az
Residence Inn Phoenix Chandler/South,pet-friendly-hotels,2727 West Queen Creek Road,Chandler,AZ,85248,+1 480-210-2727,https://www.marriott.com/en-us/hotels/phxrl-residence-inn-phoenix-chandler-south/overview/,https://www.marriott.com/en-us/hotels/phxrl-residence-inn-phoenix-chandler-south/overview/,OFFICIAL_PROPERTY,2026-09-29,,,Pet Policy | Pets Welcome | Pets allowed at a charge. | Non-Refundable Pet Fee Per Stay: $150.00 | Maximum Pet Weight: 60.0lbs | Maximum Number of Pets in Room: 2,,phoenix-az
Residence Inn Phoenix Desert View at Mayo Clinic,pet-friendly-hotels,5665 East Mayo Boulevard,Phoenix,AZ,85054,+1 480-563-1500,https://www.marriott.com/en-us/hotels/phxmh-residence-inn-phoenix-desert-view-at-mayo-clinic/overview/,https://www.marriott.com/en-us/hotels/phxmh-residence-inn-phoenix-desert-view-at-mayo-clinic/overview/,OFFICIAL_PROPERTY,2026-09-29,,,"Pet Policy | Pets Welcome | $150 Nonrefundable Pet Cleaning fee per stay, excluding Service Animals | Non-Refundable Pet Fee Per Stay: $150.00 | Maximum Number of Pets in Room: 2",,phoenix-az
Residence Inn Phoenix Gilbert,pet-friendly-hotels,3021 East Banner Gateway Drive,Gilbert,AZ,85234,+1 480-699-4450,https://www.marriott.com/en-us/hotels/phxgb-residence-inn-phoenix-gilbert/overview/,https://www.marriott.com/en-us/hotels/phxgb-residence-inn-phoenix-gilbert/overview/,OFFICIAL_PROPERTY,2026-09-29,,,Pet Policy | Pets Welcome | Pets 25 pounds or less allowed with USD 100 non-refundable fee per stay | Non-Refundable Pet Fee Per Stay: $100.00 | Maximum Pet Weight: 65.0lbs | Maximum Number of Pets in Room: 2,,phoenix-az
Residence Inn Phoenix Glendale/Peoria,pet-friendly-hotels,8435 West Paradise Lane,Peoria,AZ,85382,+1 623-979-2074,https://www.marriott.com/en-us/hotels/phxrp-residence-inn-phoenix-glendale-peoria/overview/,https://www.marriott.com/en-us/hotels/phxrp-residence-inn-phoenix-glendale-peoria/overview/,OFFICIAL_PROPERTY,2026-09-29,,,Pet Policy | Pets Welcome | Pets 40 pounds max per room with USD 150 non-refundable fee per room per stay | Non-Refundable Pet Fee Per Stay: $150.00 | Maximum Pet Weight: 40.0lbs,,phoenix-az
Residence Inn Phoenix Glendale Sports & Entertainment District,pet-friendly-hotels,7350 N. Zanjero Boulevard,Glendale,AZ,85305,+1 623-772-8900,https://www.marriott.com/en-us/hotels/phxgi-residence-inn-phoenix-glendale-sports-and-entertainment-district/overview/,https://www.marriott.com/en-us/hotels/phxgi-residence-inn-phoenix-glendale-sports-and-entertainment-district/overview/,OFFICIAL_PROPERTY,2026-09-29,,,Pet Policy | Pets Welcome | 2 pets per room allowed with USD 100 cleaning fee-max weight 100 pounds | Non-Refundable Pet Fee Per Stay: $100.00 | Maximum Pet Weight: 100.0lbs | Maximum Number of Pets in Room: 2,,phoenix-az
Residence Inn Phoenix Mesa,pet-friendly-hotels,941 W. Grove Avenue,Mesa,AZ,85210,+1 480-610-0100,https://www.marriott.com/en-us/hotels/phxrm-residence-inn-phoenix-mesa/overview/,https://www.marriott.com/en-us/hotels/phxrm-residence-inn-phoenix-mesa/overview/,OFFICIAL_PROPERTY,2026-09-29,,,Pet Policy | Pets Welcome | 2 pets 100 pounds max per room with USD 100 non-refundable fee per room per stay | Non-Refundable Pet Fee Per Stay: $100.00 | Maximum Pet Weight: 100.0lbs | Maximum Number of Pets in Room: 2,,phoenix-az
Residence Inn Phoenix Mesa East,pet-friendly-hotels,10243 East Hampton Avenue,Mesa,AZ,85209,+1 480-373-9000,https://www.marriott.com/en-us/hotels/phxmx-residence-inn-phoenix-mesa-east/overview/,https://www.marriott.com/en-us/hotels/phxmx-residence-inn-phoenix-mesa-east/overview/,OFFICIAL_PROPERTY,2026-09-29,,,Pet Policy | Pets Welcome | Dogs Only. Fee aides in room cleaning/sanitation & allergen neutralization | Non-Refundable Pet Fee Per Stay: $100.00 | Maximum Pet Weight: 65.0lbs | Maximum Number of Pets in Room: 2,,phoenix-az
Residence Inn Phoenix North/Happy Valley,pet-friendly-hotels,2035 W Whispering Wind Drive (formerly Hatfield Rd.),Phoenix,AZ,85085,,https://www.marriott.com/en-us/hotels/phxrb-residence-inn-phoenix-north-happy-valley/overview/,https://www.marriott.com/en-us/hotels/phxrb-residence-inn-phoenix-north-happy-valley/overview/,OFFICIAL_PROPERTY,2026-09-29,,,Pet Policy | Pets Welcome | $75 per stay (stays 1-5 nights) or $125 per stay (stays 6 nights or longer) | Non-Refundable Pet Fee Per Stay: $75.00 | Maximum Pet Weight: 50.0lbs | Maximum Number of Pets in Room: 2,,phoenix-az
Residence Inn Phoenix NW/Surprise,pet-friendly-hotels,16418 North Bullard Avenue,Surprise,AZ,85374,+1 623-249-6333,https://www.marriott.com/en-us/hotels/phxsz-residence-inn-phoenix-nw-surprise/overview/,https://www.marriott.com/en-us/hotels/phxsz-residence-inn-phoenix-nw-surprise/overview/,OFFICIAL_PROPERTY,2026-09-29,,,Pet Policy | Pets Welcome | 2 pets or ESA 50lbs or less allowed with USD 100 fee plus any damage costs | Non-Refundable Pet Fee Per Stay: $100.00 | Maximum Pet Weight: 50.0lbs | Maximum Number of Pets in Room: 2,,phoenix-az
Residence Inn Phoenix West/Avondale,pet-friendly-hotels,11410 West Hotel Way,Avondale,AZ,85323,+1 623-666-6390,https://www.marriott.com/en-us/hotels/phxrv-residence-inn-phoenix-west-avondale/overview/,https://www.marriott.com/en-us/hotels/phxrv-residence-inn-phoenix-west-avondale/overview/,OFFICIAL_PROPERTY,2026-09-29,,,Pet Policy | Pets Welcome | 2 pets 35 pounds max per room with USD 125 non-refundable fee per room per stay | Non-Refundable Pet Fee Per Stay: $125.00 | Maximum Pet Weight: 35.0lbs | Maximum Number of Pets in Room: 2,,phoenix-az
Residence Inn Scottsdale North,pet-friendly-hotels,17011 North Scottsdale Road,Scottsdale,AZ,85255,+1 480-563-4120,https://www.marriott.com/en-us/hotels/phxrn-residence-inn-scottsdale-north/overview/,https://www.marriott.com/en-us/hotels/phxrn-residence-inn-scottsdale-north/overview/,OFFICIAL_PROPERTY,2026-09-29,,,"Pet Policy | Pets Welcome | One pet per room, under 30 lbs., aggressive breeds not allowed | Non-Refundable Pet Fee Per Stay: $100.00 | Maximum Pet Weight: 30.0lbs",,phoenix-az
Residence Inn Scottsdale Salt River,pet-friendly-hotels,5351 North Pima Road,Scottsdale,AZ,85250,+1 480-745-8900,https://www.marriott.com/en-us/hotels/phxrr-residence-inn-scottsdale-salt-river/overview/,https://www.marriott.com/en-us/hotels/phxrr-residence-inn-scottsdale-salt-river/overview/,OFFICIAL_PROPERTY,2026-09-29,,,"Pet Policy | Pets Welcome | $100/stay non-refundable fee and $20/day up to 7 days, excludes Service Animals | Non-Refundable Pet Fee Per Stay: $100.00 | Non-Refundable Pet Fee Per Night: ... | Maximum Pet Weight: 50.0lbs | Maximum Number of Pets in Room: 2",,phoenix-az
Residence Inn Tempe Downtown/University,pet-friendly-hotels,510 South Forest Avenue,Tempe,AZ,85281,(480) 967-2300,https://www.marriott.com/en-us/hotels/phxtd-residence-inn-tempe-downtown-university/overview/,https://www.marriott.com/en-us/hotels/phxtd-residence-inn-tempe-downtown-university/overview/,OFFICIAL_PROPERTY,2026-09-29,,,Pet Policy | Pets Welcome | Pet fee $100/stay nonrefundable cleaning fee excludes Service Animals | Maximum Number of Pets in Room: 2,,phoenix-az
Rodeway Inn & Suites Chandler - Phoenix South I-10,pet-friendly-hotels,7171 W Chandler Blvd,Chandler,AZ,85226,+1 480-961-3888,https://www.choicehotels.com/arizona/chandler/rodeway-inn-hotels/az693,https://www.choicehotels.com/arizona/chandler/rodeway-inn-hotels/az693,OFFICIAL_PROPERTY,2026-09-29,,,"Pets Allowed: Yes General: Pets Allowed. Pet Charge 25.00 USD Per Pet, Per Night. Pet limit 2 Pet Per Room.. Service animals are permitted, without charge.",,phoenix-az
Scottsdale Marriott at McDowell Mountains,pet-friendly-hotels,16770 North Perimeter Drive,Scottsdale,AZ,85260,(480) 502-3836,https://www.marriott.com/en-us/hotels/phxno-scottsdale-marriott-at-mcdowell-mountains/overview/,https://www.marriott.com/en-us/hotels/phxno-scottsdale-marriott-at-mcdowell-mountains/overview/,OFFICIAL_PROPERTY,2026-09-29,,,Pet Policy | Pets Welcome | Pets 40 pounds max allowed with USD 125 non-refundable fee per room per stay | Non-Refundable Pet Fee Per Stay: $125.00 | Maximum Pet Weight: 40.0lbs | Maximum Number of Pets in Room: 2,,phoenix-az
"Senna House Hotel Scottsdale, Curio Collection by Hilton",pet-friendly-hotels,7501 E Camelback Road,Scottsdale,AZ,85251,+1 480-946-5500,https://www.hilton.com/en/hotels/phxttqq-senna-house-hotel-scottsdale/,https://www.hilton.com/en/hotels/phxttqq-senna-house-hotel-scottsdale/hotel-info/,OFFICIAL_PROPERTY,2026-09-29,,,Pets | Pets allowed: Yes | Non-refundable fee: $75.00 | Max weight: 50 lbs | Max size: medium,,phoenix-az
Sheraton Mesa Hotel at Wrigleyville West,pet-friendly-hotels,860 North Riverview,Mesa,AZ,85201,(480) 664-1221,https://www.marriott.com/en-us/hotels/phxww-sheraton-mesa-hotel-at-wrigleyville-west/overview/,https://www.marriott.com/en-us/hotels/phxww-sheraton-mesa-hotel-at-wrigleyville-west/overview/,OFFICIAL_PROPERTY,2026-09-29,,,Pet Policy | Pets Welcome | Dog friendly rooms | Non-Refundable Pet Fee Per Stay: $50.00 | Maximum Pet Weight: 60.0lbs | Maximum Number of Pets in Room: 2,,phoenix-az
Sheraton Phoenix Downtown,pet-friendly-hotels,340 N 3rd Street,Phoenix,AZ,85004,(602) 262-2500,https://www.marriott.com/en-us/hotels/phxgp-sheraton-phoenix-downtown/overview/,https://www.marriott.com/en-us/hotels/phxgp-sheraton-phoenix-downtown/overview/,OFFICIAL_PROPERTY,2026-09-29,,,Pet Policy | Pets Welcome. | 1 dog up to 40 pounds allowed in room | Non-Refundable Pet Fee Per Stay: $75.00 | Maximum Pet Weight: 40.0lbs | Maximum Number of Pets in Room: 1,,phoenix-az
Sleep Inn Phoenix North I-17,pet-friendly-hotels,18235 N 27th Ave,Phoenix,AZ,85053,,https://www.choicehotels.com/arizona/phoenix/sleep-inn-hotels/az140,https://www.choicehotels.com/arizona/phoenix/sleep-inn-hotels/az140,OFFICIAL_PROPERTY,2026-09-29,,,"Pets Allowed: Yes General: Only dogs are allowed under a 30 USD fee per night, per dog. A maximum of 2 dogs are allowed per room, up to 35 pounds.. Service animals are permitted, without charge.",,phoenix-az
Sonesta ES Suites Tempe,pet-friendly-hotels,5075 South Priest Drive,Tempe,AZ,85282,(800) 331-3131,https://www.sonesta.com/sonesta-es-suites/az/tempe/sonesta-es-suites-tempe,https://www.sonesta.com/sonesta-es-suites/az/tempe/sonesta-es-suites-tempe,OFFICIAL_PROPERTY,2026-09-29,,,pets are permitted,,phoenix-az
Sonesta Select Phoenix Camelback,pet-friendly-hotels,2101 E. Camelback Road,Phoenix,AZ,85016,+1-602-955-5200,https://www.sonesta.com/sonesta-select/az/phoenix/sonesta-select-phoenix-camelback,https://www.sonesta.com/sonesta-select/az/phoenix/sonesta-select-phoenix-camelback,OFFICIAL_PROPERTY,2026-09-29,,,"Pet Policy | Pet-Friendly Hotel Near Camelback | We love your furry friends as much as you do. | Sonesta Select Phoenix Camelback is pet-friendly and welcomes well-mannered pets, with no breed or w | $75 fee per stay applies.",,phoenix-az
Sonesta Select Phoenix Chandler,pet-friendly-hotels,920 N 54th Street,Chandler,AZ,85226,(480) 763-9500,https://www.sonesta.com/sonesta-select/az/chandler/sonesta-select-phoenix-chandler,https://www.sonesta.com/sonesta-select/az/chandler/sonesta-select-phoenix-chandler,OFFICIAL_PROPERTY,2026-09-29,,,"Pet Policy | Pet-Friendly Hotel in Chandler | We love your furry friends as much as you do. | Sonesta Select Phoenix Chandler is pet-friendly and welcomes well-mannered dpets, with no breed or w | $75 fee per stay applies.",,phoenix-az
Sonesta Select Scottsdale at Mayo Clinic Campus,pet-friendly-hotels,13444 E. Shea Boulevard,Scottsdale,AZ,85259,(480) 860-4000,https://www.sonesta.com/sonesta-select/az/scottsdale/sonesta-select-scottsdale-mayo-clinic-campus,https://www.sonesta.com/sonesta-select/az/scottsdale/sonesta-select-scottsdale-mayo-clinic-campus,OFFICIAL_PROPERTY,2026-09-29,,,Pet Policy | Cat- & Dog-Friendly Hotel Near Scottsdale’s Mayo Clinic | We love your furry friends as much as you do. | Sonesta Select Scottsdale at Mayo Clinic Campus is pet-friendly and welcomes well-mannered dogs and | $75 fee per stay applies.,,phoenix-az
Sonesta Select Tempe Downtown,pet-friendly-hotels,601 South Ash Ave,Tempe,AZ,85281,(800) 321-2211,https://www.sonesta.com/sonesta-select/az/tempe/sonesta-select-tempe-downtown,https://www.sonesta.com/sonesta-select/az/tempe/sonesta-select-tempe-downtown,OFFICIAL_PROPERTY,2026-09-29,,,"Pet Policy | Pet-Friendly Hotel in Tempe | We love your furry friends as much as you do. | Sonesta Select Tempe is pet-friendly and welcomes well-mannered pets, with no breed or weight restrictions. Up t. | $75 fee per stay applies.",,phoenix-az
Sonesta Simply Suites Phoenix Scottsdale,pet-friendly-hotels,10740 N 90th Street,Scottsdale,AZ,85260,(480) 551-1100,https://www.sonesta.com/us/arizona/scottsdale/sonesta-simply-suites-scottsdale-north,https://www.sonesta.com/sonesta-simply-suites/az/scottsdale/sonesta-simply-suites-phoenix-scottsdale,OFFICIAL_PROPERTY,2026-09-29,,,pets are permitted,,phoenix-az
Sonesta Simply Suites Phoenix Tempe,pet-friendly-hotels,1335 W. Baseline Road,Tempe,AZ,85283,(480) 777-0440,https://www.sonesta.com/sonesta-simply-suites/az/tempe/sonesta-simply-suites-phoenix-tempe,https://www.sonesta.com/sonesta-simply-suites/az/tempe/sonesta-simply-suites-phoenix-tempe,OFFICIAL_PROPERTY,2026-09-29,,,"Pet Policy | Pet-Friendly Hotel in Tempe | We love your furry friends as much as you do. | Sonesta Simply Suites Phoenix Tempe is pet friendly and welcomes well-mannered pets, with no breed or weight res. | $75 fee applies for stays up to 7 nights; $150 for all longer stays.",,phoenix-az
Sonesta Suites Scottsdale Gainey Ranch,pet-friendly-hotels,7300 E Gainey Suites Drive,Scottsdale,AZ,85258,(480) 922-6969,https://www.sonesta.com/sonesta-hotels-resorts/az/scottsdale/sonesta-suites-scottsdale-gainey-ranch,https://www.sonesta.com/sonesta-hotels-resorts/az/scottsdale/sonesta-suites-scottsdale-gainey-ranch,OFFICIAL_PROPERTY,2026-09-29,,,pets are permitted,,phoenix-az
Spark by Hilton Glendale Phoenix North,pet-friendly-hotels,5511 W Bell Road,Glendale,AZ,85308,+1 602-896-8900,https://www.hilton.com/en/hotels/phxskpe-spark-glendale-phoenix-north/,https://www.hilton.com/en/hotels/phxskpe-spark-glendale-phoenix-north/hotel-info/,OFFICIAL_PROPERTY,2026-09-29,,,Pets | Pets allowed: Yes | Non-refundable fee: $75.00 | Max weight: 40 lbs | Max size: small,,phoenix-az
Spark by Hilton Phoenix East Mesa,pet-friendly-hotels,4470 S Power Rd,Mesa,AZ,85212,+1 480-457-8181,https://www.hilton.com/en/hotels/phxetpe-spark-phoenix-east-mesa/,https://www.hilton.com/en/hotels/phxetpe-spark-phoenix-east-mesa/hotel-info/,OFFICIAL_PROPERTY,2026-09-29,,,Pets | Pets allowed: Yes | Non-refundable fee: $25.00 | Max weight: 25 lbs | Max size: medium,,phoenix-az
Spark by Hilton Tempe Phoenix Airport,pet-friendly-hotels,1625 S 52nd Street,Tempe,AZ,85281,+1 480-446-9500,https://www.hilton.com/en/hotels/phxokpe-spark-tempe-phoenix-airport/,https://www.hilton.com/en/hotels/phxokpe-spark-tempe-phoenix-airport/hotel-info/,OFFICIAL_PROPERTY,2026-09-29,,,Pets | Pets allowed: Yes | Refundable deposit: $150.00 | Max weight: 50 lbs | Max size: medium | Pet policy: Dogs Only. $50.00 USD Pet Accommodation...,,phoenix-az
SpringHill Suites Phoenix Chandler/Fashion Center,pet-friendly-hotels,225 N. Metro Boulevard,Chandler,AZ,85226,+1 480-726-7666,https://www.marriott.com/en-us/hotels/phxcs-springhill-suites-phoenix-chandler-fashion-center/overview/,https://www.marriott.com/en-us/hotels/phxcs-springhill-suites-phoenix-chandler-fashion-center/overview/,OFFICIAL_PROPERTY,2026-09-29,,,"Pet Policy | Pets Welcome | $75 non-refundable pet fee per stay, 2 pets max 50 pounds. | Non-Refundable Pet Fee Per Stay: $75.00 | Maximum Pet Weight: 50.0lbs | Maximum Number of Pets in Room: 2",,phoenix-az
SpringHill Suites Phoenix Gilbert,pet-friendly-hotels,1801 South San Tan Village Parkway,Gilbert,AZ,85295,,https://www.marriott.com/en-us/hotels/phxgh-springhill-suites-phoenix-gilbert/overview/,https://www.marriott.com/en-us/hotels/phxgh-springhill-suites-phoenix-gilbert/overview/,OFFICIAL_PROPERTY,2026-09-29,,,Pet Policy | Pets Welcome | We welcome well-behaved dogs with a non-refundable cleaning and sanitation fee. | Non-Refundable Pet Fee Per Stay: $100.00 | Maximum Pet Weight: 75.0lbs | Maximum Number of Pets in Room: 2,,phoenix-az
SpringHill Suites Phoenix Goodyear,pet-friendly-hotels,1370 North Bullard Avenue,Goodyear,AZ,85338,+1 602-354-9540,https://www.marriott.com/en-us/hotels/phxsg-springhill-suites-phoenix-goodyear/overview/,https://www.marriott.com/en-us/hotels/phxsg-springhill-suites-phoenix-goodyear/overview/,OFFICIAL_PROPERTY,2026-09-29,,,"Pet Policy | Pets Welcome | Up to 2 pets, up to 65lbs, at 100USD up to first three nights, non-refundable. | Non-Refundable Pet Fee Per Stay: $150.00 | Maximum Pet Weight: 65.0lbs | Maximum Number of Pets in Room: 2",,phoenix-az
SpringHill Suites Phoenix Scottsdale,pet-friendly-hotels,1500 North Scottsdale Road,Scottsdale,AZ,85257,+1 480-716-1600,https://www.marriott.com/en-us/hotels/phxls-springhill-suites-phoenix-scottsdale/overview/,https://www.marriott.com/en-us/hotels/phxls-springhill-suites-phoenix-scottsdale/overview/,OFFICIAL_PROPERTY,2026-09-29,,,Pet Policy | Pets Welcome | Dogs Only | Non-Refundable Pet Fee Per Stay: $100.00 | Maximum Pet Weight: 50.0lbs | Maximum Number of Pets in Room: 2,,phoenix-az
SpringHill Suites Phoenix West/Avondale,pet-friendly-hotels,9950 West Encanto Boulevard,Avondale,AZ,85392,,https://www.marriott.com/en-us/hotels/phxsv-springhill-suites-phoenix-west-avondale/overview/,https://www.marriott.com/en-us/hotels/phxsv-springhill-suites-phoenix-west-avondale/overview/,OFFICIAL_PROPERTY,2026-09-29,,,Pet Policy | Pets Welcome | Small pet only | Non-Refundable Pet Fee Per Stay: $100.00 | Maximum Pet Weight: 50.0lbs | Maximum Number of Pets in Room: 1,,phoenix-az
SpringHill Suites Scottsdale North,pet-friendly-hotels,17020 N Scottsdale Rd,Scottsdale,AZ,85255,+1 480-922-8700,https://www.marriott.com/en-us/hotels/phxsh-springhill-suites-scottsdale-north/overview/,https://www.marriott.com/en-us/hotels/phxsh-springhill-suites-scottsdale-north/overview/,OFFICIAL_PROPERTY,2026-09-29,,,Pet Policy | Pets Welcome | Pets 50 pounds max allowed with non-refundable fee of USD 75 per room per stay | Non-Refundable Pet Fee Per Stay: $75.00 | Maximum Pet Weight: 50.0lbs | Maximum Number of Pets in Room: 2,,phoenix-az
SpringHill Suites Surprise,pet-friendly-hotels,14380 W. Elm Street,Surprise,AZ,85374,,https://www.marriott.com/en-us/hotels/phxsu-springhill-suites-surprise/overview/,https://www.marriott.com/en-us/hotels/phxsu-springhill-suites-surprise/overview/,OFFICIAL_PROPERTY,2026-09-29,,,Pet Policy | Pets Welcome | 2 pets 50lbs max per pet per room with non-refundable fee per room per stay | Non-Refundable Pet Fee Per Stay: $150.00,,phoenix-az
SpringHill Suites Tempe at Arizona Mills Mall,pet-friendly-hotels,5211 South Priest Drive,Tempe,AZ,85283,+1 480-752-7979,https://www.marriott.com/en-us/hotels/phxps-springhill-suites-tempe-at-arizona-mills-mall/overview/,https://www.marriott.com/en-us/hotels/phxps-springhill-suites-tempe-at-arizona-mills-mall/overview/,OFFICIAL_PROPERTY,2026-09-29,,,Pet Policy | Pets Welcome | Daily cleaning fee of $5/ day in addition to the one time non-refundable $50 Fee | Non-Refundable Pet Fee Per Stay: $50.00 | Maximum Pet Weight: 75.0lbs | Maximum Number of Pets in Room: 2,,phoenix-az
Staybridge Suites Phoenix – Biltmore Area,pet-friendly-hotels,2940 North Greenfield Road,Phoenix,AZ,85016,(602) 224-0012,https://www.ihg.com/staybridge/hotels/us/en/phoenix/phxbi/hoteldetail,https://www.ihg.com/staybridge/hotels/us/en/phoenix/phxbi/hoteldetail,OFFICIAL_PROPERTY,2026-09-29,,,"Enjoy spacious residential-style suites with fully equipped kitchens, complimentary hot breakfast, evening socials Monday - Wednesday, free Wi-Fi, free guest laundry, a 24-hour fitness center, outdoor pool, hot tub, BBQ patio, and pet-friendly accommodations. Amenities Parking Pet friendly Pool Fitness center Wi-Fi included Meeting facilities Parking Pet friendly Pool Fitness center Wi-Fi included Meeting facilities VIEW ALL AMENITIES Social Hour Join us for a variety of free appetizers and beve",,phoenix-az
Staybridge Suites Phoenix - Chandler,pet-friendly-hotels,3990 West Chandler Boulevard,Chandler,AZ,85226,(480) 821-2626,https://www.ihg.com/staybridge/hotels/us/en/chandler/phxot/hoteldetail,https://www.ihg.com/staybridge/hotels/us/en/chandler/phxot/hoteldetail,OFFICIAL_PROPERTY,2026-09-29,,,"Plus, we are pet-friendly, so your furry friends are always welcome! Amenities Parking Pet friendly Pool Fitness center Wi-Fi included Meeting facilities Parking Pet friendly Pool Fitness center Wi-Fi included Meeting facilities VIEW ALL AMENITIES Social Hour Join us for a variety of free appetizers and beverages at our evening reception. Can I bring my pet to Staybridge Suites Phoenix - Chandler? Pets are welcome at Staybridge Suites Phoenix - Chandler. Our Pet Policy: Pets allowed with a non r",,phoenix-az
Staybridge Suites Phoenix East - Gilbert,pet-friendly-hotels,5275 E. Baseline Road,Gilbert,AZ,85234,(480) 832-7000,https://www.ihg.com/staybridge/hotels/us/en/gilbert/phxgl/hoteldetail,https://www.ihg.com/staybridge/hotels/us/en/gilbert/phxgl/hoteldetail,OFFICIAL_PROPERTY,2026-09-29,,,"Amenities Parking Pet friendly Pool Fitness center Wi-Fi included Meeting facilities Parking Pet friendly Pool Fitness center Wi-Fi included Meeting facilities VIEW ALL AMENITIES Social Hour Join us for a variety of free appetizers and beverages at our evening reception. Can I bring my pet to Staybridge Suites Phoenix East - Gilbert? Pets are welcome at Staybridge Suites Phoenix East - Gilbert. Our Pet Policy: The Staybridge Suites welcomes both dogs and cats, with a max of two pets per room. Fo",,phoenix-az
Staybridge Suites Phoenix - Glendale Sports Dist,pet-friendly-hotels,9340 West Cabela Drive,Glendale,AZ,85305,(623) 842-0000,https://www.ihg.com/staybridge/hotels/us/en/glendale/phxgz/hoteldetail,https://www.ihg.com/staybridge/hotels/us/en/glendale/phxgz/hoteldetail,OFFICIAL_PROPERTY,2026-09-29,,,"Guests at our pet-friendly Glendale, AZ hotel can experience area attractions. Amenities Parking Pet friendly Pool Fitness center Wi-Fi included Meeting facilities Parking Pet friendly Pool Fitness center Wi-Fi included Meeting facilities VIEW ALL AMENITIES Social Hour Join us for a variety of free appetizers and beverages at our evening reception. Can I bring my pet to Staybridge Suites Phoenix - Glendale Sports Dist? Pets are welcome at Staybridge Suites Phoenix - Glendale Sports Dist. There i",,phoenix-az
Staybridge Suites Phoenix North I-17,pet-friendly-hotels,2536 W. Beryl Ave,Phoenix,AZ,85021,1-602-9227585,https://www.ihg.com/staybridge/hotels/us/en/phoenix/phxba/hoteldetail,https://www.ihg.com/staybridge/hotels/us/en/phoenix/phxba/hoteldetail,OFFICIAL_PROPERTY,2026-09-29,,,"Feel right at home in our spacious & pet friendly suites. Amenities Parking Pet friendly Pool Fitness center Wi-Fi included Meeting facilities Parking Pet friendly Pool Fitness center Wi-Fi included Meeting facilities VIEW ALL AMENITIES Social Hour Join us for a variety of free appetizers and beverages at our evening reception. 6:30 AM - 9:30 AM Monday, Tuesday, Wednesday, Thursday, Friday 7:30 AM - 10:30 AM Saturday, Sunday Additional Offers --> View All Offers Hotel Highlights Hotel Highlights",,phoenix-az
Staybridge Suites Scottsdale - Talking Stick,pet-friendly-hotels,9141 East Hummingbird Lane,Scottsdale,AZ,85250,+1-480-291-5175,https://www.ihg.com/staybridge/hotels/us/en/scottsdale/phxso/hoteldetail,https://www.ihg.com/staybridge/hotels/us/en/scottsdale/phxso/hoteldetail,OFFICIAL_PROPERTY,2026-09-29,,,Amenities Parking Pet friendly Pool Fitness center Wi-Fi included Meeting facilities Parking Pet friendly Pool Fitness center Wi-Fi included Meeting facilities VIEW ALL AMENITIES Social Hour Join us for a variety of free appetizers and beverages at our evening reception. Can I bring my pet to Staybridge Suites Scottsdale - Talking Stick? Pets are welcome at Staybridge Suites Scottsdale - Talking Stick. There is a pet deposit per stay of 75 USD . Our Pet Policy: Pets allowed with nonrefundable fe,,phoenix-az
StudioRes Mesa,pet-friendly-hotels,5341 Power Rd,Mesa,AZ,85212,+1-480-561-0090,https://www.marriott.com/en-us/hotels/phxmr-studiores-mesa/overview/,https://www.marriott.com/en-us/hotels/phxmr-studiores-mesa/overview/,OFFICIAL_PROPERTY,2026-09-29,,,"Pet Policy | Pets Welcome | 2 pets 45lbs max dogs per room, 100 USD non-refundable fee per night, max $150 | Non-Refundable Pet Fee Per Night: ... | Maximum Pet Weight: 45.0lbs | Maximum Number of Pets in Room: 2",,phoenix-az
Super 8 by Wyndham Goodyear/Phoenix Area,pet-friendly-hotels,840 North Dysart,Goodyear,AZ,85338,(623) 932-9622,https://www.wyndhamhotels.com/super-8/goodyear-arizona/super-8-goodyear-phoenix-area/overview,https://www.wyndhamhotels.com/super-8/goodyear-arizona/super-8-goodyear-phoenix-area/overview,OFFICIAL_PROPERTY,2026-09-29,,,ADA-defined service animals are welcome free of charge. A maximum of 2 Pets are allowed with a non-refundable charge of 25.00USD per pet per night. Pet Sanitation Fee is 25.00USD if required. Contact the hotel for additional details and availability.,,phoenix-az
Super 8 by Wyndham Mesa Downtown Near Convention Center,pet-friendly-hotels,951 W Main Street,Mesa,AZ,85201,+1-480-833-1231,https://www.wyndhamhotels.com/super-8/mesa-arizona/super-8-mesa-downtown-near-convention-center/overview,https://www.wyndhamhotels.com/super-8/mesa-arizona/super-8-mesa-downtown-near-convention-center/overview,OFFICIAL_PROPERTY,2026-09-29,,,Service Animals - ADA-defined service animals welcome. / Dogs Allowed. 2 dogs max. 50lbs or less per pet. / Fees - 15USD per night. Pet Sanitation Fee 250USD if required. / Other Information - Contact hotel for additional details and availability.,,phoenix-az
Super 8 by Wyndham Phoenix West,pet-friendly-hotels,4135 N 27th Ave,Phoenix,AZ,85017,1-602-6123203,https://www.wyndhamhotels.com/super-8/phoenix-arizona/super-8-phoenix-west/overview,https://www.wyndhamhotels.com/super-8/phoenix-arizona/super-8-phoenix-west/overview,OFFICIAL_PROPERTY,2026-09-29,,,Please make note on reservation if travelling with pet. Up to 2 pets allowed with a maximum weight of 20 pounds each for a non-refundable fee of 20USD per pet per day. ADA defined service animals are welcome at this hotel.,,phoenix-az
Superior Suites Phoenix Mesa,pet-friendly-hotels,4244 East Main Street,Mesa,AZ,85205,+1-480-832-5961,https://www.superiorsuitesphoenixmesa.com/,https://www.superiorsuitesphoenixmesa.com/,OFFICIAL_PROPERTY,2026-09-29,,,"Family Travel Our property is a really good pet-friendly Mesa AZ hotel for family travel. Is Superior Suites Phoenix Mesa pet-friendly? Yes, this property allows dogs with a maximum weight of up to 20 lbs per pet. 00 per pet, per day.",,phoenix-az
SureStay InnSuites Phoenix Hotel & Suites,pet-friendly-hotels,1615 E Northern Avenue,Phoenix,AZ,85020,,https://www.bestwestern.com/en_US/book/hotels-in-phoenix/best-western-innsuites-phoenix-hotel-suites/propertyCode.03092.html,https://www.bestwestern.com/en_US/book/hotels-in-phoenix/best-western-innsuites-phoenix-hotel-suites/propertyCode.03092.html,OFFICIAL_PROPERTY,2026-09-29,,,Pet Policy | We are Pet Friendly and allow up to two dogs in a limited number of rooms. The size limit for any on,,phoenix-az
"The Camby, Autograph Collection",pet-friendly-hotels,2401 East Camelback Road,Phoenix,AZ,85016,(602) 468-0700,https://www.marriott.com/en-us/hotels/phxak-the-camby-autograph-collection/overview/,https://www.marriott.com/en-us/hotels/phxak-the-camby-autograph-collection/overview/,OFFICIAL_PROPERTY,2026-09-29,,,Pet Policy | Pets Welcome | 2 pets 25 pounds or less allowed with USD 100 non-refundable fee per stay | Non-Refundable Pet Fee Per Stay: $100.00 | Maximum Pet Weight: 25.0lbs | Maximum Number of Pets in Room: 2,,phoenix-az
The Global Ambassador Hotel,pet-friendly-hotels,4360 E Camelback Rd,Phoenix,AZ,85018,(480) 800-2211,https://www.globalambassadorhotel.com:443/,https://www.globalambassadorhotel.com:443/,OFFICIAL_PROPERTY,2026-09-29,,,"Are you pet-friendly? , non-refundable fee (per pet) We welcome small to medium size dogs Dog must be registered with the hotel and adhere to policy guidelines Additional fees may apply for deep cleaning or damages that occur Sorry, no cats or any other type of pet on property When dining at The Global Ambassador, pets are welcome on our patio at Le Market.",,phoenix-az
The McCormick Scottsdale,pet-friendly-hotels,7421 N. Scottsdale Rd.,Scottsdale,AZ,85253,(480) 948-5050,https://www.millenniumhotels.com/en/scottsdale/the-mccormick-scottsdale/,https://www.millenniumhotels.com/en/scottsdale/the-mccormick-scottsdale/,OFFICIAL_PROPERTY,2026-09-29,,,"Also nearby, discover the Sonoran Desert and the Desert Botanical Garden, with over 15,000 desert plants in a spectacular outdoor setting or Phoenix Zoo, home to some 1,300 animals from around the world. Accepted Payment Options Visa Mastercard American Express Discover Diner's Club China Union Pay Alipay JCB Pets Service Animals Allowed: Yes Pets Allowed: Yes Pet cleaning fee:$50 one time non-refundable deposit. Amenities Pets and Service Animals allowed Pet cleaning fee: $100 one time non-refu",,phoenix-az
The Quinn,pet-friendly-hotels,5121 East La Puenta Avenue,Phoenix,AZ,85044,+1-855-588-8841,https://quinnphx.com,https://quinnphx.com,OFFICIAL_PROPERTY,2026-09-29,,,Is your community pet friendly? We accept dogs & cats!,,phoenix-az
"The Remi Scottsdale, Autograph Collection",pet-friendly-hotels,4415 North Buckboard Trail,Scottsdale,AZ,85251,(480) 770-4415,https://www.marriott.com/en-us/hotels/phxda-the-remi-scottsdale-autograph-collection/overview/,https://www.marriott.com/en-us/hotels/phxda-the-remi-scottsdale-autograph-collection/overview/,OFFICIAL_PROPERTY,2026-09-29,,,"Pet Policy | Pets Welcome. | Up to 2 pets, 50 pounds each. $150 nonrefundable pet stay fee. | Non-Refundable Pet Fee Per Stay: $150.00 | Maximum Pet Weight: 50.0lbs | Maximum Number of Pets in Room: 2",,phoenix-az
The Scott Resort & Spa,pet-friendly-hotels,4925 North Scottsdale Road,Scottsdale,AZ,85251,+1-800-528-7867,https://www.thescottresort.com/,https://www.thescottresort.com/,OFFICIAL_PROPERTY,2026-09-29,,,"Yes, we allow our four legged friends to sleep in two buildings leaving the other three buildings pet-free.",,phoenix-az
"The Scottsdale Resort & Spa, Curio Collection by Hilton",pet-friendly-hotels,7700 E McCormick Pkwy,Scottsdale,AZ,85258,+1 480 991 9000,https://www.hilton.com/en/hotels/phxssqq-the-scottsdale-resort-and-spa/,https://www.hilton.com/en/hotels/phxssqq-the-scottsdale-resort-and-spa/hotel-info/,OFFICIAL_PROPERTY,2026-09-29,,,Pets | Pets allowed: Yes | Non-refundable fee: $125.00 | Max weight: 75 lbs | Max size: medium,,phoenix-az
The Westin Kierland Resort & Spa,pet-friendly-hotels,6902 East Greenway Parkway,Scottsdale,AZ,85254,(480) 624-1000,https://www.marriott.com/en-us/hotels/phxws-the-westin-kierland-resort-and-spa/overview/,https://www.marriott.com/en-us/hotels/phxws-the-westin-kierland-resort-and-spa/overview/,OFFICIAL_PROPERTY,2026-09-29,,,Pet Policy | Pets Welcome. | Contact the hotel for details,,phoenix-az
The Westin Phoenix Downtown,pet-friendly-hotels,333 North Central Avenue,Phoenix,AZ,85004,+1-602-429-3500,https://www.marriott.com/en-us/hotels/phxiw-the-westin-phoenix-downtown/overview/,https://www.marriott.com/en-us/hotels/phxiw-the-westin-phoenix-downtown/overview/,OFFICIAL_PROPERTY,2026-09-29,,,"Pet Policy | Pets Welcome. | Max 2 pets, 50 lbs. | Non-Refundable Pet Fee Per Night: $50.00 | Maximum Pet Weight: 50.0lbs",,phoenix-az
The Westin Tempe,pet-friendly-hotels,11 E. Seventh Street,Tempe,AZ,85281,(480) 968-8885,https://www.marriott.com/en-us/hotels/phxwt-the-westin-tempe/overview/,https://www.marriott.com/en-us/hotels/phxwt-the-westin-tempe/overview/,OFFICIAL_PROPERTY,2026-09-29,,,Pet Policy | Pets Welcome. | Dogs only-maximum weight 75 pounds | Non-Refundable Pet Fee Per Night: $50.00 | Maximum Pet Weight: 75.0lbs | Maximum Number of Pets in Room: 2,,phoenix-az
The Wigwam,pet-friendly-hotels,300 East Wigwam Boulevard,Litchfield Park,AZ,85340,+1 866 976 6894,http://www.wigwamarizona.com/?nck=8442859042,https://www.wigwamarizona.com/,OFFICIAL_PROPERTY,2026-09-29,,,pet-friendly,,phoenix-az
TownePlace Suites Phoenix Chandler/Fashion Center,pet-friendly-hotels,3635 West Chandler Boulevard,Chandler,AZ,85226,+1 480-525-8898,https://www.marriott.com/en-us/hotels/phxxc-towneplace-suites-phoenix-chandler-fashion-center/overview/,https://www.marriott.com/en-us/hotels/phxxc-towneplace-suites-phoenix-chandler-fashion-center/overview/,OFFICIAL_PROPERTY,2026-09-29,,,Pet Policy | Pets Welcome | 1 pet per room that is 50 pounds or under - dogs only | Non-Refundable Pet Fee Per Stay: $100.00 | Maximum Pet Weight: 50.0lbs | Maximum Number of Pets in Room: 1,,phoenix-az
TownePlace Suites Phoenix Glendale Sports & Entertainment District,pet-friendly-hotels,7271 North Zanjero Boulevard,Glendale,AZ,85305,+1 623-872-2100,https://www.marriott.com/en-us/hotels/phxtg-towneplace-suites-phoenix-glendale-sports-and-entertainment-district/overview/,https://www.marriott.com/en-us/hotels/phxtg-towneplace-suites-phoenix-glendale-sports-and-entertainment-district/overview/,OFFICIAL_PROPERTY,2026-09-29,,,Pet Policy | Pets Welcome | Pets accepted with cleaning fee | Non-Refundable Pet Fee Per Stay: $150.00 | Maximum Pet Weight: 75.0lbs | Maximum Number of Pets in Room: 2,,phoenix-az
TownePlace Suites Phoenix Goodyear,pet-friendly-hotels,13971 Celebrate Life Way,Goodyear,AZ,85338,+1 623-535-5009,https://www.marriott.com/en-us/hotels/phxyr-towneplace-suites-phoenix-goodyear/overview/,https://www.marriott.com/en-us/hotels/phxyr-towneplace-suites-phoenix-goodyear/overview/,OFFICIAL_PROPERTY,2026-09-29,,,Pet Policy | Pets Welcome | 2 pets 50 lbs max per room with USD 100 non-refundable fee per room per stay | Non-Refundable Pet Fee Per Stay: $100.00 | Maximum Pet Weight: 50.0lbs | Maximum Number of Pets in Room: 2,,phoenix-az
TownePlace Suites Tempe at Arizona Mills Mall,pet-friendly-hotels,5223 South Priest Drive,Tempe,AZ,85283,+1-480-345-7889,https://www.marriott.com/en-us/hotels/phxtt-towneplace-suites-tempe-at-arizona-mills-mall/overview/,https://www.marriott.com/en-us/hotels/phxtt-towneplace-suites-tempe-at-arizona-mills-mall/overview/,OFFICIAL_PROPERTY,2026-09-29,,,Pet Policy | Pets Welcome | Daily cleaning fee of $5/ day in addition to the one time non-refundable pet fee | Non-Refundable Pet Fee Per Stay: $100.00 | Maximum Number of Pets in Room: 2,,phoenix-az
Travelodge by Wyndham Phoenix North,pet-friendly-hotels,2510 West Greenway Road,Phoenix,AZ,85023,+1 602-993-0800,https://www.wyndhamhotels.com/travelodge/phoenix-arizona/travelodge-phoenix-north/overview,https://www.wyndhamhotels.com/travelodge/phoenix-arizona/travelodge-phoenix-north/overview,OFFICIAL_PROPERTY,2026-09-29,,,Service Animals - ADA-defined service animals welcome. / Pets Allowed - 2 pets max. 50lbs or less per pet. / Fees - 25USD per pet per night. Pet Sanitation Fee 250USD if required. / Other information - Contact hotel for additional details and availability.,,phoenix-az
Tru by Hilton Gilbert,pet-friendly-hotels,1950 S Santan Village Parkway,Gilbert,AZ,85295,+1 602-567-9800,https://www.hilton.com/en/hotels/phxruru-tru-gilbert/,https://www.hilton.com/en/hotels/phxruru-tru-gilbert/hotel-info/,OFFICIAL_PROPERTY,2026-09-29,,,Pets | Pets allowed: Yes | Non-refundable fee: $50.00 | Pet policy: 1-4 night stay $50; 5+ night stay $75; 2 pets max; dog or cat only,,phoenix-az
Tru by Hilton Goodyear Phoenix West,pet-friendly-hotels,1430 N Bullard Ave,Goodyear,AZ,85338,+1 602-354-9530,https://www.hilton.com/en/hotels/gyrpwru-tru-goodyear-phoenix-west/,https://www.hilton.com/en/hotels/gyrpwru-tru-goodyear-phoenix-west/hotel-info/,OFFICIAL_PROPERTY,2026-09-29,,,"Pets | Pets allowed: Yes | Non-refundable fee: $75.00 | Max weight: 55 lbs | Max size: medium | Pet policy: 2petsMax,dog/cat only",,phoenix-az
Tru by Hilton Phoenix Glendale Westgate,pet-friendly-hotels,6610 N 95th Ave,Glendale,AZ,85305,+1 623-250-3551,https://www.hilton.com/en/hotels/phxpgru-tru-phoenix-glendale-westgate/,https://www.hilton.com/en/hotels/phxpgru-tru-phoenix-glendale-westgate/hotel-info/,OFFICIAL_PROPERTY,2026-09-29,,,"Pets | Pets allowed: Yes | Non-refundable fee: $75.00 | Pet policy: $75 1-4 nights/$125 5+nights, 2 pets max",,phoenix-az
W Scottsdale,pet-friendly-hotels,7277 East Camelback Road,Scottsdale,AZ,85251,(480) 970-2100,https://www.marriott.com/en-us/hotels/phxwh-w-scottsdale/overview/,https://www.marriott.com/en-us/hotels/phxwh-w-scottsdale/overview/,OFFICIAL_PROPERTY,2026-09-29,,,Pet Policy | Pets Welcome. | All pets welcome! Non-refundable pet fee: $120; max pet size: 40 lbs. | Maximum Pet Weight: 40.0lbs,,phoenix-az
WaterWalk Extended Stay Phoenix - N. Happy Valley,pet-friendly-hotels,1905 Pinnacle Peak Rd,Phoenix,AZ,85027,(623) 273-2360,https://www.wyndhamhotels.com/waterwalk/phoenix-arizona/waterwalk-extended-stay-phoenix-n-happy-valley/overview,https://www.wyndhamhotels.com/waterwalk/phoenix-arizona/waterwalk-extended-stay-phoenix-n-happy-valley/overview,OFFICIAL_PROPERTY,2026-09-29,,,Service Animals - ADA-defined service animals welcome. / Dogs Allowed. 1 dog up to 75lbs or 2 dogs with a combined weight of 100lbs. / Fees - 1-6 nights 50USD 7-29 nights 75USD 30plus nights 125USD per stay. / Other Information - Contact hotel for additional details and availability.,,phoenix-az
"Windmill Suites Surprise - Phoenix, an Ascend Collection Hotel",pet-friendly-hotels,12545 W Bell Rd,Surprise,AZ,85378,+1-623-583-0133,https://www.choicehotels.com/arizona/surprise/ascend-hotels/az444,https://www.choicehotels.com/arizona/surprise/ascend-hotels/az444,OFFICIAL_PROPERTY,2026-09-29,,,"Pets Allowed: Yes General: Pets Are Allowed but Dogs only. 35.00 USD Per Night. A maximum of 2 per room. A maximum of 40 pounds.. Service animals are permitted, without charge.",,phoenix-az
Wingate by Wyndham Chandler/Phoenix,pet-friendly-hotels,7425 W. Chandler Blvd,Chandler,AZ,85226,+1-480-940-0099,https://www.wyndhamhotels.com/wingate/chandler-arizona/wingate-chandler-phoenix/overview,https://www.wyndhamhotels.com/wingate/chandler-arizona/wingate-chandler-phoenix/overview,OFFICIAL_PROPERTY,2026-09-29,,,Service Animals - ADA-defined service animals welcome. / Dogs Allowed. 2 dogs max. 75lbs or less per pet. / Fees - 50USD per stay. Pet Sanitation Fee 250USD if required. / Other Information - Contact hotel for additional details and availability.,,phoenix-az
WoodSpring Suites Chandler Airport,pet-friendly-hotels,2050 E Germann Road,Chandler,AZ,85286,(480) 878-3012,https://www.choicehotels.com/arizona/chandler/woodspring-hotels/az560,https://www.choicehotels.com/arizona/chandler/woodspring-hotels/az560,OFFICIAL_PROPERTY,2026-09-29,,,"Pets Allowed: Yes General: Dogs Allowed Only. No cats. Limit of 2 Pets per room. Max 75 Pounds. Non-Refundable deposit of 50 USD Per Pet is required Per Stay. Pet Charge 10 USD Per Pet Per Night. For breed restrictions, please contact the hotel.. Service animals are permitted, without charge.",,phoenix-az
WoodSpring Suites Chandler Phoenix Medical Center,pet-friendly-hotels,3220 W Willis Rd,Chandler,AZ,85286,(480) 914-8567,https://www.choicehotels.com/arizona/chandler/woodspring-hotels/az549,https://www.choicehotels.com/arizona/chandler/woodspring-hotels/az549,OFFICIAL_PROPERTY,2026-09-29,,,"Pets Allowed: Yes General: Pets Allowed. Pet Charge 10 USD Per Pet,Per Night. Non-Refundable deposit of 50 USD is required Per Stay. Pet limit 2 Pet Per Room. Max 75 Pounds. No cats accepted.. Service animals are permitted, without charge.",,phoenix-az
WoodSpring Suites Gilbert - Mesa Gateway Airport,pet-friendly-hotels,7650 South Power Road,Gilbert,AZ,85297,(623) 387-8977,https://www.choicehotels.com/arizona/gilbert/woodspring-hotels/az593,https://www.choicehotels.com/arizona/gilbert/woodspring-hotels/az593,OFFICIAL_PROPERTY,2026-09-29,,,"Pets Allowed: Yes General: Pets Allowed, Dogs Only. Pet Charge 10 USD Per Pet,Per Night. Non-Refundable deposit of 50 USD is required Per Stay. Pet limit 2 Pet Per Room. Max 75 Pounds. No cats. For Breed Restrictions, please contact the front desk.. Service animals are permitted, without charge.",,phoenix-az
WoodSpring Suites Phoenix-Deer Valley,pet-friendly-hotels,24275 N 23rd Ave,Phoenix,AZ,85085,,https://www.choicehotels.com/arizona/phoenix/woodspring-hotels/az533,https://www.choicehotels.com/arizona/phoenix/woodspring-hotels/az533,OFFICIAL_PROPERTY,2026-09-29,,,"Pets Allowed: Yes General: Dogs Allowed Only. Limit of 2 Pets per room. Max 75 Pounds. Non-Refundable deposit of 50 USD Per Pet is required Per Stay. Pet Charge 10 USD Per Pet Per Night. No cats. For breed restrictions, please contact the hotel.. Service animals are permitted, without charge.",,phoenix-az
WoodSpring Suites Tolleson - Phoenix West,pet-friendly-hotels,605 N 99th Avenue,Tolleson,AZ,85353,,https://www.choicehotels.com/arizona/tolleson/woodspring-hotels/az557,https://www.choicehotels.com/arizona/tolleson/woodspring-hotels/az557,OFFICIAL_PROPERTY,2026-09-29,,,"Pets Allowed: Yes General: Dogs Allowed Only, No Cats. Limit of 2 Pets per room. Max 75 Pounds. Non-Refundable deposit of 50 USD Per Pet is required Per Stay. Pet Charge 10 USD Per Pet Per Night. For breed restrictions, please contact the hotel.. Service animals are permitted, without charge.",,phoenix-az
Wyndham Phoenix Airport/Tempe,pet-friendly-hotels,1600 S 52nd St,Tempe,AZ,85281,(800) 325-3535,https://www.wyndhamhotels.com/wyndham/tempe-arizona/wyndham-phoenix-airport-tempe/overview,https://www.wyndhamhotels.com/wyndham/tempe-arizona/wyndham-phoenix-airport-tempe/overview,OFFICIAL_PROPERTY,2026-09-29,,,Service Animals - ADA-defined service animals welcome. / Pets Allowed. 2 pets max. 50lbs or less per pet. / Fees - 50USD for 4 nights. 100USD following 4th night. Pet Sanitation Fee 250USD if required. /Other Information - Pets cannot be left unattended in room. Contact hotel for additional details.,,phoenix-az
