name,category,address,city,state,postal_code,phone,website_url,source_url,source_type,observed_at,rating,amenities,pet_policy,canonical,market_id
AC Hotel Fort Worth Downtown,pet-friendly-hotels,101 W 5th Street,Fort Worth,TX,76102,,https://www.marriott.com/en-us/hotels/dfwac-ac-hotel-fort-worth-downtown/overview/,https://www.marriott.com/en-us/hotels/dfwac-ac-hotel-fort-worth-downtown/overview/,OFFICIAL_PROPERTY,2026-10-10,,,"Pet Policy | Pets Welcome | USD 100 non-refundable fee per room per stay, max 2 pets per room | Non-Refundable Pet Fee Per Stay: $100.00 | Maximum Pet Weight: 100.0lbs | Maximum Number of Pets in Room: 2",,dallas-fort-worth-tx
AC Hotel McKinney,pet-friendly-hotels,7600 SH 121,McKinney,TX,75070,,https://www.marriott.com/en-us/hotels/dalmn-ac-hotel-mckinney/overview/,https://www.marriott.com/en-us/hotels/dalmn-ac-hotel-mckinney/overview/,OFFICIAL_PROPERTY,2026-10-10,,,"Pet Policy | Pets Welcome | 2 pets max. $75 per stay, non-refundable fee. | Non-Refundable Pet Fee Per Stay: $75.00 | Maximum Pet Weight: 50.0lbs | Maximum Number of Pets in Room: 2",,dallas-fort-worth-tx
Aloft by Marriott Dallas Arlington Entertainment District,pet-friendly-hotels,2140 East Lamar Boulevard,Arlington,TX,76006,(817) 795-3737,https://www.marriott.com/en-us/hotels/dalae-aloft-dallas-arlington-entertainment-district/overview/,https://www.marriott.com/en-us/hotels/dalae-aloft-dallas-arlington-entertainment-district/overview/,OFFICIAL_PROPERTY,2026-10-10,,,"Pet Policy | Pets Welcome | Aloft welcomes all pets with the expection of a few dog breeds, call hotel | Maximum Pet Weight: 40.0lbs | Maximum Number of Pets in Room: 2",,dallas-fort-worth-tx
Aloft by Marriott Dallas Arlington South,pet-friendly-hotels,4432 South Collins Street,Arlington,TX,76018,(682) 321-7575,https://www.marriott.com/en-us/hotels/dfwld-aloft-dallas-arlington-south/overview/,https://www.marriott.com/en-us/hotels/dfwld-aloft-dallas-arlington-south/overview/,OFFICIAL_PROPERTY,2026-10-10,,,Pet Policy | Pets Welcome | The repair/replacement charges for any damages caused by pet(s). Pet deposit. | Maximum Pet Weight: 40.0lbs | Maximum Number of Pets in Room: 2,,dallas-fort-worth-tx
Aloft by Marriott Dallas DFW Airport Grapevine,pet-friendly-hotels,1155 Northpoint Dr,Coppell,TX,75019,,https://www.marriott.com/en-us/hotels/dalav-aloft-dallas-dfw-airport-grapevine/overview/,https://www.marriott.com/en-us/hotels/dalav-aloft-dallas-dfw-airport-grapevine/overview/,OFFICIAL_PROPERTY,2026-10-10,,,Pet Policy | Pets Welcome | $50 per pet per night | Maximum Pet Weight: 40.0lbs | Maximum Number of Pets in Room: 2,,dallas-fort-worth-tx
Aloft by Marriott Dallas Downtown,pet-friendly-hotels,1033 Young Street,Dallas,TX,75202,+1-214-761-0000,https://www.marriott.com/en-us/hotels/daldl-aloft-dallas-downtown/overview/,https://www.marriott.com/en-us/hotels/daldl-aloft-dallas-downtown/overview/,OFFICIAL_PROPERTY,2026-10-10,,,Pet Policy | Pets Welcome | Pets up to 50 lbs are welcome | Non-Refundable Pet Fee Per Stay: $75.00 | Maximum Pet Weight: 50.0lbs | Maximum Number of Pets in Room: 2,,dallas-fort-worth-tx
Aloft by Marriott DFW Airport North,pet-friendly-hotels,4921 Regent Boulevard,Irving,TX,75063,(469) 706-0600,https://www.marriott.com/en-us/hotels/dfwan-aloft-dfw-airport-north/overview/,https://www.marriott.com/en-us/hotels/dfwan-aloft-dfw-airport-north/overview/,OFFICIAL_PROPERTY,2026-10-10,,,Pet Policy | Pets Welcome | 1 pets 35lbs max per pet per room with non-refundable fee | Non-Refundable Pet Fee Per Night: $50.00 | Maximum Pet Weight: 35.0lbs | Maximum Number of Pets in Room: 1,,dallas-fort-worth-tx
Aloft by Marriott Fort Worth Downtown,pet-friendly-hotels,334 W 3rd Street,Fort Worth,TX,76102,(817) 885-7999,https://www.marriott.com/en-us/hotels/dfwad-aloft-fort-worth-downtown/overview/,https://www.marriott.com/en-us/hotels/dfwad-aloft-fort-worth-downtown/overview/?EM=DNM_ALOFTFORTWORTHDOWNTOWN.COM,OFFICIAL_PROPERTY,2026-10-10,,,Pet Policy | Pets Welcome | $25.00 Fee Per Pet; 2 Pets Max | Maximum Pet Weight: 40.0lbs | Maximum Number of Pets in Room: 2,,dallas-fort-worth-tx
Aloft by Marriott Frisco,pet-friendly-hotels,3202 Parkwood Boulevard,Frisco,TX,75034,(972) 668-6011,https://www.marriott.com/en-us/hotels/dallf-aloft-frisco/overview/,https://www.marriott.com/en-us/hotels/dallf-aloft-frisco/overview/,OFFICIAL_PROPERTY,2026-10-10,,,"Pet Policy | Pets Welcome | 1 pet per room under 40lbs, larger or additional fees & restrictions apply | Non-Refundable Pet Fee Per Night: $25.00 | Maximum Pet Weight: 40.0lbs | Maximum Number of Pets in Room: 1",,dallas-fort-worth-tx
Aloft by Marriott Las Colinas,pet-friendly-hotels,122 East John Carpenter Freeway,Irving,TX,75062,(972) 717-6100,https://www.marriott.com/en-us/hotels/dfwai-aloft-las-colinas/overview/,https://www.marriott.com/en-us/hotels/dfwai-aloft-las-colinas/overview/,OFFICIAL_PROPERTY,2026-10-10,,,Pet Policy | Pets Welcome | 25.00/ per pet per night; accepts dogs only | Non-Refundable Pet Fee Per Night: $25.00 | Maximum Pet Weight: 40.0lbs | Maximum Number of Pets in Room: 2,,dallas-fort-worth-tx
Aloft by Marriott Plano,pet-friendly-hotels,6853 North Dallas Parkway,Plano,TX,75024,(214) 474-2520,https://www.marriott.com/en-us/hotels/dalnl-aloft-plano/overview/,https://www.marriott.com/en-us/hotels/dalnl-aloft-plano/overview/,OFFICIAL_PROPERTY,2026-10-10,,,Pet Policy | Pets Welcome | One pet up to 40 lbs | Non-Refundable Pet Fee Per Night: $40.00 | Maximum Pet Weight: 40.0lbs | Maximum Number of Pets in Room: 2,,dallas-fort-worth-tx
Aloft by Marriott Richardson,pet-friendly-hotels,1160 State Street,Richardson,TX,75082,+1-972-234-4007-ext-,https://www.marriott.com/en-us/hotels/dallr-aloft-richardson/overview/,https://www.marriott.com/en-us/hotels/dallr-aloft-richardson/overview/,OFFICIAL_PROPERTY,2026-10-10,,,Pet Policy | Pets Welcome | Must register a pet. Additional fees may apply. | Non-Refundable Pet Fee Per Night: $50.00 | Maximum Pet Weight: 40.0lbs | Maximum Number of Pets in Room: 1,,dallas-fort-worth-tx
Aloft by Marriott Trophy Club Westlake,pet-friendly-hotels,96 Trophy Club Drive,Trophy Club,TX,76262,,https://www.marriott.com/en-us/hotels/dfwtp-aloft-trophy-club-westlake/overview/,https://www.marriott.com/en-us/hotels/dfwtp-aloft-trophy-club-westlake/overview/,OFFICIAL_PROPERTY,2026-10-10,,,"Pet Policy | Pets Welcome | 2 pets, 40 lbs max per pet per room, with a non-refundable fee. | Non-Refundable Pet Fee Per Night: $50.00 | Maximum Pet Weight: 40.0lbs | Maximum Number of Pets in Room: 2",,dallas-fort-worth-tx
Americas Best Value Inn Addison Dallas,pet-friendly-hotels,4005 Beltline Road,Addison,TX,75001,,https://www.sonesta.com/americas-best-value-inn/tx/addison/americas-best-value-inn-addison-dallas,https://www.sonesta.com/americas-best-value-inn/tx/addison/americas-best-value-inn-addison-dallas,OFFICIAL_PROPERTY,2026-10-10,,,Hotel Policies: | Pets are welcome for a nightly charge of $15 per pet,,dallas-fort-worth-tx
Americas Best Value Inn Arlington,pet-friendly-hotels,1904 E Pioneer Pkwy,Arlington,TX,76010,,https://www.sonesta.com/americas-best-value-inn/tx/arlington/americas-best-value-inn-arlington,https://www.sonesta.com/americas-best-value-inn/tx/arlington/americas-best-value-inn-arlington,OFFICIAL_PROPERTY,2026-10-10,,,"Pet policy: Pets are welcome for a fee of $15 per pet per night. There is a maximum of 2 pets per room, weighing up to 40lbs.",,dallas-fort-worth-tx
Americas Best Value Inn Irving DFW Airport South,pet-friendly-hotels,2611 West Airport Freeway,Irving,TX,75062,(972) 570-9900,https://www.sonesta.com/americas-best-value-inn/tx/irving/americas-best-value-inn-irving-dfw-airport-south,https://www.sonesta.com/americas-best-value-inn/tx/irving/americas-best-value-inn-irving-dfw-airport-south,OFFICIAL_PROPERTY,2026-10-10,,,pet-friendly,,dallas-fort-worth-tx
Atwell Suites Fort Worth - Alliance Area,pet-friendly-hotels,2540 Westport Pkwy,Fort Worth,TX,76177,(682) 786-3500,https://www.ihg.com/atwellsuites/hotels/us/en/fort-worth/ftwwl/hoteldetail,https://www.ihg.com/atwellsuites/hotels/us/en/fort-worth/ftwwl/hoteldetail,OFFICIAL_PROPERTY,2026-10-10,,,Pets are welcome at Atwell Suites Fort Worth - Alliance Area. | Pet fee per night: 25 USD | Pet weight limit: 45 | 2 pets allowed | Pets allowed: Only dogs and cats allowed,,dallas-fort-worth-tx
avid hotel Dallas North - McKinney,pet-friendly-hotels,901 N. Central Expy SB,McKinney,TX,75070,,https://www.ihg.com/avidhotels/hotels/us/en/mckinney/dalvi/hoteldetail,https://www.ihg.com/avidhotels/hotels/us/en/mckinney/dalvi/hoteldetail,OFFICIAL_PROPERTY,2026-10-10,,,"Pets are welcome at avid hotels Dallas North - McKinney. Our Pet Policy: Only domestic pets, dogs, are allowed to stay at hotel. No more than one dog is allowed per room. 50lb weight limit per pet. Your pet must be on a leash or in a carrier if outside your room.",,dallas-fort-worth-tx
avid hotel Fort Worth Downtown,pet-friendly-hotels,320 Samuels Ave,Fort Worth,TX,76102,(682) 708-1200,https://www.ihg.com/avidhotels/hotels/us/en/fort-worth/ftwsa/hoteldetail,https://www.ihg.com/avidhotels/hotels/us/en/fort-worth/ftwsa/hoteldetail,OFFICIAL_PROPERTY,2026-10-10,,,"Pets are welcome at avid hotels Fort Worth Downtown. There is a pet deposit per stay of 150 USD . Our Pet Policy: Our petfriendly hotel welcomes up to two pets per room, with a maximum weight of 75 lbs each. A refundable pet deposit of 150 per stay and a nonrefundable fee of 75 per pet are required. An onsite pet walking area is available.",,dallas-fort-worth-tx
avid hotel Plano North,pet-friendly-hotels,3330 Premier Drive,Plano,TX,75023,(469) 750-0015,https://www.ihg.com/avidhotels/hotels/us/en/plano/dalvd/hoteldetail,https://www.ihg.com/avidhotels/hotels/us/en/plano/dalvd/hoteldetail,OFFICIAL_PROPERTY,2026-10-10,,,"Pets are welcome at avid hotels Plano North. Our Pet Policy: Our pet friendly hotel in Plano, Texas, allows pets, service animals, and guide dogs. We do have a pet fee of 50 USD per pet per night. We also have a pet walking area onsite.",,dallas-fort-worth-tx
Baymont by Wyndham Arlington At Six Flags Dr,pet-friendly-hotels,2401 Diplomacy Drive,Arlington,TX,76011,(817) 633-2400,https://www.wyndhamhotels.com/baymont/arlington-texas/baymont-inn-and-suites-arlington-at-six-flags-dr/overview,https://www.wyndhamhotels.com/baymont/arlington-texas/baymont-inn-and-suites-arlington-at-six-flags-dr/overview,OFFICIAL_PROPERTY,2026-10-10,,,Service Animals - ADA defined service animals welcome. Pets allowed - 2 pets max. Fees - Non-Refundable charge of 25 USD per pet. A deposit of 100USD is required. Other information - Contact hotel for additional details and availability.,,dallas-fort-worth-tx
Best Western Irving Grapevine DFW North,pet-friendly-hotels,4325 W John Carpenter Freeway,Irving,TX,75063,+1 972-961-7822,https://www.bestwestern.com/en_US/book/hotels-in-irving/best-western-irving-grapevine-dfw-north/propertyCode.44807.html,https://www.bestwestern.com/en_US/book/hotels-in-irving/best-western-irving-grapevine-dfw-north/propertyCode.44807.html,OFFICIAL_PROPERTY,2026-10-10,,,"PET POLICY | We are Pet Friendly and allow up to two dogs in a limited number of rooms. The size limit for any one dog shall be 80 pounds. Other pet types (e.g., cats) may be allowed upon the hotel’s approval prior to arrival. The Pet Friendly rate is 25 USD per day.",,dallas-fort-worth-tx
Best Western Plus Duncanville Dallas,pet-friendly-hotels,922 E Highway 67,Duncanville,TX,75137,,https://www.bestwestern.com/en_US/book/hotel-rooms.44607.html,https://www.bestwestern.com/en_US/book/hotels-in-duncanville/best-western-plus-duncanville-dallas/propertyCode.44607.html,OFFICIAL_PROPERTY,2026-10-10,,,"PET POLICY | We are Pet Friendly and allow up to two dogs in a limited number of rooms. The size limit for any one dog shall be 80 pounds. Other pet types (e.g., cats) may be allowed upon the hotel’s approval prior to arrival. The Pet Friendly rate is 40 USD per day.",,dallas-fort-worth-tx
Best Western Plus Fort Worth Forest Hill Inn & Suites,pet-friendly-hotels,3230 Forest Hill Circle,Forest Hill,TX,76140,(817) 293-1667,https://www.bestwestern.com/en_US/book/hotels-in-fort-worth/best-western-plus-fort-worth-forest-hill-inn-suites/propertyCode.44695.html,https://www.bestwestern.com/en_US/book/hotels-in-fort-worth/best-western-plus-fort-worth-forest-hill-inn-suites/propertyCode.44695.html,OFFICIAL_PROPERTY,2026-10-10,,,"Pet Policy | We are Pet Friendly and allow up to two dogs in a limited number of rooms. The size limit for any one dog shall be 80 pounds. Other pet types (e.g., cats) may be allowed upon the hotel's approval prior to arrival. The Pet Friendly rate is 25.00 USD per day. A refundable cleaning and damage deposit of 75.00 USD is required upon check-in. If damage occurs or excessive cleaning is needed, the deposit can become non-refundable and the hotel may charge additionally to cover the costs of",,dallas-fort-worth-tx
Best Western Roanoke Inn & Suites,pet-friendly-hotels,337 Dorman Road,Roanoke,TX,76262,,https://www.bestwestern.com/en_US/book/hotels-in-roanoke/best-western-roanoke-inn-suites/propertyCode.44588.html,https://www.bestwestern.com/en_US/book/hotels-in-roanoke/best-western-roanoke-inn-suites/propertyCode.44588.html,OFFICIAL_PROPERTY,2026-10-10,,,"Pet Policy | We are Pet Friendly and allow up to two dogs in a limited number of rooms. The size limit for any one dog shall be 80 pounds. Other pet types (e.g., cats) may be allowed upon the hotel's approval prior to arrival. The Pet Friendly rate is 25.00 USD per day.",,dallas-fort-worth-tx
Cambria Hotel Fort Worth - Medical Center,pet-friendly-hotels,925 Jerome Street,Fort Worth,TX,76104,(682) 250-5630,https://www.choicehotels.com/texas/fort-worth/cambria-hotels/txp80,https://www.choicehotels.com/texas/fort-worth/cambria-hotels/txp80,OFFICIAL_PROPERTY,2026-10-10,,,"Pets | Pets Allowed: Yes | General: Pets Allowed. Dogs Only. Pet Charge 75 USD Per Pet, Per Stay. Pet limit 2 Pet Per Room.. Service animals are permitted, without charge.",,dallas-fort-worth-tx
Cambria Hotel Northlake Conference Center - Roanoke,pet-friendly-hotels,4450 Dale Earnhardt Way,Northlake,TX,76262,,https://www.choicehotels.com/texas/northlake/cambria-hotels/txm33,https://www.choicehotels.com/texas/northlake/cambria-hotels/txm33,OFFICIAL_PROPERTY,2026-10-10,,,"Pets | Pets Allowed: Yes | General: Pets Allowed Dogs only. $50 per pet up to 7 nights, $150 per pet 7 nights plus, Per Pet, Per Night. Pet limit 2 Pet Per Room. Max 90 Pounds. Service animals are permitted, without charge.",,dallas-fort-worth-tx
Cambria Hotel Plano Frisco,pet-friendly-hotels,7500 Parkwood Blvd.,Plano,TX,75024,(972) 473-9010,https://www.choicehotels.com/texas/plano/cambria-hotels/txf24,https://www.choicehotels.com/texas/plano/cambria-hotels/txf24,OFFICIAL_PROPERTY,2026-10-10,,,"Pets | Pets Allowed: Yes | General: Only dogs and cats are allowed. Non refundable charge of 85 USD plus tax per stay. Stays more than 7 days will be charged 75 USD plus tax per stay. Maximum of 2 pets per room with 75lbs total weight limit.. Service animals are permitted, without charge.",,dallas-fort-worth-tx
Cambria Hotel Richardson - Dallas,pet-friendly-hotels,3605 Shire Blvd.,Richardson,TX,75082,,https://www.choicehotels.com/texas/richardson/cambria-hotels/txi09,https://www.choicehotels.com/texas/richardson/cambria-hotels/txi09,OFFICIAL_PROPERTY,2026-10-10,,,"Pets | Pets Allowed: Yes | General: All pets allowed. 35.00 USD per pet, per night. A limit of 50 lbs and a maximum of 2 pets per room.. Service animals are permitted, without charge.",,dallas-fort-worth-tx
Candlewood Suites Bedford - Fort Worth,pet-friendly-hotels,2301 Plaza Parkway,Bedford,TX,76021,+1 817-283-3725,https://www.ihg.com/candlewood/hotels/us/en/bedford/dfwbz/hoteldetail,https://www.ihg.com/candlewood/hotels/us/en/bedford/dfwbz/hoteldetail,OFFICIAL_PROPERTY,2026-10-10,,,Pets are welcome at Candlewood Suites Bedford - Fort Worth. | Pet fee per night: 25 USD | Pet weight limit: 70 | 2 pets allowed | Pets allowed: All pets allowed,,dallas-fort-worth-tx
Candlewood Suites Dallas-Frisco NW Toyota Ctr,pet-friendly-hotels,9484 Frisco Street,Frisco,TX,75033,(214) 387-7000,https://www.ihg.com/candlewood/hotels/us/en/frisco/dfwfc/hoteldetail,https://www.ihg.com/candlewood/hotels/us/en/frisco/dfwfc/hoteldetail,OFFICIAL_PROPERTY,2026-10-10,,,Pets are welcome at Candlewood Suites Dallas-Frisco NW Toyota Ctr. | Pet policy description. Max weight is 80 lbs. Nonrefundable onetime fee of 75 dollars per pet for 1 to 6 nights or 150 dollars per pet for 7 or more nights. Up to two pets only. Additional fees may apply if excessive cleaning or repair is required. Records upon request. | Pet fee per stay: 75 USD | Pet damage deposit: 75 USD | Pet weight limit: 75 | 2 pets allowed | Pets allowed: Only dogs allowed,,dallas-fort-worth-tx
Candlewood Suites Dallas Market Cntr-Love Field,pet-friendly-hotels,7930 North Stemmons Freeway,Dallas,TX,75247,+1-214-631-3333,https://www.ihg.com/candlewood/hotels/us/en/dallas/dalsf/hoteldetail,https://www.ihg.com/candlewood/hotels/us/en/dallas/dalsf/hoteldetail,OFFICIAL_PROPERTY,2026-10-10,,,Pets are welcome at Candlewood Suites Dallas Market Cntr-Love Field. | Pet policy description. Pets weighing less than 80 pounds are welcome. A nonrefundable fee will be charged at a rate of 10 dollars per night up to a 150 dollar maximum. | Pet fee per night: 10 USD | Pet damage deposit: 150 USD | Pet weight limit: 80 | NO_LIMIT pets allowed | Pets allowed: All pets allowed,,dallas-fort-worth-tx
Candlewood Suites Dallas Plano East Richardson,pet-friendly-hotels,2401 E. President George Bush Hwy,Plano,TX,75074,(214) 474-2770,https://www.ihg.com/candlewood/hotels/us/en/plano/daljj/hoteldetail,https://www.ihg.com/candlewood/hotels/us/en/plano/daljj/hoteldetail,OFFICIAL_PROPERTY,2026-10-10,,,Pets are welcome at Candlewood Suites Dallas Plano East Richardson. | Pet policy description. Nonrefundable fee 65.00 for 1 to 6 day reservations 7 or more days will be 150.00 per stay. 1 Pet Allowed per Suite. Pet Weight Limit is 80lbs. Pet must be on leash at all times. Hotel must be notified of pet in room upon check in. Dogs only. | Pet damage deposit: 65 USD | Pet weight limit: 80 | 1 pets allowed | Pets allowed: Only dogs allowed,,dallas-fort-worth-tx
Candlewood Suites DFW Airport North – Irving,pet-friendly-hotels,5000 Plaza Drive,Irving,TX,75063,(469) 472-9400,https://www.ihg.com/candlewood/hotels/us/en/irving/dfwrn/hoteldetail,https://www.ihg.com/candlewood/hotels/us/en/irving/dfwrn/hoteldetail,OFFICIAL_PROPERTY,2026-10-10,,,Pets are welcome at Candlewood Suites DFW Airport North – Irving. | Pet policy description. Service pets are allowed. Pets are allowed with a fee of 75 USD per pet for the first six days of stay and 150 USD for six to 30 days of stay. | Pet fee per stay: 75 USD | Pet weight limit: 80 | 2 pets allowed | Pets allowed: Only dogs and cats allowed,,dallas-fort-worth-tx
Candlewood Suites DFW South,pet-friendly-hotels,4200 Reggis Drive,Fort Worth,TX,76155,+18178681900,https://www.ihg.com/candlewood/hotels/us/en/fort-worth/ftwtb/hoteldetail,https://www.ihg.com/candlewood/hotels/us/en/fort-worth/ftwtb/hoteldetail,OFFICIAL_PROPERTY,2026-10-10,,,"Pets are welcome at Candlewood Suites DFW South. | Pet policy description. Pets allowed with nonrefundable fee. Fee of 75.00 1 to 7 day stay, anything over 7 days 150.00 Each pet must weigh less than 80lbs. Pet agreement must be signed at check in. Call hotel for details.Record of complete and up to date vaccinations required. | Pet fee per night: 75 USD | Pet weight limit: 80 | 2 pets allowed | Pets allowed: Only dogs and cats allowed",,dallas-fort-worth-tx
Candlewood Suites DFW West - Hurst,pet-friendly-hotels,803 W Harwood Road,Hurst,TX,76054,,https://www.ihg.com/candlewood/hotels/us/en/hurst/dfwhu/hoteldetail,https://www.ihg.com/candlewood/hotels/us/en/hurst/dfwhu/hoteldetail,OFFICIAL_PROPERTY,2026-10-10,,,"Pets are welcome at Candlewood Suites DFW West - Hurst. | Pet policy description. Nonrefundable fee of 50 USD per night, up to 200 USD per stay. Pet agreement required at check in. Only one pet per room per stay, under 40 lbs. Fees apply for any pet related damage, including bedding, drapery and carpet. | Pet fee per night: 50 USD | Pet weight limit: 40 | 1 pets allowed | Pets allowed: All pets allowed",,dallas-fort-worth-tx
Candlewood Suites Fort Worth/West,pet-friendly-hotels,402 N Jim Wright Fwy,White Settlement,TX,76108,,https://www.ihg.com/candlewood/hotels/us/en/white-settlement/ftwws/hoteldetail,https://www.ihg.com/candlewood/hotels/us/en/white-settlement/ftwws/hoteldetail,OFFICIAL_PROPERTY,2026-10-10,,,"Pets are welcome at Candlewood Suites Fort Worth/West. | Pet policy description. Pets allowed with a nonrefundable fee of 25 dollars up to 150 dollars. 80 lb limit, max 2 pets per suite, dogs and cats only. Vaccination records may be required at check in. Agreement and pet resume must be completed at check in. | Pet fee per night: 75 USD",,dallas-fort-worth-tx
Candlewood Suites Grand Prairie - Arlington,pet-friendly-hotels,2504 Interstate 20 West,Grand Prairie,TX,75052,,https://www.ihg.com/candlewood/hotels/us/en/grand-prairie/dfwrp/hoteldetail,https://www.ihg.com/candlewood/hotels/us/en/grand-prairie/dfwrp/hoteldetail,OFFICIAL_PROPERTY,2026-10-10,,,Pets are welcome at Candlewood Suites Grand Prairie - Arlington. | Pet policy description. We allow up to two animals per room under 100lbs each. We require a pet fee for non service animals. | Pet damage deposit: 150 USD | Pet weight limit: 100 | 2 pets allowed | Pets allowed: Only dogs and cats allowed,,dallas-fort-worth-tx
Candlewood Suites Plano North,pet-friendly-hotels,3340 Premier Drive,Plano,TX,75023,(972) 637-9002,https://www.ihg.com/candlewood/hotels/us/en/plano/dfwpn/hoteldetail,https://www.ihg.com/candlewood/hotels/us/en/plano/dfwpn/hoteldetail,OFFICIAL_PROPERTY,2026-10-10,,,"Pets are welcome at Candlewood Suites Plano North. | Pet policy description. Up to 2 well behaved, leashed dogs and cats less than 80 lb each allowed. Vac. and med. records upon request. Fees are per pet per stay. 1 to 6 nights 75.00 USD; 7 plus nights 150 USD with recurring monthly charges. Must sign pet registration.",,dallas-fort-worth-tx
Canopy by Hilton Dallas Frisco Station,pet-friendly-hotels,4455 Frisco Green Ave,Frisco,TX,75034,+1 469-200-6161,https://www.hilton.com/en/hotels/dfwfspy-canopy-dallas-frisco-station/,https://www.hilton.com/en/hotels/dfwfspy-canopy-dallas-frisco-station/hotel-info/,OFFICIAL_PROPERTY,2026-10-10,,,"PETS | Pets allowed: Yes | Non-refundable fee: $75.00 | Max weight: 75 lbs | Pet policy: 1-4 Days $75, 5+ Days $125",,dallas-fort-worth-tx
Canopy by Hilton Dallas Uptown,pet-friendly-hotels,2950 Cityplace West Blvd,Dallas,TX,75204,+1 214-522-2929,https://www.hilton.com/en/hotels/dfwrmpy-canopy-dallas-uptown/,https://www.hilton.com/en/hotels/dfwrmpy-canopy-dallas-uptown/hotel-info/,OFFICIAL_PROPERTY,2026-10-10,,,PETS | Pets allowed: Yes | Non-refundable fee: $75.00 | Max weight: 75 lbs | Pet policy: Dog park adjacent to hotel,,dallas-fort-worth-tx
Canvas Hotel Dallas,pet-friendly-hotels,1325 S Lamar St,Dallas,TX,75215,,https://www.canvashoteldallas.com/,https://www.canvashoteldallas.com/,OFFICIAL_PROPERTY,2026-10-10,,,"Are you pet-friendly? Cats and dogs are welcome at CANVAS Hotel Dallas, two pet maximum and/or 60lbs – $100 per pet per stay.",,dallas-fort-worth-tx
"Caravan Court, Valencia Hotel Collection",pet-friendly-hotels,205 N Collins St,Arlington,TX,76011,(682) 217-1800,https://www.caravancourthotel.com/,https://www.caravancourthotel.com/,OFFICIAL_PROPERTY,2026-10-10,,,"Pets & house policies Does Caravan Court allow pets? Caravan Court allows pets in designated pet-friendly rooms and public areas, with a non-refundable pet fee of $100 per pet and a required waiver at check-in. A maximum of two pets is permitted, with a weight limit of 70 pounds per pet. Service animals as defined by the ADA are always welcome; emotional support and therapy animals are subject to the pet fee. What is the pet policy at Caravan Court? The pet fee is $100 per pet and non-refundable",,dallas-fort-worth-tx
Clarion Pointe Addison - Dallas North,pet-friendly-hotels,14975 Landmark Blvd,Addison,TX,75254,,https://www.choicehotels.com/texas/dallas/clarion-hotels/tx645,https://www.choicehotels.com/texas/dallas/clarion-hotels/tx645,OFFICIAL_PROPERTY,2026-10-10,,,"Pets | Pets Allowed: Yes | General: Pets Allowed. Pet Charge 25.00 USD Per Pet, Per Night. Pet limit 2 Pet Per Room. Max 75 Pounds. Service animals are permitted, without charge.",,dallas-fort-worth-tx
Comfort Inn & Suites Cedar Hill Duncanville,pet-friendly-hotels,1419 N. US 67,Cedar Hill,TX,75104,+1 469-575-5620,https://www.choicehotels.com/texas/cedar-hill/comfort-inn-hotels/txi97,https://www.choicehotels.com/texas/cedar-hill/comfort-inn-hotels/txi97,OFFICIAL_PROPERTY,2026-10-10,,,"Pets | Pets Allowed: Yes | General: Midsize Domestic Animals only, Pet fee of $50, per night , refundable deposit of $100, limit of 45 pounds, and maximum of 2 pets per room.. Service animals are permitted, without charge.",,dallas-fort-worth-tx
Comfort Inn & Suites Fort Worth West I-30 NAS JRB,pet-friendly-hotels,7801 Scott Street,White Settlement,TX,76108,+1 817-246-2402,https://www.choicehotels.com/texas/white-settlement/comfort-inn-hotels/txg82,https://www.choicehotels.com/texas/white-settlement/comfort-inn-hotels/txg82,OFFICIAL_PROPERTY,2026-10-10,,,"Pets | Pets Allowed: Yes | General: Pets are allowed 35 USD plus tax per night per pet, there is a limit on the size of the pet of 50 pounds, a maximum of 2 pets per room. We are accepting dogs and cats as pets.. Service animals are permitted, without charge.",,dallas-fort-worth-tx
Comfort Inn & Suites Mansfield,pet-friendly-hotels,175 N. Hwy. 287,Mansfield,TX,76063,+1 817-453-8848,https://www.choicehotels.com/texas/mansfield/comfort-inn-hotels/tx584,https://www.choicehotels.com/texas/mansfield/comfort-inn-hotels/tx584,OFFICIAL_PROPERTY,2026-10-10,,,"Pets | Pets Allowed: Yes | General: Pet Accommodations 25.00 USD per night, per pet. A maximum of 2 pets per room and up to 20 pounds each.. Service animals are permitted, without charge.",,dallas-fort-worth-tx
Comfort Inn Plano-Dallas,pet-friendly-hotels,4901 Old Shepard Place,Plano,TX,75093,+1 682-343-1281,https://www.choicehotels.com/texas/plano/comfort-inn-hotels/txn73,https://www.choicehotels.com/texas/plano/comfort-inn-hotels/txn73,OFFICIAL_PROPERTY,2026-10-10,,,"Pets | Pets Allowed: Yes | General: Pets Allowed. Pet Charge 75.00 USD Per Pet, Per Night. Pet limit 2 Pet Per Room. Max 90 Pounds.. Service animals are permitted, without charge.",,dallas-fort-worth-tx
Comfort Suites Arlington - Entertainment District,pet-friendly-hotels,411 W. Road to Six Flags,Arlington,TX,76011,+1 817-460-8700,https://www.choicehotels.com/texas/arlington/comfort-suites-hotels/txb38,https://www.choicehotels.com/texas/arlington/comfort-suites-hotels/txb38,OFFICIAL_PROPERTY,2026-10-10,,,"Pets | Pets Allowed: Yes | General: Pet fee 50.00 USD non-refundable charge per stay plus 10.00 USD per night. Pet limit 2 per room, up to 25 pounds each.. Service animals are permitted, without charge.",,dallas-fort-worth-tx
Comfort Suites Benbrook - Fort Worth Southwest,pet-friendly-hotels,8004 Winbrook Drive,Benbrook,TX,76126,+1 817-249-8008,https://www.choicehotels.com/texas/benbrook/comfort-suites-hotels/txa74,https://www.choicehotels.com/texas/benbrook/comfort-suites-hotels/txa74,OFFICIAL_PROPERTY,2026-10-10,,,"Pets | Pets Allowed: Yes | General: Pets are allowed. 35.00 USD Per Night and Per Pet. A maximum of 40 pounds, maximum of 2 per room.. Service animals are permitted, without charge.",,dallas-fort-worth-tx
Comfort Suites Grand Prairie - Arlington North,pet-friendly-hotels,702 Paddock Way Drive,Grand Prairie,TX,75050,+1 214-518-6776,https://www.choicehotels.com/texas/grand-prairie/comfort-suites-hotels/txh64,https://www.choicehotels.com/texas/grand-prairie/comfort-suites-hotels/txh64,OFFICIAL_PROPERTY,2026-10-10,,,"Pets | Pets Allowed: Yes | General: Pets are allowed. 50.00 USD per night and per pet. A size limit of 50 lbs and a maximum of 2 pets per room.. Service animals are permitted, without charge.",,dallas-fort-worth-tx
Comfort Suites Plano - Dallas North,pet-friendly-hotels,2301 E President George Bush Hwy,Plano,TX,75074,+1 469-429-0700,https://www.choicehotels.com/texas/plano/comfort-suites-hotels/txb02,https://www.choicehotels.com/texas/plano/comfort-suites-hotels/txb02,OFFICIAL_PROPERTY,2026-10-10,,,"Pets | Pets Allowed: Yes | General: Pets Are Allowed. 20.00 USD Per Night and Per Pet. A maximum of 35 pounds and 2 per room.. Service animals are permitted, without charge.",,dallas-fort-worth-tx
Comfort Suites Plano East - Richardson,pet-friendly-hotels,640 E Park Blvd,Plano,TX,75074,(972) 578-2243,https://www.choicehotels.com/texas/plano/comfort-suites-hotels/txm47,https://www.choicehotels.com/texas/plano/comfort-suites-hotels/txm47,OFFICIAL_PROPERTY,2026-10-10,,,"Pets | Pets Allowed: Yes | General: Pets Allowed. Pet Charge of 25 USD Per Pet, Per Night.. Service animals are permitted, without charge.",,dallas-fort-worth-tx
Comfort Suites The Colony - Plano West,pet-friendly-hotels,4796 Memorial Drive,The Colony,TX,75056,+1 972-668-5555,https://www.choicehotels.com/texas/the-colony/comfort-suites-hotels/tx465,https://www.choicehotels.com/texas/the-colony/comfort-suites-hotels/tx465,OFFICIAL_PROPERTY,2026-10-10,,,"Pets | Pets Allowed: Yes | General: Pet Accommodation: 25.00 USD per night, per pet (Non Refundable). Pet Limit: maximum of 25 pounds per pet.. Service animals are permitted, without charge.",,dallas-fort-worth-tx
Courtyard by Marriott Dallas Addison/Midway,pet-friendly-hotels,4165 Proton Drive,Addison,TX,75001,+1 972-490-7390,https://www.marriott.com/en-us/hotels/dalad-courtyard-dallas-addison-midway/overview/,https://www.marriott.com/en-us/hotels/dalad-courtyard-dallas-addison-midway/overview/,OFFICIAL_PROPERTY,2026-10-10,,,Pet Policy | Pets Welcome | $75 non-refundable fee per room. Additional $200 after 7 days. | Maximum Number of Pets in Room: 2,,dallas-fort-worth-tx
Courtyard by Marriott Dallas Allen at the Event Center,pet-friendly-hotels,210 East Stacy Road,Allen,TX,75002,+1 214-383-1151,https://www.marriott.com/en-us/hotels/dalan-courtyard-dallas-allen-at-the-event-center/overview/,https://www.marriott.com/en-us/hotels/dalan-courtyard-dallas-allen-at-the-event-center/overview/,OFFICIAL_PROPERTY,2026-10-10,,,Pet Policy | Pets Welcome | Pets allowed with non-refundable fee of USD 150 per room per stay | Non-Refundable Pet Fee Per Stay: $150.00 | Maximum Pet Weight: 50.0lbs | Maximum Number of Pets in Room: 2,,dallas-fort-worth-tx
Courtyard by Marriott Dallas Arlington/Entertainment District,pet-friendly-hotels,1500 Nolan Ryan Expressway,Arlington,TX,76011,+1 817-277-2774,https://www.marriott.com/en-us/hotels/dalal-courtyard-dallas-arlington-entertainment-district/overview/,https://www.marriott.com/en-us/hotels/dalal-courtyard-dallas-arlington-entertainment-district/overview/,OFFICIAL_PROPERTY,2026-10-10,,,Pet Policy | Pets Welcome | Pet fee $20/day with $100/stay nonrefundable clean fee excludes Service Animals | Non-Refundable Pet Fee Per Stay: $100.00 | Non-Refundable Pet Fee Per Night: $20.00 | Maximum Pet Weight: 45.0lbs | Maximum Number of Pets in Room: 2,,dallas-fort-worth-tx
Courtyard by Marriott Dallas DFW Airport North/Irving,pet-friendly-hotels,4949 Regent Boulevard,Irving,TX,75063,+1 972-929-4004,https://www.marriott.com/en-us/hotels/dfwcy-courtyard-dallas-dfw-airport-north-irving/overview/,https://www.marriott.com/en-us/hotels/dfwcy-courtyard-dallas-dfw-airport-north-irving/overview/,OFFICIAL_PROPERTY,2026-10-10,,,"Pet Policy | Pets Welcome | Guests with pets: There is a $75 non-refundable pet fee for each pet, per stay. | Non-Refundable Pet Fee Per Stay: $75.00 | Maximum Pet Weight: 50.0lbs | Maximum Number of Pets in Room: 2",,dallas-fort-worth-tx
Courtyard by Marriott Dallas-Fort Worth/Bedford,pet-friendly-hotels,2201 Airport Freeway,Bedford,TX,76021,+1 817-952-1002,https://www.marriott.com/en-us/hotels/dalbd-courtyard-dallas-fort-worth-bedford/overview/,https://www.marriott.com/en-us/hotels/dalbd-courtyard-dallas-fort-worth-bedford/overview/,OFFICIAL_PROPERTY,2026-10-10,,,Pet Policy | Pets Welcome | Non-Refundable Pet Fee Per Stay: $75.00,,dallas-fort-worth-tx
Courtyard by Marriott Dallas Las Colinas,pet-friendly-hotels,1151 West Walnut Hill Lane,Irving,TX,75038,+1 972-550-8100,https://www.marriott.com/en-us/hotels/dalla-courtyard-dallas-las-colinas/overview/,https://www.marriott.com/en-us/hotels/dalla-courtyard-dallas-las-colinas/overview/,OFFICIAL_PROPERTY,2026-10-10,,,Pet Policy | Pets Welcome | Pet fee $20/day with $100/stay nonrefundable clean fee excludes Service Animals | Non-Refundable Pet Fee Per Stay: $100.00 | Non-Refundable Pet Fee Per Night: $20.00 | Maximum Pet Weight: 50.0lbs | Maximum Number of Pets in Room: 2,,dallas-fort-worth-tx
Courtyard by Marriott Dallas Medical/Market Center,pet-friendly-hotels,2150 Market Center Blvd.,Dallas,TX,75207,+1 214-653-1166,https://www.marriott.com/en-us/hotels/dalch-courtyard-dallas-medical-market-center/overview/,https://www.marriott.com/en-us/hotels/dalch-courtyard-dallas-medical-market-center/overview/,OFFICIAL_PROPERTY,2026-10-10,,,Pet Policy | Pets Welcome | Non-Refundable Pet Fee Per Stay: $150.00 | Maximum Number of Pets in Room: 1,,dallas-fort-worth-tx
Courtyard by Marriott Dallas Plano Parkway at Preston Road,pet-friendly-hotels,4901 West Plano Parkway,Plano,TX,75093,+1 972-867-8000,https://www.marriott.com/en-us/hotels/dalpn-courtyard-dallas-plano-parkway-at-preston-road/overview/,https://www.marriott.com/en-us/hotels/dalpn-courtyard-dallas-plano-parkway-at-preston-road/overview/,OFFICIAL_PROPERTY,2026-10-10,,,Pet Policy | Pets Welcome | Pet fee $20/day with $100/stay nonrefundable clean fee excludes Service Animals | Non-Refundable Pet Fee Per Stay: $100.00 | Non-Refundable Pet Fee Per Night: $20.00 | Maximum Pet Weight: 40.0lbs | Maximum Number of Pets in Room: 1,,dallas-fort-worth-tx
Courtyard by Marriott Dallas Plano/Richardson,pet-friendly-hotels,1805 East President George Bush Highway,Plano,TX,75074,+1 972-516-2949,https://www.marriott.com/en-us/hotels/dalxc-courtyard-dallas-plano-richardson/overview/,https://www.marriott.com/en-us/hotels/dalxc-courtyard-dallas-plano-richardson/overview/,OFFICIAL_PROPERTY,2026-10-10,,,Pet Policy | Pets Welcome | Daily cleaning fee of $5/ day in addition to the one time non-refundable pet fee | Non-Refundable Pet Fee Per Stay: $50.00 | Maximum Pet Weight: 100.0lbs | Maximum Number of Pets in Room: 2,,dallas-fort-worth-tx
Courtyard by Marriott Fort Worth Downtown/Blackstone,pet-friendly-hotels,601 Main Street,Fort Worth,TX,76102,+1 817-885-8700,https://www.marriott.com/en-us/hotels/dfwms-courtyard-fort-worth-downtown-blackstone/overview/,https://www.marriott.com/en-us/hotels/dfwms-courtyard-fort-worth-downtown-blackstone/overview/,OFFICIAL_PROPERTY,2026-10-10,,,Pet Policy | Pets Welcome | Pets 75 pounds max per room with USD 150 non-refundable fee per room per stay | Non-Refundable Pet Fee Per Stay: $150.00 | Maximum Pet Weight: 75.0lbs | Maximum Number of Pets in Room: 2,,dallas-fort-worth-tx
Courtyard by Marriott Fort Worth University Drive,pet-friendly-hotels,3150 Riverfront Drive,Fort Worth,TX,76107,+1 817-335-1300,https://www.marriott.com/en-us/hotels/dfwch-courtyard-fort-worth-university-drive/overview/,https://www.marriott.com/en-us/hotels/dfwch-courtyard-fort-worth-university-drive/overview/,OFFICIAL_PROPERTY,2026-10-10,,,Pet Policy | Pets Welcome | Pet fee $20/day with $100/stay nonrefundable clean fee excludes Service Animals | Non-Refundable Pet Fee Per Stay: $100.00 | Non-Refundable Pet Fee Per Night: $20.00 | Maximum Pet Weight: 40.0lbs | Maximum Number of Pets in Room: 2,,dallas-fort-worth-tx
Crescent Hotel Fort Worth,pet-friendly-hotels,3300 Camp Bowie Blvd,Fort Worth,TX,76107,+1 817 661 1788,https://thecrescenthotelfortworth.com/,https://thecrescenthotelfortworth.com/,OFFICIAL_PROPERTY,2026-10-10,,,"DFW Airport (24 miles/28 minutes) Dallas Love Field (38 miles/45 minutes) Is The Crescent Hotel pet-friendly? Yes, The Crescent Hotel is pet-friendly. A pet fee applies, and the hotel provides pet-friendly amenities, including a bed, food, and water bowls.",,dallas-fort-worth-tx
Dallas/Fort Worth Marriott Hotel & Golf Club at Champions Circle,pet-friendly-hotels,3300 Championship Parkway,Fort Worth,TX,76177,(817) 961-0800,https://www.marriott.com/en-us/hotels/dfwmc-dallas-fort-worth-marriott-hotel-and-golf-club-at-champions-circle/overview/,https://www.marriott.com/en-us/hotels/dfwmc-dallas-fort-worth-marriott-hotel-and-golf-club-at-champions-circle/overview/,OFFICIAL_PROPERTY,2026-10-10,,,Pet Policy | Pets Welcome | Your four-legged companions are welcomed here; we accommodate cats & dogs only. | Non-Refundable Pet Fee Per Stay: $75.00 | Maximum Pet Weight: 75.0lbs | Maximum Number of Pets in Room: 2,,dallas-fort-worth-tx
Dallas Marriott Downtown,pet-friendly-hotels,650 North Pearl Street,Dallas,TX,75201,+1-214-979-9000,https://www.marriott.com/en-us/hotels/daldt-dallas-marriott-downtown/overview/,https://www.marriott.com/en-us/hotels/daldt-dallas-marriott-downtown/overview/,OFFICIAL_PROPERTY,2026-10-10,,,Pet Policy | Pets Welcome. | $100 non-refundable cleaning fee for pets | Maximum Pet Weight: 25.0lbs | Maximum Number of Pets in Room: 1,,dallas-fort-worth-tx
Days Inn & Suites by Wyndham Arlington Near Six Flags,pet-friendly-hotels,2626 East Randol Mill Rd,Arlington,TX,76011,(817) 649-0147,https://www.wyndhamhotels.com/days-inn/arlington-texas/days-inn-and-suites-by-wyndham-arlington-near-six-flags/overview,https://www.wyndhamhotels.com/days-inn/arlington-texas/days-inn-and-suites-by-wyndham-arlington-near-six-flags/overview,OFFICIAL_PROPERTY,2026-10-10,,,2 pets are allowed at a non-refundable charge of 20 USD per pet per night. Pet deposit amount is required with a refundable charge of 25.00 USD. Pet sanitation fee is 25.00 USD if applicable. ADA defined service animals are welcome at this hotel.,,dallas-fort-worth-tx
Days Inn by Wyndham Dallas Irving,pet-friendly-hotels,2200 East Airport Freeway,Irving,TX,75062,(972) 438-6666,https://www.wyndhamhotels.com/days-inn/irving-texas/days-inn-by-wyndham-dallas-irving/overview,https://www.wyndhamhotels.com/days-inn/irving-texas/days-inn-by-wyndham-dallas-irving/overview,OFFICIAL_PROPERTY,2026-10-10,,,A maximum of 2 pets allowed for a non-refundable charge of 15.00 USD per pet per night. Pet Sanitation Fee is 100.00 USD if applicable. ADA defined service animals are welcome at this hotel.,,dallas-fort-worth-tx
Days Inn by Wyndham McKinney,pet-friendly-hotels,2104 North Central Expressway,McKinney,TX,75070,(972) 548-8888,https://www.wyndhamhotels.com/days-inn/mckinney-texas/days-inn-mckinney/overview,https://www.wyndhamhotels.com/days-inn/mckinney-texas/days-inn-mckinney/overview,OFFICIAL_PROPERTY,2026-10-10,,,Service Animals- ADA-defined service animals welcome. / Pets Allowed - 2 pets max. 50lbs or less per pet. / Fees - 10USD per pet per night. / Pet Sanitation Fee is 50 USD if applicable. / Contact hotel for additional details and availability.,,dallas-fort-worth-tx
Days Inn by Wyndham South Fort Worth,pet-friendly-hotels,4213 South Freeway,Fort Worth,TX,76115,+1 817-923-1987,https://www.wyndhamhotels.com/days-inn/fort-worth-texas/days-inn-south-fort-worth/overview,https://www.wyndhamhotels.com/days-inn/fort-worth-texas/days-inn-south-fort-worth/overview,OFFICIAL_PROPERTY,2026-10-10,,,Service Animals - ADA-defined service animals are welcome free of charge. / Pets Allowed - Fees - Non-refundable 15 USD nightly per pet. Other Information - Contact hotel for additional details and availability.,,dallas-fort-worth-tx
DoubleTree by Hilton Hotel Dallas - DFW Airport North,pet-friendly-hotels,4441 W. John Carpenter Freeway,Irving,TX,75063,+1 972-929-8181,https://www.hilton.com/en/hotels/dfwindt-doubletree-dallas-dfw-airport-north/,https://www.hilton.com/en/hotels/dfwindt-doubletree-dallas-dfw-airport-north/hotel-info/,OFFICIAL_PROPERTY,2026-10-10,,,Pets | Pets allowed: Yes | Non-refundable fee: $75.00 | Max weight: 50 lbs | Max size: Medium | Pet policy: Dogs welcome! Keep pets leashed and never unattended. A $75 non-refundable cleaning fee applies per night.,,dallas-fort-worth-tx
DoubleTree by Hilton Hotel Dallas - Farmers Branch,pet-friendly-hotels,11611 Luna Road,Farmers Branch,TX,75234,+1 972-506-0055,https://www.hilton.com/en/hotels/dalfbdt-doubletree-dallas-farmers-branch/,https://www.hilton.com/en/hotels/dalfbdt-doubletree-dallas-farmers-branch/hotel-info/,OFFICIAL_PROPERTY,2026-10-10,,,PETS | Pets allowed: Yes | Non-refundable fee: $50.00 | Max weight: 50 lbs | Max size: Medium | Pet policy: Per Pet Fee (Max 2 Dogs),,dallas-fort-worth-tx
DoubleTree by Hilton Hotel Dallas Near the Galleria,pet-friendly-hotels,4099 Valley View Lane,Farmers Branch,TX,75244,+1 972-385-9000,https://www.hilton.com/en/hotels/dalvvdt-doubletree-dallas-near-the-galleria/,https://www.hilton.com/en/hotels/dalvvdt-doubletree-dallas-near-the-galleria/hotel-info/,OFFICIAL_PROPERTY,2026-10-10,,,PETS | Pets allowed: Yes | Non-refundable fee: $50.00 | Max weight: 100 lbs | Max size: Large,,dallas-fort-worth-tx
Drury Inn & Suites Dallas Frisco,pet-friendly-hotels,2880 Dallas Parkway,Frisco,TX,75034,(214) 705-9300,https://www.druryhotels.com/locations/dallas-tx/drury-inn-and-suites-dallas-frisco,https://www.druryhotels.com/locations/dallas-tx/drury-inn-and-suites-dallas-frisco,OFFICIAL_PROPERTY,2026-10-10,,,Pet Policy | Dogs and cats accepted. Rooms with pets will be charged a daily fee of $50 per room plus tax. Service animals are free of charge. Limit of two pets per room with a combined weight of 80 pounds.,,dallas-fort-worth-tx
Drury Plaza Hotel Dallas Arlington,pet-friendly-hotels,101 West Road to Six Flags Street Arlington 76011,Arlington,TX,76011,(817) 261-2100,https://www.druryhotels.com/locations/dallas-tx/drury-plaza-hotel-dallas-arlington,https://www.druryhotels.com/locations/dallas-tx/drury-plaza-hotel-dallas-arlington,OFFICIAL_PROPERTY,2026-10-10,,,Pet Policy | Dogs and cats accepted. Rooms with pets will be charged a daily fee of $50 per room plus tax. Service animals are free of charge. Limit of two pets per room with a combined weight of 80 pounds.,,dallas-fort-worth-tx
Drury Plaza Hotel Dallas Richardson,pet-friendly-hotels,165 West CityLine Drive Richardson 75082,Richardson,TX,75082,,https://www.druryhotels.com/locations/dallas-tx/drury-plaza-hotel-dallas-richardson,https://www.druryhotels.com/locations/dallas-tx/drury-plaza-hotel-dallas-richardson,OFFICIAL_PROPERTY,2026-10-10,,,Pet Policy | Dogs and cats accepted. Rooms with pets will be charged a daily fee of $50 per room plus tax. Service animals are free of charge. Limit of two pets per room with a combined weight of 80 pounds.,,dallas-fort-worth-tx
ECHO Suites Extended Stay by Wyndham Dallas Plano/Frisco,pet-friendly-hotels,9020 Rasor Blvd,Plano,TX,75024,(945) 254-4123,https://www.wyndhamhotels.com/echo-suites/plano-texas/echo-suites-extended-stay-dallas-plano-frisco/overview,https://www.wyndhamhotels.com/echo-suites/plano-texas/echo-suites-extended-stay-dallas-plano-frisco/overview,OFFICIAL_PROPERTY,2026-10-10,,,Service Animals - ADA-defined service animals welcome. / Dogs Allowed. 2 dogs max. 75lbs or less per pet. / Fees - 50USD for 1st night. Plus 10USD for each additional night per dog. / Other Information - Contact hotel for additional details and availability.,,dallas-fort-worth-tx
ECHO Suites Extended Stay by Wyndham Dallas Plano/Richardson,pet-friendly-hotels,3333 E George Bush Hwy,Plano,TX,75074,(469) 991-3910,https://www.wyndhamhotels.com/echo-suites/plano-texas/echo-suites-extended-stay-dallas-plano-richardson/overview,https://www.wyndhamhotels.com/echo-suites/plano-texas/echo-suites-extended-stay-dallas-plano-richardson/overview,OFFICIAL_PROPERTY,2026-10-10,,,Service Animals - ADA-defined service animals welcome. / Dogs Allowed - 2 dogs max. 75lbs or less per pet. / Fees - 50USD first night and 10USD each additional night. / Other information - Contact hotel for additional details and availability.,,dallas-fort-worth-tx
ECHO Suites Extended Stay by Wyndham Fort Worth Alliance,pet-friendly-hotels,11228 Timberland Blvd,Fort Worth,TX,76177,(877) 844-8887,https://www.wyndhamhotels.com/echo-suites/fort-worth-texas/echo-suites-extended-stay-fort-worth-alliance/overview,https://www.wyndhamhotels.com/echo-suites/fort-worth-texas/echo-suites-extended-stay-fort-worth-alliance/overview,OFFICIAL_PROPERTY,2026-10-10,,,Service - ADA defined animals welcome / Dogs Allowed 2 max / Fees - 50USD for 1st night. Plus 10USD for additional night / Other Information - Contact hotel for additional details and availability.,,dallas-fort-worth-tx
Element by Marriott Dallas Downtown East,pet-friendly-hotels,4005 Gaston Avenue,Dallas,TX,75246,,https://www.marriott.com/en-us/hotels/dalea-element-dallas-downtown-east/overview/,https://www.marriott.com/en-us/hotels/dalea-element-dallas-downtown-east/overview/,OFFICIAL_PROPERTY,2026-10-10,,,Pet Policy | Pets Welcome | 2 pets 50 lbs max per room-USD 100 per room fee-must be attended at all times | Non-Refundable Pet Fee Per Stay: $100.00 | Maximum Pet Weight: 50.0lbs | Maximum Number of Pets in Room: 2,,dallas-fort-worth-tx
Element by Marriott Dallas Fort Worth Airport North,pet-friendly-hotels,3550 Highway 635,Irving,TX,75063,(972) 929-9800,https://www.marriott.com/en-us/hotels/dfwel-element-dallas-fort-worth-airport-north/overview/,https://www.marriott.com/en-us/hotels/dfwel-element-dallas-fort-worth-airport-north/overview/,OFFICIAL_PROPERTY,2026-10-10,,,Pet Policy | Pets Welcome | Dog-friendly | Non-Refundable Pet Fee Per Night: $50.00 | Maximum Pet Weight: 40.0lbs | Maximum Number of Pets in Room: 2,,dallas-fort-worth-tx
Element by Marriott Dallas Las Colinas,pet-friendly-hotels,606 West John Carpenter Freeway,Irving,TX,75039,(469) 472-9830,https://www.marriott.com/en-us/hotels/dalec-element-dallas-las-colinas/overview/,https://www.marriott.com/en-us/hotels/dalec-element-dallas-las-colinas/overview/,OFFICIAL_PROPERTY,2026-10-10,,,Pet Policy | Pets Welcome | Pets Welcom Maximum of 2 pets per room | Non-Refundable Pet Fee Per Night: $50.00 | Maximum Pet Weight: 25.0lbs | Maximum Number of Pets in Room: 2,,dallas-fort-worth-tx
Element by Marriott Dallas Love Field,pet-friendly-hotels,2333 West Mockingbird Ln.,Dallas,TX,75235,+1-214-358-7575,https://www.marriott.com/en-us/hotels/dalel-element-dallas-love-field/overview/,https://www.marriott.com/en-us/hotels/dalel-element-dallas-love-field/overview/,OFFICIAL_PROPERTY,2026-10-10,,,Pet Policy | Pets Welcome | Non-Refundable Pet Fee Per Stay: $50.00 | Maximum Pet Weight: 50.0lbs | Maximum Number of Pets in Room: 1,,dallas-fort-worth-tx
Element by Marriott Dallas Richardson,pet-friendly-hotels,2205 North Glenville Drive,Richardson,TX,75082,,https://www.marriott.com/en-us/hotels/daler-element-dallas-richardson/overview/,https://www.marriott.com/en-us/hotels/daler-element-dallas-richardson/overview/,OFFICIAL_PROPERTY,2026-10-10,,,Pet Policy | Pets Welcome | $50 non-refundable pet fee per night up to $150 per stay | Non-Refundable Pet Fee Per Night: $50.00 | Maximum Pet Weight: 40.0lbs | Maximum Number of Pets in Room: 2,,dallas-fort-worth-tx
Embassy Suites by Hilton Dallas Frisco Hotel & Convention Center,pet-friendly-hotels,7600 John Q. Hammons Drive,Frisco,TX,75034,+1 972-712-7200,https://www.hilton.com/en/hotels/dalfses-embassy-suites-dallas-frisco-hotel-and-convention-center/,https://www.hilton.com/en/hotels/dalfses-embassy-suites-dallas-frisco-hotel-and-convention-center/hotel-info/,OFFICIAL_PROPERTY,2026-10-10,,,"PETS | Pets allowed: Yes | Non-refundable fee: $100.00 | Max weight: 70 lbs | Pet policy: $100, 2petsMax, dog/cat only",,dallas-fort-worth-tx
Embassy Suites by Hilton Dallas Love Field,pet-friendly-hotels,3880 West Northwest Highway,Dallas,TX,75220,+1 214-357-4500,https://www.hilton.com/en/hotels/dallfes-embassy-suites-dallas-love-field/,https://www.hilton.com/en/hotels/dallfes-embassy-suites-dallas-love-field/hotel-info/,OFFICIAL_PROPERTY,2026-10-10,,,"PETS | Pets allowed: Yes | Non-refundable fee: $75.00 | Pet policy: $75(1-4n),$125(5+n),1petMax,dog/cat only",,dallas-fort-worth-tx
Embassy Suites by Hilton Dallas Market Center,pet-friendly-hotels,2727 N. Stemmons Freeway,Dallas,TX,75207,+1 214-630-5332,https://www.hilton.com/en/hotels/dalfwes-embassy-suites-dallas-market-center/,https://www.hilton.com/en/hotels/dalfwes-embassy-suites-dallas-market-center/hotel-info/,OFFICIAL_PROPERTY,2026-10-10,,,PETS | Pets allowed: Yes | Non-refundable fee: $75.00 | Max weight: 75 lbs | Pet policy: 1-4 night stay $75; 5+ night stay $125; 2 pets max; dog or cat only,,dallas-fort-worth-tx
Embassy Suites by Hilton Dallas Near the Galleria,pet-friendly-hotels,14021 Noel Road,Dallas,TX,75240,+1 972-364-3640,https://www.hilton.com/en/hotels/daleses-embassy-suites-dallas-near-the-galleria/,https://www.hilton.com/en/hotels/daleses-embassy-suites-dallas-near-the-galleria/hotel-info/,OFFICIAL_PROPERTY,2026-10-10,,,"PETS | Pets allowed: Yes | Non-refundable fee: $75.00 | Pet policy: $75(1-4n), $125(5+n)2 pets Max, dog/cat only",,dallas-fort-worth-tx
Embassy Suites by Hilton Dallas Park Central Area,pet-friendly-hotels,13131 North Central Expressway,Dallas,TX,75243,+1 972-234-3300,https://www.hilton.com/en/hotels/daltxes-embassy-suites-dallas-park-central-area/,https://www.hilton.com/en/hotels/daltxes-embassy-suites-dallas-park-central-area/hotel-info/,OFFICIAL_PROPERTY,2026-10-10,,,"PETS | Pets allowed: Yes | Non-refundable fee: $75.00 | Max weight: 75 lbs | Pet policy: $75 1-4 nights, $125 5+ nights. 2 pet max, cat/dog only. Total combined weight 75 lbs.",,dallas-fort-worth-tx
Embassy Suites by Hilton Fort Worth Downtown,pet-friendly-hotels,600 Commerce Street,Fort Worth,TX,76102,+1 817-332-6900,https://www.hilton.com/en/hotels/ftweses-embassy-suites-fort-worth-downtown/,https://www.hilton.com/en/hotels/ftweses-embassy-suites-fort-worth-downtown/hotel-info/,OFFICIAL_PROPERTY,2026-10-10,,,Pets | Pets allowed: Yes | Non-refundable fee: $75.00 | Pet policy: 1-4 night stay $75; 5+ night stay $125; 2 pets max; dog or cat only,,dallas-fort-worth-tx
Embassy Suites by Hilton Grapevine DFW Airport North,pet-friendly-hotels,2401 Bass Pro Drive,Grapevine,TX,76051,+1 972-724-2600,https://www.hilton.com/en/hotels/dalemes-embassy-suites-grapevine-dfw-airport-north/,https://www.hilton.com/en/hotels/dalemes-embassy-suites-grapevine-dfw-airport-north/hotel-info/,OFFICIAL_PROPERTY,2026-10-10,,,PETS | Pets allowed: Yes | Non-refundable fee: $75.00 | Pet policy: 1-4 night stay $75; 5+ night stay $125; 2 pets max; dog or cat only,,dallas-fort-worth-tx
Embassy Suites by Hilton Irving Las Colinas,pet-friendly-hotels,771 W John Carpenter Freeway,Irving,TX,75039,+1 469-242-6252,https://www.hilton.com/en/hotels/dfwcses-embassy-suites-irving-las-colinas/,https://www.hilton.com/en/hotels/dfwcses-embassy-suites-irving-las-colinas/hotel-info/,OFFICIAL_PROPERTY,2026-10-10,,,PETS | Pets allowed: Yes | Non-refundable fee: $75.00 | Max weight: 50 lbs | Max size: Large | Pet policy: 1-4 night stay $75; 5+ night stay $125; 2 pets max; dog or cat only,,dallas-fort-worth-tx
Extended Stay America Select Suites Dallas - Farmers Branch,pet-friendly-hotels,4022 Parkside Center Blvd.,Farmers Branch,TX,75244,,https://www.extendedstayamerica.com/hotels/tx/dallas/farmers-branch,https://www.extendedstayamerica.com/hotels/tx/dallas/farmers-branch,OFFICIAL_PROPERTY,2026-10-10,,,"Pet Policy | A maximum of two pets are allowed in each suite. Height and length restrictions apply-- pets can be no longer than 36 inches and no taller than 36 inches. Larger animals or more than two pets requires property manager’s approval. Please contact the property for questions. | There will be up to a $25 (+ tax) per day non-refundable cleaning fee for the first six (6) nights, per pet. Each day thereafter there is a pet cleaning fee not to exceed $15 non-refundable fee (+tax) per day, pe",,dallas-fort-worth-tx
Extended Stay America Select Suites Dallas - Las Colinas - Meadow Creek Dr.,pet-friendly-hotels,605 Meadow Creek Dr.,Irving,TX,75038,+1 972 871 0117,https://www.extendedstayamerica.com/hotels/tx/dallas/las-colinas-meadow-creek-dr,https://www.extendedstayamerica.com/hotels/tx/dallas/las-colinas-meadow-creek-dr,OFFICIAL_PROPERTY,2026-10-10,,,"Pet Policy | A maximum of two pets are allowed in each suite. Height and length restrictions apply-- pets can be no longer than 36 inches and no taller than 36 inches. Larger animals or more than two pets requires property manager’s approval. Please contact the property for questions. | There will be up to a $25 (+ tax) per day non-refundable cleaning fee for the first six (6) nights, per pet. Each day thereafter there is a pet cleaning fee not to exceed $15 non-refundable fee (+tax) per day, pe",,dallas-fort-worth-tx
Extended Stay America Select Suites Dallas - Lewisville,pet-friendly-hotels,1900 Lake Pointe Dr.,Lewisville,TX,75057,,https://www.extendedstayamerica.com/hotels/tx/dallas/lewisville,https://www.extendedstayamerica.com/hotels/tx/dallas/lewisville,OFFICIAL_PROPERTY,2026-10-10,,,"Pet Policy | A maximum of two pets are allowed in each suite. Height and length restrictions apply-- pets can be no longer than 36 inches and no taller than 36 inches. Larger animals or more than two pets requires property manager’s approval. Please contact the property for questions. | There will be up to a $25 (+ tax) per day non-refundable cleaning fee for the first six (6) nights, per pet. Each day thereafter there is a pet cleaning fee not to exceed $15 non-refundable fee (+tax) per day, pe",,dallas-fort-worth-tx
Extended Stay America Select Suites Dallas - Richardson,pet-friendly-hotels,901 E. Campbell Rd.,Richardson,TX,75081,,https://www.extendedstayamerica.com/hotels/tx/dallas/richardson,https://www.extendedstayamerica.com/hotels/tx/dallas/richardson,OFFICIAL_PROPERTY,2026-10-10,,,"Pet Policy | A maximum of two pets are allowed in each suite. Height and length restrictions apply-- pets can be no longer than 36 inches and no taller than 36 inches. Larger animals or more than two pets requires property manager’s approval. Please contact the property for questions. | There will be up to a $25 (+ tax) per day non-refundable cleaning fee for the first six (6) nights, per pet. Each day thereafter there is a pet cleaning fee not to exceed $15 non-refundable fee (+tax) per day, pe",,dallas-fort-worth-tx
Extended Stay America Suites Arlington,pet-friendly-hotels,1221 N. Watson Rd.,Arlington,TX,76006,(817) 633-7588,https://www.extendedstayamerica.com/hotels/tx/dallas/arlington,https://www.extendedstayamerica.com/hotels/tx/dallas/arlington,OFFICIAL_PROPERTY,2026-10-10,,,"Pet Policy | A maximum of two pets are allowed in each suite. Height and length restrictions apply-- pets can be no longer than 36 inches and no taller than 36 inches. Larger animals or more than two pets requires property manager’s approval. Please contact the property for questions. | There will be up to a $25 (+ tax) per day non-refundable cleaning fee for the first six (6) nights, per pet. Each day thereafter there is a pet cleaning fee not to exceed $15 non-refundable fee (+tax) per day, pe",,dallas-fort-worth-tx
Extended Stay America Suites Arlington - Six Flags,pet-friendly-hotels,2420 E. Lamar Blvd.,Arlington,TX,76006,(817) 649-0021,https://www.extendedstayamerica.com/hotels/tx/dallas/arlington-six-flags,https://www.extendedstayamerica.com/hotels/tx/dallas/arlington-six-flags,OFFICIAL_PROPERTY,2026-10-10,,,"Pet Policy | A maximum of two pets are allowed in each suite. Height and length restrictions apply-- pets can be no longer than 36 inches and no taller than 36 inches. Larger animals or more than two pets requires property manager’s approval. Please contact the property for questions. | There will be up to a $25 (+ tax) per day non-refundable cleaning fee for the first six (6) nights, per pet. Each day thereafter there is a pet cleaning fee not to exceed $15 non-refundable fee (+tax) per day, pe",,dallas-fort-worth-tx
Extended Stay America Suites Dallas - Coit Road,pet-friendly-hotels,12121 Coit Rd.,Dallas,TX,75251,,https://www.extendedstayamerica.com/hotels/tx/dallas/north-park-central,https://www.extendedstayamerica.com/hotels/tx/dallas/north-park-central,OFFICIAL_PROPERTY,2026-10-10,,,"Pet Policy | A maximum of two pets are allowed in each suite. Height and length restrictions apply-- pets can be no longer than 36 inches and no taller than 36 inches. Larger animals or more than two pets requires property manager’s approval. Please contact the property for questions. | There will be up to a $25 (+ tax) per day non-refundable cleaning fee for the first six (6) nights, per pet. Each day thereafter there is a pet cleaning fee not to exceed $15 non-refundable fee (+tax) per day, pe",,dallas-fort-worth-tx
Extended Stay America Suites Dallas - Greenville Ave.,pet-friendly-hotels,12270 Greenville Ave.,Dallas,TX,75243,+1-19722381133,https://www.extendedstayamerica.com/hotels/tx/dallas/greenville-ave,https://www.extendedstayamerica.com/hotels/tx/dallas/greenville-ave,OFFICIAL_PROPERTY,2026-10-10,,,"Pet Policy | A maximum of two pets are allowed in each suite. Height and length restrictions apply-- pets can be no longer than 36 inches and no taller than 36 inches. Larger animals or more than two pets requires property manager’s approval. Please contact the property for questions. | There will be up to a $25 (+ tax) per day non-refundable cleaning fee for the first six (6) nights, per pet. Each day thereafter there is a pet cleaning fee not to exceed $15 non-refundable fee (+tax) per day, pe",,dallas-fort-worth-tx
Extended Stay America Suites Dallas - Plano,pet-friendly-hotels,2900 North Dallas Pkwy.,Plano,TX,75093,(972) 378-9978,https://www.extendedstayamerica.com/hotels/tx/dallas/dallas-plano,https://www.extendedstayamerica.com/hotels/tx/dallas/dallas-plano,OFFICIAL_PROPERTY,2026-10-10,,,"Pet Policy | A maximum of two pets are allowed in each suite. Height and length restrictions apply-- pets can be no longer than 36 inches and no taller than 36 inches. Larger animals or more than two pets requires property manager’s approval. Please contact the property for questions. | There will be up to a $25 (+ tax) per day non-refundable cleaning fee for the first six (6) nights, per pet. Each day thereafter there is a pet cleaning fee not to exceed $15 non-refundable fee (+tax) per day, pe",,dallas-fort-worth-tx
Extended Stay America Suites Dallas - Plano Parkway,pet-friendly-hotels,4709 West Plano Pkwy.,Plano,TX,75093,(972) 596-9966,https://www.extendedstayamerica.com/hotels/tx/dallas/plano-parkway,https://www.extendedstayamerica.com/hotels/tx/dallas/plano-parkway,OFFICIAL_PROPERTY,2026-10-10,,,"Pet Policy | A maximum of two pets are allowed in each suite. Height and length restrictions apply-- pets can be no longer than 36 inches and no taller than 36 inches. Larger animals or more than two pets requires property manager’s approval. Please contact the property for questions. | There will be up to a $25 (+ tax) per day non-refundable cleaning fee for the first six (6) nights, per pet. Each day thereafter there is a pet cleaning fee not to exceed $15 non-refundable fee (+tax) per day, pe",,dallas-fort-worth-tx
Fairfield by Marriott Inn & Suites Dallas East,pet-friendly-hotels,8690 East RL Thornton Freeway,Dallas,TX,75228,+1 469-482-1500,https://www.marriott.com/en-us/hotels/dalfe-fairfield-inn-and-suites-dallas-east/overview/,https://www.marriott.com/en-us/hotels/dalfe-fairfield-inn-and-suites-dallas-east/overview/,OFFICIAL_PROPERTY,2026-10-10,,,Pet Policy | Pets Welcome | Non-Refundable Pet Fee Per Stay: $75.00 | Non-Refundable Pet Fee Per Night: $20.00 | Maximum Pet Weight: 50.0lbs | Maximum Number of Pets in Room: 2,,dallas-fort-worth-tx
Fairfield by Marriott Inn & Suites Dallas Mansfield,pet-friendly-hotels,1480 US 287 North,Mansfield,TX,76063,,https://www.marriott.com/en-us/hotels/dalfm-fairfield-inn-and-suites-dallas-mansfield/overview/,https://www.marriott.com/en-us/hotels/dalfm-fairfield-inn-and-suites-dallas-mansfield/overview/,OFFICIAL_PROPERTY,2026-10-10,,,Pet Policy | Pets Welcome | Allow Service Animals | Non-Refundable Pet Fee Per Stay: $100.00 | Maximum Pet Weight: 75.0lbs | Maximum Number of Pets in Room: 2,,dallas-fort-worth-tx
Fairfield by Marriott Inn & Suites Dallas McKinney,pet-friendly-hotels,1600 Hardin Boulevard,McKinney,TX,75071,+1 469-796-5300,https://www.marriott.com/en-us/hotels/dalfk-fairfield-inn-and-suites-dallas-mckinney/overview/,https://www.marriott.com/en-us/hotels/dalfk-fairfield-inn-and-suites-dallas-mckinney/overview/,OFFICIAL_PROPERTY,2026-10-10,,,Pet Policy | Pets Welcome | 2 pets per room 65 pounds max per pet with non-refundable per stay fee | Non-Refundable Pet Fee Per Stay: $150.00 | Maximum Pet Weight: 65.0lbs | Maximum Number of Pets in Room: 2,,dallas-fort-worth-tx
Fairfield by Marriott Inn & Suites Dallas Medical/Market Center,pet-friendly-hotels,2110 Market Center Boulevard at Stemmons,Dallas,TX,75207,,https://www.marriott.com/en-us/hotels/dalmc-fairfield-inn-and-suites-dallas-medical-market-center/overview/,https://www.marriott.com/en-us/hotels/dalmc-fairfield-inn-and-suites-dallas-medical-market-center/overview/,OFFICIAL_PROPERTY,2026-10-10,,,Pet Policy | Pets Welcome | Non-Refundable Pet Fee Per Stay: $150.00 | Maximum Number of Pets in Room: 1,,dallas-fort-worth-tx
Fairfield by Marriott Inn & Suites Fort Worth Downtown/Convention Center,pet-friendly-hotels,1010 Houston Street,Fort Worth,TX,76102,(817) 529-9200,https://www.marriott.com/en-us/hotels/dfwfd-fairfield-inn-and-suites-fort-worth-downtown-convention-center/overview/,https://www.marriott.com/en-us/hotels/dfwfd-fairfield-inn-and-suites-fort-worth-downtown-convention-center/overview/,OFFICIAL_PROPERTY,2026-10-10,,,Pet Policy | Pets Welcome | Daily cleaning fee of $5/ day in addition to the one time non-refundable pet fee | Non-Refundable Pet Fee Per Stay: $50.00 | Non-Refundable Pet Fee Per Night: $5.00 | Maximum Number of Pets in Room: 2,,dallas-fort-worth-tx
Fairmont Dallas,pet-friendly-hotels,1717 N Akard Street 75201 DALLAS United States,Dallas,TX,75201,,https://www.fairmont.com/dallas/?goto=fiche_hotel&code_hotel=A558&merchantid=seo-maps-US-A558&sourceid=aw-cen,https://www.fairmont.com/en/hotels/dallas/fairmont-dallas.html,OFFICIAL_PROPERTY,2026-10-10,,,"Is Fairmont Dallas pet-friendly? | Fairmont Dallas is pleased to welcome pets for a $75 fee, per pet, per stay. There are no weight limitations for pets, however, pets must be on a leash at all times and must not be left unattended in the room. Any damage incurred to the room by the pet is the responsibility of the guest.",,dallas-fort-worth-tx
GRADUATE BY HILTON DALLAS,pet-friendly-hotels,6101 Hillcrest Avenue,University Park,TX,75205,+1 214 219 2400,https://www.hilton.com/en/hotels/dalgdgu-graduate-dallas/,https://www.hilton.com/en/hotels/dalgdgu-graduate-dallas/hotel-info/,OFFICIAL_PROPERTY,2026-10-10,,,"PETS | Pets allowed: Yes | Non-refundable fee: $75.00 | Max weight: 75 lbs | Max size: Large | Pet policy: Add a pet to your reservation for $75 per stay ($125 for five nights or more). Two pets maximum allowed per room. Dogs and cats only, please.",,dallas-fort-worth-tx
"HALL Arts Hotel, Dallas, Autograph Collection",pet-friendly-hotels,1717 Leonard Street,Dallas,TX,75201,+1-214-953-1717,https://www.marriott.com/en-us/hotels/daldk-hall-arts-hotel-dallas-autograph-collection/overview/,https://www.marriott.com/en-us/hotels/daldk-hall-arts-hotel-dallas-autograph-collection/overview/,OFFICIAL_PROPERTY,2026-10-10,,,Pet Policy | Pets Welcome | 1 pet per per room with 150 USD non-refundable fee per room per stay. | Non-Refundable Pet Fee Per Stay: $150.00 | Non-Refundable Pet Fee Per Night: $20.00 | Maximum Pet Weight: 0.0lbs | Maximum Number of Pets in Room: 1,,dallas-fort-worth-tx
Hampton Inn & Suites by Hilton Irving DFW Airport North,pet-friendly-hotels,4500 Plaza Drive,Irving,TX,75063,+1 469-565-8955,https://www.hilton.com/en/hotels/dfwhihx-hampton-suites-irving-dfw-airport-north/,https://www.hilton.com/en/hotels/dfwhihx-hampton-suites-irving-dfw-airport-north/hotel-info/,OFFICIAL_PROPERTY,2026-10-10,,,"PETS | Pets allowed: Yes | Non-refundable fee: $75.00 | Max weight: 75 lbs | Max size: Medium | Pet policy: Pets allowed, $75.00 non-refundable fee, 75 lbs maximum, $75(1-4n),$125(5+n) 2petsMax,dog/cat only, 75lbs total weight between the 2 pets.",,dallas-fort-worth-tx
Hampton Inn & Suites Colleyville DFW Airport West,pet-friendly-hotels,5300 State HWY 121,Colleyville,TX,76034,+1 817-318-5000,https://www.hilton.com/en/hotels/dfwgdhx-hampton-suites-colleyville-dfw-airport-west/,https://www.hilton.com/en/hotels/dfwgdhx-hampton-suites-colleyville-dfw-airport-west/hotel-info/,OFFICIAL_PROPERTY,2026-10-10,,,PETS | Pets allowed: Yes | Non-refundable fee: $75.00 | Max weight: 42 lbs | Max size: Large,,dallas-fort-worth-tx
HAMPTON INN & SUITES-DALLAS ALLEN,pet-friendly-hotels,830 West Stacy Road,Allen,TX,75013,+1 214-495-7667,https://www.hilton.com/en/hotels/dalanhx-hampton-suites-dallas-allen/,https://www.hilton.com/en/hotels/dalanhx-hampton-suites-dallas-allen/hotel-info/,OFFICIAL_PROPERTY,2026-10-10,,,"PETS | Pets allowed: Yes | Non-refundable fee: $75.00 | Max weight: 75 lbs | Pet policy: $75(1-4n),$125(5+n) 2petMax,dog/cat only",,dallas-fort-worth-tx
HAMPTON INN & SUITES DALLAS-ARLINGTON NORTH-ENTERTAINMENT DISTRICT,pet-friendly-hotels,2200 Brookhollow Plaza Drive,Arlington,TX,76006,+1 817-652-9562,https://www.hilton.com/en/hotels/dalethx-hampton-suites-dallas-arlington-north-entertainment-district/,https://www.hilton.com/en/hotels/dalethx-hampton-suites-dallas-arlington-north-entertainment-district/hotel-info/,OFFICIAL_PROPERTY,2026-10-10,,,PETS | Pets allowed: Yes | Non-refundable fee: $75.00 | Pet policy: 1-4 night stay $75; 5+ night stay $125; 2 pets max; dog or cat only,,dallas-fort-worth-tx
HAMPTON INN & SUITES DALLAS-ARLINGTON-SOUTH,pet-friendly-hotels,1100 East I-20,Arlington,TX,76018,+1 817-419-3700,https://www.hilton.com/en/hotels/dalathx-hampton-suites-dallas-arlington-south/,https://www.hilton.com/en/hotels/dalathx-hampton-suites-dallas-arlington-south/hotel-info/,OFFICIAL_PROPERTY,2026-10-10,,,PETS | Pets allowed: Yes | Non-refundable fee: $75.00 | Max weight: 75 lbs | Max size: Small | Pet policy: 1-4 night stay $75 5+ night stay $125 2 pets max dog or cat only,,dallas-fort-worth-tx
HAMPTON INN & SUITES DALLAS-DESOTO,pet-friendly-hotels,1311 East Centre Park Boulevard,DeSoto,TX,75115,+1 972-228-0200,https://www.hilton.com/en/hotels/daldehx-hampton-suites-dallas-desoto/,https://www.hilton.com/en/hotels/daldehx-hampton-suites-dallas-desoto/hotel-info/,OFFICIAL_PROPERTY,2026-10-10,,,PETS | Pets allowed: Yes | Non-refundable fee: $75.00 | Max weight: 75 lbs | Pet policy: $ 75(1-4 nights) $125(5+ night) 2 pet Max dog &cats only,,dallas-fort-worth-tx
HAMPTON INN & SUITES DALLAS-DFW AIRPORT NORTH-GRAPEVINE,pet-friendly-hotels,1750 North Highway 121,Grapevine,TX,76051,+1 972-471-5000,https://www.hilton.com/en/hotels/dalgphx-hampton-suites-dallas-dfw-airport-north-grapevine/,https://www.hilton.com/en/hotels/dalgphx-hampton-suites-dallas-dfw-airport-north-grapevine/hotel-info/,OFFICIAL_PROPERTY,2026-10-10,,,PETS | Pets allowed: Yes | Non-refundable fee: $75.00 | Max weight: 75 lbs | Max size: Large | Our policies > Pet Policy | Dogs and cats are welcome. Please note that all pets must be registered at the front desk. There is a two pet and combined 75-pound weight limit. A nonrefundable fee of $75 will be assessed per pet for stays of one through four nights. A fee of $125 will be assessed per pet for stays of five or more nights.,,dallas-fort-worth-tx
HAMPTON INN & SUITES DALLAS-DFW ARPT W-SH 183 HURST,pet-friendly-hotels,1600 Hurst Town Center Drive,Hurst,TX,76054,+1 817-503-7777,https://www.hilton.com/en/hotels/dalhthx-hampton-suites-dallas-dfw-arpt-w-sh-183-hurst/,https://www.hilton.com/en/hotels/dalhthx-hampton-suites-dallas-dfw-arpt-w-sh-183-hurst/hotel-info/,OFFICIAL_PROPERTY,2026-10-10,,,PETS | Pets allowed: Yes | Non-refundable fee: $50.00 | Pet policy: 1-4 night stay $50; 5+ night stay $75; 2 pets max; dog or cat only,,dallas-fort-worth-tx
HAMPTON INN & SUITES DALLAS DOWNTOWN,pet-friendly-hotels,1700 Commerce Street,Dallas,TX,75201,+1 214-290-9090,https://www.hilton.com/en/hotels/daldxhx-hampton-suites-dallas-downtown/,https://www.hilton.com/en/hotels/daldxhx-hampton-suites-dallas-downtown/hotel-info/,OFFICIAL_PROPERTY,2026-10-10,,,PETS | Pets allowed: Yes | Non-refundable fee: $50.00 | Pet policy: 1-4 night stay $50; 5+ night stay $75; 2 pets max; dog or cat only,,dallas-fort-worth-tx
Hampton Inn & Suites Dallas East,pet-friendly-hotels,8605 E R L Thornton Freeway,Dallas,TX,75228,+1 469-206-6030,https://www.hilton.com/en/hotels/dfweahx-hampton-suites-dallas-east/,https://www.hilton.com/en/hotels/dfweahx-hampton-suites-dallas-east/hotel-info/,OFFICIAL_PROPERTY,2026-10-10,,,"PETS | Pets allowed: Yes | Non-refundable fee: $75.00 | Max weight: 75 lbs | Max size: Medium | Pet policy: $75(1-4 nts),$150(5+n) 2 pet(s) Max,dog/cat only",,dallas-fort-worth-tx
HAMPTON INN & SUITES DALLAS/FRISCO NORTH-FIELDHOUSEUSA,pet-friendly-hotels,6070 Sports Village Road,Frisco,TX,75033,+1 972-668-4200,https://www.hilton.com/en/hotels/dalffhx-hampton-suites-dallas-frisco-north-fieldhouseusa/,https://www.hilton.com/en/hotels/dalffhx-hampton-suites-dallas-frisco-north-fieldhouseusa/hotel-info/,OFFICIAL_PROPERTY,2026-10-10,,,"PETS | Pets allowed: Yes | Non-refundable fee: $75.00 | Max weight: 75 lbs | Max size: Large | Pet policy: (1-5)$75 2 pets Max,dog/cat only",,dallas-fort-worth-tx
HAMPTON INN & SUITES DALLAS/FT. WORTH AIRPORT SOUTH,pet-friendly-hotels,4201 Reggis Court,Fort Worth,TX,76155,+1 817-952-3080,https://www.hilton.com/en/hotels/dfwashx-hampton-suites-dallas-ft-worth-airport-south/,https://www.hilton.com/en/hotels/dfwashx-hampton-suites-dallas-ft-worth-airport-south/hotel-info/,OFFICIAL_PROPERTY,2026-10-10,,,"PETS | Pets allowed: Yes | Non-refundable fee: $125.00 | Max weight: 50 lbs | Max size: Medium | Pet policy: $125 2petsMax,dog/cat only",,dallas-fort-worth-tx
HAMPTON INN & SUITES DALLAS I-30 COCKRELL HILL,pet-friendly-hotels,1718 N Cockrell Hill Rd,Dallas,TX,75211,+1 469-906-1212,https://www.hilton.com/en/hotels/dfwchhx-hampton-suites-dallas-i30-cockrell-hill/,https://www.hilton.com/en/hotels/dfwchhx-hampton-suites-dallas-i30-cockrell-hill/hotel-info/,OFFICIAL_PROPERTY,2026-10-10,,,PETS | Pets allowed: Yes | Non-refundable fee: $75.00 | Max weight: 75 lbs | Max size: Large,,dallas-fort-worth-tx
"HAMPTON INN & SUITES DALLAS/LEWISVILLE-VISTA RIDGE MALL, TX",pet-friendly-hotels,2650 Lake Vista Drive,Lewisville,TX,75067,+1 972-315-3200,https://www.hilton.com/en/hotels/dalvrhx-hampton-suites-dallas-lewisville-vista-ridge-mall-tx/,https://www.hilton.com/en/hotels/dalvrhx-hampton-suites-dallas-lewisville-vista-ridge-mall-tx/hotel-info/,OFFICIAL_PROPERTY,2026-10-10,,,PETS | Pets allowed: Yes | Non-refundable fee: $75.00 | Max weight: 75 lbs | Max size: Large,,dallas-fort-worth-tx
HAMPTON INN & SUITES DALLAS MARKET CENTER,pet-friendly-hotels,3051 N Stemmons Freeway,Dallas,TX,75247,+1 214-631-1300,https://www.hilton.com/en/hotels/dalpphx-hampton-suites-dallas-market-center/,https://www.hilton.com/en/hotels/dalpphx-hampton-suites-dallas-market-center/hotel-info/,OFFICIAL_PROPERTY,2026-10-10,,,"PETS | Pets allowed: Yes | Non-refundable fee: $75.00 | Max weight: 75 lbs | Max size: Medium | Pet policy: $75(1-4n),$125(5+n) 2petsMax,dog/cat only",,dallas-fort-worth-tx
HAMPTON INN & SUITES DALLAS-MESQUITE,pet-friendly-hotels,1700 Rodeo Drive,Mesquite,TX,75149,+1 972-329-3100,https://www.hilton.com/en/hotels/dalhshx-hampton-suites-dallas-mesquite/,https://www.hilton.com/en/hotels/dalhshx-hampton-suites-dallas-mesquite/hotel-info/,OFFICIAL_PROPERTY,2026-10-10,,,"PETS | Pets allowed: Yes | Non-refundable fee: $80.00 | Max weight: 75 lbs | Max size: Large | Pet policy: $80, 2 max, additional $125 after 5 days",,dallas-fort-worth-tx
HAMPTON INN & SUITES DALLAS/PLANO CENTRAL,pet-friendly-hotels,3316 Central Expressway,Plano,TX,75074,+1 972-905-5786,https://www.hilton.com/en/hotels/dalpxhx-hampton-suites-dallas-plano-central/,https://www.hilton.com/en/hotels/dalpxhx-hampton-suites-dallas-plano-central/hotel-info/,OFFICIAL_PROPERTY,2026-10-10,,,PETS | Pets allowed: Yes | Non-refundable fee: $75.00 | Max weight: 50 lbs | Max size: Medium | Pet policy: 2 dog maximum,,dallas-fort-worth-tx
HAMPTON INN & SUITES DALLAS/PLANO-EAST,pet-friendly-hotels,2813 E. President George Bush Hwy,Plano,TX,75074,+1 972-509-4500,https://www.hilton.com/en/hotels/dalpehx-hampton-suites-dallas-plano-east/,https://www.hilton.com/en/hotels/dalpehx-hampton-suites-dallas-plano-east/hotel-info/,OFFICIAL_PROPERTY,2026-10-10,,,"PETS | Pets allowed: Yes | Non-refundable fee: $75.00 | Max weight: 75 lbs | Max size: Medium | Pet policy: $75 plus tax 2pets Max, dog/cat only, 75lbs",,dallas-fort-worth-tx
HAMPTON INN & SUITES DALLAS/RICHARDSON,pet-friendly-hotels,2250 N. Glenville Drive,Richardson,TX,75082,+1 972-231-9800,https://www.hilton.com/en/hotels/daldrhx-hampton-suites-dallas-richardson/,https://www.hilton.com/en/hotels/daldrhx-hampton-suites-dallas-richardson/hotel-info/,OFFICIAL_PROPERTY,2026-10-10,,,"PETS | Pets allowed: Yes | Non-refundable fee: $75.00 | Pet policy: $75(1-4n),$125(5+n) 2petMax,dog/cat only",,dallas-fort-worth-tx
"Hampton Inn & Suites Dallas-The Colony, TX",pet-friendly-hotels,3650 Plano Parkway,The Colony,TX,75056,+1 469-362-1111,https://www.hilton.com/en/hotels/dfwtchx-hampton-suites-dallas-the-colony-tx/,https://www.hilton.com/en/hotels/dfwtchx-hampton-suites-dallas-the-colony-tx/hotel-info/,OFFICIAL_PROPERTY,2026-10-10,,,"PETS | Pets allowed: Yes | Non-refundable fee: $75.00 | Max weight: 75 lbs | Max size: Large | Pet policy: $75(1-4nt)$125(5+nt)2petsMax,dog/cats",,dallas-fort-worth-tx
HAMPTON INN & SUITES DUNCANVILLE DALLAS,pet-friendly-hotels,202 East Interstate Hwy 20,Duncanville,TX,75116,+1 469-868-6481,https://www.hilton.com/en/hotels/daldvhx-hampton-suites-duncanville-dallas/,https://www.hilton.com/en/hotels/daldvhx-hampton-suites-duncanville-dallas/hotel-info/,OFFICIAL_PROPERTY,2026-10-10,,,PETS | Pets allowed: Yes | Non-refundable fee: $75.00 | Max weight: 25 lbs | Max size: Small | Pet policy: 1-4 night stay $75; 5+ night stay $125; 2 pets max; dog or cat only,,dallas-fort-worth-tx
HAMPTON INN & SUITES FARMERS BRANCH DALLAS,pet-friendly-hotels,1570 Mira Lago Blvd.,Farmers Branch,TX,75234,+1 972-373-4900,https://www.hilton.com/en/hotels/daljkhx-hampton-suites-farmers-branch-dallas/,https://www.hilton.com/en/hotels/daljkhx-hampton-suites-farmers-branch-dallas/hotel-info/,OFFICIAL_PROPERTY,2026-10-10,,,PETS | Pets allowed: Yes | Non-refundable fee: $75.00 | Max weight: 75 lbs | Max size: Medium | Pet policy: $75 fee for 1-4 nights/$125 fee for 4+ nights -$25 addl for 2 pets -Pet Policy must be signed upon check-in. Maximum of 2 animals. Dogs Only-no cats,,dallas-fort-worth-tx
Hampton Inn & Suites Fort Worth Downtown,pet-friendly-hotels,1001 Commerce Street,Fort Worth,TX,76102,+1 817-332-5300,https://www.hilton.com/en/hotels/ftwdthx-hampton-suites-fort-worth-downtown/,https://www.hilton.com/en/hotels/ftwdthx-hampton-suites-fort-worth-downtown/hotel-info/,OFFICIAL_PROPERTY,2026-10-10,,,"PETS | Pets allowed: Yes | Non-refundable fee: $75.00 | Pet policy: Dogs and cats are welcome, with a maximum of two pets per room. A $125 non-refundable pet fee applies to stays of five nights or longer.",,dallas-fort-worth-tx
Hampton Inn & Suites Fort Worth-Fossil Creek,pet-friendly-hotels,3850 Sandshell Drive,Fort Worth,TX,76137,+1 817-439-8300,https://www.hilton.com/en/hotels/ftwfchx-hampton-suites-fort-worth-fossil-creek/,https://www.hilton.com/en/hotels/ftwfchx-hampton-suites-fort-worth-fossil-creek/hotel-info/,OFFICIAL_PROPERTY,2026-10-10,,,"PETS | Pets allowed: Yes | Non-refundable fee: $125.00 | Max weight: 75 lbs | Max size: Medium | Pet policy: $75(1-4n),$125(5+n) 2 max, up to 75lbs",,dallas-fort-worth-tx
Hampton Inn & Suites Fort Worth-West-I-30,pet-friendly-hotels,2700 Green Oaks Road,Fort Worth,TX,76116,+1 817-732-8585,https://www.hilton.com/en/hotels/ftwwthx-hampton-suites-fort-worth-west-i-30/,https://www.hilton.com/en/hotels/ftwwthx-hampton-suites-fort-worth-west-i-30/hotel-info/,OFFICIAL_PROPERTY,2026-10-10,,,PETS | Pets allowed: Yes | Non-refundable fee: $75.00 | Max weight: 75 lbs | Pet policy: 1-4 night stay $75; 5+ night stay $125; 2 pets max; dog or cat only,,dallas-fort-worth-tx
Hampton Inn & Suites Ft. Worth-Burleson,pet-friendly-hotels,13251 Jake Court,Fort Worth,TX,76028,+1 817-295-2727,https://www.hilton.com/en/hotels/ftwbrhx-hampton-suites-ft-worth-burleson/,https://www.hilton.com/en/hotels/ftwbrhx-hampton-suites-ft-worth-burleson/hotel-info/,OFFICIAL_PROPERTY,2026-10-10,,,PETS | Pets allowed: Yes | Non-refundable fee: $75.00 | Pet policy: ($75 for 1 – 4 nights/$125 for 5+),,dallas-fort-worth-tx
Hampton Inn and Suites Irving Hwy 183,pet-friendly-hotels,701 West Airport Freeway,Irving,TX,75062,+1 214-851-1050,https://www.hilton.com/en/hotels/dfwihhx-hampton-suites-irving-hwy-183/,https://www.hilton.com/en/hotels/dfwihhx-hampton-suites-irving-hwy-183/hotel-info/,OFFICIAL_PROPERTY,2026-10-10,,,"PETS | Pets allowed: Yes | Non-refundable fee: $75.00 | Max weight: 50 lbs | Max size: Medium | Pet policy: 1-4 nights $75.00, non-refundable fee. After 4 nights, the fee is $125 non-refundable.",,dallas-fort-worth-tx
Hampton Inn & Suites Keller Town Center,pet-friendly-hotels,200 Town Center Lane,Keller,TX,76248,+1 817-741-8536,https://www.hilton.com/en/hotels/dfwkehx-hampton-suites-keller-town-center/,https://www.hilton.com/en/hotels/dfwkehx-hampton-suites-keller-town-center/hotel-info/,OFFICIAL_PROPERTY,2026-10-10,,,"PETS | Pets allowed: Yes | Non-refundable fee: $50.00 | Pet policy: $75(1-3n), $100(4+n), 2 Pets Max, Dogs Only",,dallas-fort-worth-tx
HAMPTON INN & SUITES LEGACY PARK-FRISCO,pet-friendly-hotels,3199 Parkwood Boulevard,Frisco,TX,75034,+1 972-712-8400,https://www.hilton.com/en/hotels/dalfchx-hampton-suites-legacy-park-frisco/,https://www.hilton.com/en/hotels/dalfchx-hampton-suites-legacy-park-frisco/hotel-info/,OFFICIAL_PROPERTY,2026-10-10,,,"PETS | Pets allowed: Yes | Non-refundable fee: $75.00 | Pet policy: $75(1-4n),$125(5+n) 2petsMax,dog/cat only",,dallas-fort-worth-tx
Hampton Inn & Suites Mansfield,pet-friendly-hotels,1640 Hwy 287 North,Mansfield,TX,76063,+1 817-539-0060,https://www.hilton.com/en/hotels/ftwmfhx-hampton-suites-mansfield/,https://www.hilton.com/en/hotels/ftwmfhx-hampton-suites-mansfield/hotel-info/,OFFICIAL_PROPERTY,2026-10-10,,,"PETS | Pets allowed: Yes | Non-refundable fee: $75.00 | Pet policy: $75 per pet 1-4 days, $125 per pet 5 or more days. Max - 2 pets.",,dallas-fort-worth-tx
HAMPTON INN & SUITES MCKINNEY,pet-friendly-hotels,2008 North Central Expressway,McKinney,TX,75069,+1 972-542-6622,https://www.hilton.com/en/hotels/dalmyhx-hampton-suites-mckinney/,https://www.hilton.com/en/hotels/dalmyhx-hampton-suites-mckinney/hotel-info/,OFFICIAL_PROPERTY,2026-10-10,,,PETS | Pets allowed: Yes | Non-refundable fee: $50.00 | Pet policy: 1-4 night stay $50; 5+ night stay $75; 2 pets max; dog or cat only,,dallas-fort-worth-tx
Hampton Inn & Suites N. Ft. Worth-Alliance Airport,pet-friendly-hotels,13600 North Freeway,Fort Worth,TX,76177,+1 817-439-0400,https://www.hilton.com/en/hotels/ftwhshx-hampton-suites-n-ft-worth-alliance-airport/,https://www.hilton.com/en/hotels/ftwhshx-hampton-suites-n-ft-worth-alliance-airport/hotel-info/,OFFICIAL_PROPERTY,2026-10-10,,,PETS | Pets allowed: Yes | Non-refundable fee: $75.00 | Pet policy: 1-4 night stay $75; 5+ night stay $125; 2 pets max; dog or cat only,,dallas-fort-worth-tx
Hampton Inn & Suites North Dallas Central Expy,pet-friendly-hotels,10370 North Central Expressway,Dallas,TX,75231,+1 214-361-0033,https://www.hilton.com/en/hotels/dfwnphx-hampton-suites-north-dallas-central-expy/,https://www.hilton.com/en/hotels/dfwnphx-hampton-suites-north-dallas-central-expy/hotel-info/,OFFICIAL_PROPERTY,2026-10-10,,,"PETS | Pets allowed: Yes | Non-refundable fee: $75.00 | Pet policy: $75(1-4n),$125(5+n) 2petsMax,dog/cat onl",,dallas-fort-worth-tx
Hampton Inn & Suites Trophy Club - Fort Worth North,pet-friendly-hotels,525 Plaza Drive,Trophy Club,TX,76262,+1 682-831-1572,https://www.hilton.com/en/hotels/ftwtchx-hampton-suites-trophy-club-fort-worth-north/,https://www.hilton.com/en/hotels/ftwtchx-hampton-suites-trophy-club-fort-worth-north/hotel-info/,OFFICIAL_PROPERTY,2026-10-10,,,PETS | Pets allowed: Yes | Non-refundable fee: $75.00,,dallas-fort-worth-tx
HAMPTON INN BY HILTON ADDISON DALLAS,pet-friendly-hotels,4960 Arapaho Rd,Addison,TX,75001,+1-972-490-1212,https://www.hilton.com/en/hotels/dfwaohx-hampton-addison-dallas/,https://www.hilton.com/en/hotels/dfwaohx-hampton-addison-dallas/hotel-info/,OFFICIAL_PROPERTY,2026-10-10,,,"PETS | Pets allowed: Yes | Non-refundable fee: $75.00 | Max weight: 25 lbs | Max size: Medium | Pet policy: $75(1-4n), $125(5+n) 2pets Max, dog/cat only. $250 fee applied for undisclosed pets",,dallas-fort-worth-tx
HAMPTON INN DALLAS-IRVING-LAS COLINAS,pet-friendly-hotels,820 West Walnut Hill Lane,Irving,TX,75038,+1 972-753-1232,https://www.hilton.com/en/hotels/dallshx-hampton-dallas-irving-las-colinas/,https://www.hilton.com/en/hotels/dallshx-hampton-dallas-irving-las-colinas/hotel-info/,OFFICIAL_PROPERTY,2026-10-10,,,"PETS | Pets allowed: Yes | Non-refundable fee: $75.00 | Pet policy: $75(1-4 nights) $125(5+ nights) Fee per pet, 2 pets max",,dallas-fort-worth-tx
Hampton Inn Fort Worth Southwest Cityview,pet-friendly-hotels,4799 SW Loop 820,Fort Worth,TX,76132,+1 817-346-7845,https://www.hilton.com/en/hotels/ftwrrhx-hampton-fort-worth-southwest-cityview/,https://www.hilton.com/en/hotels/ftwrrhx-hampton-fort-worth-southwest-cityview/hotel-info/,OFFICIAL_PROPERTY,2026-10-10,,,PETS | Pets allowed: Yes | Non-refundable fee: $50.00 | Pet policy: 1-4 night stay $50; 5+ night stay $75; 2 pets max; dog or cat only,,dallas-fort-worth-tx
Hawthorn Extended Stay by Wyndham Bedford / Dallas,pet-friendly-hotels,1908 Forest Ridge Dr,Bedford,TX,76021,(817) 354-5210,https://www.wyndhamhotels.com/hawthorn-extended-stay/bedford-texas/hawthorn-extended-stay-bedford-dallas/overview,https://www.wyndhamhotels.com/hawthorn-extended-stay/bedford-texas/hawthorn-extended-stay-bedford-dallas/overview,OFFICIAL_PROPERTY,2026-10-10,,,Service Animals - ADA-defined service animals welcome. / Pets Allowed - 2 pets max. 100lbs or less per pet. / Fees - 20USD per night. / Other information - Contact hotel for additional details and availability.,,dallas-fort-worth-tx
Hawthorn Extended Stay by Wyndham DFW Airport North,pet-friendly-hotels,7825 Heathrow Dr,Irving,TX,75063,+1 972 929 3333,https://www.wyndhamhotels.com/hawthorn-extended-stay/irving-texas/hawthorn-extended-stay-dfw-airport-north/overview,https://www.wyndhamhotels.com/hawthorn-extended-stay/irving-texas/hawthorn-extended-stay-dfw-airport-north/overview,OFFICIAL_PROPERTY,2026-10-10,,,Service Animals - ADA-defined service animals welcome. / Pets Allowed. 2 pets max. 90lbs or less per pet. / Fees - 25USD for 1st night Plus 10USD for each additional night per pet. / Other Information - Contact hotel for additional details and availability.,,dallas-fort-worth-tx
Hawthorn Extended Stay by Wyndham Lewisville,pet-friendly-hotels,1920 Lakepointe Drive,Lewisville,TX,75057,+1-972-459-7777,https://www.wyndhamhotels.com/hawthorn-extended-stay/lewisville-texas/hawthorn-extended-stay-lewisville/overview,https://www.wyndhamhotels.com/hawthorn-extended-stay/lewisville-texas/hawthorn-extended-stay-lewisville/overview,OFFICIAL_PROPERTY,2026-10-10,,,Service Animals - ADA-defined service animals welcome. / Pets Allowed. 2 pets max. 25lbs or less per pet. / Fees - 20USD per night with initial 50USD non refundable deposit. Pet Sanitation Fee 25USD if required. / Other Information - Contact hotel for additional details and availability.,,dallas-fort-worth-tx
Hilton Anatole,pet-friendly-hotels,2201 N Stemmons Fwy,Dallas,TX,75207,+1 214-748-1200,https://www.hilton.com/en/hotels/dfwanhh-hilton-anatole/,https://www.hilton.com/en/hotels/dfwanhh-hilton-anatole/resort/,OFFICIAL_PROPERTY,2026-10-10,,,"Policies | Pets | Pets Allowed: Yes | Pet Policy: Pets allowed, $75.00 non-refundable fee, 75 lbs maximum, Dogs only maximum 2, fees may apply for any damage | Max Size: Medium | Max Weight: 75 lbs | Pet Fee: $75.00 Non-refundable",,dallas-fort-worth-tx
Hilton Dallas/Park Cities,pet-friendly-hotels,5954 Luther Lane,Dallas,TX,75225,+1 214-368-0400,https://www.hilton.com/en/hotels/dalpchf-hilton-dallas-park-cities/,https://www.hilton.com/en/hotels/dalpchf-hilton-dallas-park-cities/hotel-info/,OFFICIAL_PROPERTY,2026-10-10,,,PETS | Pets allowed: Yes | Non-refundable fee: $75.00 | Max weight: 75 lbs,,dallas-fort-worth-tx
Hilton Dallas/Plano Granite Park,pet-friendly-hotels,5805 Granite Parkway,Plano,TX,75024,+1 469-353-5000,https://www.hilton.com/en/hotels/dalpghh-hilton-dallas-plano-granite-park/,https://www.hilton.com/en/hotels/dalpghh-hilton-dallas-plano-granite-park/hotel-info/,OFFICIAL_PROPERTY,2026-10-10,,,"PETS | Pets allowed: Yes | Non-refundable fee: $75.00 | Max weight: 50 lbs | Max size: Medium | Pet policy: $75 (1-4n), $125 5+ nights, max 2 pets cats/dogs only",,dallas-fort-worth-tx
Hilton Dallas/Southlake Town Square,pet-friendly-hotels,1400 Plaza Place,Southlake,TX,76092,+1 817-442-9900,https://www.hilton.com/en/hotels/dfwslhf-hilton-dallas-southlake-town-square/,https://www.hilton.com/en/hotels/dfwslhf-hilton-dallas-southlake-town-square/hotel-info/,OFFICIAL_PROPERTY,2026-10-10,,,Pets | Pets allowed: Yes | Non-refundable fee: $75.00 | Max weight: 75 lbs | Max size: Large,,dallas-fort-worth-tx
Hilton Fort Worth,pet-friendly-hotels,815 Main St,Fort Worth,TX,76102,+1-817-870-2100,https://www.hilton.com/en/hotels/ftwfwhf-hilton-fort-worth/,https://www.hilton.com/en/hotels/ftwfwhf-hilton-fort-worth/hotel-info/,OFFICIAL_PROPERTY,2026-10-10,,,"Pets | Pets allowed: Yes | Non-refundable fee: $125.00 | Max weight: 50 lbs | Max size: Large | Pet policy: $75 fee for stays of one to four nights and a $125 fee for stays of five nights or more, with a maximum of two pets allowed per room.",,dallas-fort-worth-tx
Hilton Garden Inn Dallas/Addison,pet-friendly-hotels,4090 Belt Line Rd.,Addison,TX,75001,+1 972-233-8000,https://www.hilton.com/en/hotels/dalahgi-hilton-garden-inn-dallas-addison/,https://www.hilton.com/en/hotels/dalahgi-hilton-garden-inn-dallas-addison/hotel-info/,OFFICIAL_PROPERTY,2026-10-10,,,"PETS | Pets allowed: Yes | Non-refundable fee: $75.00 | Max weight: 75 lbs | Pet policy: $75(1-4n),$125(5+n) 2petMax,dog/cat only",,dallas-fort-worth-tx
Hilton Garden Inn Dallas/Allen,pet-friendly-hotels,705 Central Expressway South,Allen,TX,75013,+1 214-547-1700,https://www.hilton.com/en/hotels/dalalgi-hilton-garden-inn-dallas-allen/,https://www.hilton.com/en/hotels/dalalgi-hilton-garden-inn-dallas-allen/hotel-info/,OFFICIAL_PROPERTY,2026-10-10,,,"PETS | Pets allowed: Yes | Non-refundable fee: $75.00 | Max weight: 75 lbs | Pet policy: $75(1-4n),$125(5+n) 2petMax,dog/cat only",,dallas-fort-worth-tx
Hilton Garden Inn Dallas/Arlington,pet-friendly-hotels,2190 E. Lamar Boulevard,Arlington,TX,76006,+1 817-274-6644,https://www.hilton.com/en/hotels/dfwargi-hilton-garden-inn-dallas-arlington/,https://www.hilton.com/en/hotels/dfwargi-hilton-garden-inn-dallas-arlington/hotel-info/,OFFICIAL_PROPERTY,2026-10-10,,,PETS | Pets allowed: Yes | Non-refundable fee: $50.00 | Pet policy: 1-4 night stay $50; 5+ night stay $75; 2 pets max; dog or cat only,,dallas-fort-worth-tx
Hilton Garden Inn Dallas/Arlington South,pet-friendly-hotels,521 East Interstate 20,Arlington,TX,76018,+1 817-557-8233,https://www.hilton.com/en/hotels/dalcxgi-hilton-garden-inn-dallas-arlington-south/,https://www.hilton.com/en/hotels/dalcxgi-hilton-garden-inn-dallas-arlington-south/hotel-info/,OFFICIAL_PROPERTY,2026-10-10,,,"PETS | Pets allowed: Yes | Non-refundable fee: $75.00 | Pet policy: $75(1-4n),$125(5+n) 2petsMax,dog/cat onl",,dallas-fort-worth-tx
Hilton Garden Inn Dallas at Hurst Conference Center,pet-friendly-hotels,1615 Campus Drive,Hurst,TX,76054,+1 817-281-5800,https://www.hilton.com/en/hotels/dfwhcgi-hilton-garden-inn-dallas-at-hurst-conference-center/,https://www.hilton.com/en/hotels/dfwhcgi-hilton-garden-inn-dallas-at-hurst-conference-center/hotel-info/,OFFICIAL_PROPERTY,2026-10-10,,,Pets | Pets allowed: Yes | Non-refundable fee: $75.00 | Max weight: 75 lbs | Max size: Medium | Pet policy: 1-4 night stay $75; 5+ night stay $125; 2 pets max; dog or cat only,,dallas-fort-worth-tx
Hilton Garden Inn Dallas/Duncanville,pet-friendly-hotels,800 North Main Street,Duncanville,TX,75116,+1 972-283-9777,https://www.hilton.com/en/hotels/daldugi-hilton-garden-inn-dallas-duncanville/,https://www.hilton.com/en/hotels/daldugi-hilton-garden-inn-dallas-duncanville/hotel-info/,OFFICIAL_PROPERTY,2026-10-10,,,"PETS | Pets allowed: Yes | Non-refundable fee: $75.00 | Max weight: 75 lbs | Pet policy: $75(1-4n),$125(5+n),2 pets Max,dogs only",,dallas-fort-worth-tx
Hilton Garden Inn Dallas Lewisville,pet-friendly-hotels,785 State Highway 121,Lewisville,TX,75067,+1 972-459-4600,https://www.hilton.com/en/hotels/dallegi-hilton-garden-inn-dallas-lewisville/,https://www.hilton.com/en/hotels/dallegi-hilton-garden-inn-dallas-lewisville/hotel-info/,OFFICIAL_PROPERTY,2026-10-10,,,"PETS | Pets allowed: Yes | Non-refundable fee: $75.00 | Max weight: 75 lbs | Pet policy: $75(1-4nights),$75(5+nights) 2petsMax,dog/cat only",,dallas-fort-worth-tx
Hilton Garden Inn Dallas/Market Center,pet-friendly-hotels,2325 North Stemmons Freeway,Dallas,TX,75207,+1 214-634-8200,https://www.hilton.com/en/hotels/dalmagi-hilton-garden-inn-dallas-market-center/,https://www.hilton.com/en/hotels/dalmagi-hilton-garden-inn-dallas-market-center/hotel-info/,OFFICIAL_PROPERTY,2026-10-10,,,PETS | Pets allowed: Yes | Non-refundable fee: $50.00 | Max weight: 50 lbs | Max size: Medium | Pet policy: 1-4 night stay $50; 5+ night stay $75; 2 pets max; dog or cat only,,dallas-fort-worth-tx
Hilton Garden Inn Dallas/Richardson,pet-friendly-hotels,1001 W President George Bush Turnpike,Richardson,TX,75080,+1 972-792-9393,https://www.hilton.com/en/hotels/dalrigi-hilton-garden-inn-dallas-richardson/,https://www.hilton.com/en/hotels/dalrigi-hilton-garden-inn-dallas-richardson/hotel-info/,OFFICIAL_PROPERTY,2026-10-10,,,PETS | Pets allowed: Yes | Non-refundable fee: $75.00 | Max weight: 75 lbs | Max size: Large,,dallas-fort-worth-tx
Hilton Garden Inn DFW Airport South,pet-friendly-hotels,2001 Valley View Lane,Irving,TX,75061,+1 972-313-2800,https://www.hilton.com/en/hotels/dfwirgi-hilton-garden-inn-dfw-airport-south/,https://www.hilton.com/en/hotels/dfwirgi-hilton-garden-inn-dfw-airport-south/hotel-info/,OFFICIAL_PROPERTY,2026-10-10,,,"Pets | Pets allowed: Yes | Non-refundable fee: $75.00 | Max weight: 75 lbs | Max size: Large | Pet policy: $75.00 (1-4 nights), $125.00 (5+ nights), 2 pets Max, dog/cat only",,dallas-fort-worth-tx
Hilton Garden Inn DFW North Grapevine,pet-friendly-hotels,205 W State Hwy 114,Grapevine,TX,76051,+1 817-421-1172,https://www.hilton.com/en/hotels/dfwgrgi-hilton-garden-inn-dfw-north-grapevine/,https://www.hilton.com/en/hotels/dfwgrgi-hilton-garden-inn-dfw-north-grapevine/hotel-info/,OFFICIAL_PROPERTY,2026-10-10,,,Pets | Pets allowed: Yes | Non-refundable fee: $75.00 | Max weight: 75 lbs | Max size: Small | Pet policy: 1-4 night stay $75 5+ night stay $125 2 pets max dog or cat only,,dallas-fort-worth-tx
Hilton Garden Inn Downtown Dallas,pet-friendly-hotels,1600 Pacific Avenue,Dallas,TX,75201,+1 214-299-8982,https://www.hilton.com/en/hotels/dalpagi-hilton-garden-inn-downtown-dallas/,https://www.hilton.com/en/hotels/dalpagi-hilton-garden-inn-downtown-dallas/hotel-info/,OFFICIAL_PROPERTY,2026-10-10,,,"PETS | Pets allowed: Yes | Non-refundable fee: $75.00 | Pet policy: $75, 2 pets maximum, dog/cat only",,dallas-fort-worth-tx
Hilton Garden Inn Fort Worth Alliance Airport,pet-friendly-hotels,2600 WestPort Parkway,Fort Worth,TX,76177,+1 817-562-3047,https://www.hilton.com/en/hotels/ftwaagi-hilton-garden-inn-fort-worth-alliance-airport/,https://www.hilton.com/en/hotels/ftwaagi-hilton-garden-inn-fort-worth-alliance-airport/hotel-info/,OFFICIAL_PROPERTY,2026-10-10,,,"Pets | Pets allowed: Yes | Non-refundable fee: $125.00 | Pet policy: $75(1-4n), $125(5+n) 1 Pet Max, Dog Only",,dallas-fort-worth-tx
Hilton Garden Inn Fort Worth/Fossil Creek,pet-friendly-hotels,4400 North Freeway,Fort Worth,TX,76137,+1 817-222-0222,https://www.hilton.com/en/hotels/ftwnhgi-hilton-garden-inn-fort-worth-fossil-creek/,https://www.hilton.com/en/hotels/ftwnhgi-hilton-garden-inn-fort-worth-fossil-creek/hotel-info/,OFFICIAL_PROPERTY,2026-10-10,,,Pets | Pets allowed: Yes | Non-refundable fee: $75.00 | Max weight: 75 lbs | Pet policy: 1-4 night stay $75; 5+ night stay $125; 2 pets max; dog or cat only,,dallas-fort-worth-tx
Hilton Garden Inn Fort Worth Medical Center,pet-friendly-hotels,912 Northton Street,Fort Worth,TX,76104,+1 817-921-0788,https://www.hilton.com/en/hotels/ftwmdgi-hilton-garden-inn-fort-worth-medical-center/,https://www.hilton.com/en/hotels/ftwmdgi-hilton-garden-inn-fort-worth-medical-center/hotel-info/,OFFICIAL_PROPERTY,2026-10-10,,,"Pets | Pets allowed: Yes | Non-refundable fee: $75.00 | Max weight: 75 lbs | Pet policy: Dogs and cats are welcome, with a maximum of two pets per room. A $125 non-refundable pet fee applies to stays of five nights or longer.",,dallas-fort-worth-tx
Hilton Garden Inn Frisco,pet-friendly-hotels,7550 Gaylord Parkway,Frisco,TX,75034,+1 469-362-8485,https://www.hilton.com/en/hotels/dfwfrgi-hilton-garden-inn-frisco/,https://www.hilton.com/en/hotels/dfwfrgi-hilton-garden-inn-frisco/hotel-info/,OFFICIAL_PROPERTY,2026-10-10,,,"Pets | Pets allowed: Yes | Non-refundable fee: $75.00 | Max weight: 75 lbs | Max size: Medium | Pet policy: $75(1-4 nights), $125(5+ nights) 2pets Max, dog/cat only",,dallas-fort-worth-tx
Hilton Garden Inn Grand Prairie at EpicCentral,pet-friendly-hotels,2935 S State Highway 161,Grand Prairie,TX,75052,+1 682-428-7311,https://www.hilton.com/en/hotels/dfwlngi-hilton-garden-inn-grand-prairie-at-epiccentral/,https://www.hilton.com/en/hotels/dfwlngi-hilton-garden-inn-grand-prairie-at-epiccentral/hotel-info/,OFFICIAL_PROPERTY,2026-10-10,,,Pets | Pets allowed: Yes | Non-refundable fee: $75.00 | Max weight: 75 lbs | Max size: Medium | Pet policy: Pet Fee is $75 (1-4 nights) and $125 (5+ nights) for cats and dogs only.,,dallas-fort-worth-tx
Hilton Garden Inn Grapevine at Silverlake Crossings,pet-friendly-hotels,2240 Bass Pro Court,Grapevine,TX,76051,+1 817-601-8280,https://www.hilton.com/en/hotels/dfwscgi-hilton-garden-inn-grapevine-at-silver-lake-crossings/,https://www.hilton.com/en/hotels/dfwscgi-hilton-garden-inn-grapevine-at-silver-lake-crossings/hotel-info/,OFFICIAL_PROPERTY,2026-10-10,,,Pets | Pets allowed: Yes | Non-refundable fee: $75.00 | Max weight: 75 lbs | Max size: Medium | Pet policy: $75(1-4n)$125(5+n)2 pets/dog-cat only,,dallas-fort-worth-tx
Hilton Garden Inn Las Colinas,pet-friendly-hotels,7516 Las Colinas Boulevard,Irving,TX,75063,+1 972-444-8434,https://www.hilton.com/en/hotels/dfwlcgi-hilton-garden-inn-las-colinas/,https://www.hilton.com/en/hotels/dfwlcgi-hilton-garden-inn-las-colinas/hotel-info/,OFFICIAL_PROPERTY,2026-10-10,,,"Pets | Pets allowed: Yes | Non-refundable fee: $75.00 | Max weight: 75 lbs | Pet policy: $75(1-4n),$125(5+n) 2petsMax,dog/cat only",,dallas-fort-worth-tx
Hilton Garden Inn North Dallas Central Expy,pet-friendly-hotels,10350 N Central Expy,Dallas,TX,75231,+1 214-696-3000,https://www.hilton.com/en/hotels/dalcegi-hilton-garden-inn-north-dallas-central-expy/,https://www.hilton.com/en/hotels/dalcegi-hilton-garden-inn-north-dallas-central-expy/hotel-info/,OFFICIAL_PROPERTY,2026-10-10,,,"PETS | Pets allowed: Yes | Non-refundable fee: $75.00 | Pet policy: $75(1-4n),$125(5+n) 2petsMax,dog/cat onl",,dallas-fort-worth-tx
Hilton Garden Inn The Colony Dallas,pet-friendly-hotels,4301 Paige Rd,The Colony,TX,75056,+1-214-308-0073,https://www.hilton.com/en/hotels/dfwtlgi-hilton-garden-inn-the-colony-dallas/,https://www.hilton.com/en/hotels/dfwtlgi-hilton-garden-inn-the-colony-dallas/hotel-info/,OFFICIAL_PROPERTY,2026-10-10,,,Pets | Pets allowed: Yes | Non-refundable fee: $75.00 | Max weight: 50 lbs,,dallas-fort-worth-tx
Holiday Inn & Suites Dallas-Addison,pet-friendly-hotels,4355 Beltway Drive,Addison,TX,75001,,https://www.ihg.com/holidayinn/hotels/us/en/addison/dalqr/hoteldetail,https://www.ihg.com/holidayinn/hotels/us/en/addison/dalqr/hoteldetail,OFFICIAL_PROPERTY,2026-10-10,,,Pets are welcome at Holiday Inn & Suites Dallas-Addison. | Pet policy description. 35 NON REFUNDABLE FEE PER PET PER NIGHT. 100 Dollar Extra Cleaning fee if there are any accidents or damages in the room. | Pet fee per night: 35 USD | Pet damage deposit: 100 USD | Pet weight limit: 50 | 2 pets allowed | Pets allowed: Only dogs allowed,,dallas-fort-worth-tx
Holiday Inn & Suites McKinney - N Allen,pet-friendly-hotels,3220 Craig Drive,McKinney,TX,75070,,https://www.ihg.com/holidayinn/hotels/us/en/mckinney/mcktx/hoteldetail,https://www.ihg.com/holidayinn/hotels/us/en/mckinney/mcktx/hoteldetail/amenities,OFFICIAL_PROPERTY,2026-10-10,,,Pet policy | Pet fee per stay: 75 USD | Pet damage deposit: 75 USD | Pet weight limit: 25 pounds | 2 pets allowed | Pets allowed: Only dogs allowed,,dallas-fort-worth-tx
Holiday Inn Dallas - Garland,pet-friendly-hotels,5110 N. President George Bush Hwy,Garland,TX,75040,,https://www.ihg.com/holidayinn/hotels/us/en/garland/dalgl/hoteldetail,https://www.ihg.com/holidayinn/hotels/us/en/garland/dalgl/hoteldetail/amenities,OFFICIAL_PROPERTY,2026-10-10,,,"Pet policy | Pets are not allowed in food and beverage, pool, gift shop or fitness center areas. Pets are allowed to be walked in any of our grass areas. Guests are responsible for pet waste clean up inside and outside the hotel or throughout the property and grounds. | Pet fee per night: 40 USD | Pet weight limit: No weight limit per pet | 2 pets allowed | Pets allowed: Only dogs and cats allowed",,dallas-fort-worth-tx
Holiday Inn Dallas-Richardson,pet-friendly-hotels,1655 N. Central Expressway,Richardson,TX,75080,,https://www.ihg.com/holidayinn/hotels/us/en/richardson/dalrs/hoteldetail,https://www.ihg.com/holidayinn/hotels/us/en/richardson/dalrs/hoteldetail/amenities,OFFICIAL_PROPERTY,2026-10-10,,,"Pet policy | 25 US per pet, per room, nonrefundable fee. Guests are liable for damages. Pets must be leashed cleaned up after and owners must notify the hotel in advance, must not be left unaccompanied in the room. Enjoy your stay. | Pet fee per night: 25 USD | Pet weight limit: No weight limit per pet | 2 pets allowed | Pets allowed: Only dogs and cats allowed",,dallas-fort-worth-tx
Holiday Inn Express & Suites Burleson/Ft. Worth,pet-friendly-hotels,13250 Jake Court,Fort Worth,TX,76028,(817) 426-0396,https://www.ihg.com/holidayinnexpress/hotels/us/en/burleson/blstx/hoteldetail,https://www.ihg.com/holidayinnexpress/hotels/us/en/burleson/blstx/hoteldetail,OFFICIAL_PROPERTY,2026-10-10,,,Can I bring my pet to Holiday Inn Express & Suites Burleson/Ft. Worth? | Pets are welcome at Holiday Inn Express & Suites Burleson/Ft. Worth. | Pet policy description. PET FEE IS 75.00 PER PET PER STAY UP TO 75 LBS. Service Animals allowed with proper documentation in accordance with the ADA Guidelines. | Pet fee per stay: 75 USD | Pet damage deposit: 75 USD | Pet weight limit: 75 | NO_LIMIT pets allowed | Pets allowed: All pets allowed,,dallas-fort-worth-tx
Holiday Inn Express & Suites Dallas - Duncanville,pet-friendly-hotels,1035 Hwy. 67 East,Duncanville,TX,75137,,https://www.ihg.com/holidayinnexpress/hotels/us/en/duncanville/dcvtx/hoteldetail,https://www.ihg.com/holidayinnexpress/hotels/us/en/duncanville/dcvtx/hoteldetail,OFFICIAL_PROPERTY,2026-10-10,,,Pets are welcome at Holiday Inn Express & Suites Dallas - Duncanville. | Pet policy description. Small Pets under 25 lbs are welcome for a non refundable fee of 25 dollar per day per pet. There is also a 100 dollar refundable deposit for any damages that may occur. Only Cats and Dogs are allowed. | Pet fee per night: 25 USD | Pet damage deposit: 100 USD | Pet weight limit: 25 | 2 pets allowed | Pets allowed: All pets allowed,,dallas-fort-worth-tx
Holiday Inn Express & Suites Dallas East - Fair Park,pet-friendly-hotels,8703 East RL Thornton Freeway,Dallas,TX,75228,,https://www.ihg.com/holidayinnexpress/hotels/us/en/dallas/dalsa/hoteldetail,https://www.ihg.com/holidayinnexpress/hotels/us/en/dallas/dalsa/hoteldetail,OFFICIAL_PROPERTY,2026-10-10,,,Pets are welcome at Holiday Inn Express & Suites Dallas East - Fair Park. | Pet policy description. Pets are welcomed. Maximum weight for all pets not to exceed 75 pounds. Pet agreement must be signed at check in. Strict limit of two pets. Record or complete up to date vaccinations are required. | Pet fee per night: 50 USD | Pet weight limit: 75 | 2 pets allowed | Pets allowed: Only dogs and cats allowed,,dallas-fort-worth-tx
Holiday Inn Express & Suites Dallas NW - Farmers Branch,pet-friendly-hotels,1570 Lyndon B. Johnson Freeway,Farmers Branch,TX,75234,+1-469-862-3500,https://www.ihg.com/holidayinnexpress/hotels/us/en/farmers-branch/dfwbf/hoteldetail,https://www.ihg.com/holidayinnexpress/hotels/us/en/farmers-branch/dfwbf/hoteldetail,OFFICIAL_PROPERTY,2026-10-10,,,"Pets are welcome at Holiday Inn Express & Suites Dallas NW - Farmers Branch. | Pet policy description. Pets are allowed only in designated rooms which excludes Suites at 20.00 dollars per pet per night and not included in the room rate. Up to two pets only, 20 lbs each. Please declare any pets upon check in. | Pet fee per night: 45 USD | Pet damage deposit: 0 USD | Pet weight limit: 60 | 2 pets allowed | Pets allowed: Only dogs allowed",,dallas-fort-worth-tx
Holiday Inn Express & Suites Dallas Southwest-Cedar Hill,pet-friendly-hotels,1007 N Hwy 67,Cedar Hill,TX,75104,,https://www.ihg.com/holidayinnexpress/hotels/us/en/cedar-hill/dfwch/hoteldetail,https://www.ihg.com/holidayinnexpress/hotels/us/en/cedar-hill/dfwch/hoteldetail,OFFICIAL_PROPERTY,2026-10-10,,,"Pets are welcome at Holiday Inn Express & Suites Dallas Southwest-Cedar Hill. | Pet policy description. The pet policy pertains to all domestic small pets 40 lbs. and under excluding service animals, which are welcome at no charge. The guest must pay a 25.00 nonrefundable fee PER DAY PER PET. Maximum of two pets allowed per room. | Pet fee per night: 25 USD | Pet damage deposit: 25 USD | Pet weight limit: 20 | 2 pets allowed | Pets allowed: Only dogs and cats allowed",,dallas-fort-worth-tx
Holiday Inn Express & Suites Fort Worth Downtown,pet-friendly-hotels,1111 W. Lancaster Avenue,Fort Worth,TX,76102,(817) 665-4213,https://www.ihg.com/holidayinnexpress/hotels/us/en/fort-worth/ftwla/hoteldetail,https://www.ihg.com/holidayinnexpress/hotels/us/en/fort-worth/ftwla/hoteldetail,OFFICIAL_PROPERTY,2026-10-10,,,"Pets are welcome at Holiday Inn Express & Suites Fort Worth Downtown. | Pet policy description. Two pets maximum 50 pounds each are allowed and require a 75 USD Pet Fee, which is nonrefundable. For extended stay 7plus days and additional 100 will be added to the account | Pet fee per stay: 75 USD | Pet weight limit: 50 | 2 pets allowed | Pets allowed: All pets allowed",,dallas-fort-worth-tx
Holiday Inn Express & Suites Fort Worth - Fossil Creek,pet-friendly-hotels,6351 North Freeway,Fort Worth,TX,76131,(817) 234-9033,https://www.ihg.com/holidayinnexpress/hotels/us/en/fort-worth/ftwwc/hoteldetail,https://www.ihg.com/holidayinnexpress/hotels/us/en/fort-worth/ftwwc/hoteldetail,OFFICIAL_PROPERTY,2026-10-10,,,Pets are welcome at Holiday Inn Express & Suites Fort Worth - Fossil Creek. | Pet policy description. We welcome domestic pets weighing 35 lbs or less and 20. USD per day non refundable fee. Max 2 pets per room; must register pet upon arrival and sign pet policy form. | Pet fee per night: 20 USD | Pet weight limit: 25 | 2 pets allowed | Pets allowed: Only dogs allowed,,dallas-fort-worth-tx
Holiday Inn Express & Suites Lake Worth NW Loop 820,pet-friendly-hotels,3541 NW Loop 820,Lake Worth,TX,76106,,https://www.ihg.com/holidayinnexpress/hotels/us/en/fort-worth/lwwtx/hoteldetail,https://www.ihg.com/holidayinnexpress/hotels/us/en/fort-worth/lwwtx/hoteldetail,OFFICIAL_PROPERTY,2026-10-10,,,"Pets are welcome at Holiday Inn Express & Suites Lake Worth NW Loop 820. | Pet policy description. We would love to accomodate your pet. We allow pets however, an additional non refundable fee of 25.00 USD per Night, per Pet, per Room will be applied for accepted pets of 25 pounds or less. A max of 2 pets per room. | Pet fee per night: 25 USD | Pet weight limit: 25 | 2 pets allowed | Pets allowed: Only dogs and cats allowed",,dallas-fort-worth-tx
Holiday Inn Express & Suites Mansfield,pet-friendly-hotels,201 Hwy 287 North,Mansfield,TX,76063,,https://www.ihg.com/holidayinnexpress/hotels/us/en/mansfield/mfdtx/hoteldetail,https://www.ihg.com/holidayinnexpress/hotels/us/en/mansfield/mfdtx/hoteldetail,OFFICIAL_PROPERTY,2026-10-10,,,"Pets are welcome at Holiday Inn Express & Suites Mansfield. | Pet policy description. 25 lbs or smaller pet fee of 20.00 per day,maximum of two pets per room. Pets are not allowed in the lobby, common areas, elevator, or any public locations of the hotel. Pets cannot be left unattend at any time. | Pet fee per night: 25 USD | Pet weight limit: 25 | 2 pets allowed | Pets allowed: Only dogs and cats allowed",,dallas-fort-worth-tx
Holiday Inn Express & Suites Plano East - Richardson,pet-friendly-hotels,2001 E President George Bush Highway,Plano,TX,75074,(972) 943-2955,https://www.ihg.com/holidayinnexpress/hotels/us/en/plano/dfwrs/hoteldetail,https://www.ihg.com/holidayinnexpress/hotels/us/en/plano/dfwrs/hoteldetail,OFFICIAL_PROPERTY,2026-10-10,,,"Pets are welcome at Holiday Inn Express & Suites Plano East - Richardson. | Pet policy description. A pet friendly hotel, accepting only dogs under 50lbs. A pet fee of 75.00 dollars plus taxes will be assessed per stay. | Pet fee per stay: 75 USD | Pet weight limit: 50 | 1 pets allowed | Pets allowed: Only dogs and cats allowed",,dallas-fort-worth-tx
Holiday Inn Express Dallas Medical - Market Ctr,pet-friendly-hotels,4500 Harry Hines Boulevard,Dallas,TX,75219,+1-214-219-3333,https://www.ihg.com/holidayinnexpress/hotels/us/en/dallas/dalhh/hoteldetail,https://www.ihg.com/holidayinnexpress/hotels/us/en/dallas/dalhh/hoteldetail,OFFICIAL_PROPERTY,2026-10-10,,,Pets are welcome at Holiday Inn Express Dallas Medical - Market Ctr. | Pet policy description. A 75 dollar non refundable pet fee per pet is due upon check in. Cats and dogs are allowed with a 2 pet max per room. There is no fee for certified service animals. Hotel has the right to refuse unruly or threatening animals. | Pet fee per stay: 75 USD | Pet weight limit: No weight limit per pet | 2 pets allowed | Pets allowed: All pets allowed,,dallas-fort-worth-tx
Home2 Suites by Hilton Bedford DFW West,pet-friendly-hotels,1916 Forest Ridge Dr.,Bedford,TX,76021,+1 682-503-4535,https://www.hilton.com/en/hotels/dfwbdht-home2-suites-bedford-dfw-west/,https://www.hilton.com/en/hotels/dfwbdht-home2-suites-bedford-dfw-west/hotel-info/,OFFICIAL_PROPERTY,2026-10-10,,,"PETS | Pets allowed: Yes | Non-refundable fee: $75.00 | Pet policy: $75(1-4n),$125(5+n) 2petMax dog/cat only",,dallas-fort-worth-tx
Home2 Suites by Hilton Burleson,pet-friendly-hotels,13233 Jake Court,Fort Worth,TX,76028,+1 682-255-6888,https://www.hilton.com/en/hotels/dfwjcht-home2-suites-burleson/,https://www.hilton.com/en/hotels/dfwjcht-home2-suites-burleson/hotel-info/,OFFICIAL_PROPERTY,2026-10-10,,,"Pets | Pets allowed: Yes | Non-refundable fee: $125.00 | Max weight: 75 lbs | Max size: Medium | Pet policy: $75(1-4n),$125(5+n),2PetsMax,Dogs/Cats Only",,dallas-fort-worth-tx
Home2 Suites by Hilton Coppell DFW Grapevine North,pet-friendly-hotels,1030 W. Sandy Lake Rd.,Coppell,TX,75019,+1 469-240-0500,https://www.hilton.com/en/hotels/dfwehht-home2-suites-coppell-dfw-grapevine-north/,https://www.hilton.com/en/hotels/dfwehht-home2-suites-coppell-dfw-grapevine-north/hotel-info/,OFFICIAL_PROPERTY,2026-10-10,,,"Pets | Pets allowed: Yes | Non-refundable fee: $75.00 | Max weight: 75 lbs | Max size: Large | Pet policy: $75(1-4n), $125(5+n) 2pets Max, dog/cat only",,dallas-fort-worth-tx
Home2 Suites by Hilton Dallas Addison,pet-friendly-hotels,4875 Belt Line Road,Addison,TX,75254,+1 972-980-4816,https://www.hilton.com/en/hotels/dfwhtht-home2-suites-dallas-addison/,https://www.hilton.com/en/hotels/dfwhtht-home2-suites-dallas-addison/hotel-info/,OFFICIAL_PROPERTY,2026-10-10,,,"Pets | Pets allowed: Yes | Non-refundable fee: $75.00 | Max weight: 75 lbs | Max size: Medium | Pet policy: $75(1-4n), $125(5+n), 2 pets Max, dog/cat only, 75 lbs.",,dallas-fort-worth-tx
Home2 Suites by Hilton Dallas DeSoto,pet-friendly-hotels,1300 E Centre Park Boulevard,DeSoto,TX,75115,+1 972-228-0400,https://www.hilton.com/en/hotels/dfwtoht-home2-suites-dallas-desoto/,https://www.hilton.com/en/hotels/dfwtoht-home2-suites-dallas-desoto/hotel-info/,OFFICIAL_PROPERTY,2026-10-10,,,"Pets | Pets allowed: Yes | Non-refundable fee: $75.00 | Pet policy: $75(1-4n),$125(5+n) 2 pet maximum, dog/cat only",,dallas-fort-worth-tx
Home2 Suites by Hilton Dallas Downtown at Baylor Scott & White,pet-friendly-hotels,3301 Gaston Ave,Dallas,TX,75246,+1 214-765-2690,https://www.hilton.com/en/hotels/dfwmcht-home2-suites-dallas-downtown-at-baylor-scott-and-white/,https://www.hilton.com/en/hotels/dfwmcht-home2-suites-dallas-downtown-at-baylor-scott-and-white/hotel-info/,OFFICIAL_PROPERTY,2026-10-10,,,"Pets | Pets allowed: Yes | Non-refundable fee: $75.00 | Pet policy: 1-4 nights $75, 5+ nights $125. pets max, dogs and cats only.",,dallas-fort-worth-tx
Home2 Suites by Hilton Dallas East,pet-friendly-hotels,6845 Samuell Blvd,Dallas,TX,75228,+1 469-299-8850,https://www.hilton.com/en/hotels/dfwtfht-home2-suites-dallas-east/,https://www.hilton.com/en/hotels/dfwtfht-home2-suites-dallas-east/hotel-info/,OFFICIAL_PROPERTY,2026-10-10,,,"Pets | Pets allowed: Yes | Non-refundable fee: $100.00 | Pet policy: $100(1-6n), $125(7+n) 2 pet maximum, dog/cat only",,dallas-fort-worth-tx
"Home2 Suites by Hilton Dallas-Frisco, TX",pet-friendly-hotels,2000 Parkwood Boulevard,Frisco,TX,75034,+1 972-377-7300,https://www.hilton.com/en/hotels/dfwdfht-home2-suites-dallas-frisco-tx/,https://www.hilton.com/en/hotels/dfwdfht-home2-suites-dallas-frisco-tx/hotel-info/,OFFICIAL_PROPERTY,2026-10-10,,,"PETS | Pets allowed: Yes | Non-refundable fee: $75.00 | Max weight: 75 lbs | Max size: Medium | Pet policy: $75(1-4n), $125(5+n), 2 pets Max, dog/cat only, 75 lbs.",,dallas-fort-worth-tx
Home2 Suites by Hilton Dallas Grand Prairie,pet-friendly-hotels,2123 Interstate 20,Grand Prairie,TX,75052,+1 972-606-1111,https://www.hilton.com/en/hotels/dfwgpht-home2-suites-dallas-grand-prairie/,https://www.hilton.com/en/hotels/dfwgpht-home2-suites-dallas-grand-prairie/hotel-info/,OFFICIAL_PROPERTY,2026-10-10,,,"Pets | Pets allowed: Yes | Non-refundable fee: $75.00 | Max weight: 75 lbs | Max size: Medium | Pet policy: $75(1-4n),$125(5+n) 2pets Max, dog/cat only",,dallas-fort-worth-tx
Home2 Suites by Hilton Dallas I-30 Cockrell Hill,pet-friendly-hotels,2000 North Cockrell Hill,Dallas,TX,75212,+1 469-708-3500,https://www.hilton.com/en/hotels/dalchht-home2-suites-dallas-i-30-cockrell-hill/,https://www.hilton.com/en/hotels/dalchht-home2-suites-dallas-i-30-cockrell-hill/hotel-info/,OFFICIAL_PROPERTY,2026-10-10,,,PETS | Pets allowed: Yes | Non-refundable fee: $75.00 | Max weight: 75 lbs | Max size: Medium,,dallas-fort-worth-tx
Home2 Suites by Hilton Dallas Medical District Lovefield,pet-friendly-hotels,4866 Harry Hines Blvd,Dallas,TX,75235,+1 469-466-9000,https://www.hilton.com/en/hotels/dalaaht-home2-suites-dallas-medical-district-love-field/,https://www.hilton.com/en/hotels/dalaaht-home2-suites-dallas-medical-district-love-field/hotel-info/,OFFICIAL_PROPERTY,2026-10-10,,,"PETS | Pets allowed: Yes | Non-refundable fee: $100.00 | Max weight: 75 lbs | Max size: Medium | Pet policy: $100(1-4n), $150(5+n) 2petsMax,dog/cat only",,dallas-fort-worth-tx
Home2 Suites by Hilton DFW Airport South Irving,pet-friendly-hotels,4340 W Airport Freeway,Irving,TX,75062,+1 972-986-3606,https://www.hilton.com/en/hotels/dfwaiht-home2-suites-dfw-airport-south-irving/,https://www.hilton.com/en/hotels/dfwaiht-home2-suites-dfw-airport-south-irving/hotel-info/,OFFICIAL_PROPERTY,2026-10-10,,,PETS | Pets allowed: Yes | Non-refundable fee: $75.00 | Max weight: 40 lbs | Max size: Medium | Pet policy: 1-4 night stay $75; 5+ night stay $125; 2 pets max; dog or cat only,,dallas-fort-worth-tx
Home2 Suites by Hilton Fairview/Allen,pet-friendly-hotels,290 Murray Farm Rd,Fairview,TX,75069,+1 214-677-1270,https://www.hilton.com/en/hotels/dfwfaht-home2-suites-fairview-allen/,https://www.hilton.com/en/hotels/dfwfaht-home2-suites-fairview-allen/hotel-info/,OFFICIAL_PROPERTY,2026-10-10,,,"Pets | Pets allowed: Yes | Non-refundable fee: $75.00 | Max weight: 75 lbs | Pet policy: $75(1-4n),$125(5+n) 2petsMax,dog/cat onl",,dallas-fort-worth-tx
Home2 Suites by Hilton Flower Mound Dallas,pet-friendly-hotels,4231 River Walk Dr,Flower Mound,TX,75028,+1 469-968-8700,https://www.hilton.com/en/hotels/dfwfwht-home2-suites-flower-mound-dallas/,https://www.hilton.com/en/hotels/dfwfwht-home2-suites-flower-mound-dallas/hotel-info/,OFFICIAL_PROPERTY,2026-10-10,,,Pets | Pets allowed: Yes | Non-refundable fee: $75.00 | Max weight: 100 lbs | Max size: Large | Pet policy: 75.00 1-4 Nights and 125.00 for 5 plus nights.,,dallas-fort-worth-tx
Home2 Suites by Hilton Fort Worth Arlington West,pet-friendly-hotels,1225 Little Cina Ln,Fort Worth,TX,76120,+1 817-449-2220,https://www.hilton.com/en/hotels/ftwarht-home2-suites-fort-worth-arlington-west/,https://www.hilton.com/en/hotels/ftwarht-home2-suites-fort-worth-arlington-west/hotel-info/,OFFICIAL_PROPERTY,2026-10-10,,,"Pets | Pets allowed: Yes | Non-refundable fee: $75.00 | Max weight: 50 lbs | Pet policy: $50+Tax(1-4 nights),$75+Tax(5+nights) Per Pet Per Week. Max 2 pets,dog/cat only",,dallas-fort-worth-tx
Home2 Suites by Hilton Fort Worth Cultural District,pet-friendly-hotels,1145 University Dr.,Fort Worth,TX,76107,+1 682-707-9475,https://www.hilton.com/en/hotels/ftwcdht-home2-suites-fort-worth-cultural-district/,https://www.hilton.com/en/hotels/ftwcdht-home2-suites-fort-worth-cultural-district/hotel-info/,OFFICIAL_PROPERTY,2026-10-10,,,"Pets | Pets allowed: Yes | Non-refundable fee: $75.00 | Max weight: 75 lbs | Max size: Large | Pet policy: $75 1-4 nights/$125 5+nights, 2 pets max",,dallas-fort-worth-tx
Home2 Suites by Hilton Fort Worth Fossil Creek,pet-friendly-hotels,5100 Endicott Avenue,Fort Worth,TX,76137,+1 817-893-2300,https://www.hilton.com/en/hotels/ftwfoht-home2-suites-fort-worth-fossil-creek/,https://www.hilton.com/en/hotels/ftwfoht-home2-suites-fort-worth-fossil-creek/hotel-info/,OFFICIAL_PROPERTY,2026-10-10,,,"Pets | Pets allowed: Yes | Non-refundable fee: $125.00 | Pet policy: $75(1-4n),$125(5+n)2pets max,dog/cat only, total combined weight 75 lbs.",,dallas-fort-worth-tx
Home2 Suites by Hilton Fort Worth Northlake,pet-friendly-hotels,13351 Raceway Drive,Northlake,TX,76262,+1 682-831-1717,https://www.hilton.com/en/hotels/dfwnlht-home2-suites-fort-worth-northlake/,https://www.hilton.com/en/hotels/dfwnlht-home2-suites-fort-worth-northlake/hotel-info/,OFFICIAL_PROPERTY,2026-10-10,,,"Pets | Pets allowed: Yes | Non-refundable fee: $86.25 | Max weight: 75 lbs | Max size: Medium | Pet policy: $75(1-4n) $125(5+n) (2)pets Max, dog/cat only + tax",,dallas-fort-worth-tx
Home2 Suites by Hilton Fort Worth Southwest Cityview,pet-friendly-hotels,5401 SW Loop 820,Fort Worth,TX,76132,+1 817-349-3782,https://www.hilton.com/en/hotels/dfwswht-home2-suites-fort-worth-southwest-cityview/,https://www.hilton.com/en/hotels/dfwswht-home2-suites-fort-worth-southwest-cityview/hotel-info/,OFFICIAL_PROPERTY,2026-10-10,,,"Pets | Pets allowed: Yes | Non-refundable fee: $75.00 | Pet policy: $75(1-4n),$125(5-25n)2petsmax,dog/cat only",,dallas-fort-worth-tx
Home2 Suites by Hilton Irving/DFW Airport North,pet-friendly-hotels,4700 North Plaza Drive,Irving,TX,75063,+1 972-929-5700,https://www.hilton.com/en/hotels/dalivht-home2-suites-irving-dfw-airport-north/,https://www.hilton.com/en/hotels/dalivht-home2-suites-irving-dfw-airport-north/hotel-info/,OFFICIAL_PROPERTY,2026-10-10,,,"PETS | Pets allowed: Yes | Non-refundable fee: $75.00 | Max weight: 75 lbs | Max size: Medium | Pet policy: $75(1-4ni), $125(5+ni)2 pets Max, dog/cat",,dallas-fort-worth-tx
Home2 Suites by Hilton Lewisville Dallas,pet-friendly-hotels,450 E. Corporate Dr.,Lewisville,TX,75057,+1 469-771-3970,https://www.hilton.com/en/hotels/daldlht-home2-suites-lewisville-dallas/,https://www.hilton.com/en/hotels/daldlht-home2-suites-lewisville-dallas/hotel-info/,OFFICIAL_PROPERTY,2026-10-10,,,"PETS | Pets allowed: Yes | Non-refundable fee: $75.00 | Max weight: 75 lbs | Max size: Medium | Pet policy: $75(1-4n),$125(5+n)2pets Max, dog/cat",,dallas-fort-worth-tx
Home2 Suites by Hilton McKinney,pet-friendly-hotels,2630 South Central Expressway,McKinney,TX,75070,+1 469-678-5045,https://www.hilton.com/en/hotels/dalknht-home2-suites-mckinney/,https://www.hilton.com/en/hotels/dalknht-home2-suites-mckinney/hotel-info/,OFFICIAL_PROPERTY,2026-10-10,,,"PETS | Pets allowed: Yes | Non-refundable fee: $75.00 | Max weight: 75 lbs | Pet policy: $75(1-4n) $125(5+n) 2petsMax, dog/cat only",,dallas-fort-worth-tx
Home2 Suites by Hilton North Dallas Central Expy,pet-friendly-hotels,8180 Midtown Blvd,Dallas,TX,75231,+1 469-232-9351,https://www.hilton.com/en/hotels/dfwceht-home2-suites-north-dallas-central-expy/,https://www.hilton.com/en/hotels/dfwceht-home2-suites-north-dallas-central-expy/hotel-info/,OFFICIAL_PROPERTY,2026-10-10,,,"PETS | Pets allowed: Yes | Non-refundable fee: $125.00 | Max weight: 75 lbs | Max size: Medium | Pet policy: $75(1-4n),$125(5+n) 2pets Max * See front Desk for additional Pet Cleaning Fees",,dallas-fort-worth-tx
Home2 Suites by Hilton North Plano Hwy 75,pet-friendly-hotels,3525 Premier Dr,Plano,TX,75023,+1 469-367-4900,https://www.hilton.com/en/hotels/dalskht-home2-suites-north-plano-hwy-75/,https://www.hilton.com/en/hotels/dalskht-home2-suites-north-plano-hwy-75/hotel-info/,OFFICIAL_PROPERTY,2026-10-10,,,"PETS | Pets allowed: Yes | Non-refundable fee: $75.00 | Pet policy: $75(1-4n),$125(5+n) 2petsMax,dog/cat only",,dallas-fort-worth-tx
Home2 Suites by Hilton Plano Legacy West,pet-friendly-hotels,6300 Tennyson Parkway,Plano,TX,75024,+1 469-661-3100,https://www.hilton.com/en/hotels/dallght-home2-suites-plano-legacy-west/,https://www.hilton.com/en/hotels/dallght-home2-suites-plano-legacy-west/hotel-info/,OFFICIAL_PROPERTY,2026-10-10,,,"PETS | Pets allowed: Yes | Non-refundable fee: $75.00 | Max weight: 75 lbs | Max size: Medium | Pet policy: $75(1-4n), $125(5+n), 2pets Max, dog/cat only, 75lbs",,dallas-fort-worth-tx
Home2 Suites by Hilton Plano Richardson,pet-friendly-hotels,401 Wynhurst Drive,Plano,TX,75074,+1 469-661-2900,https://www.hilton.com/en/hotels/dalwwht-home2-suites-plano-richardson/,https://www.hilton.com/en/hotels/dalwwht-home2-suites-plano-richardson/hotel-info/,OFFICIAL_PROPERTY,2026-10-10,,,"PETS | Pets allowed: Yes | Non-refundable fee: $75.00 | Max weight: 75 lbs | Max size: Medium | Pet policy: $75(1-4n), $125(5+n), 2 pets Max, dog/cat only, 75 lbs.",,dallas-fort-worth-tx
Home2 Suites by Hilton Rowlett Rockwall Marina,pet-friendly-hotels,8609 Sunset Blvd,Rowlett,TX,75088,+1 469-367-4200,https://www.hilton.com/en/hotels/dfwrwht-home2-suites-rowlett-rockwall-marina/,https://www.hilton.com/en/hotels/dfwrwht-home2-suites-rowlett-rockwall-marina/hotel-info/,OFFICIAL_PROPERTY,2026-10-10,,,Pets | Pets allowed: Yes | Non-refundable fee: $125.00 | Max weight: 50 lbs | Max size: Medium | Pet policy: Two pets per room limit. 1-4 days $75/pet plus tax non-refundable 5+ days $125/pet non-refundable.,,dallas-fort-worth-tx
Homewood Suites by Hilton Coppell DFW Airport North,pet-friendly-hotels,1540 Point West Blvd,Coppell,TX,75019,+1 469-444-0610,https://www.hilton.com/en/hotels/dfwpphw-homewood-suites-coppell-dfw-airport-north/,https://www.hilton.com/en/hotels/dfwpphw-homewood-suites-coppell-dfw-airport-north/hotel-info/,OFFICIAL_PROPERTY,2026-10-10,,,"Pets | Pets allowed: Yes | Non-refundable fee: $75.00 | Max weight: 75 lbs | Pet policy: $75+tax(1-4nights),$125+tax(5+nights),2petsMax,dog/catonly",,dallas-fort-worth-tx
Homewood Suites by Hilton Dallas/Allen,pet-friendly-hotels,455 Central Expressway North,Allen,TX,75013,+1 214-383-6673,https://www.hilton.com/en/hotels/dalaehw-homewood-suites-dallas-allen/,https://www.hilton.com/en/hotels/dalaehw-homewood-suites-dallas-allen/hotel-info/,OFFICIAL_PROPERTY,2026-10-10,,,PETS | Pets allowed: Yes | Non-refundable fee: $75.00,,dallas-fort-worth-tx
Homewood Suites by Hilton Dallas-Arlington,pet-friendly-hotels,2401 Road to Six Flags Street East,Arlington,TX,76011,+1 817-633-1594,https://www.hilton.com/en/hotels/dalarhw-homewood-suites-dallas-arlington/,https://www.hilton.com/en/hotels/dalarhw-homewood-suites-dallas-arlington/hotel-info/,OFFICIAL_PROPERTY,2026-10-10,,,PETS | Pets allowed: Yes | Non-refundable fee: $75.00 | Pet policy: $75(1-4nights) $125(5+nights) 2 pets max,,dallas-fort-worth-tx
Homewood Suites by Hilton Dallas/Arlington South,pet-friendly-hotels,4550 Waxwing Drive,Arlington,TX,76018,+1 817-465-4663,https://www.hilton.com/en/hotels/dalaghw-homewood-suites-dallas-arlington-south/,https://www.hilton.com/en/hotels/dalaghw-homewood-suites-dallas-arlington-south/hotel-info/,OFFICIAL_PROPERTY,2026-10-10,,,"PETS | Pets allowed: Yes | Non-refundable fee: $75.00 | Max weight: 75 lbs | Max size: Medium | Pet policy: $75(1-4n) $125(5+n), 2 pets Max, dog/cat only",,dallas-fort-worth-tx
Homewood Suites by Hilton Dallas-DFW Airport N-Grapevine,pet-friendly-hotels,2214 Grapevine Mills Circle West,Grapevine,TX,76051,+1 972-691-2427,https://www.hilton.com/en/hotels/dalhwhw-homewood-suites-dallas-dfw-airport-n-grapevine/,https://www.hilton.com/en/hotels/dalhwhw-homewood-suites-dallas-dfw-airport-n-grapevine/hotel-info/,OFFICIAL_PROPERTY,2026-10-10,,,"PETS | Pets allowed: Yes | Non-refundable fee: $125.00 | Pet policy: $75(1-4n),$125(5+n) 2 pets max, dog/cat",,dallas-fort-worth-tx
"Homewood Suites by Hilton Dallas Downtown, TX",pet-friendly-hotels,1025 Elm Street,Dallas,TX,75202,+1 214-748-4000,https://www.hilton.com/en/hotels/dalelhw-homewood-suites-dallas-downtown-tx/,https://www.hilton.com/en/hotels/dalelhw-homewood-suites-dallas-downtown-tx/hotel-info/,OFFICIAL_PROPERTY,2026-10-10,,,"PETS | Pets allowed: Yes | Non-refundable fee: $75.00 | Max weight: 75 lbs | Max size: Small | Pet policy: USD $75, 2 pets max, dogs or cats only",,dallas-fort-worth-tx
Homewood Suites by Hilton Dallas-Frisco,pet-friendly-hotels,3240 Parkwood Boulevard,Frisco,TX,75034,+1 214-618-0111,https://www.hilton.com/en/hotels/dalhmhw-homewood-suites-dallas-frisco/,https://www.hilton.com/en/hotels/dalhmhw-homewood-suites-dallas-frisco/hotel-info/,OFFICIAL_PROPERTY,2026-10-10,,,"PETS | Pets allowed: Yes | Non-refundable fee: $75.00 | Max weight: 75 lbs | Max size: Medium | Pet policy: $75(1-4n), $125(5+n), 2 pets Max, dog/cat only, 75lbs",,dallas-fort-worth-tx
Homewood Suites by Hilton Dallas-Irving-Las Colinas,pet-friendly-hotels,4300 Wingren Dr.,Irving,TX,75039,+1 972-556-0665,https://www.hilton.com/en/hotels/dallchw-homewood-suites-dallas-irving-las-colinas/,https://www.hilton.com/en/hotels/dallchw-homewood-suites-dallas-irving-las-colinas/hotel-info/,OFFICIAL_PROPERTY,2026-10-10,,,"PETS | Pets allowed: Yes | Non-refundable fee: $75.00 | Pet policy: $75 - 2 pet maximum, dogs & cats only",,dallas-fort-worth-tx
Homewood Suites by Hilton Dallas-Lewisville,pet-friendly-hotels,700 Hebron Parkway,Lewisville,TX,75057,+1 972-315-6123,https://www.hilton.com/en/hotels/dallwhw-homewood-suites-dallas-lewisville/,https://www.hilton.com/en/hotels/dallwhw-homewood-suites-dallas-lewisville/hotel-info/,OFFICIAL_PROPERTY,2026-10-10,,,PETS | Pets allowed: Yes | Non-refundable fee: $125.00 | Pet policy: 1-4 nights $75 5+ nights $125 2 pets max,,dallas-fort-worth-tx
Homewood Suites by Hilton Dallas-Park Central Area,pet-friendly-hotels,9169 Markville Drive,Dallas,TX,75243,+1 972-437-6966,https://www.hilton.com/en/hotels/dalgvhw-homewood-suites-dallas-park-central-area/,https://www.hilton.com/en/hotels/dalgvhw-homewood-suites-dallas-park-central-area/hotel-info/,OFFICIAL_PROPERTY,2026-10-10,,,PETS | Pets allowed: Yes | Non-refundable fee: $125.00 | Pet policy: Pet Fee $125,,dallas-fort-worth-tx
Homewood Suites by Hilton Dallas The Colony,pet-friendly-hotels,3750 Bargain Way,The Colony,TX,75056,+1 469-388-1120,https://www.hilton.com/en/hotels/dfwcohw-homewood-suites-dallas-the-colony/,https://www.hilton.com/en/hotels/dfwcohw-homewood-suites-dallas-the-colony/hotel-info/,OFFICIAL_PROPERTY,2026-10-10,,,"PETS | Pets allowed: Yes | Non-refundable fee: $75.00 | Pet policy: $75(1-4n),$125(5+n) 2petsMax,dog/cat onl",,dallas-fort-worth-tx
Homewood Suites by Hilton DFW Airport South,pet-friendly-hotels,4600 Highway 360,Fort Worth,TX,76155,+1 817-283-7777,https://www.hilton.com/en/hotels/dfwhwhw-homewood-suites-dfw-airport-south/,https://www.hilton.com/en/hotels/dfwhwhw-homewood-suites-dfw-airport-south/hotel-info/,OFFICIAL_PROPERTY,2026-10-10,,,"Pets | Pets allowed: Yes | Non-refundable fee: $75.00 | Max weight: 75 lbs | Max size: Medium | Pet policy: $75(1-4n),$125(5+n)2pets max dog/cat",,dallas-fort-worth-tx
"Homewood Suites by Hilton Fort Worth - Medical Center, TX",pet-friendly-hotels,2200 Charlie Lane,Fort Worth,TX,76104,+1 817-921-0202,https://www.hilton.com/en/hotels/ftwmchw-homewood-suites-fort-worth-medical-center-tx/,https://www.hilton.com/en/hotels/ftwmchw-homewood-suites-fort-worth-medical-center-tx/hotel-info/,OFFICIAL_PROPERTY,2026-10-10,,,"Pets | Pets allowed: Yes | Non-refundable fee: $75.00 | Pet policy: Dogs and cats are welcome, with a maximum of two pets per room. A $125 non-refundable pet fee applies to stays of five nights or longer.",,dallas-fort-worth-tx
"Homewood Suites by Hilton Fort Worth West at Cityview, TX",pet-friendly-hotels,6350 Overton Ridge Blvd,Fort Worth,TX,76132,+1 817-585-1160,https://www.hilton.com/en/hotels/ftwsohw-homewood-suites-fort-worth-west-at-cityview-tx/,https://www.hilton.com/en/hotels/ftwsohw-homewood-suites-fort-worth-west-at-cityview-tx/hotel-info/,OFFICIAL_PROPERTY,2026-10-10,,,Pets | Pets allowed: Yes | Non-refundable fee: $75.00 | Pet policy: 1-4 night stay $75; 5+ night stay $125; 2 pets max; dog or cat only,,dallas-fort-worth-tx
Homewood Suites by Hilton Ft. Worth-Bedford,pet-friendly-hotels,2401 Airport Freeway,Bedford,TX,76021,+1 682-503-6021,https://www.hilton.com/en/hotels/ftwbfhw-homewood-suites-ft-worth-bedford/,https://www.hilton.com/en/hotels/ftwbfhw-homewood-suites-ft-worth-bedford/hotel-info/,OFFICIAL_PROPERTY,2026-10-10,,,"Pets | Pets allowed: Yes | Non-refundable fee: $75.00 | Max weight: 75 lbs | Max size: Medium | Pet policy: $75(1-4n),$125(5+n) up to 2pets 75lbs combined lbs, dog/cat only",,dallas-fort-worth-tx
Homewood Suites by Hilton Ft. Worth-North at Fossil Creek,pet-friendly-hotels,3701 Tanacross Drive,Fort Worth,TX,76137,+1 817-834-7400,https://www.hilton.com/en/hotels/ftwhwhw-homewood-suites-ft-worth-north-at-fossil-creek/,https://www.hilton.com/en/hotels/ftwhwhw-homewood-suites-ft-worth-north-at-fossil-creek/hotel-info/,OFFICIAL_PROPERTY,2026-10-10,,,Pets | Pets allowed: Yes | Non-refundable fee: $50.00 | Pet policy: 1-4 night stay $50; 5+ night stay $75; 2 pets max; dog or cat only,,dallas-fort-worth-tx
Homewood Suites by Hilton Grand Prairie at EpicCentral,pet-friendly-hotels,2945 S State Highway 161,Grand Prairie,TX,75052,+1 682-882-6744,https://www.hilton.com/en/hotels/dfwkahw-homewood-suites-grand-prairie-epiccentral/,https://www.hilton.com/en/hotels/dfwkahw-homewood-suites-grand-prairie-epiccentral/hotel-info/,OFFICIAL_PROPERTY,2026-10-10,,,Pets | Pets allowed: Yes | Non-refundable fee: $75.00 | Max weight: 75 lbs | Max size: Medium | Pet policy: Pet Fee is $75 (1-4 nights) and $125 (5+ nights) for cats and dogs only.,,dallas-fort-worth-tx
Homewood Suites by Hilton Irving-DFW Airport,pet-friendly-hotels,7800 Dulles Drive,Irving,TX,75063,+1 972-929-2202,https://www.hilton.com/en/hotels/dalirhw-homewood-suites-irving-dfw-airport/,https://www.hilton.com/en/hotels/dalirhw-homewood-suites-irving-dfw-airport/hotel-info/,OFFICIAL_PROPERTY,2026-10-10,,,PETS | Pets allowed: Yes | Non-refundable fee: $75.00 | Max weight: 75 lbs | Max size: Medium | Pet policy: 1-4 night stay $75 5+ night stay $125 2 pets max dog or cat only,,dallas-fort-worth-tx
Homewood Suites by Hilton North Dallas-Plano,pet-friendly-hotels,4705 Old Shepard Place,Plano,TX,75093,+1 972-758-8800,https://www.hilton.com/en/hotels/dalpohw-homewood-suites-north-dallas-plano/,https://www.hilton.com/en/hotels/dalpohw-homewood-suites-north-dallas-plano/hotel-info/,OFFICIAL_PROPERTY,2026-10-10,,,"PETS | Pets allowed: Yes | Non-refundable fee: $75.00 | Pet policy: $75(1-4n),$125(5+n) 2petsMax,dog/cat only",,dallas-fort-worth-tx
Homewood Suites by Hilton Plano-Richardson,pet-friendly-hotels,2601 E. Pres. George Bush Highway,Plano,TX,75074,+1 972-881-3339,https://www.hilton.com/en/hotels/daltchw-homewood-suites-plano-richardson/,https://www.hilton.com/en/hotels/daltchw-homewood-suites-plano-richardson/hotel-info/,OFFICIAL_PROPERTY,2026-10-10,,,"PETS | Pets allowed: Yes | Non-refundable fee: $75.00 | Max weight: 75 lbs | Max size: Medium | Pet policy: $75(1-4n), $125(5+n), 2 pets Max, dog/cat only, 75 lbs.",,dallas-fort-worth-tx
Homewood Suites by Hilton Trophy Club Southlake,pet-friendly-hotels,2900 East Hwy 114,Trophy Club,TX,76262,+1 682-237-2300,https://www.hilton.com/en/hotels/ftwtrhw-homewood-suites-trophy-club-southlake/,https://www.hilton.com/en/hotels/ftwtrhw-homewood-suites-trophy-club-southlake/hotel-info/,OFFICIAL_PROPERTY,2026-10-10,,,"Pets | Pets allowed: Yes | Non-refundable fee: $75.00 | Pet policy: $75+tax(1-4nights),$125+tax(5+nights),2petsMax,dog/catonly",,dallas-fort-worth-tx
Hotel Dax,pet-friendly-hotels,14315 Midway Road,Addison,TX,75001,+1-972-532-0090,https://www.marriott.com/en-us/hotels/dalaa-hotel-dax/overview/,https://www.marriott.com/en-us/hotels/dalaa-hotel-dax/overview/,OFFICIAL_PROPERTY,2026-10-10,,,Pet Policy | Pets Welcome | We allow up to 2 dogs up to 75 lbs. Fee is $75 every 3 nights of stay. | Non-Refundable Pet Fee Per Stay: $75.00 | Maximum Pet Weight: 75.0lbs | Maximum Number of Pets in Room: 2,,dallas-fort-worth-tx
"Hotel Drover, Autograph Collection",pet-friendly-hotels,200 Mule Alley,Fort Worth,TX,76164,+1-817-755-5557,https://www.marriott.com/en-us/hotels/dfwak-hotel-drover-autograph-collection/overview/,https://www.marriott.com/en-us/hotels/dfwak-hotel-drover-autograph-collection/overview/,OFFICIAL_PROPERTY,2026-10-10,,,"Pet Policy | Pets Welcome | Only one dog permitted. Limited to guest room, 1 king or guest room, 2 queens. | Non-Refundable Pet Fee Per Stay: $150.00 | Maximum Number of Pets in Room: 1",,dallas-fort-worth-tx
Hotel IndigoFrisco,pet-friendly-hotels,2985 Avenue of the Stars,Frisco,TX,75034,,https://www.ihg.com/hotelindigo/hotels/us/en/frisco/dfwfr/hoteldetail,https://www.ihg.com/hotelindigo/hotels/us/en/frisco/dfwfr/hoteldetail,OFFICIAL_PROPERTY,2026-10-10,,,Pets are welcome at Hotel Indigo Frisco. | Pet policy description. Our nonrefundable pet fee is 50 USD for a one night stay and 75 USD per night for 2 nights or more. Limit of two pets regardless of stay length. Pets are not allowed in the public areas per local restrictions. Undisclosed pets will incur a 250 USD fee. | Pet fee per night: 75 USD | Pet weight limit: 75 | 2 pets allowed | Pets allowed: Only dogs allowed,,dallas-fort-worth-tx
Hotel IndigoIrving - Las Colinas,pet-friendly-hotels,455 E John W Carpenter Freeway,Irving,TX,75062,(214) 643-6791,https://www.ihg.com/hotelindigo/hotels/us/en/irving/dfwej/hoteldetail,https://www.ihg.com/hotelindigo/hotels/us/en/irving/dfwej/hoteldetail,OFFICIAL_PROPERTY,2026-10-10,,,Pets are welcome at Hotel Indigo Irving - Las Colinas. | Pet policy description. We welcome up to two animals with a combined weight of 50lbs. A nonrefundable pet fee of 75 USD will be charged per stay. A refundable deposit of 250 USD will be taken at check in and refunded upon inspection of the room based on any damages found. | Pet fee per stay: 75 USD | Pet damage deposit: 250 USD | Pet weight limit: 50 | 2 pets allowed | Pets allowed: Only dogs allowed,,dallas-fort-worth-tx
"Hotel Vin, Grapevine, Autograph Collection",pet-friendly-hotels,215 East Dallas Road,Grapevine,TX,76051,(817) 796-9696,https://www.marriott.com/en-us/hotels/dalga-hotel-vin-grapevine-autograph-collection/overview/,https://www.marriott.com/en-us/hotels/dalga-hotel-vin-grapevine-autograph-collection/overview/,OFFICIAL_PROPERTY,2026-10-10,,,Pet Policy | Pets Welcome | 2 pet limit with 50 lbs max. $100 USD one-time non-refundable fee. | Non-Refundable Pet Fee Per Stay: $100.00 | Maximum Pet Weight: 50.0lbs | Maximum Number of Pets in Room: 2,,dallas-fort-worth-tx
Howard Johnson by Wyndham Arlington Ballpark / Six Flags,pet-friendly-hotels,2001 East Copeland,Arlington,TX,76011,(817) 461-1122,https://www.wyndhamhotels.com/hojo/arlington-texas/howard-johnson-express-inn-arlington-ballpark-six-flags/overview,https://www.wyndhamhotels.com/hojo/arlington-texas/howard-johnson-express-inn-arlington-ballpark-six-flags/overview,OFFICIAL_PROPERTY,2026-10-10,,,Maximum of 2 pets are allowed for a non-refundable charge of 25.00 USD per pet per night plus tax. ADA defined service animals are also welcome at this hotel,,dallas-fort-worth-tx
Hyatt House Dallas/Addison,pet-friendly-hotels,4900 Edwin Lewis Drive,Addison,TX,75001,(972) 661-3113,https://www.hyatt.com/hyatt-house/en-US/dfwxa-hyatt-house-dallas-addison,https://www.hyatt.com/hyatt-house/en-US/dfwxa-hyatt-house-dallas-addison/policies,OFFICIAL_PROPERTY,2026-10-10,,,"Pet Policy | Hyatt House Dallas Addison is a dog-friendly hotel. All dogs must be housebroken.Fees:For guests staying 1–6 nights, a $100 nonrefundable pet fee will be administered per stay.For guests staying 7–30 nights, a $200 nonrefundable pet fee (including cleaning fee) per stay will be administered.For guests stay 30 nights or more, please contact the hotel.The fee(s) will be inclusive of taxes.Weight limits:A maximum of two dogs per room are permitted. Only dogs weighing 50 pounds and unde",,dallas-fort-worth-tx
Hyatt House Dallas/Frisco,pet-friendly-hotels,2875 Parkwood Boulevard,Frisco,TX,75034,+1 972-668-4500,https://www.hyatt.com/hyatt-house/en-US/dfwxf-hyatt-house-dallas-frisco,https://www.hyatt.com/hyatt-house/en-US/dfwxf-hyatt-house-dallas-frisco/policies,OFFICIAL_PROPERTY,2026-10-10,,,"Pet Policy | Bring your four-legged friends to Hyatt House Dallas/Frisco, one of the top pet friendly hotels in Frisco, Texas. Two housebroken dogs per room are welcome, with weight limits of 50 lbs each and 75 lbs combined. | A Simple Policy for Pet Owners | For guests staying up to six nights, a $75 nonrefundable pet fee will be administered. For guests staying seven to 30 nights, a $75 nonrefundable pet fee, plus a $100 cleaning fee will be administered. Guests staying more than 30 nights sho",,dallas-fort-worth-tx
Hyatt House Dallas/Las Colinas,pet-friendly-hotels,5901 N MacArthur Boulevard,Irving,TX,75039,+1 972-831-0909,http://lascolinas.house.hyatt.com/hyatt/hotels-lascolinas-house/index.jsp,https://www.hyatt.com/hyatt-house/en-US/dfwxl-hyatt-house-dallas-las-colinas/policies,OFFICIAL_PROPERTY,2026-10-10,,,"Pet Policy | For guest staying 1-6 nights, a $100 nonrefundable pet fee will be administered. Guests staying 7-30 nights, a $100 nonrefundable pet fee plus an additional $100 cleaning fee will be administered. Guests staying more than 30 nights, please contact the hotel. The fee(s) will be inclusive of taxes. | A maximum of two dogs per room are permitted. Only dogs weighing 50 pounds and under are permitted; two dogs may be allowed in a guest room providing the combined weight of both dogs does",,dallas-fort-worth-tx
Hyatt House Dallas/Lincoln Park,pet-friendly-hotels,8221 North Central Expressway,Dallas,TX,75225,+1-214-696-1555,https://dallaslincolnpark.house.hyatt.com,https://www.hyatt.com/hyatt-house/en-US/dfwxp-hyatt-house-dallas-lincoln-park/policies,OFFICIAL_PROPERTY,2026-10-10,,,"Pet Policy | Our pet-friendly Hyatt House Dallas/Lincoln Park allows you to bring up to two canine companions along. All pets must be housebroken. | Fees | 1–6 nights, $75 nonrefundable pet fee +$50 for second dog | 7–30 nights, $175 nonrefundable pet fee (includes cleaning fee) +$50 for second dog | Weight Limits | Only dogs weighing 50 pounds and under are permitted. The combined weight of two dogs must not exceed 75 pounds.",,dallas-fort-worth-tx
Hyatt House Dallas/Uptown,pet-friendly-hotels,2914 Harry Hines Boulevard,Dallas,TX,75201,+1 214-965-9990,https://www.hyatt.com/hyatt-house/en-US/dfwxu-hyatt-house-dallas-uptown/policies,https://www.hyatt.com/hyatt-house/en-US/dfwxu-hyatt-house-dallas-uptown/policies,OFFICIAL_PROPERTY,2026-10-10,,,"Pet Policy | At the Hyatt House Dallas/Uptown, we welcome you and your furry friend to join us and spend time away from home and everyday life. Having the opportunity to travel with your pet makes it possible to achieve a hassle-free and productive stay. However, there are a few guidelines we ask that each guest follows so we can ensure a happy stay for all. Only dogs weighing 50 pounds or under are permitted. Guests are welcome to have two dogs stay in their guest room, provided that the combin",,dallas-fort-worth-tx
Hyatt Place Dallas/Allen,pet-friendly-hotels,333 Central Expy N,Allen,TX,75013,,https://www.hyatt.com/en-us/hotel/texas/hyatt-place-dallas-allen/dfwzo,https://www.hyatt.com/hyatt-place/en-US/dfwzo-hyatt-place-dallas-allen/policies,OFFICIAL_PROPERTY,2026-10-10,,,"Pet Policy | Your furry friends are always welcome at Hyatt Place Dallas/Allen. Please call the hotel prior to your arrival to let us know you’ll be bringing your dog(s). | Weight Limits: | We allow dogs weighing 50 pounds or less, and a maximum of two dogs weighing a combined 75 pounds or less per room during your stay. | Fees: | For stays of 1 to 6 nights, the fee is $100, regardless of the duration ($100 total). | For stays exceeding 6 nights, there is an additional deep cleaning fee of $100",,dallas-fort-worth-tx
Hyatt Place Dallas/North Arlington/Grand Prairie,pet-friendly-hotels,1542 N Hwy 360,Grand Prairie,TX,75050,,https://www.hyatt.com/en-us/hotel/texas/hyatt-place-dallas-north-arlington-grand-prairie/dfwzg,https://www.hyatt.com/hyatt-place/en-US/dfwzg-hyatt-place-dallas-north-arlington-grand-prairie/policies,OFFICIAL_PROPERTY,2026-10-10,,,Pet Policy | Your pets are welcome at Hyatt Place Dallas/North Arlington/Grand Prairie. Our dog-friendly hotel will be waiting with treats and a bed for your pup. All dogs must be housebroken. | FEES: | 1–6 nights: $75/stay | 7–30 nights: $175/stay (includes cleaning fee) | WEIGHT LIMITS: | One dog: 50 lbs | Two dogs: 75 lbs combined | Guidelines for Dog Owners: | All dogs must be housebroken. Dogs must be on leashes when in public areas. Pets are not allowed in the food service areas and pool.,,dallas-fort-worth-tx
Hyatt Place Dallas-North/by the Galleria,pet-friendly-hotels,5229 Spring Valley Road,Dallas,TX,75254,+1 972-716-2001,https://www.hyatt.com/hyatt-place/en-US/dfwzn-hyatt-place-dallas-north-by-the-galleria/policies,https://www.hyatt.com/hyatt-place/en-US/dfwzn-hyatt-place-dallas-north-by-the-galleria/policies,OFFICIAL_PROPERTY,2026-10-10,,,"Pet Policy | Think twice before leaving your dog in a kennel or with a reluctant friend. Your furry friend is more than welcome at this pet-friendly hotel in North Dallas. Your dog will be greeted with the same hospitality the staff at Hyatt Place Dallas-North/by the Galleria offers to its human guests, because happy dogs are good dogs. | Fees | For guests staying 1–6 nights, a $100 nonrefundable pet fee plus taxes will be administered. For guests staying 7–30 nights, a $100 nonrefundable pet fe",,dallas-fort-worth-tx
Hyatt Place Dallas/Park Central,pet-friendly-hotels,12411 N Central Expressway,Dallas,TX,75243,+1 972-458-1224,http://dallasparkcentral.place.hyatt.com,https://www.hyatt.com/hyatt-place/en-US/dfwze-hyatt-place-dallas-park-central/policies,OFFICIAL_PROPERTY,2026-10-10,,,"Pet Policy | Your furry friends are welcome at our pet-friendly hotel in North Dallas, Texas. All pets must be housebroken. Pets are not permitted in public areas, food service areas or the pool area. Pets must always be leashed when in public spaces. | Owner is responsible for all damage to hotel property. Hyatt Place Dallas/Park Central does not assume liability for a guest’s pet or its actions while at the hotel. | Fees | For stays of 1 to 6 nights, the fee is $100, regardless of the duration",,dallas-fort-worth-tx
Hyatt Place Fort Worth / Alliance Town Center,pet-friendly-hotels,3201 Alliance Town Center,Fort Worth,TX,76177,(682) 285-1234,https://www.hyatt.com/en-US/hotel/texas/hyatt-place-fort-worth-alliance-town-center/dfwzy,https://www.hyatt.com/hyatt-place/en-US/dfwzy-hyatt-place-fort-worth-alliance-town-center/policies,OFFICIAL_PROPERTY,2026-10-10,,,Pet Policy | We Are Pet Friendly | Your furry friends are welcome at our pet-friendly hotel in north Fort Worth. Hyatt Place Fort Worth / Alliance Town Center is happy to accept dogs & cats. All pets must be housebroken and cannot be left alone in the guestroom. | FEES: | 1–6 nights: $100 / 1 STAY | 7-30 nights: $100 + $100 Additional Cleaning Fee | 30+ nights (per month): Contact hotel directly for extended-stay pet policy and rates | WEIGHT LIMITS: | Individual pet weight limit: 50 Pounds | Co,,dallas-fort-worth-tx
Hyatt Place Fort Worth/Cityview,pet-friendly-hotels,5900 Cityview Boulevard,Fort Worth,TX,76132,+1 817-361-9797,http://www.fortworthcityview.place.hyatt.com/en/hotel/home.html,https://www.hyatt.com/hyatt-place/en-US/dfwzc-hyatt-place-fort-worth-cityview/policies,OFFICIAL_PROPERTY,2026-10-10,,,"Pet Policy | At our Fort Worth dog-friendly hotel, we welcome your four-legged family members. We allow two dogs per guest room if the combined weight of both dogs does not exceed 75 pounds. Each dog must be less than 50 pounds. Guests at Hyatt Place Fort Worth / Cityview staying up to six nights pay a $100 nonrefundable pet fee. If you’re staying from seven to 30 nights, a $100 nonrefundable pet fee will be charged, plus a $100 cleaning fee.",,dallas-fort-worth-tx
Hyatt Place Fort Worth Historic Stockyards,pet-friendly-hotels,132 East Exchange Avenue,Fort Worth,TX,76164,+1 817-626-6000,https://www.hyatt.com/en-US/hotel/texas/hyatt-place-fort-worth-historic-stockyards/dfwzf,https://www.hyatt.com/hyatt-place/en-US/dfwzf-hyatt-place-fort-worth-historic-stockyards/policies,OFFICIAL_PROPERTY,2026-10-10,,,"Pet Policy | Don’t let your dogs miss out on the fun of traveling together when you stay at our pet-friendly hotel near the Fort Worth Stockyards. Your furry friends are always welcome at Hyatt Place Fort Worth Historic Stockyards. | Weight Limits | We allow dogs weighing 50 pounds or less, and a maximum of two dogs weighing a combined 75 pounds or less per room during your stay. | Fees | For stays of 1 to 6 nights, the fee is $100, regardless of the duration ($100 total). | For stays exceeding",,dallas-fort-worth-tx
Hyatt Place Fort Worth/Hurst,pet-friendly-hotels,1601 Hurst Town Center Drive,Hurst,TX,76054,,https://www.hyatt.com/hyatt-place/en-US/dfwzh-hyatt-place-fort-worth-hurst,https://www.hyatt.com/hyatt-place/en-US/dfwzh-hyatt-place-fort-worth-hurst/policies,OFFICIAL_PROPERTY,2026-10-10,,,"Pet Policy | Your pets are welcome at Hyatt Place Fort Worth/Hurst, our pet-friendly hotel near Hurst. We accept dogs only. All pets must be housebroken and cannot be left alone in the guestroom. | FEES: | For stays of 1 to 6 nights, the fee is $100, regardless of the duration ($100 total). | For stays exceeding 6 nights, there is an additional deep cleaning fee of $100 ($200 total). | 30+ nights $100 + additional cleaning fees $100 per month | WEIGHT LIMITS: | Individual pet weight limit: 50 Po",,dallas-fort-worth-tx
Hyatt Place Fort Worth / TCU,pet-friendly-hotels,3029 Sandage Ave,Fort Worth,TX,76109,+1 682-385-9743,https://www.hyatt.com/hyatt-place/en-US/dfwzu-hyatt-place-fort-worth-tcu/policies,https://www.hyatt.com/hyatt-place/en-US/dfwzu-hyatt-place-fort-worth-tcu/policies,OFFICIAL_PROPERTY,2026-10-10,,,"Pet Policy | Your furry friends are always welcome at our pet-friendly hotel in Fort Worth. | Weight Limits | We allow dogs weighing 50 pounds or less and a maximum of two dogs weighing a combined 75 pounds or less per room during your stay. | Fees | For stays of 1 to 6 nights, the fee is $100, regardless of the duration ($100 total). | For stays exceeding 6 nights, there is an additional deep cleaning fee of $100 ($200 total). | For stays exceeding 30 nights, please contact the hotel. | Guideli",,dallas-fort-worth-tx
Hyatt Regency Frisco - Dallas,pet-friendly-hotels,2615 Preston Rd,Frisco,TX,75034,+1 469-598-1235,https://www.hyatt.com/en-US/hotel/texas/hyatt-regency-frisco-dallas/dfwro,https://www.hyatt.com/hyatt-regency/en-US/dfwro-hyatt-regency-frisco-dallas/policies,OFFICIAL_PROPERTY,2026-10-10,,,Pet Policy | Hyatt Regency Frisco is proud to be a pet-friendly hotel. A $100 pet fee applies per 7 night stay with a 2 pet max and up to 100 pounds combined weight. This fee is non-refundable. | Aggressive breeds are not permitted,,dallas-fort-worth-tx
JW Marriott Dallas Arts District,pet-friendly-hotels,800 North Harwood Street,Dallas,TX,75201,+1-214-347-9499,https://www.marriott.com/en-us/hotels/dalja-jw-marriott-dallas-arts-district/overview/,https://www.marriott.com/en-us/hotels/dalja-jw-marriott-dallas-arts-district/overview/,OFFICIAL_PROPERTY,2026-10-10,,,Pet Policy | Pets Welcome. | Non-Refundable Pet Fee Per Stay: $150.00,,dallas-fort-worth-tx
Kimpton Pittman Hotel,pet-friendly-hotels,2551 Elm St,Dallas,TX,75226,+1-469-498-2500,https://www.ihg.com/kimptonhotels/hotels/us/en/pittman-hotel-dallas-tx/daltp/hoteldetail,https://www.ihg.com/kimptonhotels/hotels/us/en/pittman-hotel-dallas-tx/daltp/hoteldetail,OFFICIAL_PROPERTY,2026-10-10,,,"Pets are welcome at Kimpton Pittman Hotel. | Pet policy description. We invite you to bring your pet no matter their size, weight, or breed, all at no extra charge. If your pet fits through the door, we will welcome them in. | Pet fee per night: 0 USD | Pet weight limit: No weight limit per pet | NO_LIMIT pets allowed | Pets allowed: All pets allowed",,dallas-fort-worth-tx
La Quinta by Wyndham Dallas Lewisville,pet-friendly-hotels,1657 S Stemmons Freeway,Lewisville,TX,75067,1-469-470-2891,https://www.wyndhamhotels.com/laquinta/lewisville-texas/la-quinta-dallas-lewisville/overview,https://www.wyndhamhotels.com/laquinta/lewisville-texas/la-quinta-dallas-lewisville/overview,OFFICIAL_PROPERTY,2026-10-10,,,Service Animals - ADA-defined service animals are welcome free of charge. / Pets Allowed - 2 pets max. Cats and dogs only. 75lbs or less per pet. / Fees - Non-refundable 25 USD nightly for up to 2 pets. Max 75 USD per stay. / Other Information - Contact hotel for additional details and availability.,,dallas-fort-worth-tx
La Quinta Inn & Suites by Wyndham Arlington North 6 Flags Dr,pet-friendly-hotels,825 North Watson Road,Arlington,TX,76011,(817) 640-4142,https://www.wyndhamhotels.com/laquinta/arlington-texas/la-quinta-arlington-north-6-flags-dr/overview,https://www.wyndhamhotels.com/laquinta/arlington-texas/la-quinta-arlington-north-6-flags-dr/overview,OFFICIAL_PROPERTY,2026-10-10,,,Service Animals - ADA-defined service animals are welcome free of charge. / Pets Allowed - 2 pets max. Cats and dogs only. 75lbs or less per pet. / Fees - Non-refundable 25 USD nightly for up to 2 pets. Max 75 USD per stay. / Other Information - Contact hotel for additional details and availability.,,dallas-fort-worth-tx
La Quinta Inn & Suites by Wyndham Dallas - Addison Galleria,pet-friendly-hotels,14925 Landmark Boulevard,Addison,TX,75254,(972) 404-0004,https://www.wyndhamhotels.com/laquinta/dallas-texas/la-quinta-dallas-addison-galleria/overview,https://www.wyndhamhotels.com/laquinta/dallas-texas/la-quinta-dallas-addison-galleria/overview,OFFICIAL_PROPERTY,2026-10-10,,,Service Animals - ADA-defined service animals are welcome free of charge. / Pets Allowed - 2 pets max. Cats and dogs only. 75lbs or less per pet. / Fees - Non-refundable 25 USD nightly for up to 2 pets. Max 75 USD per stay. / Other Information - Contact hotel for additional details and availability.,,dallas-fort-worth-tx
La Quinta Inn & Suites by Wyndham Dallas Arlington South,pet-friendly-hotels,4001 Scots Legacy,Arlington,TX,76015,(817) 467-7756,https://www.wyndhamhotels.com/laquinta/arlington-texas/la-quinta-dallas-arlington-south/overview,https://www.wyndhamhotels.com/laquinta/arlington-texas/la-quinta-dallas-arlington-south/overview,OFFICIAL_PROPERTY,2026-10-10,,,Service Animals - ADA-defined service animals are welcome free of charge. / Pets Allowed - 2 pets max. Cats and dogs only. 75lbs or less per pet. / Fees - Non-refundable 25 USD nightly for up to 2 pets. Max 75 USD per stay. / Other Information - Contact hotel for additional details and availability.,,dallas-fort-worth-tx
La Quinta Inn & Suites by Wyndham Dallas DFW Airport North,pet-friendly-hotels,4850 West John Carpenter,Irving,TX,75063,(972) 915-4022,https://www.wyndhamhotels.com/laquinta/irving-texas/la-quinta-dallas-dfw-airport-north/overview,https://www.wyndhamhotels.com/laquinta/irving-texas/la-quinta-dallas-dfw-airport-north/overview,OFFICIAL_PROPERTY,2026-10-10,,,Service Animals - ADA-defined service animals are welcome free of charge. / Pets Allowed - 2 pets max. Cats and dogs only. 75lbs or less per pet. / Fees - Non-refundable 25 USD nightly for up to 2 pets. Max 75 USD per stay. / Other Information - Contact hotel for additional details and availability.,,dallas-fort-worth-tx
La Quinta Inn & Suites by Wyndham Dallas Duncanville,pet-friendly-hotels,835 E Hwy 67,Duncanville,TX,75137,1-972-2984600,https://www.wyndhamhotels.com/laquinta/duncanville-texas/la-quinta-duncanville/overview,https://www.wyndhamhotels.com/laquinta/duncanville-texas/la-quinta-duncanville/overview,OFFICIAL_PROPERTY,2026-10-10,,,Service Animals - ADA-defined service animals are welcome free of charge. / Pets Allowed - 2 pets max. Cats and dogs only. 75lbs or less per pet. / Fees - Non-refundable 25 USD nightly for up to 2 pets. Max 75 USD per stay. / Other Information - Contact hotel for additional details and availability.,,dallas-fort-worth-tx
La Quinta Inn & Suites by Wyndham Dallas/Fairpark,pet-friendly-hotels,8687 E R L Thornton Fwy,Dallas,TX,75228,(972) 685-7676,https://www.wyndhamhotels.com/laquinta/dallas-texas/la-quinta-inn-and-suites-dallas-fairpark/overview,https://www.wyndhamhotels.com/laquinta/dallas-texas/la-quinta-inn-and-suites-dallas-fairpark/overview,OFFICIAL_PROPERTY,2026-10-10,,,Service Animals - ADA-defined service animals are welcome free of charge. / Pets Allowed - 2 pets max. Cats and dogs only. 75lbs or less per pet. / Fees - Non-refundable 25 USD nightly for up to 2 pets. Max 75 USD per stay. / Other Information - Contact hotel for additional details and availability.,,dallas-fort-worth-tx
La Quinta Inn & Suites by Wyndham Dallas - Frisco Stadium,pet-friendly-hotels,9595 John W Elliott Dr.,Frisco,TX,75033,+1-800-753-3757,https://www.wyndhamhotels.com/laquinta/frisco-texas/la-quinta-inn-suites-dallas-frisco-stadium/overview,https://www.wyndhamhotels.com/laquinta/frisco-texas/la-quinta-inn-suites-dallas-frisco-stadium/overview,OFFICIAL_PROPERTY,2026-10-10,,,Service Animals - ADA-defined service animals are welcome free of charge. / Pets Allowed - 2 pets max. Cats and dogs only. 75lbs or less per pet. / Fees - Non-refundable 25 USD nightly for up to 2 pets. Max 75 USD per stay. / Other Information - Contact hotel for additional details and availability.,,dallas-fort-worth-tx
La Quinta Inn & Suites by Wyndham Dallas Grand Prairie North,pet-friendly-hotels,380 E Palace Pkwy,Grand Prairie,TX,75050,1-469-999-0875,https://www.wyndhamhotels.com/laquinta/grand-prairie-texas/la-quinta-dallas-grand-prairie-north/overview,https://www.wyndhamhotels.com/laquinta/grand-prairie-texas/la-quinta-dallas-grand-prairie-north/overview,OFFICIAL_PROPERTY,2026-10-10,,,Service Animals - ADA-defined service animals are welcome free of charge. / Pets Allowed - 2 pets max. Cats and dogs only. 75lbs or less per pet. / Fees - Non-refundable 25 USD nightly for up to 2 pets. Max 75 USD per stay. / Other Information - Contact hotel for additional details and availability.,,dallas-fort-worth-tx
La Quinta Inn & Suites by Wyndham Dallas Grand Prairie South,pet-friendly-hotels,2131 West Interstate 20,Grand Prairie,TX,75052,(214) 412-3220,https://www.wyndhamhotels.com/laquinta/grand-prairie-texas/la-quinta-dallas-grand-prairie-south/overview,https://www.wyndhamhotels.com/laquinta/grand-prairie-texas/la-quinta-dallas-grand-prairie-south/overview,OFFICIAL_PROPERTY,2026-10-10,,,Service Animals - ADA-defined service animals are welcome free of charge. / Pets Allowed - 2 pets max. Cats and dogs only. 75lbs or less per pet. / Fees - Non-refundable 25 USD nightly for up to 2 pets. Max 75 USD per stay. / Other Information - Contact hotel for additional details and availability.,,dallas-fort-worth-tx
La Quinta Inn & Suites by Wyndham Dallas - Hutchins,pet-friendly-hotels,1000 Dowdy Ferry Road,Hutchins,TX,75141,1-214-2691015,https://www.wyndhamhotels.com/laquinta/hutchins-texas/la-quinta-dallas-hutchins/overview,https://www.wyndhamhotels.com/laquinta/hutchins-texas/la-quinta-dallas-hutchins/overview,OFFICIAL_PROPERTY,2026-10-10,,,Service Animals - ADA-defined service animals are welcome free of charge. / Pets Allowed - 2 pets max. Cats and dogs only. 75lbs or less per pet. / Fees - Non-refundable 25 USD nightly for up to 2 pets. Max 75 USD per stay. / Other Information - Contact hotel for additional details and availability.,,dallas-fort-worth-tx
La Quinta Inn & Suites by Wyndham Dallas I-35 Walnut Hill Ln,pet-friendly-hotels,2421 Walnut Hill Lane,Dallas,TX,75229,+1-972-247-8530,https://www.wyndhamhotels.com/laquinta/dallas-texas/la-quinta-dallas-i35-walnut-hill-ln/overview,https://www.wyndhamhotels.com/laquinta/dallas-texas/la-quinta-dallas-i35-walnut-hill-ln/overview,OFFICIAL_PROPERTY,2026-10-10,,,Service Animals - ADA-defined service animals are welcome free of charge. / Pets Allowed - 2 pets max. Cats and dogs only. 75lbs or less per pet. / Fees - Non-refundable 25 USD nightly for up to 2 pets. Max 75 USD per stay. / Other Information - Contact hotel for additional details and availability.,,dallas-fort-worth-tx
La Quinta Inn & Suites by Wyndham Dallas - Las Colinas,pet-friendly-hotels,4225 North MacArthur Boulevard,Irving,TX,75038,(972) 261-4900,https://www.wyndhamhotels.com/laquinta/irving-texas/la-quinta-dallas-las-colinas/overview,https://www.wyndhamhotels.com/laquinta/irving-texas/la-quinta-dallas-las-colinas/overview,OFFICIAL_PROPERTY,2026-10-10,,,Service Animals - ADA-defined service animals are welcome free of charge. / Pets Allowed - 2 pets max. Cats and dogs only. 75lbs or less per pet. / Fees - Non-refundable 25 USD nightly for up to 2 pets. Max 75 USD per stay. / Other Information - Contact hotel for additional details and availability.,,dallas-fort-worth-tx
La Quinta Inn & Suites by Wyndham Dallas Love Field,pet-friendly-hotels,8300 John Carpenter Freeway,Dallas,TX,75247,+1-214-414-9000,https://www.wyndhamhotels.com/laquinta/dallas-texas/la-quinta-dallas-love-field/overview,https://www.wyndhamhotels.com/laquinta/dallas-texas/la-quinta-dallas-love-field/overview,OFFICIAL_PROPERTY,2026-10-10,,,Service Animals - ADA-defined service animals are welcome free of charge. / Pets Allowed - 2 pets max. Cats and dogs only. 75lbs or less per pet. / Fees - Non-refundable 25 USD nightly for up to 2 pets. Max 75 USD per stay. / Other Information - Contact hotel for additional details and availability.,,dallas-fort-worth-tx
La Quinta Inn & Suites by Wyndham Dallas Mesquite,pet-friendly-hotels,118 E. US 80,Mesquite,TX,75149,1-972-2167460,https://www.wyndhamhotels.com/laquinta/mesquite-texas/la-quinta-dallas-mesquite/overview,https://www.wyndhamhotels.com/laquinta/mesquite-texas/la-quinta-dallas-mesquite/overview,OFFICIAL_PROPERTY,2026-10-10,,,Service Animals - ADA-defined service animals are welcome free of charge. / Pets Allowed - 2 pets max. Cats and dogs only. 75lbs or less per pet. / Fees - Non-refundable 25 USD nightly for up to 2 pets. Max 75 USD per stay. / Other Information - Contact hotel for additional details and availability.,,dallas-fort-worth-tx
La Quinta Inn & Suites by Wyndham Dallas North Central,pet-friendly-hotels,10001 North Central Expressway,Dallas,TX,75231,+1-214-361-8200,https://www.wyndhamhotels.com/laquinta/dallas-texas/la-quinta-dallas-north-central/overview,https://www.wyndhamhotels.com/laquinta/dallas-texas/la-quinta-dallas-north-central/overview,OFFICIAL_PROPERTY,2026-10-10,,,Service Animals - ADA-defined service animals are welcome free of charge. / Pets Allowed - 2 pets max. Cats and dogs only. 75lbs or less per pet. / Fees - Non-refundable 25 USD nightly for up to 2 pets. Max 75 USD per stay. / Other Information - Contact hotel for additional details and availability.,,dallas-fort-worth-tx
La Quinta Inn & Suites by Wyndham Dallas Northeast-Arboretum,pet-friendly-hotels,1310 Marketplace Dr,Garland,TX,75041,1-972-6855458,https://www.wyndhamhotels.com/laquinta/garland-texas/la-quinta-dallas-northeast-arboretum/overview,https://www.wyndhamhotels.com/laquinta/garland-texas/la-quinta-dallas-northeast-arboretum/overview,OFFICIAL_PROPERTY,2026-10-10,,,Service Animals - ADA-defined service animals are welcome free of charge. / Pets Allowed - 2 pets max. Cats and dogs only. 75lbs or less per pet. / Fees - Non-refundable 25 USD nightly for up to 2 pets. Max 75 USD per stay. / Other Information - Contact hotel for additional details and availability.,,dallas-fort-worth-tx
La Quinta Inn & Suites by Wyndham Dallas Plano - The Colony,pet-friendly-hotels,3750 Market Street,The Colony,TX,75056,1-469-294-0323,https://www.wyndhamhotels.com/laquinta/the-colony-texas/la-quinta-dallas-plano-the-colony/overview,https://www.wyndhamhotels.com/laquinta/the-colony-texas/la-quinta-dallas-plano-the-colony/overview,OFFICIAL_PROPERTY,2026-10-10,,,Service Animals - ADA-defined service animals are welcome free of charge. / Pets Allowed - 2 pets max. Cats and dogs only. 75lbs or less per pet. / Fees - Non-refundable 25 USD nightly for up to 2 pets. Max 75 USD per stay. / Other Information - Contact hotel for additional details and availability.,,dallas-fort-worth-tx
La Quinta Inn & Suites by Wyndham DFW Airport South / Irving,pet-friendly-hotels,4105 W Airport Freeway,Irving,TX,75062,(972) 252-6546,https://www.wyndhamhotels.com/laquinta/irving-texas/la-quinta-dfw-airport-south-irving/overview,https://www.wyndhamhotels.com/laquinta/irving-texas/la-quinta-dfw-airport-south-irving/overview,OFFICIAL_PROPERTY,2026-10-10,,,Service Animals - ADA-defined service animals are welcome free of charge. / Pets Allowed - 2 pets max. Cats and dogs only. 75lbs or less per pet. / Fees - Non-refundable 25 USD nightly for up to 2 pets. Max 75 USD per stay. / Other Information - Contact hotel for additional details and availability.,,dallas-fort-worth-tx
La Quinta Inn & Suites by Wyndham DFW Airport West - Bedford,pet-friendly-hotels,1809 Hwy 121 South,Bedford,TX,76021,1-817-5458105,https://www.wyndhamhotels.com/laquinta/bedford-texas/la-quinta-dfw-airport-west-bedford/overview,https://www.wyndhamhotels.com/laquinta/bedford-texas/la-quinta-dfw-airport-west-bedford/overview,OFFICIAL_PROPERTY,2026-10-10,,,Service Animals - ADA-defined service animals are welcome free of charge. / Pets Allowed - 2 pets max. Cats and dogs only. 75lbs or less per pet. / Fees - Non-refundable 25 USD nightly for up to 2 pets. Max 75 USD per stay. / Other Information - Contact hotel for additional details and availability.,,dallas-fort-worth-tx
La Quinta Inn & Suites by Wyndham DFW Airport West - Euless,pet-friendly-hotels,431 Airport Freeway,Euless,TX,76040,1-817-8364000,https://www.wyndhamhotels.com/laquinta/euless-texas/la-quinta-dfw-airport-west-euless/overview,https://www.wyndhamhotels.com/laquinta/euless-texas/la-quinta-dfw-airport-west-euless/overview,OFFICIAL_PROPERTY,2026-10-10,,,Service Animals - ADA-defined service animals are welcome free of charge. / Pets Allowed - 2 pets max. Cats and dogs only. 75lbs or less per pet. / Fees - Non-refundable 25 USD nightly for up to 2 pets. Max 75 USD per stay. / Other Information - Contact hotel for additional details and availability.,,dallas-fort-worth-tx
La Quinta Inn & Suites by Wyndham DFW Airport West-Glade,pet-friendly-hotels,2550 State Hwy 121,Euless,TX,76039,+1 817-864-8663,https://www.wyndhamhotels.com/laquinta/euless-texas/la-quinta-inn-suites-dfw-airport-west-glade/overview,https://www.wyndhamhotels.com/laquinta/euless-texas/la-quinta-inn-suites-dfw-airport-west-glade/overview,OFFICIAL_PROPERTY,2026-10-10,,,Service Animals - ADA-defined service animals are welcome free of charge. / Pets Allowed - 2 pets max. Cats and dogs only. 75lbs or less per pet. / Fees - Non-refundable 25 USD nightly for up to 2 pets. Max 75 USD per stay. / Other Information - Contact hotel for additional details and availability.,,dallas-fort-worth-tx
La Quinta Inn & Suites by Wyndham Fort Worth Arlington West,pet-friendly-hotels,8250 Anderson Blvd,Fort Worth,TX,76120,+1 817-449-2586,https://www.wyndhamhotels.com/laquinta/fort-worth-texas/la-quinta-fort-worth-arlington-west/overview,https://www.wyndhamhotels.com/laquinta/fort-worth-texas/la-quinta-fort-worth-arlington-west/overview,OFFICIAL_PROPERTY,2026-10-10,,,Service Animals - ADA-defined service animals are welcome free of charge. / Pets Allowed - 2 pets max. Cats and dogs only. 75lbs or less per pet. / Fees - Non-refundable 25 USD nightly for up to 2 pets. Max 75 USD per stay. / Other Information - Contact hotel for additional details and availability.,,dallas-fort-worth-tx
La Quinta Inn & Suites by Wyndham Fort Worth City View,pet-friendly-hotels,4900 Bryant Irvin Road,Fort Worth,TX,76132,(817) 370-2700,https://www.wyndhamhotels.com/laquinta/fort-worth-texas/la-quinta-fort-worth-city-view/overview,https://www.wyndhamhotels.com/laquinta/fort-worth-texas/la-quinta-fort-worth-city-view/overview,OFFICIAL_PROPERTY,2026-10-10,,,Service Animals - ADA-defined service animals are welcome free of charge. / Pets Allowed - 2 pets max. Cats and dogs only. 75lbs or less per pet. / Fees - Non-refundable 25 USD nightly for up to 2 pets. Max 75 USD per stay. / Other Information - Contact hotel for additional details and availability.,,dallas-fort-worth-tx
La Quinta Inn & Suites by Wyndham Fort Worth - Lake Worth,pet-friendly-hotels,5800 Quebec St,Fort Worth,TX,76135,(817) 900-3814,https://www.wyndhamhotels.com/laquinta/fort-worth-texas/la-quinta-fort-worth-lake-worth/overview,https://www.wyndhamhotels.com/laquinta/fort-worth-texas/la-quinta-fort-worth-lake-worth/overview,OFFICIAL_PROPERTY,2026-10-10,,,Service Animals - ADA-defined service animals are welcome free of charge. / Pets Allowed - 2 pets max. Cats and dogs only. 75lbs or less per pet. / Fees - Non-refundable 25 USD nightly for up to 2 pets. Max 75 USD per stay. / Other Information - Contact hotel for additional details and availability.,,dallas-fort-worth-tx
La Quinta Inn & Suites by Wyndham Fort Worth North,pet-friendly-hotels,4700 North Freeway,Fort Worth,TX,76137,(817) 222-2888,https://www.wyndhamhotels.com/laquinta/fort-worth-texas/la-quinta-fort-worth-north/overview,https://www.wyndhamhotels.com/laquinta/fort-worth-texas/la-quinta-fort-worth-north/overview,OFFICIAL_PROPERTY,2026-10-10,,,Service Animals - ADA-defined service animals are welcome free of charge. / Pets Allowed - 2 pets max. Cats and dogs only. 75lbs or less per pet. / Fees - Non-refundable 25 USD nightly for up to 2 pets. Max 75 USD per stay. / Other Information - Contact hotel for additional details and availability.,,dallas-fort-worth-tx
La Quinta Inn & Suites by Wyndham Fort Worth West - I-30,pet-friendly-hotels,7310 Calmont Avenue,Fort Worth,TX,76116,(817) 244-4777,https://www.wyndhamhotels.com/laquinta/fort-worth-texas/la-quinta-fort-worth-west-i-30/overview,https://www.wyndhamhotels.com/laquinta/fort-worth-texas/la-quinta-fort-worth-west-i-30/overview,OFFICIAL_PROPERTY,2026-10-10,,,Service Animals - ADA-defined service animals are welcome free of charge. / Pets Allowed - 2 pets max. Cats and dogs only. 75lbs or less per pet. / Fees - Non-refundable 25 USD nightly for up to 2 pets. Max 75 USD per stay. / Other Information - Contact hotel for additional details and availability.,,dallas-fort-worth-tx
La Quinta Inn and Suites by Wyndham Ft. Worth - Burleson,pet-friendly-hotels,225 East Alsbury Blvd,Fort Worth,TX,76028,+1 817-447-6565,https://www.wyndhamhotels.com/laquinta/burleson-texas/la-quinta-inn-and-suites-ft-worth-burleson/overview,https://www.wyndhamhotels.com/laquinta/burleson-texas/la-quinta-inn-and-suites-ft-worth-burleson/overview,OFFICIAL_PROPERTY,2026-10-10,,,Pet & Service Animal Policy | Service Animals - ADA-defined service animals are welcome free of charge. / Pets Allowed - 2 pets max. Cats and dogs only. 75lbs or less per pet. / Fees - Non-refundable 25 USD nightly for up to 2 pets. Max 75 USD per stay. / Other Information - Contact hotel for additional details and availability.,,dallas-fort-worth-tx
La Quinta Inn & Suites by Wyndham Ft. Worth - Forest Hill TX,pet-friendly-hotels,3346 Forest Hill Circle,Forest Hill,TX,76140,(817) 293-5800,https://www.wyndhamhotels.com/laquinta/fort-worth-texas/la-quinta-ft-worth-forest-hill-tx/overview,https://www.wyndhamhotels.com/laquinta/fort-worth-texas/la-quinta-ft-worth-forest-hill-tx/overview,OFFICIAL_PROPERTY,2026-10-10,,,Service Animals - ADA-defined service animals are welcome free of charge. / Pets Allowed - 2 pets max. Cats and dogs only. 75lbs or less per pet. / Fees - Non-refundable 25 USD nightly for up to 2 pets. Max 75 USD per stay. / Other Information - Contact hotel for additional details and availability.,,dallas-fort-worth-tx
La Quinta Inn & Suites by Wyndham Garland Harbor Point,pet-friendly-hotels,375 E I 30,Garland,TX,75043,1-469-4293339,https://www.wyndhamhotels.com/laquinta/garland-texas/la-quinta-garland-harbor-point/overview,https://www.wyndhamhotels.com/laquinta/garland-texas/la-quinta-garland-harbor-point/overview,OFFICIAL_PROPERTY,2026-10-10,,,Service Animals - ADA-defined service animals are welcome free of charge. / Pets Allowed - 2 pets max. Cats and dogs only. 75lbs or less per pet. / Fees - Non-refundable 25 USD nightly for up to 2 pets. Max 75 USD per stay. / Other Information - Contact hotel for additional details and availability.,,dallas-fort-worth-tx
La Quinta Inn & Suites by Wyndham Mansfield TX,pet-friendly-hotels,1503 Breckenridge Road,Mansfield,TX,76063,(817) 453-5040,https://www.wyndhamhotels.com/laquinta/mansfield-texas/la-quinta-mansfield-tx/overview,https://www.wyndhamhotels.com/laquinta/mansfield-texas/la-quinta-mansfield-tx/overview,OFFICIAL_PROPERTY,2026-10-10,,,Service Animals - ADA-defined service animals are welcome free of charge. / Pets Allowed - 2 pets max. Cats and dogs only. 75lbs or less per pet. / Fees - Non-refundable 25 USD nightly for up to 2 pets. Max 75 USD per stay. / Other Information - Contact hotel for additional details and availability.,,dallas-fort-worth-tx
La Quinta Inn & Suites by Wyndham McKinney,pet-friendly-hotels,6501 Henneman Way,McKinney,TX,75070,1-972-9082370,https://www.wyndhamhotels.com/laquinta/mckinney-texas/la-quinta-mckinney/overview,https://www.wyndhamhotels.com/laquinta/mckinney-texas/la-quinta-mckinney/overview,OFFICIAL_PROPERTY,2026-10-10,,,Service Animals - ADA-defined service animals are welcome free of charge. / Pets Allowed - 2 pets max. Cats and dogs only. 75lbs or less per pet. / Fees - Non-refundable 25 USD nightly for up to 2 pets. Max 75 USD per stay. / Other Information - Contact hotel for additional details and availability.,,dallas-fort-worth-tx
La Quinta Inn & Suites by Wyndham Northlake Fort Worth,pet-friendly-hotels,13501 Raceway Drive,Northlake,TX,76262,(817) 490-9400,https://www.wyndhamhotels.com/laquinta/northlake-texas/la-quinta-northlake/overview,https://www.wyndhamhotels.com/laquinta/northlake-texas/la-quinta-northlake/overview,OFFICIAL_PROPERTY,2026-10-10,,,Service Animals - ADA-defined service animals are welcome free of charge. / Pets Allowed - 2 pets max. Cats and dogs only. 75lbs or less per pet. / Fees - Non-refundable 25 USD nightly for up to 2 pets. Max 75 USD per stay. / Other Information - Contact hotel for additional details and availability.,,dallas-fort-worth-tx
La Quinta Inn by Wyndham Dallas Uptown,pet-friendly-hotels,4440 N Central Expressway,Dallas,TX,75206,1-214-8214220,https://www.wyndhamhotels.com/laquinta/dallas-texas/la-quinta-inn-dallas-uptown/overview,https://www.wyndhamhotels.com/laquinta/dallas-texas/la-quinta-inn-dallas-uptown/overview,OFFICIAL_PROPERTY,2026-10-10,,,Service Animals - ADA-defined service animals are welcome free of charge. / Pets Allowed - 2 pets max. Cats and dogs only. 75lbs or less per pet. / Fees - Non-refundable 25 USD nightly for up to 2 pets. Max 75 USD per stay. / Other Information - Contact hotel for additional details and availability.,,dallas-fort-worth-tx
Live! by Loews - Arlington Texas,pet-friendly-hotels,1600 E Randol Mill Road,Arlington,TX,76011,(682) 277-4900,https://www.loewshotels.com/live-by-loews-arlington-texas,https://www.loewshotels.com/live-by-loews-arlington-texas,OFFICIAL_PROPERTY,2026-10-10,,,Pet fee: | Pets are welcome. A fee of $50 per stay will be applied at check-in.,,dallas-fort-worth-tx
Loews Arlington Hotel,pet-friendly-hotels,888 Nolan Ryan Expressway,Arlington,TX,76011,(682) 318-2810,https://www.loewshotels.com/arlington-hotel,https://www.loewshotels.com/arlington-hotel,OFFICIAL_PROPERTY,2026-10-10,,,Pet fee: | Pets are welcome. A fee of $50 per stay will be applied at check-in.,,dallas-fort-worth-tx
"Lorenzo Hotel Dallas, Tapestry Collection by Hilton",pet-friendly-hotels,1011 South Akard Street,Dallas,TX,75215,+1 214-273-3000,https://www.hilton.com/en/hotels/dfwlrup-lorenzo-hotel-dallas/,https://www.hilton.com/en/hotels/dfwlrup-lorenzo-hotel-dallas/hotel-info/,OFFICIAL_PROPERTY,2026-10-10,,,PETS | Pets allowed: Yes | Non-refundable fee: $100.00 | Max weight: 50 lbs | Pet policy: Pet friendly dog area park,,dallas-fort-worth-tx
Magnuson Extended Stay and Suites Airport Hotel,pet-friendly-hotels,110 W Airport Fwy,Irving,TX,75062,(469) 565-8958,https://www.magnusonhotels.com/magnuson-extended-stay-and-suites-airport-hotel/,https://www.magnusonhotels.com/magnuson-extended-stay-and-suites-airport-hotel/,OFFICIAL_PROPERTY,2026-10-10,,,"As a pet-friendly extended-stay hotel, we provide the comforts of home with an on-site snack bar, coffee shop, laundry facilities, and free parking – making longer stays near DFW Airport easy, convenient, and stress-free.",,dallas-fort-worth-tx
MainStay Suites Addison-Dallas,pet-friendly-hotels,15200 Addison Road,Addison,TX,75001,(972) 386-4800,https://www.choicehotels.com/texas/addison/mainstay-hotels/txn15,https://www.choicehotels.com/texas/addison/mainstay-hotels/txn15?checkOutDate=2026-10-16,OFFICIAL_PROPERTY,2026-10-10,,,"Pets | Pets Allowed: Yes | General: Pets allowed 25.00 USD per pet, per night.. Service animals are permitted, without charge.",,dallas-fort-worth-tx
Marriott Dallas Allen Hotel & Convention Center,pet-friendly-hotels,777 Watters Creek Boulevard,Allen,TX,75013,+1 469-675-0800,https://www.marriott.com/en-us/hotels/dalen-marriott-dallas-allen-hotel-and-convention-center/overview/,https://www.marriott.com/en-us/hotels/dalen-marriott-dallas-allen-hotel-and-convention-center/overview/,OFFICIAL_PROPERTY,2026-10-10,,,Pet Policy | Pets Welcome. | Pets allowed: Dogs & Cats only. | Non-Refundable Pet Fee Per Stay: $150.00 | Maximum Pet Weight: 50.0lbs | Maximum Number of Pets in Room: 2,,dallas-fort-worth-tx
Marriott Dallas Uptown,pet-friendly-hotels,3033 Fairmount Street,Dallas,TX,75201,,https://www.marriott.com/en-us/hotels/dalmu-marriott-dallas-uptown/overview/,https://www.marriott.com/en-us/hotels/dalmu-marriott-dallas-uptown/overview/,OFFICIAL_PROPERTY,2026-10-10,,,Pet Policy | Pets Welcome. | 1 pet maximum per room with 150USD non-refundable fee per room per stay | Non-Refundable Pet Fee Per Stay: $150.00 | Maximum Number of Pets in Room: 1,,dallas-fort-worth-tx
"Motel 6 Arlington, TX - Entertainment District",pet-friendly-hotels,910 N Collins St,Arlington,TX,76011,(817) 261-8444,https://www.motel6.com/property/motel-arlington-texas-us-294423/,https://www.motel6.com/property/motel-arlington-texas-us-294423/,OFFICIAL_PROPERTY,2026-10-10,,,"About this motel | Perfectly positioned in Arlington’s vibrant Entertainment District, this pet-friendly motel welcomes your four-legged friends, so you never have to leave your furry companions behind—enjoy peace of mind knowing pets are always welcome.",,dallas-fort-worth-tx
"Motel 6 Fort Worth, TX – I-35 & I-20",pet-friendly-hotels,6450 South Freeway,Fort Worth,TX,76134,(817) 568-8000,https://www.motel6.com/property/motel-fort-worth-texas-us-293944/,https://www.motel6.com/property/motel-fort-worth-texas-us-293944/,OFFICIAL_PROPERTY,2026-10-10,,,"About this motel | This pet-friendly motel welcomes your furry friends, making it easy to travel with pets and enjoy peace of mind knowing they’re right by your side.",,dallas-fort-worth-tx
"Motel 6 Fort Worth, TX - White Settlement",pet-friendly-hotels,7960 West Freeway,White Settlement,TX,76108,,https://www.motel6.com/property/motel-fort-worth-texas-us-293340/,https://www.motel6.com/property/motel-fort-worth-texas-us-293340/,OFFICIAL_PROPERTY,2026-10-10,,,"About this motel | This pet-friendly motel welcomes your four-legged companions, making it easy to travel with the whole family—pets stay free, so you can enjoy your trip without worry.",,dallas-fort-worth-tx
"NYLO LAS COLINAS HOTEL, TAPESTRY COLLECTION BY HILTON",pet-friendly-hotels,1001 West Royal Lane,Irving,TX,75039,+1-972-373-8900,https://www.hilton.com/en/hotels/daligup-nylo-las-colinas-hotel/,https://www.hilton.com/en/hotels/daligup-nylo-las-colinas-hotel/hotel-info/,OFFICIAL_PROPERTY,2026-10-10,,,PETS | Pets allowed: Yes | Non-refundable fee: $50.00 | Max weight: 75 lbs,,dallas-fort-worth-tx
Omni Dallas Hotel,pet-friendly-hotels,555 S LAMAR,Dallas,TX,75202,,https://www.omnihotels.com/hotels/dallas,https://www.omnihotels.com/hotels/dallas/property-details/policies,OFFICIAL_PROPERTY,2026-10-10,,,"PET POLICY | Omni Dallas is a pet-friendly hotel. Guests must have a valid credit card on their reservation. The weight of the pet is not to exceed 25 lbs. A non-refundable cleaning fee of $125 will be charged per stay, per room (not per pet). One pet is allowed per guest room. If guest plans to have two or more animals in the room, he or she must contact the hotel directly to discuss. Dogs and cats only are allowed. Extreme or wild animals are not authorized.",,dallas-fort-worth-tx
Omni Fort Worth Hotel,pet-friendly-hotels,1300 HOUSTON STREET,Fort Worth,TX,76102,(817) 535-6664,https://www.omnihotels.com/hotels/fort-worth,https://www.omnihotels.com/hotels/fort-worth/property-details/policies,OFFICIAL_PROPERTY,2026-10-10,,,PET POLICY | Omni Fort Worth Hotel is pet friendly for pets up to 25 pounds. There is a $125 non-refundable cleaning fee. Pets may not be left unattended in the guest room and must be leashed or in a carrier when outside the guest room.,,dallas-fort-worth-tx
Omni Frisco Hotel at The Star,pet-friendly-hotels,11 COWBOYS WAY,Frisco,TX,75034,+1-469-287-0000,http://www.omnihotels.com/Frisco,https://www.omnihotels.com/hotels/frisco/property-details/policies,OFFICIAL_PROPERTY,2026-10-10,,,"PET POLICY | Pets under 25 lbs are welcome at Omni Frisco Hotel at The Star with the following conditions: A non-refundable cleaning fee of $150.00 is paid upon check-in. This is for basic cleaning of pet hair and odor (Additional charges for damage may be imposed). No dangerous animals, animals perceived to be threatening, wild or other exotic animals will be allowed. The hotel shall make the final determination of whether a specific pet will be permitted in the hotel. A kennel must be presente",,dallas-fort-worth-tx
Omni Las Colinas Hotel,pet-friendly-hotels,221 East Las Colinas Boulevard Dallas (Irving) Texas 75039,Irving,TX,75039,,https://www.omnihotels.com/hotels/dallas-las-colinas,https://www.omnihotels.com/hotels/dallas-las-colinas/property-details/policies,OFFICIAL_PROPERTY,2026-10-10,,,"PET POLICY | Pets under 25lbs are welcome at Omni Las Colinas Hotel with the following conditions: | • A non-refundable cleaning fee of $125.00 is paid upon check-in. This is for basic cleaning of pet hair and odor (Additional charges for damage may be imposed at the hotels discretion). | • No dangerous animals, animals perceived to be threatening, wild or other exotic animals will be allowed. The hotel shall make the final determination of whether a specific pet will be permitted in the hotel.",,dallas-fort-worth-tx
Omni PGA Frisco Resort & Spa,pet-friendly-hotels,4341 PGA PARKWAY,Frisco,TX,75033,(469) 305-4500,https://www.omnihotels.com/hotels/pga-frisco,https://www.omnihotels.com/hotels/pga-frisco/property-details/policies,OFFICIAL_PROPERTY,2026-10-10,,,PET POLICY | Omni PGA Frisco Resort & Spa is a pet-friendly resort. Guests must have a valid credit card on their reservation. Two (2) pets up to 60 lbs. each may be registered to a room. A non-refundable cleaning fee of $150 is to be paid upon check-in. ... Limit of two (2) pets allowed in all room types.,,dallas-fort-worth-tx
Quality Inn Allen - Plano East,pet-friendly-hotels,407 Central Expressway South,Allen,TX,75013,,https://www.choicehotels.com/texas/allen/quality-inn-hotels/txb18,https://www.choicehotels.com/texas/allen/quality-inn-hotels/txb18,OFFICIAL_PROPERTY,2026-10-10,,,"Pets | Pets Allowed: Yes | General: Pets are allowed. 30.00 USD per night, per pet. 150.00 USD refundable deposit required. A maximum of 50 pounds. A maximum of 2 pets per room.. Service animals are permitted, without charge.",,dallas-fort-worth-tx
Quality Inn & Suites Dallas-Cityplace,pet-friendly-hotels,4150 N. Central Expressway,Dallas,TX,75204,,https://www.choicehotels.com/texas/dallas/quality-inn-hotels/txn12,https://www.choicehotels.com/texas/dallas/quality-inn-hotels/txn12,OFFICIAL_PROPERTY,2026-10-10,,,"Pets | Pets Allowed: Yes | General: Dogs are welcome. A non-refundable pet fee of $50 per dog, per night applies, with a maximum of two dogs per room and a 25-pound weight limit per dog. Pet fees are capped at $200 per week. ADA-defined service animals are always permitted at no charge.. Service animals are permitted, without charge.",,dallas-fort-worth-tx
Quality Inn & Suites Garland - East Dallas,pet-friendly-hotels,1635 E I30,Garland,TX,75043,,https://www.choicehotels.com/texas/garland/quality-inn-hotels/txh35,https://www.choicehotels.com/texas/garland/quality-inn-hotels/txh35,OFFICIAL_PROPERTY,2026-10-10,,,"Pets | Pets Allowed: Yes | General: Pets are allowed. 10.00 USD per pet, per night. A refundable deposit of 100.00 USD. Maximum of 40lbs. Two pets per room only.. Service animals are permitted, without charge.",,dallas-fort-worth-tx
Quality Inn & Suites Plano East - Richardson,pet-friendly-hotels,1616 N. Central Expressway,Plano,TX,75074,(972) 578-8555,https://www.choicehotels.com/texas/plano/quality-inn-hotels/txh88,https://www.choicehotels.com/texas/plano/quality-inn-hotels/txh88,OFFICIAL_PROPERTY,2026-10-10,,,"Pets | Pets Allowed: Yes | General: Pet fee 10 USD per night per pet. 100 USD refundable pet Deposit Required. Max of 2 pets per room. Max of 50 lbs. Undisclosed Pets will result in a 150 USD fine plus Pet fee 10 USD Per Night.. Service animals are permitted, without charge.",,dallas-fort-worth-tx
Quality Inn at Arlington Highlands,pet-friendly-hotels,121 East I-20,Arlington,TX,76018,+1-817-533-3243,https://www.choicehotels.com/texas/arlington/quality-inn-hotels/tx553,https://www.choicehotels.com/texas/arlington/quality-inn-hotels/tx553,OFFICIAL_PROPERTY,2026-10-10,,,"Pets | Pets Allowed: Yes | General: Yes. Pets are allowed. 25.00 USD for the first night. 10 USD for the succeeding nights. Maximum of 2 pets per room per night.. Service animals are permitted, without charge.",,dallas-fort-worth-tx
Quality Inn DFW Airport North,pet-friendly-hotels,8205 Esters Blvd.,Irving,TX,75063,(972) 929-0066,https://www.choicehotels.com/texas/irving/quality-inn-hotels/tx344,https://www.choicehotels.com/texas/irving/quality-inn-hotels/tx344,OFFICIAL_PROPERTY,2026-10-10,,,"Pets | Pets Allowed: Yes | General: Pet Policy - 25.00 USD per night, per pet. Pet limit of 2 pets per room. Maximum pet weight of 50 pounds. Service Animals stays free.. Service animals are permitted, without charge.",,dallas-fort-worth-tx
Quality Suites Addison-Dallas,pet-friendly-hotels,4555 Beltline Road,Addison,TX,75001,,https://www.choicehotels.com/texas/addison/quality-inn-hotels/tx116,https://www.choicehotels.com/texas/addison/quality-inn-hotels/tx116,OFFICIAL_PROPERTY,2026-10-10,,,"Pets | Pets Allowed: Yes | General: Pet accommodation 20.00 USD per night and per pet. Pet limit 2 pets per room, maximum 50 pounds.. Service animals are permitted, without charge.",,dallas-fort-worth-tx
Quality Suites Irving-Las Colinas,pet-friendly-hotels,1223 Greenway Cir.,Irving,TX,75038,+1 972-518-0606,https://www.choicehotels.com/texas/irving/quality-inn-hotels/tx615,https://www.choicehotels.com/texas/irving/quality-inn-hotels/tx615,OFFICIAL_PROPERTY,2026-10-10,,,"Pets | Pets Allowed: Yes | General: Pets Allowed. Dogs Only. Pet Accommodation is $30 Per pet, per night. Refundable Deposit is required $50. Is there a limit on the Size of the Pet? Yes. 50 pounds only. Is there a limit on the number of the Pets in a room? Yes. 2 pets per room.. Service animals are permitted, without charge.",,dallas-fort-worth-tx
Radisson Hotel Fort Worth North-Fossil Creek,pet-friendly-hotels,2540 Meacham Blvd,Fort Worth,TX,76106,+1-817-625-9911,https://www.choicehotels.com/texas/fort-worth/radisson-hotels/txq29?refd=radissonhotelsamericas.com,https://www.choicehotels.com/texas/fort-worth/radisson-hotels/txq29?refd=radissonhotelsamericas.com,OFFICIAL_PROPERTY,2026-10-10,,,"Pets | Pets Allowed: Yes | General: All Pets are allowed. 50.00 USD per stay, per pet. A maximum limit of 50 pounds and 1 pet per room.. Service animals are permitted, without charge.",,dallas-fort-worth-tx
Red Roof Arlington - Entertainment District,pet-friendly-hotels,820 N Watson Rd,Arlington,TX,76011,(817) 640-5151,https://www.redroof.com/property/tx/arlington/rri820,https://www.redroof.com/property/tx/arlington/rri820,OFFICIAL_PROPERTY,2026-10-10,,,"Pet Policy: One, well-behaved domestic pet (cat or dog) Stays Free! Pets must be declared at check-in. Up to 2 pets allowed per room. Second pet $15/ night, not to exceed 7 nights or $105 per pet per stay. Pet not to exceed 80 pounds. Service and emotional support animals are always welcome.",,dallas-fort-worth-tx
Red Roof Dallas – Addison,pet-friendly-hotels,4103 Belt Line Rd,Addison,TX,75001,,https://www.redroof.com/property/tx/addison/rri378,https://www.redroof.com/property/tx/addison/rri378,OFFICIAL_PROPERTY,2026-10-10,,,"Pet Policy: One, well-behaved domestic pet (cat or dog) Stays Free! Pets must be declared at check-in. Up to 2 pets allowed per room. Second pet $15/ night, not to exceed 7 nights or $105 per pet per stay. Pet not to exceed 80 pounds. Service and emotional support animals are always welcome.",,dallas-fort-worth-tx
Red Roof Dallas - DFW Airport North,pet-friendly-hotels,8150 Esters Blvd,Irving,TX,75063,(972) 929-0020,https://www.redroof.com/property/Irving/TX/75063/Hotels-close-to-Dallas-Fort-Worth-Airport-I-635/RRI129/,https://www.redroof.com/property/tx/irving/rri129,OFFICIAL_PROPERTY,2026-10-10,,,"Pet Policy: One, well-behaved domestic pet (cat or dog) Stays Free! Pets must be declared at check-in. Up to 2 pets allowed per room. Second pet $15/ night, not to exceed 7 nights or $105 per pet per stay. Pet not to exceed 80 pounds. Service and emotional support animals are always welcome.",,dallas-fort-worth-tx
Red Roof Euless - DFW Airport Southwest,pet-friendly-hotels,901 West Airport Freeway,Euless,TX,76040,,https://www.redroof.com/property/tx/euless/rri1111,https://www.redroof.com/property/tx/euless/rri1111,OFFICIAL_PROPERTY,2026-10-10,,,"Pet Policy: One, well-behaved domestic pet (cat or dog) Stays Free! Pets must be declared at check-in. Up to 2 pets allowed per room. Second pet $15/ night, not to exceed 7 nights or $105 per pet per stay. Pet not to exceed 80 pounds. Service and emotional support animals are always welcome.",,dallas-fort-worth-tx
Red Roof Fort Worth - Burleson,pet-friendly-hotels,200 Pace Alsbury Ct,Fort Worth,TX,76028,,https://www.redroof.com/property/tx/fort-worth/rri950,https://www.redroof.com/property/tx/fort-worth/rri950,OFFICIAL_PROPERTY,2026-10-10,,,"Pet Policy: One, well-behaved domestic pet (cat or dog) Stays Free! Pets must be declared at check-in. Up to 2 pets allowed per room. Second pet $15/ night, not to exceed 7 nights or $105 per pet per stay. Pet not to exceed 80 pounds. Service and emotional support animals are always welcome.",,dallas-fort-worth-tx
Red Roof Fort Worth South,pet-friendly-hotels,6600 South Fwy,Fort Worth,TX,76134,(817) 293-8595,https://www.redroof.com/property/tx/fort-worth/RRI1154,https://www.redroof.com/property/tx/fort-worth/rri1154,OFFICIAL_PROPERTY,2026-10-10,,,"Pet Policy: One, well-behaved domestic pet (cat or dog) Stays Free! Pets must be declared at check-in. Up to 2 pets allowed per room. Second pet $15/ night, not to exceed 7 nights or $105 per pet per stay. Pet not to exceed 80 pounds. Service and emotional support animals are always welcome.",,dallas-fort-worth-tx
Red Roof Hutchins,pet-friendly-hotels,1100 Dowdy Ferry Rd,Hutchins,TX,75141,,https://www.redroof.com/property/tx/hutchins/rri611,https://www.redroof.com/property/tx/hutchins/rri611,OFFICIAL_PROPERTY,2026-10-10,,,"Pet Policy: One, well-behaved domestic pet (cat or dog) Stays Free! Pets must be declared at check-in. Up to 2 pets allowed per room. Second pet $15/ night, not to exceed 7 nights or $105 per pet per stay. Pet not to exceed 80 pounds. Service and emotional support animals are always welcome.",,dallas-fort-worth-tx
Red Roof Inn & Conference Center McKinney,pet-friendly-hotels,1300 N Central Expressway,McKinney,TX,75070,,https://www.redroof.com/property/tx/mckinney/rri1278,https://www.redroof.com/property/tx/mckinney/rri1278,OFFICIAL_PROPERTY,2026-10-10,,,"Pet Policy: One, well-behaved domestic pet (cat or dog) Stays Free! Pets must be declared at check-in. Up to 2 pets allowed per room. Second pet $15/ night, not to exceed 7 nights or $105 per pet per stay. Pet not to exceed 80 pounds. Service and emotional support animals are always welcome.",,dallas-fort-worth-tx
Red Roof Inn Plano,pet-friendly-hotels,1820 N Central Expy,Plano,TX,75074,(972) 423-1300,https://www.redroof.com/property/tx/Plano/RRI1016,https://www.redroof.com/property/tx/plano/rri1016,OFFICIAL_PROPERTY,2026-10-10,,,"Pet Policy: One, well-behaved domestic pet (cat or dog) Stays Free! Pets must be declared at check-in. Up to 2 pets allowed per room. Second pet $15/ night, not to exceed 7 nights or $105 per pet per stay. Pet not to exceed 80 pounds. Service and emotional support animals are always welcome.",,dallas-fort-worth-tx
Red Roof Irving – DFW Airport South,pet-friendly-hotels,4110 W Airport Fwy,Irving,TX,75062,(972) 790-2262,https://www.redroof.com/property/tx/irving/RRI1368,https://www.redroof.com/property/tx/irving/rri1368,OFFICIAL_PROPERTY,2026-10-10,,,"Pet Policy: One, well-behaved domestic pet (cat or dog) Stays Free! Pets must be declared at check-in. Up to 2 pets allowed per room. Second pet $15/ night, not to exceed 7 nights or $105 per pet per stay. Pet not to exceed 80 pounds. Service and emotional support animals are always welcome.",,dallas-fort-worth-tx
"Red Roof Lancaster, TX",pet-friendly-hotels,2514 Balomede Ave,Lancaster,TX,75134,,https://www.redroof.com/property/tx/lancaster/rri1225,https://www.redroof.com/property/tx/lancaster/rri1225,OFFICIAL_PROPERTY,2026-10-10,,,"Pet Policy: One, well-behaved domestic pet (cat or dog) Stays Free! Pets must be declared at check-in. Up to 2 pets allowed per room. Second pet $15/ night, not to exceed 7 nights or $105 per pet per stay. Pet not to exceed 80 pounds. Service and emotional support animals are always welcome.",,dallas-fort-worth-tx
Red Roof Lewisville,pet-friendly-hotels,1102 Texas St,Lewisville,TX,75057,,https://www.redroof.com/property/tx/lewisville/rri1180,https://www.redroof.com/property/tx/lewisville/rri1180,OFFICIAL_PROPERTY,2026-10-10,,,"Pet Policy: One, well-behaved domestic pet (cat or dog) Stays Free! Pets must be declared at check-in. Up to 2 pets allowed per room. Second pet $15/ night, not to exceed 7 nights or $105 per pet per stay. Pet not to exceed 80 pounds. Service and emotional support animals are always welcome.",,dallas-fort-worth-tx
Red Roof North Dallas - Park Central,pet-friendly-hotels,13685 N Central Expy,Dallas,TX,75243,,https://www.redroof.com/property/tx/dallas/RRI673,https://www.redroof.com/property/tx/dallas/rri673,OFFICIAL_PROPERTY,2026-10-10,,,"Pet Policy: One, well-behaved domestic pet (cat or dog) Stays Free! Pets must be declared at check-in. Up to 2 pets allowed per room. Second pet $15/ night, not to exceed 7 nights or $105 per pet per stay. Pet not to exceed 80 pounds. Service and emotional support animals are always welcome.",,dallas-fort-worth-tx
Renaissance Dallas North Hotel,pet-friendly-hotels,1590 Lyndon B Johnson Freeway,Farmers Branch,TX,75234,+1 972-869-4300,https://www.marriott.com/en-us/hotels/dalre-renaissance-dallas-north-hotel/overview/,https://www.marriott.com/en-us/hotels/dalre-renaissance-dallas-north-hotel/overview/,OFFICIAL_PROPERTY,2026-10-10,,,Pet Policy | Pets Welcome | Pets WelcomeMaximum Number of Pets in Room: 2 | Non-Refundable Pet Fee Per Night: $50.00 | Maximum Pet Weight: 25.0lbs | Maximum Number of Pets in Room: 2,,dallas-fort-worth-tx
Renaissance Dallas Richardson Hotel,pet-friendly-hotels,900 E. Lookout Drive,Richardson,TX,75082,+1-972-367-6419,https://www.marriott.com/en-us/hotels/dalrd-renaissance-dallas-richardson-hotel/overview/,https://www.marriott.com/en-us/hotels/dalrd-renaissance-dallas-richardson-hotel/overview/,OFFICIAL_PROPERTY,2026-10-10,,,"Pet Policy | Pets Welcome | $50 per pet per night, up to $150. Additional fee applies after 6 nights. | Non-Refundable Pet Fee Per Night: $50.00 | Maximum Pet Weight: 75.0lbs | Maximum Number of Pets in Room: 2",,dallas-fort-worth-tx
Renaissance Saint Elm Dallas Downtown Hotel,pet-friendly-hotels,1907 Elm Street,Dallas,TX,75201,,https://www.marriott.com/en-us/hotels/dalbw-renaissance-saint-elm-dallas-downtown-hotel/overview/,https://www.marriott.com/en-us/hotels/dalbw-renaissance-saint-elm-dallas-downtown-hotel/overview/,OFFICIAL_PROPERTY,2026-10-10,,,Pet Policy | Pets Welcome | Hotel allows pets up to 75lbs. | Non-Refundable Pet Fee Per Night: $50.00 | Maximum Pet Weight: 75.0lbs | Maximum Number of Pets in Room: 2,,dallas-fort-worth-tx
Residence Inn by Marriott Arlington,pet-friendly-hotels,1050 Brookhollow Plaza Drive,Arlington,TX,76006,+1 817-649-7300,https://www.marriott.com/en-us/hotels/dalar-residence-inn-arlington/overview/,https://www.marriott.com/en-us/hotels/dalar-residence-inn-arlington/overview/,OFFICIAL_PROPERTY,2026-10-10,,,"Pet Policy | Pets Welcome | Size and weight restriction may apply, please call hotel for details | Non-Refundable Pet Fee Per Stay: $100.00 | Maximum Pet Weight: 40.0lbs | Maximum Number of Pets in Room: 2",,dallas-fort-worth-tx
Residence Inn by Marriott Dallas Addison/Quorum Drive,pet-friendly-hotels,14975 Quorum Drive,Addison,TX,75254,+1 972-866-9933,https://www.marriott.com/en-us/hotels/dalas-residence-inn-dallas-addison-quorum-drive/overview/,https://www.marriott.com/en-us/hotels/dalas-residence-inn-dallas-addison-quorum-drive/overview/,OFFICIAL_PROPERTY,2026-10-10,,,Pet Policy | Pets Welcome | Pets welcome! | Non-Refundable Pet Fee Per Stay: $100.00 | Maximum Pet Weight: 75.0lbs | Maximum Number of Pets in Room: 2,,dallas-fort-worth-tx
Residence Inn by Marriott Dallas Allen/Fairview,pet-friendly-hotels,295 Murray Farm Road,Fairview,TX,75069,,https://www.marriott.com/en-us/hotels/dalfv-residence-inn-dallas-allen-fairview/overview/,https://www.marriott.com/en-us/hotels/dalfv-residence-inn-dallas-allen-fairview/overview/,OFFICIAL_PROPERTY,2026-10-10,,,Pet Policy | Pets Welcome | 2 pets per room 50lbs max. $150 Non refundable fee | Non-Refundable Pet Fee Per Stay: $150.00 | Maximum Pet Weight: 50.0lbs | Maximum Number of Pets in Room: 2,,dallas-fort-worth-tx
Residence Inn by Marriott Dallas Arlington South,pet-friendly-hotels,801 Highlander Boulevard,Arlington,TX,76015,+1 817-465-2244,https://www.marriott.com/en-us/hotels/dalag-residence-inn-dallas-arlington-south/overview/,https://www.marriott.com/en-us/hotels/dalag-residence-inn-dallas-arlington-south/overview/,OFFICIAL_PROPERTY,2026-10-10,,,"Pet Policy | Pets Welcome | Breed restrictions, see front desk for details | Non-Refundable Pet Fee Per Stay: $150.00 | Maximum Pet Weight: 25.0lbs | Maximum Number of Pets in Room: 2",,dallas-fort-worth-tx
Residence Inn by Marriott Dallas at The Canyon,pet-friendly-hotels,3425 Canyon Bluff Boulevard,Dallas,TX,75211,+1 214-330-0100,https://www.marriott.com/en-us/hotels/dalwt-residence-inn-dallas-at-the-canyon/overview/,https://www.marriott.com/en-us/hotels/dalwt-residence-inn-dallas-at-the-canyon/overview/,OFFICIAL_PROPERTY,2026-10-10,,,Pet Policy | Pets Welcome | 2 pets 50 pounds max per room with USD 100 non-refundable fee per room per stay | Non-Refundable Pet Fee Per Stay: $100.00 | Maximum Pet Weight: 50.0lbs | Maximum Number of Pets in Room: 2,,dallas-fort-worth-tx
Residence Inn by Marriott Dallas by the Galleria,pet-friendly-hotels,5460 James Temple Drive,Dallas,TX,75240,+1 469-399-1019,https://www.marriott.com/en-us/hotels/daldr-residence-inn-dallas-by-the-galleria/overview/,https://www.marriott.com/en-us/hotels/daldr-residence-inn-dallas-by-the-galleria/overview/,OFFICIAL_PROPERTY,2026-10-10,,,Pet Policy | Pets Welcome | two pets max per room. $75 USD non-refundable fee per room per stay. | Non-Refundable Pet Fee Per Stay: $75.00 | Maximum Number of Pets in Room: 2,,dallas-fort-worth-tx
Residence Inn by Marriott Dallas DFW Airport North/Irving,pet-friendly-hotels,8600 Esters Blvd.,Irving,TX,75063,+1 972-871-1331,https://www.marriott.com/en-us/hotels/dfwra-residence-inn-dallas-dfw-airport-north-irving/overview/,https://www.marriott.com/en-us/hotels/dfwra-residence-inn-dallas-dfw-airport-north-irving/overview/,OFFICIAL_PROPERTY,2026-10-10,,,Pet Policy | Pets Welcome | Non-refundable $100 Fee | Non-Refundable Pet Fee Per Stay: $100.00 | Maximum Pet Weight: 50.0lbs | Maximum Number of Pets in Room: 2,,dallas-fort-worth-tx
Residence Inn by Marriott Dallas DFW Airport South/Irving,pet-friendly-hotels,2200 Valley View Lane,Irving,TX,75062,+1 972-257-2400,https://www.marriott.com/en-us/hotels/dfwas-residence-inn-dallas-dfw-airport-south-irving/overview/,https://www.marriott.com/en-us/hotels/dfwas-residence-inn-dallas-dfw-airport-south-irving/overview/,OFFICIAL_PROPERTY,2026-10-10,,,Pet Policy | Pets Welcome | Pets 20 pounds or less allowed; USD $100 non-refundable fee per stay | Non-Refundable Pet Fee Per Stay: $100.00 | Maximum Pet Weight: 20.0lbs,,dallas-fort-worth-tx
Residence Inn by Marriott Dallas DFW Airport West/Bedford,pet-friendly-hotels,2000 State Highway 121,Bedford,TX,76021,+1 817-354-2222,https://www.marriott.com/en-us/hotels/dfwwb-residence-inn-dallas-dfw-airport-west-bedford/overview/,https://www.marriott.com/en-us/hotels/dfwwb-residence-inn-dallas-dfw-airport-west-bedford/overview/,OFFICIAL_PROPERTY,2026-10-10,,,"Pet Policy | Pets Welcome | 2 pets maximum per room, one time $100.00 Non-Refundable pet fee | Non-Refundable Pet Fee Per Stay: $100.00 | Maximum Pet Weight: 130.0lbs | Maximum Number of Pets in Room: 2",,dallas-fort-worth-tx
Residence Inn by Marriott Dallas Grand Prairie,pet-friendly-hotels,3128 S. Highway 161,Grand Prairie,TX,75052,,https://www.marriott.com/en-us/hotels/dalgr-residence-inn-dallas-grand-prairie/overview/,https://www.marriott.com/en-us/hotels/dalgr-residence-inn-dallas-grand-prairie/overview/,OFFICIAL_PROPERTY,2026-10-10,,,Pet Policy | Pets Welcome | 2 pets per room with 150USD non-refundable fee per room per stay | Non-Refundable Pet Fee Per Stay: $150.00 | Maximum Number of Pets in Room: 2,,dallas-fort-worth-tx
Residence Inn by Marriott Dallas Las Colinas,pet-friendly-hotels,950 West Walnut Hill Lane,Irving,TX,75038,+1 972-580-7773,https://www.marriott.com/en-us/hotels/dalls-residence-inn-dallas-las-colinas/overview/,https://www.marriott.com/en-us/hotels/dalls-residence-inn-dallas-las-colinas/overview/,OFFICIAL_PROPERTY,2026-10-10,,,Pet Policy | Pets Welcome | Pet fee $20/day with $100/stay nonrefundable clean fee excludes Service Animals | Non-Refundable Pet Fee Per Stay: $100.00 | Non-Refundable Pet Fee Per Night: $20.00 | Maximum Pet Weight: 70.0lbs | Maximum Number of Pets in Room: 2,,dallas-fort-worth-tx
Residence Inn by Marriott Dallas Park Central,pet-friendly-hotels,7642 LBJ Freeway,Dallas,TX,75251,+1 972-503-1333,https://www.marriott.com/en-us/hotels/dalrp-residence-inn-dallas-park-central/overview/,https://www.marriott.com/en-us/hotels/dalrp-residence-inn-dallas-park-central/overview/,OFFICIAL_PROPERTY,2026-10-10,,,Pet Policy | Pets Welcome | 1 pet 30 pounds max per room w/USD 150/200 non-refundable fee per room per stay | Non-Refundable Pet Fee Per Stay: $100.00 | Maximum Pet Weight: 30.0lbs | Maximum Number of Pets in Room: 1,,dallas-fort-worth-tx
Residence Inn by Marriott Dallas Plano/Legacy,pet-friendly-hotels,5001 Whitestone Lane,Plano,TX,75024,+1 972-473-6761,https://www.marriott.com/en-us/hotels/dalpl-residence-inn-dallas-plano-legacy/overview/,https://www.marriott.com/en-us/hotels/dalpl-residence-inn-dallas-plano-legacy/overview/,OFFICIAL_PROPERTY,2026-10-10,,,Pet Policy | Pets Welcome | $150/stay nonrefundable clean fee excludes Service Animals | Non-Refundable Pet Fee Per Stay: $150.00 | Maximum Pet Weight: 50.0lbs | Maximum Number of Pets in Room: 2,,dallas-fort-worth-tx
Residence Inn by Marriott Dallas Plano/Richardson,pet-friendly-hotels,1705 East President George Bush Highway,Plano,TX,75074,+1 972-424-9101,https://www.marriott.com/en-us/hotels/dalpr-residence-inn-dallas-plano-richardson/overview/,https://www.marriott.com/en-us/hotels/dalpr-residence-inn-dallas-plano-richardson/overview/,OFFICIAL_PROPERTY,2026-10-10,,,Pet Policy | Pets Welcome | Daily cleaning fee of $5/ day in addition to the one time non-refundable pet fee | Non-Refundable Pet Fee Per Stay: $100.00 | Non-Refundable Pet Fee Per Night: $5.00 | Maximum Number of Pets in Room: 2,,dallas-fort-worth-tx
Residence Inn by Marriott Dallas Plano/Richardson at Coit Rd.,pet-friendly-hotels,300 Silverglen Drive,Plano,TX,75075,+1 972-596-3200,https://www.marriott.com/en-us/hotels/dalxr-residence-inn-dallas-plano-richardson-at-coit-rd/overview/,https://www.marriott.com/en-us/hotels/dalxr-residence-inn-dallas-plano-richardson-at-coit-rd/overview/,OFFICIAL_PROPERTY,2026-10-10,,,Pet Policy | Pets Welcome | Non-Refundable Pet Fee Per Stay: $150.00 | Maximum Pet Weight: 50.0lbs | Maximum Number of Pets in Room: 2,,dallas-fort-worth-tx
Residence Inn by Marriott Dallas Plano/The Colony,pet-friendly-hotels,6600 Cascades Court,The Colony,TX,75056,,https://www.marriott.com/en-us/hotels/dalco-residence-inn-dallas-plano-the-colony/overview/,https://www.marriott.com/en-us/hotels/dalco-residence-inn-dallas-plano-the-colony/overview/,OFFICIAL_PROPERTY,2026-10-10,,,Pet Policy | Pets Welcome | 2 pets 70 pounds or less allowed with USD 100 non-refundable fee per stay | Non-Refundable Pet Fee Per Stay: $100.00 | Maximum Pet Weight: 70.0lbs | Maximum Number of Pets in Room: 2,,dallas-fort-worth-tx
Residence Inn by Marriott DFW Airport North/Grapevine,pet-friendly-hotels,2020 State Highway 26,Grapevine,TX,76051,+1 972-539-8989,https://www.marriott.com/en-us/hotels/dalgp-residence-inn-dfw-airport-north-grapevine/overview/,https://www.marriott.com/en-us/hotels/dalgp-residence-inn-dfw-airport-north-grapevine/overview/,OFFICIAL_PROPERTY,2026-10-10,,,Pet Policy | Pets Welcome | Pets 80 pounds or less allowed with USD 125 non-refundable fee per room per stay | Non-Refundable Pet Fee Per Stay: $125.00 | Maximum Pet Weight: 80.0lbs | Maximum Number of Pets in Room: 2,,dallas-fort-worth-tx
Residence Inn by Marriott Fort Worth Alliance Airport,pet-friendly-hotels,13400 North Freeway,Fort Worth,TX,76177,+1 817-750-7000,https://www.marriott.com/en-us/hotels/dfwal-residence-inn-fort-worth-alliance-airport/overview/,https://www.marriott.com/en-us/hotels/dfwal-residence-inn-fort-worth-alliance-airport/overview/,OFFICIAL_PROPERTY,2026-10-10,,,Pet Policy | Pets Welcome | 2 pets 60 pounds max per room with USD 100 non-refundable fee per room per stay | Non-Refundable Pet Fee Per Stay: $100.00 | Maximum Pet Weight: 60.0lbs | Maximum Number of Pets in Room: 2,,dallas-fort-worth-tx
Residence Inn by Marriott Fort Worth Cultural District,pet-friendly-hotels,2500 Museum Way,Fort Worth,TX,76107,+1 817-885-8250,https://www.marriott.com/en-us/hotels/dfwrw-residence-inn-fort-worth-cultural-district/overview/,https://www.marriott.com/en-us/hotels/dfwrw-residence-inn-fort-worth-cultural-district/overview/,OFFICIAL_PROPERTY,2026-10-10,,,Pet Policy | Pets Welcome | Pets are allowed with a non-refundable fee of USD 100 per room per stay | Non-Refundable Pet Fee Per Stay: $100.00 | Maximum Number of Pets in Room: 2,,dallas-fort-worth-tx
Residence Inn by Marriott Fort Worth Southwest,pet-friendly-hotels,5825 Arborlawn Drive,Fort Worth,TX,76109,+1 817-731-5400,https://www.marriott.com/en-us/hotels/dfwrf-residence-inn-fort-worth-southwest/overview/,https://www.marriott.com/en-us/hotels/dfwrf-residence-inn-fort-worth-southwest/overview/,OFFICIAL_PROPERTY,2026-10-10,,,"Pet Policy | Pets Welcome | 1 pet, up to 25lbs with 100USD non Refundable fee per room per stay. | Non-Refundable Pet Fee Per Stay: $100.00 | Maximum Pet Weight: 25.0lbs | Maximum Number of Pets in Room: 2",,dallas-fort-worth-tx
Roanoke Suites,pet-friendly-hotels,801 W Byron Nelson Blvd,Roanoke,TX,76262,+1 817-490-1455,https://www.ihg.com/spnd/hotels/us/en/roanoke/ftwrn/hoteldetail,https://www.ihg.com/spnd/hotels/us/en/roanoke/ftwrn/hoteldetail,OFFICIAL_PROPERTY,2026-10-10,,,Pets are welcome at Roanoke Suites. | Pet policy description. Pet fee 50USD per night and maximum charge 250USD. | Pet fee per night: 50 USD | Pet weight limit: 50 | 2 pets allowed | Pets allowed: Only dogs and cats allowed,,dallas-fort-worth-tx
Rodeway Inn & Suites Lewisville I-35,pet-friendly-hotels,881 S. Stemmons Freeway,Lewisville,TX,75067,+1-972-436-0400,https://www.choicehotels.com/texas/lewisville/rodeway-inn-hotels/txa62,https://www.choicehotels.com/texas/lewisville/rodeway-inn-hotels/txa62,OFFICIAL_PROPERTY,2026-10-10,,,"Pets | Pets Allowed: Yes | General: Pets are allowed. 10.00 USD per pet per night. Max 20 lbs Max 2 pets per room.. Service animals are permitted, without charge.",,dallas-fort-worth-tx
Rodeway Inn Carrollton I-35E,pet-friendly-hotels,1832 North I - 35 E.,Carrollton,TX,75006,,https://www.choicehotels.com/texas/carrollton/rodeway-inn-hotels/tx815,https://www.choicehotels.com/texas/carrollton/rodeway-inn-hotels/tx815,OFFICIAL_PROPERTY,2026-10-10,,,"Pets | Pets Allowed: Yes | General: Pet Policy - 10.00 USD Per Night. Maximum of 20 pounds.. Service animals are permitted, without charge.",,dallas-fort-worth-tx
Sandman Signature Fort Worth Downtown Hotel,pet-friendly-hotels,810 Houston St,Fort Worth,TX,76102,(682) 842-9350,https://www.sandmanhotels.com/signature-fort-worth-downtown,https://www.sandmanhotels.com/signature-fort-worth-downtown,OFFICIAL_PROPERTY,2026-10-10,,,Read more Book Now Services & Amenities Free Wi-Fi Guest Parking 24-Hour Front Desk Pets Allowed in Select Rooms Wheelchair Accessible Smoke-Free Property Exercise Gym Meeting Rooms Book With Confidence Flexible Cancellation Policy We know travel plans can change.,,dallas-fort-worth-tx
Sheraton Dallas Hotel,pet-friendly-hotels,400 North Olive Street,Dallas,TX,75201,+1-214-922-8000,https://www.marriott.com/en-us/hotels/daldh-sheraton-dallas-hotel/overview/,https://www.marriott.com/en-us/hotels/daldh-sheraton-dallas-hotel/overview/,OFFICIAL_PROPERTY,2026-10-10,,,Pet Policy | Pets Welcome. | We welcome dogs and cats weighing less than 50 pounds. One-time fee per stay. | Non-Refundable Pet Fee Per Stay: $150.00 | Maximum Pet Weight: 50.0lbs,,dallas-fort-worth-tx
Sheraton Dallas Hotel by the Galleria,pet-friendly-hotels,4801 Lyndon B. Johnson Freeway,Farmers Branch,TX,75244,+1-972-661-3600,https://www.marriott.com/en-us/hotels/dalsl-sheraton-dallas-hotel-by-the-galleria/overview/,https://www.marriott.com/en-us/hotels/dalsl-sheraton-dallas-hotel-by-the-galleria/overview/,OFFICIAL_PROPERTY,2026-10-10,,,Pet Policy | Pets Welcome | 1 pet 40 pounds max per room with USD 75 non-refundable fee per room per stay | Non-Refundable Pet Fee Per Stay: $75.00 | Maximum Pet Weight: 40.0lbs | Maximum Number of Pets in Room: 1,,dallas-fort-worth-tx
Sheraton DFW Airport Hotel,pet-friendly-hotels,4440 West John Carpenter Freeway,Irving,TX,75063,+1 972 929 8400,https://www.marriott.com/en-us/hotels/dfwah-sheraton-dfw-airport-hotel/overview/,https://www.marriott.com/en-us/hotels/dfwah-sheraton-dfw-airport-hotel/overview/,OFFICIAL_PROPERTY,2026-10-10,,,Pet Policy | Pets Welcome | Dogs are welcome. A fee of $100 per stay will be charged. | Maximum Pet Weight: 40.0lbs | Maximum Number of Pets in Room: 2,,dallas-fort-worth-tx
Sheraton McKinney Hotel,pet-friendly-hotels,1900 Gateway Boulevard,McKinney,TX,75070,,https://www.marriott.com/en-us/hotels/dalks-sheraton-mckinney-hotel/overview/,https://www.marriott.com/en-us/hotels/dalks-sheraton-mckinney-hotel/overview/,OFFICIAL_PROPERTY,2026-10-10,,,Pet Policy | Pets Welcome | Cats and dogs weighing 50 pounds or less are allowed. | Non-Refundable Pet Fee Per Stay: $75.00 | Maximum Pet Weight: 50.0lbs | Maximum Number of Pets in Room: 1,,dallas-fort-worth-tx
Sheraton Stonebriar Hotel,pet-friendly-hotels,5444 State Highway 121,Frisco,TX,75034,,https://www.marriott.com/en-us/hotels/dalsa-sheraton-stonebriar-hotel/overview/,https://www.marriott.com/en-us/hotels/dalsa-sheraton-stonebriar-hotel/overview/,OFFICIAL_PROPERTY,2026-10-10,,,Pet Policy | Pets Welcome | 1 pet 40 pounds max per room with USD 100; must sign pet policy waiver | Non-Refundable Pet Fee Per Stay: $100.00 | Maximum Pet Weight: 40.0lbs | Maximum Number of Pets in Room: 1,,dallas-fort-worth-tx
Sheraton Suites Market Center Dallas,pet-friendly-hotels,2101 North Stemmons Freeway,Dallas,TX,75207,+1-214-747-3000,https://www.marriott.com/en-us/hotels/dalsi-sheraton-suites-market-center-dallas/overview/,https://www.marriott.com/en-us/hotels/dalsi-sheraton-suites-market-center-dallas/overview/,OFFICIAL_PROPERTY,2026-10-10,,,Pet Policy | Pets Welcome | $75 non-refundable pet fee per day | Maximum Pet Weight: 50.0lbs | Maximum Number of Pets in Room: 2,,dallas-fort-worth-tx
Sleep Inn Arlington Near Six Flags,pet-friendly-hotels,750 Six Flags Dr.,Arlington,TX,76011,+1 817-649-1010,https://www.choicehotels.com/texas/arlington/sleep-inn-hotels/tx024,https://www.choicehotels.com/texas/arlington/sleep-inn-hotels/tx024,OFFICIAL_PROPERTY,2026-10-10,,,"Pets | Pets Allowed: Yes | General: Pet Accommodations 25.00 USD for the first night. 10 USD for additional nights. Service animals are permitted, without charge.",,dallas-fort-worth-tx
Soka Suites Dallas - Las Colinas,pet-friendly-hotels,1711 W Royal Ln,Irving,TX,75063,+12144532630,https://www.sokasuites.com/,https://www.sokasuites.com/,OFFICIAL_PROPERTY,2026-10-10,,,"Whether you're in Irving for a few nights or an extended visit, enjoy a fully furnished suite with a full kitchen, in-unit washer and dryer, dedicated workspace, fast internet, fitness center access, outdoor gathering spaces, and pet-friendly accommodations. Fully Furnished Las Colinas Suites Cozy & Pet Friendly Modern, comfortable, and spacious, our fully furnished suites in Las Colinas are designed for longer stays with the comfort of apartment style living. Pet-friendly options allow you to t",,dallas-fort-worth-tx
Sonesta ES Suites Dallas Richardson,pet-friendly-hotels,1040 Waterwood Drive,Richardson,TX,75082,,https://www.sonesta.com/sonesta-es-suites/tx/richardson/sonesta-es-suites-dallas-richardson,https://www.sonesta.com/sonesta-es-suites/tx/richardson/sonesta-es-suites-dallas-richardson,OFFICIAL_PROPERTY,2026-10-10,,,"Sonesta ES Suites Dallas Richardson is pet-friendly and welcomes well-mannered pets, with no breed or weight restrictions. Up to two pets are permitted per suite. | $75 fee applies for stays up to 7 nights and $25 per week thereafter.",,dallas-fort-worth-tx
Sonesta ES Suites Fort Worth Fossil Creek,pet-friendly-hotels,5801 Sandshell Dr,Fort Worth,TX,76137,(817) 439-1300,https://www.sonesta.com/sonesta-es-suites/tx/fort-worth/sonesta-es-suites-fort-worth-fossil-creek,https://www.sonesta.com/sonesta-es-suites/tx/fort-worth/sonesta-es-suites-fort-worth-fossil-creek,OFFICIAL_PROPERTY,2026-10-10,,,"Sonesta ES Suites Fort Worth Fossil Creek is pet-friendly and welcomes well-mannered pets, with no breed or weight restrictions. Up to two pets are permitted per suite. | $75 fee applies for stays up to 7 nights; $150 for all longer stays.",,dallas-fort-worth-tx
Sonesta Select Dallas Richardson,pet-friendly-hotels,2191 N. Greenville Avenue,Richardson,TX,75082,,https://www.sonesta.com/sonesta-select/tx/richardson/sonesta-select-dallas-richardson,https://www.sonesta.com/sonesta-select/tx/richardson/sonesta-select-dallas-richardson,OFFICIAL_PROPERTY,2026-10-10,,,"Sonesta Select Dallas Richardson is pet friendly and welcomes well-mannered pets, with no breed or weight restrictions. Up to two pets are permitted per suite. | $75 fee per stay applies.",,dallas-fort-worth-tx
Sonesta Simply Suites Arlington Entertainment District,pet-friendly-hotels,2221 Brookhollow Plaza Dr.,Arlington,TX,76006,(817) 649-3336,https://www.sonesta.com/sonesta-simply-suites/tx/arlington/sonesta-simply-suites-arlington,https://www.sonesta.com/sonesta-simply-suites/tx/arlington/sonesta-simply-suites-arlington,OFFICIAL_PROPERTY,2026-10-10,,,"Sonesta Simply Suites Arlington Entertainment District is pet-friendly and welcomes well-mannered pets, with no breed or weight restrictions. Up to two pets are permitted per suite. | $75 fee applies for stays up to 7 nights; $150 for all longer stays.",,dallas-fort-worth-tx
Sonesta Simply Suites Dallas Galleria,pet-friendly-hotels,13939 Noel Road,Dallas,TX,75240,+1-972-233-6888,https://www.sonesta.com/sonesta-simply-suites/tx/dallas/sonesta-simply-suites-dallas-galleria,https://www.sonesta.com/sonesta-simply-suites/tx/dallas/sonesta-simply-suites-dallas-galleria,OFFICIAL_PROPERTY,2026-10-10,,,"Sonesta Simply Suites Dallas Galleria is pet-friendly and welcomes well-mannered pets, with no breed or weight restrictions. Up to two pets are permitted per suite. | $75 fee applies for stays up to 7 nights; $150 for all longer stays.",,dallas-fort-worth-tx
Sonesta Simply Suites Dallas Las Colinas,pet-friendly-hotels,5300 Green Park Drive,Irving,TX,75038,+1 972 714 9990,https://www.sonesta.com/sonesta-simply-suites/tx/irving/sonesta-simply-suites-dallas-las-colinas,https://www.sonesta.com/sonesta-simply-suites/tx/irving/sonesta-simply-suites-dallas-las-colinas,OFFICIAL_PROPERTY,2026-10-10,,,"Sonesta Simply Suites Dallas Las Colinas is pet-friendly and welcomes well-mannered pets, with no breed or weight restrictions. Up to two pets are permitted per suite. | $75 fee applies for stays up to 7 nights; $150 for all longer stays.",,dallas-fort-worth-tx
Sonesta Simply Suites Dallas Richardson,pet-friendly-hotels,12525 Greenville Ave.,Dallas,TX,75243,+1-972-669-9606,https://www.sonesta.com/sonesta-simply-suites/tx/dallas/sonesta-simply-suites-dallas-richardson,https://www.sonesta.com/sonesta-simply-suites/tx/dallas/sonesta-simply-suites-dallas-richardson,OFFICIAL_PROPERTY,2026-10-10,,,"Sonesta Simply Suites Dallas Richardson is pet-friendly and welcomes well-mannered pets, with no breed or weight restrictions. Up to two pets are permitted per suite. | $75 fee applies for stays up to 7 nights; $150 for all longer stays.",,dallas-fort-worth-tx
Sonesta Simply Suites Plano Legacy West,pet-friendly-hotels,4701 Legacy Dr.,Plano,TX,75024,+1-972-618-5446,https://www.sonesta.com/sonesta-simply-suites/tx/plano/sonesta-simply-suites-plano-frisco,https://www.sonesta.com/sonesta-simply-suites/tx/plano/sonesta-simply-suites-plano-frisco,OFFICIAL_PROPERTY,2026-10-10,,,"Sonesta Simply Suites Plano Legacy West is pet friendly and welcomes well-mannered pets, with no breed or weight restrictions. Up to two pets are permitted per suite. | $75 fee applies for stays up to 7 nights; $150 for all longer stays.",,dallas-fort-worth-tx
Spark by Hilton Dallas Medical District Love Field,pet-friendly-hotels,2979 N. Stemmons Fwy,Dallas,TX,75247,+1 469-840-5077,https://www.hilton.com/en/hotels/dfwetpe-spark-dallas-medical-district-love-field/,https://www.hilton.com/en/hotels/dfwetpe-spark-dallas-medical-district-love-field/hotel-info/,OFFICIAL_PROPERTY,2026-10-10,,,"Pets | Pets allowed: Yes | Non-refundable fee: $75.00 | Max weight: 75 lbs | Pet policy: $75+tax(1-4nights),$125+tax(5+nights),2petsMax,dog/catonly",,dallas-fort-worth-tx
Spark by Hilton Garland Dallas East,pet-friendly-hotels,5356 Roan Road,Garland,TX,75043,+1 469-833-9220,https://www.hilton.com/en/hotels/dfwvepe-spark-garland-dallas-east/,https://www.hilton.com/en/hotels/dfwvepe-spark-garland-dallas-east/hotel-info/,OFFICIAL_PROPERTY,2026-10-10,,,"Pets | Pets allowed: Yes | Non-refundable fee: $75.00 | Max weight: 75 lbs | Max size: Large | Pet policy: 1 to 4 nights $75.00, 5+ nights $125.00",,dallas-fort-worth-tx
Spark by Hilton Grand Prairie,pet-friendly-hotels,2050 N Highway 360,Grand Prairie,TX,75050,+1 972-988-8989,https://www.hilton.com/en/hotels/dfwerpe-spark-grand-prairie/,https://www.hilton.com/en/hotels/dfwerpe-spark-grand-prairie/hotel-info/,OFFICIAL_PROPERTY,2026-10-10,,,Pets | Pets allowed: Yes | Non-refundable fee: $75.00 | Max weight: 75 lbs | Max size: Large,,dallas-fort-worth-tx
Spark by Hilton Grapevine DFW North,pet-friendly-hotels,301 Capitol St,Grapevine,TX,76051,+1 817-329-9300,https://www.hilton.com/en/hotels/dfwskpe-spark-grapevine-dfw-north/,https://www.hilton.com/en/hotels/dfwskpe-spark-grapevine-dfw-north/hotel-info/,OFFICIAL_PROPERTY,2026-10-10,,,Pets | Pets allowed: Yes | Non-refundable fee: $75.00 | Max weight: 75 lbs | Max size: Small | Pet policy: 1-4 Nights $75. 5+ Nights $125. 2 Pets Max (Dog or Cat only),,dallas-fort-worth-tx
SpringHill Suites by Marriott Fort Worth University,pet-friendly-hotels,3250 Lovell Avenue,Fort Worth,TX,76107,+1 817-878-2554,https://www.marriott.com/en-us/hotels/dfwuv-springhill-suites-fort-worth-university/overview/,https://www.marriott.com/en-us/hotels/dfwuv-springhill-suites-fort-worth-university/overview/,OFFICIAL_PROPERTY,2026-10-10,,,Pet Policy | Pets Welcome | $150/stay nonrefundable clean fee excludes Service Animals | Non-Refundable Pet Fee Per Stay: $150.00 | Maximum Pet Weight: 40.0lbs | Maximum Number of Pets in Room: 1,,dallas-fort-worth-tx
Staybridge Suites Addison - Dallas North,pet-friendly-hotels,4451 Belt Line Road,Addison,TX,75001,(972) 788-1342,https://www.ihg.com/staybridge/hotels/us/en/addison/dfwad/hoteldetail,https://www.ihg.com/staybridge/hotels/us/en/addison/dfwad/hoteldetail,OFFICIAL_PROPERTY,2026-10-10,,,Pets are welcome at Staybridge Suites Addison - Dallas North.,,dallas-fort-worth-tx
Staybridge Suites Allen,pet-friendly-hotels,2283 N Central Expy,Allen,TX,75013,,https://www.ihg.com/staybridge/hotels/us/en/allen/dfwat/hoteldetail,https://www.ihg.com/staybridge/hotels/us/en/allen/dfwat/hoteldetail,OFFICIAL_PROPERTY,2026-10-10,,,Pets are welcome at Staybridge Suites Allen.,,dallas-fort-worth-tx
Staybridge Suites Dallas - Grand Prairie,pet-friendly-hotels,4043 Lake Ridge Parkway,Grand Prairie,TX,75052,,https://www.ihg.com/staybridge/hotels/us/en/grand-prairie/dfwgr/hoteldetail,https://www.ihg.com/staybridge/hotels/us/en/grand-prairie/dfwgr/hoteldetail,OFFICIAL_PROPERTY,2026-10-10,,,Pets are welcome at Staybridge Suites Dallas - Grand Prairie.,,dallas-fort-worth-tx
Staybridge Suites Dallas Market Ctr Love Field,pet-friendly-hotels,1575 Regal Row,Dallas,TX,75247,,https://www.ihg.com/staybridge/hotels/us/en/dallas/dallv/hoteldetail,https://www.ihg.com/staybridge/hotels/us/en/dallas/dallv/hoteldetail,OFFICIAL_PROPERTY,2026-10-10,,,Pets are welcome at Staybridge Suites Dallas Market Ctr Love Field. Our Pet Policy: 1 to 6 night stay 75.00 flat fee plus tax 7 to 30 night stay 150.00 flat fee plus tax Pets Under 80 pounds Max 2 Pets and they must weigh no more than 80 pounds combined Pets may not be left unattended in the guest room and pet agreement must be signed,,dallas-fort-worth-tx
Staybridge Suites DFW Airport North,pet-friendly-hotels,2220 Market Place Blvd.,Irving,TX,75063,(972) 401-4700,https://www.ihg.com/staybridge/hotels/us/en/irving/dfwsi/hoteldetail,https://www.ihg.com/staybridge/hotels/us/en/irving/dfwsi/hoteldetail,OFFICIAL_PROPERTY,2026-10-10,,,Pets are welcome at Staybridge Suites DFW Airport North. There is a pet deposit per stay of 75 USD .,,dallas-fort-worth-tx
Staybridge Suites Fort Worth - Fossil Creek,pet-friendly-hotels,6301 North Freeway,Fort Worth,TX,76131,(817) 847-5000,https://www.ihg.com/staybridge/hotels/us/en/fort-worth/ftwyz/hoteldetail,https://www.ihg.com/staybridge/hotels/us/en/fort-worth/ftwyz/hoteldetail,OFFICIAL_PROPERTY,2026-10-10,,,Pets are welcome at Staybridge Suites Fort Worth - Fossil Creek.,,dallas-fort-worth-tx
Staybridge Suites Fort Worth West,pet-friendly-hotels,229 Clifford Center Drive,Fort Worth,TX,76108,(817) 935-6500,https://www.ihg.com/staybridge/hotels/us/en/fort-worth/ftwsb/hoteldetail,https://www.ihg.com/staybridge/hotels/us/en/fort-worth/ftwsb/hoteldetail,OFFICIAL_PROPERTY,2026-10-10,,,Pets are welcome at Staybridge Suites Fort Worth West. There is a pet deposit per stay of 75 USD .,,dallas-fort-worth-tx
Staybridge Suites Irving Las Colinas,pet-friendly-hotels,1201 Executive Circle,Irving,TX,75038,(972) 465-9400,https://www.ihg.com/staybridge/hotels/us/en/irving/dallc/hoteldetail,https://www.ihg.com/staybridge/hotels/us/en/irving/dallc/hoteldetail,OFFICIAL_PROPERTY,2026-10-10,,,Pets are welcome at Staybridge Suites Irving Las Colinas.,,dallas-fort-worth-tx
Staybridge Suites Plano North - Frisco,pet-friendly-hotels,8355 Parkwood Blvd,Plano,TX,75024,(214) 474-2156,https://www.ihg.com/staybridge/hotels/us/en/plano/dfwpl/hoteldetail,https://www.ihg.com/staybridge/hotels/us/en/plano/dfwpl/hoteldetail,OFFICIAL_PROPERTY,2026-10-10,,,Pets are welcome at Staybridge Suites Plano North - Frisco.,,dallas-fort-worth-tx
Staybridge Suites Plano - Richardson Area,pet-friendly-hotels,301 Silverglen Drive,Plano,TX,75075,(972) 612-8180,https://www.ihg.com/staybridge/hotels/us/en/plano/dalpl/hoteldetail,https://www.ihg.com/staybridge/hotels/us/en/plano/dalpl/hoteldetail,OFFICIAL_PROPERTY,2026-10-10,,,Pets are welcome at Staybridge Suites Plano - Richardson Area.,,dallas-fort-worth-tx
Staybridge Suites Plano - The Colony,pet-friendly-hotels,5280 Memorial Drive,The Colony,TX,75056,,https://www.ihg.com/staybridge/hotels/us/en/the-colony/dfwcl/hoteldetail,https://www.ihg.com/staybridge/hotels/us/en/the-colony/dfwcl/hoteldetail,OFFICIAL_PROPERTY,2026-10-10,,,Pets are welcome at Staybridge Suites Plano - The Colony.,,dallas-fort-worth-tx
Suburban Studios Dallas Northwest Walnut Hill,pet-friendly-hotels,10326 Finnell Street,Dallas,TX,75220,,https://www.choicehotels.com/texas/dallas/suburban-hotels/tx757,https://www.choicehotels.com/texas/dallas/suburban-hotels/tx757?checkOutDate=2026-10-16,OFFICIAL_PROPERTY,2026-10-10,,,"Pets | Pets Allowed: Yes | General: Pets Allowed. Pet Charge 15.00 USD Per Pet, Per Night. Refundable deposit of 50.00 USD is required Per Stay. Pet limit 2 Pet Per Room. Max 75 Pounds. Service animals are permitted, without charge.",,dallas-fort-worth-tx
Super 8 by Wyndham Burleson Fort Worth Area,pet-friendly-hotels,151 East Alsbury Blvd,Fort Worth,TX,76028,(817) 447-0011,https://www.wyndhamhotels.com/super-8/burleson-texas/super-8-fort-worth-south/overview,https://www.wyndhamhotels.com/super-8/burleson-texas/super-8-fort-worth-south/overview,OFFICIAL_PROPERTY,2026-10-10,,,Pet & Service Animal Policy | Maximum of 2 pets are allowed for a non-refundable charge of 20.00 USD per pet per day. ADA defined service animals are welcome at this hotel.,,dallas-fort-worth-tx
Super 8 by Wyndham Fort Worth Downtown South,pet-friendly-hotels,6500 South Freeway,Fort Worth,TX,76134,+1 817-551-6700,https://www.wyndhamhotels.com/super-8/fort-worth-texas/super-8-fort-worth-downtown-south/overview,https://www.wyndhamhotels.com/super-8/fort-worth-texas/super-8-fort-worth-downtown-south/overview,OFFICIAL_PROPERTY,2026-10-10,,,Pets are welcome for a non-refundable charge of 25.00 USD per pet per night. ADA defined service animals are also welcome at this hotel.,,dallas-fort-worth-tx
Super 8 by Wyndham Grand Prairie North,pet-friendly-hotels,402 East Palace Parkway,Grand Prairie,TX,75050,(972) 263-4421,https://www.wyndhamhotels.com/super-8/grand-prairie-texas/super-8-grand-prairie-north/overview,https://www.wyndhamhotels.com/super-8/grand-prairie-texas/super-8-grand-prairie-north/overview,OFFICIAL_PROPERTY,2026-10-10,,,Service Animals - ADA-defined service animals welcome. / Pets Allowed - 2 pets max. 30lbs or less per pet. / Fees - 25USD per pet per night. Pet Sanitation Fee 25USD if required. / Other Information - Contact hotel for additional details and availability.,,dallas-fort-worth-tx
Super 8 by Wyndham Grand Prairie Southwest,pet-friendly-hotels,4020 Great Southwest Parkway,Grand Prairie,TX,75052,(972) 606-2800,https://www.wyndhamhotels.com/super-8/grand-prairie-texas/super-8-grand-prairie-southwest/overview,https://www.wyndhamhotels.com/super-8/grand-prairie-texas/super-8-grand-prairie-southwest/overview,OFFICIAL_PROPERTY,2026-10-10,,,Service Animals - ADA-defined service animals welcome. / Dogs Allowed. / Fees - 20USD per pet per night. / Contact hotel for additional details and availability.,,dallas-fort-worth-tx
Super 8 by Wyndham Grapevine/DFW Airport Northwest,pet-friendly-hotels,250 East State Hwy 114,Grapevine,TX,76051,(817) 329-7222,https://www.wyndhamhotels.com/super-8/grapevine-texas/super-8-grapevine-dfw-airport-northwest/overview,https://www.wyndhamhotels.com/super-8/grapevine-texas/super-8-grapevine-dfw-airport-northwest/overview,OFFICIAL_PROPERTY,2026-10-10,,,Pets are allowed for a non-refundable charge of 10.00 USD per pet per night. ADA defined service animals are welcome at this hotel.,,dallas-fort-worth-tx
Super 8 by Wyndham Irving DFW Airport/South,pet-friendly-hotels,4245 West Airport Freeway,Irving,TX,75062,(972) 257-1810,https://www.wyndhamhotels.com/super-8/irving-texas/super-8-irving-dfw-airport-south/overview,https://www.wyndhamhotels.com/super-8/irving-texas/super-8-irving-dfw-airport-south/overview,OFFICIAL_PROPERTY,2026-10-10,,,Pets allowed for a 20.00 USD charge per pet per night. Pet must be registered while check-in. ADA defined service animals are welcome at this hotel,,dallas-fort-worth-tx
Super 8 by Wyndham McKinney/Plano Area,pet-friendly-hotels,910 North Central Expressway,McKinney,TX,75070,(972) 548-8880,https://www.wyndhamhotels.com/super-8/mckinney-texas/super-8-mckinney-plano-area/overview,https://www.wyndhamhotels.com/super-8/mckinney-texas/super-8-mckinney-plano-area/overview,OFFICIAL_PROPERTY,2026-10-10,,,Service Animals - ADA-defined service animals welcome. / Pets Allowed - 2 pets max. 50lbs or less per pet. / Fees - 25USD per pet per night. Pet Sanitation Fee 100USD if required. / Other Information - Contact hotel for additional details and availability.,,dallas-fort-worth-tx
SureStay Plus by Best Western Mesquite,pet-friendly-hotels,2100 N Belt Line Road,Mesquite,TX,75150,,https://www.bestwestern.com/en_US/book/hotels-in-mesquite/surestay-plus-by-best-western-mesquite/propertyCode.54112.html,https://www.bestwestern.com/en_US/book/hotels-in-mesquite/surestay-plus-by-best-western-mesquite/propertyCode.54112.html,OFFICIAL_PROPERTY,2026-10-10,,,"PET POLICY | We are Pet Friendly and allow up to two dogs in a limited number of rooms. The size limit for any one dog shall be 80 pounds. Other pet types (e.g., cats) may be allowed upon the hotel’s approval prior to arrival. The Pet Friendly rate is 15 USD per day.",,dallas-fort-worth-tx
Texican Court,pet-friendly-hotels,501 Las Colinas Blvd W,Irving,TX,75039,(469) 577-4599,https://www.texicancourt.com/,https://www.texicancourt.com/,OFFICIAL_PROPERTY,2026-10-10,,,"Pets & house policies Does Texican Court allow pets? Yes, pets are allowed in designated rooms. A non-refundable pet fee and pet waiver are required at check-in. Service animals as defined by the ADA are always welcome; emotional support animals are subject to the regular pet fee. What is the pet policy? The pet fee is $150 per pet, non-refundable. Two pets maximum, with a weight limit of 70 pounds per pet.",,dallas-fort-worth-tx
"The Adolphus, Autograph Collection",pet-friendly-hotels,1321 Commerce Street,Dallas,TX,75202,+1-214-742-8200,https://www.marriott.com/en-us/hotels/dalak-the-adolphus-autograph-collection/overview/,https://www.marriott.com/en-us/hotels/dalak-the-adolphus-autograph-collection/overview/,OFFICIAL_PROPERTY,2026-10-10,,,Pet Policy | Pets Welcome. | 2 pet max per room | Non-Refundable Pet Fee Per Stay: $150.00 | Maximum Pet Weight: 80.0lbs | Maximum Number of Pets in Room: 2,,dallas-fort-worth-tx
THE CLARA HOTEL PLANO TAPESTRY COLLECTION BY HILTON,pet-friendly-hotels,8201 Preston Road,Plano,TX,75024,+1 972-624-6990,https://www.hilton.com/en/hotels/dalnyup-the-clara-hotel-plano/,https://www.hilton.com/en/hotels/dalnyup-the-clara-hotel-plano/hotel-info/,OFFICIAL_PROPERTY,2026-10-10,,,PETS | Pets allowed: Yes | Non-refundable fee: $75.00 | Max weight: 50 lbs | Max size: Medium,,dallas-fort-worth-tx
"The Highland Dallas, Curio Collection by Hilton",pet-friendly-hotels,5300 E Mockingbird Lane,Dallas,TX,75206,+1 214-520-7969,https://www.hilton.com/en/hotels/dalcuqq-the-highland-dallas/,https://www.hilton.com/en/hotels/dalcuqq-the-highland-dallas/hotel-info/,OFFICIAL_PROPERTY,2026-10-10,,,PETS | Pets allowed: Yes | Non-refundable fee: $75.00 | Max weight: 100 lbs | Max size: Large,,dallas-fort-worth-tx
The Joule Dallas,pet-friendly-hotels,1530 Main St,Dallas,TX,75201,(214) 748-1300,https://www.thejouledallas.com,https://www.thejouledallas.com,OFFICIAL_PROPERTY,2026-10-10,,,"Is The Joule a pet-friendly hotel in Downtown Dallas? Yes, The Joule is a luxury pet-friendly destination that welcomes animals of all sizes without additional fees. Guests can explore our curated neighborhood guide to find the best local dog parks and walking trails throughout the vibrant Dallas Arts District.",,dallas-fort-worth-tx
"The Nobleman Fort Worth, Tapestry Collection by Hilton",pet-friendly-hotels,503 Bryan Ave,Fort Worth,TX,76104,+1 682-432-3000,https://www.hilton.com/en/hotels/ftwmtup-the-nobleman-fort-worth/,https://www.hilton.com/en/hotels/ftwmtup-the-nobleman-fort-worth/hotel-info/,OFFICIAL_PROPERTY,2026-10-10,,,"PETS | Pets allowed: Yes | Non-refundable fee: $75.00 | Max size: Medium | Pet policy: $75(1-4 nights), $125(5+nights) 2 Pets Max.",,dallas-fort-worth-tx
"The Ritz-Carlton Dallas, Las Colinas",pet-friendly-hotels,4150 N Macarthur Blvd,Irving,TX,75038,(972) 717-0700,https://www.ritzcarlton.com/en/hotels/dalil-the-ritz-carlton-dallas-las-colinas/overview/,https://www.ritzcarlton.com/en/hotels/dalil-the-ritz-carlton-dallas-las-colinas/overview/,OFFICIAL_PROPERTY,2026-10-10,,,"s Convenience Store Same Day Dry Cleaning Children's Recreation Room Service Wake-Up Calls Complimentary Wi-Fi Free Coffee/Tea in Lobby Hotel Information Check-in: 4:00 pm Check-out: 11:00 am Minimum Age to Check In: 21 Smoke Free Property Pet Policy Pets Welcome. Upon arrival, guests will sign a pet acceptance agreement. Non-Refundable Pet Fee Per Stay: $200. 00 Maximum Pet Weight: 40. 0lbs Maximum Number of Pets in Room: 2 Parking On-Site Parking Hourly: $12.",,dallas-fort-worth-tx
"The Statler Dallas, Curio Collection by Hilton",pet-friendly-hotels,1914 Commerce St,Dallas,TX,75201,+1 214-459-3930,https://www.hilton.com/en/hotels/dfwstqq-the-statler-dallas/,https://www.hilton.com/en/hotels/dfwstqq-the-statler-dallas/hotel-info/,OFFICIAL_PROPERTY,2026-10-10,,,Pets | Pets allowed: Yes | Non-refundable fee: $75.00 | Max weight: 25 lbs | Max size: Small | Pet policy: 1-4 night stay: $75 5+ nights: $125 max 2 pets: cats/dogs only,,dallas-fort-worth-tx
The Westin Dallas Downtown,pet-friendly-hotels,1201 Main Street (Driveway Entrance at 1220 Elm Street),Dallas,TX,75202,,https://www.marriott.com/en-us/hotels/daldw-the-westin-dallas-downtown/overview/,https://www.marriott.com/en-us/hotels/daldw-the-westin-dallas-downtown/overview/,OFFICIAL_PROPERTY,2026-10-10,,,Pet Policy | Pets Welcome | Pets are allowed | Maximum Pet Weight: 55.0lbs | Maximum Number of Pets in Room: 1,,dallas-fort-worth-tx
Thompson Dallas,pet-friendly-hotels,205 North Akard Street,Dallas,TX,75201,,https://www.hyatt.com/thompson-hotels/dfwth-thompson-dallas,https://www.hyatt.com/thompson-hotels/en-US/dfwth-thompson-dallas/policies,OFFICIAL_PROPERTY,2026-10-10,,,"PET POLICY | We welcome dogs at no additional charge for stays less than 30 nights. For stays greater than 30 nights, a deep cleaning fee may be charged at the hotel's discretion. Dogs must remain in their assigned guest room. A signed waiver is required for all pets. Thompson Dallas does not charge a pet fee. Individual pets are restricted to 50 pounds. Maximum number of pets is 2.",,dallas-fort-worth-tx
TownePlace Suites by Marriott Dallas DeSoto,pet-friendly-hotels,2700 Travis Street,DeSoto,TX,75115,+1 972-780-9300,https://www.marriott.com/en-us/hotels/dalds-towneplace-suites-dallas-desoto/overview/,https://www.marriott.com/en-us/hotels/dalds-towneplace-suites-dallas-desoto/overview/,OFFICIAL_PROPERTY,2026-10-10,,,Pet Policy | Pets Welcome | All pets must be registered with the hotel and under 50lbs | Non-Refundable Pet Fee Per Stay: $100.00 | Maximum Pet Weight: 50.0lbs,,dallas-fort-worth-tx
TownePlace Suites by Marriott Dallas McKinney,pet-friendly-hotels,1832 Marketplace Drive,McKinney,TX,75069,,https://www.marriott.com/en-us/hotels/daldm-towneplace-suites-dallas-mckinney/overview/,https://www.marriott.com/en-us/hotels/daldm-towneplace-suites-dallas-mckinney/overview/,OFFICIAL_PROPERTY,2026-10-10,,,Pet Policy | Pets Welcome | 2 pets; 40-pound max per room; USD 150 non-refundable fee per room per stay | Non-Refundable Pet Fee Per Stay: $150.00 | Maximum Pet Weight: 40.0lbs | Maximum Number of Pets in Room: 2,,dallas-fort-worth-tx
TownePlace Suites by Marriott Dallas Mesquite,pet-friendly-hotels,500 Rodeo Center Boulevard,Mesquite,TX,75149,+1 972-329-1333,https://www.marriott.com/en-us/hotels/daltm-mesquite-hotel-partners-llc/overview/,https://www.marriott.com/en-us/hotels/daltm-towneplace-suites-dallas-mesquite/overview/,OFFICIAL_PROPERTY,2026-10-10,,,Pet Policy | Pets Welcome | Domesticated pets accepted upon request | Non-Refundable Pet Fee Per Stay: $100.00 | Maximum Pet Weight: 50.0lbs | Maximum Number of Pets in Room: 2,,dallas-fort-worth-tx
Travelodge by Wyndham Arlington/Dallas Area,pet-friendly-hotels,1740 Oak Village Blvd,Arlington,TX,76017,+1-817-557-8400,https://www.wyndhamhotels.com/travelodge/arlington-texas/travelodge-arlington-dallas-area/overview,https://www.wyndhamhotels.com/travelodge/arlington-texas/travelodge-arlington-dallas-area/overview,OFFICIAL_PROPERTY,2026-10-10,,,Service Animals - ADA-defined service animals welcome. / Pets Allowed - 2 pets max. 100lbs or less per pet. / Fees - 20USD per night. Pet Sanitation Fee 100USD if required. / Other information - all animals must be declared at check in time.,,dallas-fort-worth-tx
Travelodge by Wyndham North Richland Hills/Dallas/Ft Worth,pet-friendly-hotels,7920 Bedford Euless Road,North Richland Hills,TX,76180,(817) 485-2750,https://www.wyndhamhotels.com/travelodge/north-richland-hills-texas/travelodge-north-richland-hills-dallas-fort-worth/overview,https://www.wyndhamhotels.com/travelodge/north-richland-hills-texas/travelodge-north-richland-hills-dallas-fort-worth/overview,OFFICIAL_PROPERTY,2026-10-10,,,2 pets allowed with a max weight of 40 lbs for a non-refundable charge of 10.00 USD per pet per night. ADA defined service animals are also welcome at this hotel.,,dallas-fort-worth-tx
Tru by Hilton Allen Dallas,pet-friendly-hotels,1553 N. Central Expressway,Allen,TX,75013,+1 469-795-9500,https://www.hilton.com/en/hotels/dalenru-tru-allen-dallas/,https://www.hilton.com/en/hotels/dalenru-tru-allen-dallas/hotel-info/,OFFICIAL_PROPERTY,2026-10-10,,,"PETS | Pets allowed: Yes | Non-refundable fee: $75.00 | Max weight: 50 lbs | Pet policy: $75(1-4n),$125(5+n) 2petsMax,dog/cat only",,dallas-fort-worth-tx
Tru by Hilton Coppell DFW Airport North,pet-friendly-hotels,1560 Point West Blvd,Coppell,TX,75019,+1 469-702-6622,https://www.hilton.com/en/hotels/dfwclru-tru-coppell-dfw-airport-north/,https://www.hilton.com/en/hotels/dfwclru-tru-coppell-dfw-airport-north/hotel-info/,OFFICIAL_PROPERTY,2026-10-10,,,"PETS | Pets allowed: Yes | Non-refundable fee: $75.00 | Max weight: 75 lbs | Pet policy: $75+tax(1-4nights),$125+tax(5+nights),2petsMax,dog/catonly",,dallas-fort-worth-tx
Tru by Hilton Dallas Market Center,pet-friendly-hotels,1949 N Stemmons Fwy,Dallas,TX,75207,+1 214-741-3000,https://www.hilton.com/en/hotels/dfwmmru-tru-downtown-dallas-market-center/,https://www.hilton.com/en/hotels/dfwmmru-tru-downtown-dallas-market-center/hotel-info/,OFFICIAL_PROPERTY,2026-10-10,,,Pets | Pets allowed: Yes | Non-refundable fee: $75.00 | Pet policy: 1-4 night stay $75; 5+ night stay $125; 2 pets max; dog or cat only,,dallas-fort-worth-tx
Tru by Hilton Fort Worth-Fossil Creek,pet-friendly-hotels,6200 Old Denton Road,Fort Worth,TX,76131,+1 682-255-6100,https://www.hilton.com/en/hotels/ftwruru-tru-fort-worth-fossil-creek/,https://www.hilton.com/en/hotels/ftwruru-tru-fort-worth-fossil-creek/hotel-info/,OFFICIAL_PROPERTY,2026-10-10,,,"Pets | Pets allowed: Yes | Non-refundable fee: $75.00 | Pet policy: $75(1-4n),$100(5+n) 2petsMax,dog/cat only",,dallas-fort-worth-tx
Tru by Hilton Frisco Dallas,pet-friendly-hotels,2310 Parkwood Blvd.,Frisco,TX,75034,+1 214-705-1500,https://www.hilton.com/en/hotels/dfwfcru-tru-frisco-dallas/,https://www.hilton.com/en/hotels/dfwfcru-tru-frisco-dallas/hotel-info/,OFFICIAL_PROPERTY,2026-10-10,,,"Pets | Pets allowed: Yes | Non-refundable fee: $75.00 | Pet policy: $75(1-4n),$125(5+n)2petsMax,dog/cat ONLY",,dallas-fort-worth-tx
Tru by Hilton Garland Richardson,pet-friendly-hotels,5055 N President George Bush Hwy,Garland,TX,75040,+1 972-272-0745,https://www.hilton.com/en/hotels/dalglru-tru-garland-richardson/,https://www.hilton.com/en/hotels/dalglru-tru-garland-richardson/hotel-info/,OFFICIAL_PROPERTY,2026-10-10,,,"PETS | Pets allowed: Yes | Non-refundable fee: $75.00 | Max weight: 75 lbs | Max size: Medium | Pet policy: $75 (1-4n), $125 (5+n), 2pet Max, Dog/cat only.",,dallas-fort-worth-tx
Tru by Hilton Grand Prairie,pet-friendly-hotels,1520 N HWY 360,Grand Prairie,TX,75050,+1 469-460-7300,https://www.hilton.com/en/hotels/dfwgnru-tru-grand-prairie/,https://www.hilton.com/en/hotels/dfwgnru-tru-grand-prairie/hotel-info/,OFFICIAL_PROPERTY,2026-10-10,,,"Pets | Pets allowed: Yes | Non-refundable fee: $125.00 | Max weight: 75 lbs | Pet policy: $75(1-4n),$125(5+n),2PetsMax,Dogs/Cats Only",,dallas-fort-worth-tx
Tru by Hilton Lewisville Vista Ridge Mall,pet-friendly-hotels,795 E. Vista Ridge Mall Drive,Lewisville,TX,75067,+1 214-513-9270,https://www.hilton.com/en/hotels/dfwlwru-tru-lewisville-vista-ridge-mall/,https://www.hilton.com/en/hotels/dfwlwru-tru-lewisville-vista-ridge-mall/hotel-info/,OFFICIAL_PROPERTY,2026-10-10,,,Pets | Pets allowed: Yes | Non-refundable fee: $50.00 | Max weight: 50 lbs | Pet policy: 1-4 night stay $50; 5+ night stay $75; 2 pets max; dog or cat only,,dallas-fort-worth-tx
Tru by Hilton McKinney,pet-friendly-hotels,3100 Craig Drive,McKinney,TX,75070,+1 469-796-5370,https://www.hilton.com/en/hotels/dfwmkru-tru-mckinney/,https://www.hilton.com/en/hotels/dfwmkru-tru-mckinney/hotel-info/,OFFICIAL_PROPERTY,2026-10-10,,,Pets | Pets allowed: Yes | Non-refundable fee: $50.00 | Pet policy: 1-4 night stay $50; 5+ night stay $75; 2 pets max; dog or cat only,,dallas-fort-worth-tx
Tru by Hilton North Richland Hills DFW West,pet-friendly-hotels,1500 Weyland Dr.,North Richland Hills,TX,76180,+1 817-849-2135,https://www.hilton.com/en/hotels/dfwwdru-tru-north-richland-hills-dfw-west/,https://www.hilton.com/en/hotels/dfwwdru-tru-north-richland-hills-dfw-west/hotel-info/,OFFICIAL_PROPERTY,2026-10-10,,,"Pets | Pets allowed: Yes | Non-refundable fee: $75.00 | Max weight: 50 lbs | Max size: Medium | Pet policy: $75(1-4n),$125(5+n) 2petsMax,dog/cat only",,dallas-fort-worth-tx
Tru by Hilton Northlake Fort Worth,pet-friendly-hotels,13451 Raceway Dr.,Northlake,TX,76262,+1 817-490-8846,https://www.hilton.com/en/hotels/ftwnlru-tru-northlake-fort-worth/,https://www.hilton.com/en/hotels/ftwnlru-tru-northlake-fort-worth/hotel-info/,OFFICIAL_PROPERTY,2026-10-10,,,"Pets | Pets allowed: Yes | Non-refundable fee: $50.00 | Max weight: 75 lbs | Pet policy: $50(1-4 nights),$75(5+ nights) 2petsMax,dog/cat only",,dallas-fort-worth-tx
Tru by Hilton Plano Hwy 75,pet-friendly-hotels,3501 Premier Drive,Plano,TX,75023,+1 972-797-9401,https://www.hilton.com/en/hotels/daljwru-tru-plano-hwy-75/,https://www.hilton.com/en/hotels/daljwru-tru-plano-hwy-75/hotel-info/,OFFICIAL_PROPERTY,2026-10-10,,,"PETS | Pets allowed: Yes | Non-refundable fee: $75.00 | Max weight: 50 lbs | Pet policy: $75(1-n),$125(5+n) batsman,dog/cat only",,dallas-fort-worth-tx
Tru by Hilton The Colony Dallas,pet-friendly-hotels,5252 Memorial Drive,The Colony,TX,75056,+1 972-737-2244,https://www.hilton.com/en/hotels/dfwrhru-tru-the-colony/,https://www.hilton.com/en/hotels/dfwrhru-tru-the-colony/hotel-info/,OFFICIAL_PROPERTY,2026-10-10,,,"Pets | Pets allowed: Yes | Non-refundable fee: $75.00 | Pet policy: $75(1-4n),$100(5+n)2petsMax,dog/cat only",,dallas-fort-worth-tx
Virgin Hotels Dallas,pet-friendly-hotels,1445 Turtle Creek Blvd,Dallas,TX,75207,+1-469-359-7700,https://virginhotels.com/dallas/,https://virginhotels.com/dallas/the-hotel/faqs/,OFFICIAL_PROPERTY,2026-10-10,,,"Are you a pet-friendly hotel? | Yes! With no size or breed restrictions, Virgin Hotels Dallas is your pet-friendly destination in the city. Expect dog-friendly chambers and comfy pet-menities as cozy as your own. The catch? No fees, just tail-wagging fun. | Please be aware that you’ll be responsible for any damage your pet causes to hotel property and our team will be unable to refresh your chamber if your unattended pet is present.",,dallas-fort-worth-tx
Wayside Inn Motel,pet-friendly-hotels,2600 S Cesar Chavez Blvd,Dallas,TX,75215,,https://www.oyorooms.com/us/324407/?utm_source=GMB&utm_medium=Organic&utm_campaign=US_DLS163,https://www.oyorooms.com/us/324407/?utm_source=GMB&utm_medium=Organic&utm_campaign=US_DLS163,OFFICIAL_PROPERTY,2026-10-10,,,Hotel policies | Pet are allowed-$10 per night per pet,,dallas-fort-worth-tx
WoodSpring Suites Dallas Plano Central Legacy Drive,pet-friendly-hotels,6801 K Avenue,Plano,TX,75074,(469) 253-4003,https://www.woodspring.com/extended-stay-hotels/locations/texas/dallas/plano/woodspring-suites-dallas-plano-central-legacy-drive,https://www.woodspring.com/extended-stay-hotels/locations/texas/dallas/plano/woodspring-suites-dallas-plano-central-legacy-drive,OFFICIAL_PROPERTY,2026-10-10,,,"Pet Policy | Pets Allowed. Dogs Only No Cats. Maximum of 2 dogs per room, up to 50 lbs each. Daily fee of $5 per pet per stay applies, plus a non-refundable $50 pet fee due at check-in.",,dallas-fort-worth-tx
WoodSpring Suites Fort Worth Forest Hill,pet-friendly-hotels,4101 California Parkway East,Forest Hill,TX,76119,,https://www.woodspring.com/extended-stay-hotels/locations/texas/dallas/woodspring-suites-fort-worth-forest-hill,https://www.woodspring.com/extended-stay-hotels/locations/texas/dallas/woodspring-suites-fort-worth-forest-hill,OFFICIAL_PROPERTY,2026-10-10,,,"Pet Policy | Dogs Allowed Only. Limit of 2 Pets per room. Max 75 Pounds. Non-Refundable deposit of 50 USD Per Pet is required Per Stay. Pet Charge 10 USD Per Pet Per Night. For breed restrictions, please contact the hotel.",,dallas-fort-worth-tx
WoodSpring Suites Fort Worth Fossil Creek,pet-friendly-hotels,3501 NE Loop 820,Fort Worth,TX,76137,(817) 847-4999,https://www.woodspring.com/extended-stay-hotels/locations/texas/dallas/ft-worth/woodspring-suites-fort-worth-fossil-creek/,https://www.woodspring.com/extended-stay-hotels/locations/texas/ft-worth/woodspring-suites-fort-worth-fossil-creek,OFFICIAL_PROPERTY,2026-10-10,,,"Pet Policy | Dogs Allowed Only. Limit of 2 Pets per room. Max 75 Pounds. Non-Refundable deposit of 50 USD Per Pet is required Per Stay. Pet Charge 10 USD Per Pet Per Night. For breed restrictions, please contact the hotel.",,dallas-fort-worth-tx
WoodSpring Suites Las Colinas - Northwest Dallas,pet-friendly-hotels,380 West Lyndon B Johnson Fwy,Irving,TX,75063,(469) 284-9222,https://www.woodspring.com/extended-stay-hotels/locations/texas/irving/woodspring-suites-las-colinas,https://www.woodspring.com/extended-stay-hotels/locations/texas/irving/woodspring-suites-las-colinas,OFFICIAL_PROPERTY,2026-10-10,,,"Pet Policy | Pets Are Allowed, Dogs Only. Pet Accommodation $10 Per Pet, Per Night, Non-Refundable Deposit $50 due at check-in. A Limit of 50 pounds only. Max of 2 pets per room only.",,dallas-fort-worth-tx
WoodSpring Suites McKinney,pet-friendly-hotels,3401 N Central Expressway,McKinney,TX,75071,,https://www.woodspring.com/extended-stay-hotels/locations/texas/dallas/woodspring-suites-mckinney,https://www.woodspring.com/extended-stay-hotels/locations/texas/dallas/woodspring-suites-mckinney,OFFICIAL_PROPERTY,2026-10-10,,,"Pet Policy | Pets Allowed.Dogs Only No Cats.Maximum of 2 dogs per room, up to 50 lbs each.A daily fee of 5 USD per pet applies, plus a non-refundable 50 USD pet fee due at check-in.Service animals are welcome at no additional charge, must be registered upon arrival.",,dallas-fort-worth-tx
WoodSpring Suites North Ft Worth Alliance TX Speedway,pet-friendly-hotels,12745 N. Freeway,Haslet,TX,76177,+1-817-898-5166,https://www.woodspring.com/extended-stay-hotels/locations/texas/fort-worth/woodspring-suites-fort-worth-alliance-texas-speedway,https://www.woodspring.com/extended-stay-hotels/locations/texas/fort-worth/woodspring-suites-fort-worth-alliance-texas-speedway,OFFICIAL_PROPERTY,2026-10-10,,,"Pet Policy | Pets Allowed. Dogs Only No Cats. Maximum of 2 dogs per room, up to 50 lbs each. Daily fee of $10 per pet per night, plus a non-refundable $50 pet fee due at check-in.",,dallas-fort-worth-tx
