name,category,address,city,state,postal_code,phone,website_url,source_url,source_type,observed_at,rating,amenities,pet_policy,canonical,market_id
AC Hotel Atlanta Airport Gateway,pet-friendly-hotels,2079 Hospitality Way,Atlanta,GA,30337,+14046650309,https://www.marriott.com/en-us/hotels/atlat-ac-hotel-atlanta-airport-gateway/overview/,https://www.marriott.com/en-us/hotels/atlat-ac-hotel-atlanta-airport-gateway/overview/,OFFICIAL_PROPERTY,2026-09-13,,,"Pets Welcome $150 non-refundable fee per stay, 2 pets maximum, contact hotel for details. Maximum Pet Weight: 75.0lbs Maximum Number of Pets in Room: 2",,atlanta-ga
AC Hotel Atlanta Downtown,pet-friendly-hotels,101 Andrew Young Intl Blvd NW,Atlanta,GA,30303,+14045245555,https://www.marriott.com/en-us/hotels/atlar-ac-hotel-atlanta-downtown/overview/,https://www.marriott.com/en-us/hotels/atlar-ac-hotel-atlanta-downtown/overview/,OFFICIAL_PROPERTY,2026-09-13,,,Pets Welcome $75 Non-Refundable Pet Fee Due at Check-In Maximum Pet Weight: 35.0lbs Maximum Number of Pets in Room: 2,,atlanta-ga
AC Hotel Atlanta Midtown,pet-friendly-hotels,53 14th Street NE,Atlanta,GA,30309,+14042499445,https://www.marriott.com/en-us/hotels/atlcn-ac-hotel-atlanta-midtown/overview/,https://www.marriott.com/en-us/hotels/atlcn-ac-hotel-atlanta-midtown/overview/,OFFICIAL_PROPERTY,2026-09-13,,,Pets Welcome 45 lbs max pet per room with 100 USD Non Refundable fee per room per stay Non-Refundable Pet Fee Per Night: $50.00 Maximum Pet Weight: 45.0lbs Maximum Number of Pets in Room: 2,,atlanta-ga
Aloft by Marriott Alpharetta,pet-friendly-hotels,7895 North Point Parkway,Alpharetta,GA,30022,+16785276800,https://www.marriott.com/en-us/hotels/atlla-aloft-alpharetta/overview/,https://www.marriott.com/en-us/hotels/atlla-aloft-alpharetta/overview/,OFFICIAL_PROPERTY,2026-09-13,,,Pets Welcome Dog Friendly; $50 Per Night Per Pet Non-Refundable Pet Fee Per Night: $50.00 Maximum Pet Weight: 50.0lbs Maximum Number of Pets in Room: 2,,atlanta-ga
Aloft by Marriott Atlanta at The Battery Atlanta,pet-friendly-hotels,950 Battery Avenue,Atlanta,GA,30339,+16782724288,https://www.marriott.com/en-us/hotels/atlae-aloft-atlanta-at-the-battery-atlanta/overview/,https://www.marriott.com/en-us/hotels/atlae-aloft-atlanta-at-the-battery-atlanta/overview/,OFFICIAL_PROPERTY,2026-09-13,,,"Pets Welcome 1 pet up to 40 lbs, at 50USD, per night. Non-Refundable Pet Fee Per Night: $50.00 Maximum Pet Weight: 40.0lbs Maximum Number of Pets in Room: 1",,atlanta-ga
Aloft by Marriott Atlanta Downtown,pet-friendly-hotels,300 Ted Turner Drive NW,Atlanta,GA,30308,+16785150300,https://www.marriott.com/en-us/hotels/atldn-aloft-atlanta-downtown/overview/,https://www.marriott.com/en-us/hotels/atldn-aloft-atlanta-downtown/overview/,OFFICIAL_PROPERTY,2026-09-13,,,"Pets Welcome $50 daily fee, not to exceed $150 total. Non-Refundable Pet Fee Per Night: $50.00 Maximum Number of Pets in Room: 2",,atlanta-ga
Aloft by Marriott Atlanta Perimeter Center,pet-friendly-hotels,6401 Barfield Road,Sandy Springs,GA,30328,+14705829017,https://www.marriott.com/en-us/hotels/atlfc-aloft-atlanta-perimeter-center/overview/,https://www.marriott.com/en-us/hotels/atlfc-aloft-atlanta-perimeter-center/overview/,OFFICIAL_PROPERTY,2026-09-13,,,Pets Welcome No aggressive breeds.Pet fee is $50 per pet/per night. Non-Refundable Pet Fee Per Night: $50.00 Maximum Pet Weight: 40.0lbs Maximum Number of Pets in Room: 2,,atlanta-ga
Atlanta Evergreen Lakeside Resort,pet-friendly-hotels,4021 Lakeview Drive,Stone Mountain,GA,30083,+1-770-879-9900,https://atlantaevergreen.com/atlanta-evergreen-lakeside-resort/,https://atlantaevergreen.com/atlanta-evergreen-lakeside-resort/,OFFICIAL_PROPERTY,2026-09-13,,,"Pet Friendly Stays We invite well behaved dogs (and cats) to join their human families when staying at the Atlanta Evergreen. Please note a $125/fee is applicable. This pet fee covers a stay up to three nights for up to two animals. Additional nights and animals will incur additional fees if approved, please inquire with our Front Desk prior to check in for more than two pets or extended stays past 3 nights. Dogs are limited to 80lbs in size.",,atlanta-ga
Atlanta Marriott Northeast/Emory Area,pet-friendly-hotels,2000 Century Boulevard  NE,Atlanta,GA,30345,+14043250000,https://www.marriott.com/en-us/hotels/atlne-atlanta-marriott-northeast-emory-area/overview/,https://www.marriott.com/en-us/hotels/atlne-atlanta-marriott-northeast-emory-area/overview/,OFFICIAL_PROPERTY,2026-09-13,,,Pets Welcome Pets allowed Non-Refundable Pet Fee Per Stay: $100.00 Maximum Pet Weight: 75.0lbs Maximum Number of Pets in Room: 2,,atlanta-ga
Baymont by Wyndham Norcross Atlanta,pet-friendly-hotels,5945 Oakbrook Pkwy,Norcross,GA,30093,(770) 368-9400,https://www.wyndhamhotels.com/baymont/norcross-georgia/baymont-inn-and-suites-norcross-atlanta/overview,https://www.wyndhamhotels.com/BWSServices/services/search/property/search?isOverviewNeeded=true&propertyId=51561&isAmenitiesNeeded=false&channelId=tab&language=en-us&isRoomAmenitiesNeeded=false,OFFICIAL_PROPERTY,2026-09-13,,,Service Animals - ADA-defined service animals welcome. / Pets Allowed - 2 pets max. 50lbs or less per pet. / Fees - 30USD per pet per night. / Other Information - Contact hotel for additional details and availability.,,atlanta-ga
Baymont by Wyndham Smyrna,pet-friendly-hotels,5130 South Cobb Drive,Smyrna,GA,30082,1-404-7941600,https://www.wyndhamhotels.com/baymont/smyrna-georgia/baymont-inn-and-suites-smyrna/overview,https://www.wyndhamhotels.com/BWSServices/services/search/property/search?isOverviewNeeded=true&propertyId=70105&isAmenitiesNeeded=false&channelId=tab&language=en-us&isRoomAmenitiesNeeded=false,OFFICIAL_PROPERTY,2026-09-13,,,A maximum of 2 pets allowed for a non-refundable charge of 25.00 USD per pet per night. Pets must not weigh more than 25 lbs each. Pet Sanitation Fee is 250.00 USD if applicable. Please contact the hotel directly for room availability. ADA defined service animals are welcome at this hotel.,,atlanta-ga
Baymont Inn & Suites by Wyndham Morrow/Atlanta I-75 South,pet-friendly-hotels,2192 Mount Zion Pkwy,Morrow,GA,30260,+1 770-603-3232,https://www.wyndhamhotels.com/baymont/morrow-georgia/baymont-inn-and-suites-morrow-atlanta-i-75-south/overview,https://www.wyndhamhotels.com/BWSServices/services/search/property/search?isOverviewNeeded=true&propertyId=59942&isAmenitiesNeeded=false&channelId=tab&language=en-us&isRoomAmenitiesNeeded=false,OFFICIAL_PROPERTY,2026-09-13,,,Service Animals - ADA-defined service animals welcome. / Pets Allowed. 2 pets max. 40lbs or less per pet. / Fees - 25USD per stay. Pet Sanitation Fee 250USD if required. / Other Information - Contact hotel for additional details and availability.,,atlanta-ga
"Bellyard, West Midtown Atlanta, a Tribute Portfolio Hotel",pet-friendly-hotels,1 Interlock Avenue NW,Atlanta,GA,30318,+14048068333,https://www.marriott.com/en-us/hotels/atltm-bellyard-west-midtown-atlanta-a-tribute-portfolio-hotel/overview/,https://www.marriott.com/en-us/hotels/atltm-bellyard-west-midtown-atlanta-a-tribute-portfolio-hotel/overview/,OFFICIAL_PROPERTY,2026-09-13,,,Pets Welcome $150 one-time cleaning fee. Max of 2 pets per room. Non-Refundable Pet Fee Per Stay: $150.00 Maximum Pet Weight: 100.0lbs Maximum Number of Pets in Room: 2,,atlanta-ga
Candlewood Suites Atlanta - Kennesaw,pet-friendly-hotels,745 Cobb Place Boulevard NW,Kennesaw,GA,30144,1-770-2302100,https://www.ihg.com/candlewood/hotels/us/en/kennesaw/atlkn/hoteldetail,https://www.ihg.com/candlewood/hotels/us/en/kennesaw/atlkn/hoteldetail,OFFICIAL_PROPERTY,2026-09-13,,,Pets are welcome at Candlewood Suites Atlanta - Kennesaw. Pet policy description. Pet Fees 1 to 6 night stay 75.00 flat fee plus tax 7 to 30 night stay 150.00 flat fee plus tax Pets Under 80 pounds Max 2 Pets Two pets must weigh no more than 80 pounds combined No aggressive Breeds Pet fee per night: 0 USD Pet weight limit: 80 2 pets allowed Pets allowed: Only dogs and cats allowed,,atlanta-ga
Candlewood Suites Atlanta - Smyrna,pet-friendly-hotels,2210 Corporate Plaza,Smyrna,GA,30080,1-404-8915111,https://www.ihg.com/candlewood/hotels/us/en/smyrna/atlsy/hoteldetail,https://www.ihg.com/candlewood/hotels/us/en/smyrna/atlsy/hoteldetail,OFFICIAL_PROPERTY,2026-09-13,,,"Pets are welcome at Candlewood Suites Atlanta - Smyrna. Pet policy description. DOGS ONLY 1 to 6 night stay USD75.00 plus tax, nonrefundable 7 to 30 night stay USD150.00 plus tax, nonrefundable 60 lbs per pet or max 2 pets no more than 60 lbs combined Pet agreement must be signed at check in. Current on vaccinations Pet fee per night: 75 USD Pet weight limit: 60 2 pets allowed Pets allowed: Only dogs allowed",,atlanta-ga
Canopy by Hilton Atlanta Midtown,pet-friendly-hotels,1414 West Peachtree Street,Atlanta,GA,30309,+1 404-685-1677,https://www.hilton.com/en/hotels/atlmwpy-canopy-atlanta-midtown/,https://www.hilton.com/en/hotels/atlmwpy-canopy-atlanta-midtown/,OFFICIAL_PROPERTY,2026-09-13,,,"Pets allowed, $75.00 non-refundable fee, 75 lbs maximum",,atlanta-ga
Clarion Inn & Suites Atlanta Downtown,pet-friendly-hotels,186 Northside Dr SW,Atlanta,GA,30313,(404) 382-5227,https://www.choicehotels.com/georgia/atlanta/clarion-hotels/ga974,https://www.choicehotels.com/georgia/atlanta/clarion-hotels/ga974,OFFICIAL_PROPERTY,2026-09-13,,,"Pets Allowed: Yes / General: Pets allowed under a 50 USD fee per stay, per pet. A maximum of 2 pets are allowed per room, up to 50 pounds.. Service animals are permitted, without charge.",,atlanta-ga
Comfort Inn & Suites at Stone Mountain,pet-friendly-hotels,"5355 Stone Mountain Hwy, Hwy 78",Stone Mountain,GA,30087,(470) 589-2718,https://www.choicehotels.com/georgia/stone-mountain/comfort-inn-hotels/ga287,https://www.choicehotels.com/georgia/stone-mountain/comfort-inn-hotels/ga287,OFFICIAL_PROPERTY,2026-09-13,,,"Pets Allowed: Yes / General: Pets are allowed. Dogs only. 40.00 USD per night, per pet. 100.00 USD refundable deposit required. A maximum of 30 pounds. A maximum of 2 pets per room.. Service animals are permitted, without charge.",,atlanta-ga
Comfort Inn & Suites Peachtree Corners - Norcross,pet-friendly-hotels,5200 Peachtree Indust. Blvd,Peachtree Corners,GA,30071,(770) 771-6922,https://www.choicehotels.com/georgia/peachtree-corners/comfort-inn-hotels/ga077,https://www.choicehotels.com/georgia/peachtree-corners/comfort-inn-hotels/ga077,OFFICIAL_PROPERTY,2026-09-13,,,"Pets Allowed: Yes / General: Dogs only. Pet fee of 25.00 USD per night. Per pet. Limit of 50 pounds and maximum limit of 2 pets per room.. Service animals are permitted, without charge.",,atlanta-ga
Comfort Inn Douglasville - Atlanta West,pet-friendly-hotels,5487 Westmoreland Plaza,Douglasville,GA,30134,+1 678-504-2000,https://www.choicehotels.com/georgia/douglasville/comfort-inn-hotels/ga079,https://www.choicehotels.com/georgia/douglasville/comfort-inn-hotels/ga079,OFFICIAL_PROPERTY,2026-09-13,,,"Pets Allowed: Yes / General: Pet accommodation: All pets are allowed. $25.00 USD per night and per pet. Pet limit: 2 pets per room.. Service animals are permitted, without charge.",,atlanta-ga
Comfort Inn Marietta-Atlanta near Ballpark/Galleria,pet-friendly-hotels,1175 Powers Ferry Place,Marietta,GA,30067,+1 770-952-9005,https://www.choicehotels.com/georgia/marietta/comfort-inn-hotels/ga727,https://www.choicehotels.com/georgia/marietta/comfort-inn-hotels/ga727,OFFICIAL_PROPERTY,2026-09-13,,,"Pets Allowed: Yes / General: Pets Are Allowed. There is 25.00 USD fee per pet per night, with a refundable deposit of 100.00 USD, 2 pets per room and 60 pound maximum.. Service animals are permitted, without charge.",,atlanta-ga
Comfort Suites Morrow- Atlanta South,pet-friendly-hotels,1444 Southlake Plaza Drive,Morrow,GA,30260,+1 678-674-1300,https://www.choicehotels.com/georgia/morrow/comfort-suites-hotels/ga415,https://www.choicehotels.com/georgia/morrow/comfort-suites-hotels/ga415,OFFICIAL_PROPERTY,2026-09-13,,,"Pets Allowed: Yes / General: Pet fee 25.00 USD per pet, per night. There is a 45 lbs. limit in size and 2 pets per room maximum.. Service animals are permitted, without charge.",,atlanta-ga
Comfort Suites Stockbridge Atlanta South,pet-friendly-hotels,3540 Cameron Parkway,Stockbridge,GA,30281,+1 678-392-1343,https://www.choicehotels.com/georgia/stockbridge/comfort-suites-hotels/ga483,https://www.choicehotels.com/georgia/stockbridge/comfort-suites-hotels/ga483,OFFICIAL_PROPERTY,2026-09-13,,,"Pets Allowed: Yes / General: Pet friendly rooms available in select rooms only. Pets will only be admitted into pet-friendly specific rooms. Any guest with a pet must pay a non-refundable 75.00 USD plus tax pet fee plus a refundable 100.00 USD cash incidental security deposit.. Service animals are permitted, without charge.",,atlanta-ga
Courtyard by Marriott Atlanta Airport South/Sullivan Road,pet-friendly-hotels,2050 Sullivan Road,College Park,GA,30337,+1-770-997-2220,https://www.marriott.com/en-us/hotels/atlca-courtyard-atlanta-airport-south-sullivan-road/overview/,https://www.marriott.com/en-us/hotels/atlca-courtyard-atlanta-airport-south-sullivan-road/overview/,OFFICIAL_PROPERTY,2026-09-13,,,Pets Welcome Pet fee $20/day with $100/stay nonrefundable clean fee excludes Service Animals Non-Refundable Pet Fee Per Stay: $100.00 Non-Refundable Pet Fee Per Night: $20.00 Maximum Pet Weight: 25.0lbs Maximum Number of Pets in Room: 1,,atlanta-ga
Courtyard by Marriott Atlanta Alpharetta,pet-friendly-hotels,12655 Deerfield Parkway,Alpharetta,GA,30004,+1 678-366-3360,https://www.marriott.com/en-us/hotels/atlph-courtyard-atlanta-alpharetta/overview/,https://www.marriott.com/en-us/hotels/atlph-courtyard-atlanta-alpharetta/overview/,OFFICIAL_PROPERTY,2026-09-13,,,Pets Welcome Pet fee $20/day with $100/stay nonrefundable clean fee excludes Service Animals Non-Refundable Pet Fee Per Stay: $100.00 Non-Refundable Pet Fee Per Night: $20.00 Maximum Pet Weight: 50.0lbs Maximum Number of Pets in Room: 2,,atlanta-ga
Courtyard by Marriott Atlanta Alpharetta/Avalon Area,pet-friendly-hotels,11700 Amber Park Drive,Alpharetta,GA,30009,+17704759955,https://www.marriott.com/en-us/hotels/atlpo-courtyard-atlanta-alpharetta-avalon-area/overview/,https://www.marriott.com/en-us/hotels/atlpo-courtyard-atlanta-alpharetta-avalon-area/overview/,OFFICIAL_PROPERTY,2026-09-13,,,Pets Welcome Pet fee $20/day with $100/stay nonrefundable clean fee excludes Service Animals Non-Refundable Pet Fee Per Stay: $100.00 Non-Refundable Pet Fee Per Night: $20.00 Maximum Pet Weight: 50.0lbs Maximum Number of Pets in Room: 2,,atlanta-ga
Courtyard by Marriott Atlanta Dunwoody,pet-friendly-hotels,4401 Chamblee Dunwoody Road,Atlanta,GA,30341,+1-678-380-3700,https://www.marriott.com/en-us/hotels/atlyn-courtyard-atlanta-dunwoody/overview/,https://www.marriott.com/en-us/hotels/atlyn-courtyard-atlanta-dunwoody/overview/,OFFICIAL_PROPERTY,2026-09-13,,,Pets Welcome 2 pets 30lbs max per pet per room with non-refundable fee Non-Refundable Pet Fee Per Stay: $125.00 Maximum Pet Weight: 30.0lbs Maximum Number of Pets in Room: 2,,atlanta-ga
Courtyard by Marriott Atlanta Executive Park/Emory,pet-friendly-hotels,1236 Executive Park Drive,Atlanta,GA,30329,+1 404-728-0708,https://www.marriott.com/en-us/hotels/atlep-courtyard-atlanta-executive-park-emory/overview/,https://www.marriott.com/en-us/hotels/atlep-courtyard-atlanta-executive-park-emory/overview/,OFFICIAL_PROPERTY,2026-09-13,,,Pets Welcome Pet fee $20/day with $100/stay nonrefundable clean fee excludes Service Animals Non-Refundable Pet Fee Per Stay: $100.00 Non-Refundable Pet Fee Per Night: $20.00 Maximum Pet Weight: 35.0lbs Maximum Number of Pets in Room: 2,,atlanta-ga
Courtyard by Marriott Atlanta Perimeter Center,pet-friendly-hotels,6250 Peachtree-Dunwoody Rd,Atlanta,GA,30328,+17703931000,https://www.marriott.com/en-us/hotels/atlpe-courtyard-atlanta-perimeter-center/overview/,https://www.marriott.com/en-us/hotels/atlpe-courtyard-atlanta-perimeter-center/overview/,OFFICIAL_PROPERTY,2026-09-13,,,Pets Welcome Pet fee $20/day with $100/stay nonrefundable clean fee excludes Service Animals Non-Refundable Pet Fee Per Stay: $100.00 Non-Refundable Pet Fee Per Night: $20.00 Maximum Pet Weight: 25.0lbs Maximum Number of Pets in Room: 2,,atlanta-ga
Crowne Plaza Atlanta Perimeter at Ravinia,pet-friendly-hotels,4355 Ashford Dunwoody Road,Atlanta,GA,30346,+1-770-395-7700,https://www.ihg.com/crowneplaza/hotels/us/en/atlanta/atlcp/hoteldetail,https://www.ihg.com/crowneplaza/hotels/us/en/atlanta/atlcp/hoteldetail,OFFICIAL_PROPERTY,2026-09-13,,,Pets are welcome at Crowne Plaza Atlanta Perimeter at Ravinia. Pet policy description. Service animals and pets up to 50 lbs. permitted with restrictions. 100 USD fee. Pets must be leashed while in public areas and are not allowed in dining areas. All animals must be crated if left unattended. Owner must be present for housekeeping service. Pet fee per stay: 100 USD 1 pets allowed Pets allowed: All pets allowed,,atlanta-ga
Days Inn by Wyndham Atlanta/Southlake/Morrow,pet-friendly-hotels,1599 Adamson Parkway,Morrow,GA,30260,(470) 615-7487,https://www.wyndhamhotels.com/days-inn/morrow-georgia/days-inn-atlanta-southlake-morrow/overview,https://www.wyndhamhotels.com/BWSServices/services/search/property/search?isOverviewNeeded=true&propertyId=14543&isAmenitiesNeeded=false&channelId=tab&language=en-us&isRoomAmenitiesNeeded=false,OFFICIAL_PROPERTY,2026-09-13,,,Up to 2 dogs with a max weight of 30 LBS allowed for a charge of 15.00 USD per pet per night. A 50.00 USD refundable pet deposit is required. A 100.00 USD sanitation fee if applicable. Limited pet rooms contact the Front Desk for availability. ADA defined service animals are welcome at this hotel.,,atlanta-ga
Days Inn by Wyndham Douglasville-Atlanta-Fairburn Road,pet-friendly-hotels,5489 Westmoreland Plaza,Douglasville,GA,30134,(770) 949-1499,https://www.wyndhamhotels.com/days-inn/douglasville-georgia/days-inn-douglasville-atlanta-fairburn-road/overview,https://www.wyndhamhotels.com/BWSServices/services/search/property/search?isOverviewNeeded=true&propertyId=06685&isAmenitiesNeeded=false&channelId=tab&language=en-us&isRoomAmenitiesNeeded=false,OFFICIAL_PROPERTY,2026-09-13,,,Up to 2 pets are allowed for a non-refundable charge of 20.00 USD per pet per night. ADA-defined service animals are also welcome at this hotel.,,atlanta-ga
Days Inn by Wyndham Marietta-Atlanta-Delk Road,pet-friendly-hotels,2191 Northwest Parkway SE,Marietta,GA,30067,(770) 952-9863,https://www.wyndhamhotels.com/days-inn/marietta-georgia/days-inn-marietta-atlanta-delk-road/overview,https://www.wyndhamhotels.com/BWSServices/services/search/property/search?isOverviewNeeded=true&propertyId=15411&isAmenitiesNeeded=false&channelId=tab&language=en-us&isRoomAmenitiesNeeded=false,OFFICIAL_PROPERTY,2026-09-13,,,Pets are welcome for a non-refundable charge of 25 USD per night per pet. Max 2 pets per room per night. Max weight 50lbs or less. ADA defined service animals are welcome at this hotel with limited rooms only.,,atlanta-ga
Days Inn by Wyndham Marietta White Water,pet-friendly-hotels,753 North Marietta Parkway,Marietta,GA,30060,(678) 797-0233,https://www.wyndhamhotels.com/days-inn/marietta-georgia/days-inn-marietta-whitewater/overview,https://www.wyndhamhotels.com/BWSServices/services/search/property/search?isOverviewNeeded=true&propertyId=14430&isAmenitiesNeeded=false&channelId=tab&language=en-us&isRoomAmenitiesNeeded=false,OFFICIAL_PROPERTY,2026-09-13,,,Service - ADA defined animals welcome / Pets Allowed 2 pets max up to 50lbs / Fees - 25USD per pet / Other Information - Contact hotel for additional details and availability.,,atlanta-ga
DoubleTree by Hilton Atlanta Perimeter Dunwoody,pet-friendly-hotels,4386 Chamblee Dunwoody Road,Atlanta,GA,30341,+1 770-457-6363,https://www.hilton.com/en/hotels/atlwodt-doubletree-atlanta-perimeter-dunwoody/,https://www.hilton.com/en/hotels/atlwodt-doubletree-atlanta-perimeter-dunwoody/,OFFICIAL_PROPERTY,2026-09-13,,,"Pets allowed, $75.00 non-refundable fee, 50 lbs maximum",,atlanta-ga
DoubleTree by Hilton Atlanta Windy Hill Ballpark,pet-friendly-hotels,2055 South Park Place,Atlanta,GA,30339,+1 770-272-9441,https://www.hilton.com/en/hotels/atlwydt-doubletree-atlanta-windy-hill-ballpark/,https://www.hilton.com/en/hotels/atlwydt-doubletree-atlanta-windy-hill-ballpark/,OFFICIAL_PROPERTY,2026-09-13,,,"Pets allowed, $75.00 non-refundable fee, 0 lbs maximum",,atlanta-ga
DoubleTree by Hilton Hotel Atlanta Airport,pet-friendly-hotels,3400 Norman Berry Drive,Atlanta,GA,30344,+1 404-763-1600,https://www.hilton.com/en/hotels/atlandt-doubletree-atlanta-airport/,https://www.hilton.com/en/hotels/atlandt-doubletree-atlanta-airport/,OFFICIAL_PROPERTY,2026-09-13,,,"Pets allowed, $75.00 non-refundable fee, 75 lbs maximum",,atlanta-ga
DoubleTree by Hilton Hotel Atlanta - Alpharetta,pet-friendly-hotels,2925 Jordan Court,Alpharetta,GA,30004,+1 678-347-0022,https://www.hilton.com/en/hotels/atlwddt-doubletree-atlanta-alpharetta/,https://www.hilton.com/en/hotels/atlwddt-doubletree-atlanta-alpharetta/,OFFICIAL_PROPERTY,2026-09-13,,,"Pets allowed, $100.00 non-refundable fee, 50 lbs maximum, Pet fee: $100.00 per pet. Up to 2 pets, maximum",,atlanta-ga
DoubleTree by Hilton Hotel Atlanta - Northlake,pet-friendly-hotels,4156 LaVista Road,Atlanta,GA,30084,+1 770-938-1026,https://www.hilton.com/en/hotels/atlladt-doubletree-atlanta-northlake/,https://www.hilton.com/en/hotels/atlladt-doubletree-atlanta-northlake/,OFFICIAL_PROPERTY,2026-09-13,,,"Pets allowed, $125.00 non-refundable fee, 30 lbs maximum, $75.00 one-time fee for up to 4 nights, $125.00 one-time fee for 5 nights or more. Maximum of (2) pets. **Does not apply to Service Animals.",,atlanta-ga
DoubleTree by Hilton Hotel Atlanta - Roswell,pet-friendly-hotels,1075 Holcomb Bridge Road,Roswell,GA,30076,+1 770-992-9600,https://www.hilton.com/en/hotels/atlrsdt-doubletree-atlanta-roswell/,https://www.hilton.com/en/hotels/atlrsdt-doubletree-atlanta-roswell/,OFFICIAL_PROPERTY,2026-09-13,,,"Pets allowed, $100.00 non-refundable fee, 25 lbs maximum, Must fill in waiver on check in.",,atlanta-ga
Drury Inn & Suites Atlanta Airport,pet-friendly-hotels,1270 Virginia Avenue,Atlanta,GA,30344,,https://www.druryhotels.com/locations/atlanta-ga/drury-inn-and-suites-atlanta-airport,https://www.druryhotels.com/locations/atlanta-ga/drury-inn-and-suites-atlanta-airport,OFFICIAL_PROPERTY,2026-09-13,,,Pet Policy Dogs and cats accepted. Rooms with pets will be charged a daily fee of $50 per room plus tax. Service animals are free of charge. Limit of two pets per room with a combined weight of 80 pounds.,,atlanta-ga
Drury Inn & Suites Atlanta Marietta,pet-friendly-hotels,1170 Powers Ferry Pl,Marietta,GA,30067,,https://www.druryhotels.com/locations/atlanta-ga/drury-inn-and-suites-atlanta-marietta,https://www.druryhotels.com/locations/atlanta-ga/drury-inn-and-suites-atlanta-marietta,OFFICIAL_PROPERTY,2026-09-13,,,Pet Policy Dogs and cats accepted. Rooms with pets will be charged a daily fee of $50 per room plus tax. Service animals are free of charge. Limit of two pets per room with a combined weight of 80 pounds.,,atlanta-ga
Drury Inn & Suites Atlanta Morrow,pet-friendly-hotels,6520 S Lee Street,Morrow,GA,30260,,https://www.druryhotels.com/locations/atlanta-ga/drury-inn-and-suites-atlanta-morrow,https://www.druryhotels.com/locations/atlanta-ga/drury-inn-and-suites-atlanta-morrow,OFFICIAL_PROPERTY,2026-09-13,,,Pet Policy Dogs and cats accepted. Rooms with pets will be charged a daily fee of $50 per room plus tax. Service animals are free of charge. Limit of two pets per room with a combined weight of 80 pounds.,,atlanta-ga
Econo Lodge Atlanta Airport East,pet-friendly-hotels,5060 Frontage Rd.,Forest Park,GA,30297,+1 404-363-6429,https://www.choicehotels.com/georgia/forest-park/econo-lodge-hotels/ga167,https://www.choicehotels.com/georgia/forest-park/econo-lodge-hotels/ga167,OFFICIAL_PROPERTY,2026-09-13,,,"Pets Allowed: Yes / General: Pets are limited to two per room; the maximum weight per pet is 10 lbs.. Service animals are permitted, without charge.",,atlanta-ga
Element by Marriott Atlanta Buckhead,pet-friendly-hotels,3491 Piedmont Road,Atlanta,GA,30305,+14705679955,https://www.marriott.com/en-us/hotels/atlel-element-atlanta-buckhead/overview/,https://www.marriott.com/en-us/hotels/atlel-element-atlanta-buckhead/overview/,OFFICIAL_PROPERTY,2026-09-13,,,"Pets Welcome 2 pets max w/ $50 per night, $150 Max Non-Refundable fee. No aggressive breeds Non-Refundable Pet Fee Per Night: $50.00 Maximum Pet Weight: 40.0lbs Maximum Number of Pets in Room: 2",,atlanta-ga
Element by Marriott Atlanta Midtown,pet-friendly-hotels,640-2 Peachtree Street,Atlanta,GA,30308,+14048971069,https://www.marriott.com/en-us/hotels/atlle-element-atlanta-midtown/overview/,https://www.marriott.com/en-us/hotels/atlle-element-atlanta-midtown/overview/,OFFICIAL_PROPERTY,2026-09-13,,,"Pets Welcome 2 pets, 40lb max, $25USD non-refundable fee per night, $150USD max fee per stay Non-Refundable Pet Fee Per Night: $25.00 Maximum Pet Weight: 40.0lbs Maximum Number of Pets in Room: 2",,atlanta-ga
Element by Marriott Atlanta Perimeter Center,pet-friendly-hotels,100 Campus Way,Dunwoody,GA,30346,+14705685150,https://www.marriott.com/en-us/hotels/atldl-element-atlanta-perimeter-center/overview/,https://www.marriott.com/en-us/hotels/atldl-element-atlanta-perimeter-center/overview/,OFFICIAL_PROPERTY,2026-09-13,,,Pets Welcome 2 pets 50lbs max per pet per room with non-refundable fee Non-Refundable Pet Fee Per Night: $50.00 Maximum Pet Weight: 50.0lbs Maximum Number of Pets in Room: 2,,atlanta-ga
"Ellis Hotel, Atlanta, a Tribute Portfolio Hotel",pet-friendly-hotels,176 Peachtree Street NW,Atlanta,GA,30303,+14045235155,https://www.marriott.com/en-us/hotels/atlte-ellis-hotel-atlanta-a-tribute-portfolio-hotel/overview/,https://www.marriott.com/en-us/hotels/atlte-ellis-hotel-atlanta-a-tribute-portfolio-hotel/overview/,OFFICIAL_PROPERTY,2026-09-13,,,Pets Welcome Pets up to 35lbs welcome. Maximum 1 per room. A $100 fee per stay applies. &nbsp; Non-Refundable Pet Fee Per Stay: $100.00 Maximum Pet Weight: 35.0lbs Maximum Number of Pets in Room: 1,,atlanta-ga
Embassy Suites by Hilton Alpharetta Halcyon,pet-friendly-hotels,6430 Market Street,Alpharetta,GA,30005,+1 770-274-5907,https://www.hilton.com/en/hotels/atlnhes-embassy-suites-alpharetta-halcyon/,https://www.hilton.com/en/hotels/atlnhes-embassy-suites-alpharetta-halcyon/,OFFICIAL_PROPERTY,2026-09-13,,,"Pets allowed, $75.00 non-refundable fee, 75 lbs maximum, $75 Non-Refundable Fee per Stay. 2 pets Max. Dog/cat only.$150.00 after 4 days.",,atlanta-ga
Embassy Suites by Hilton Atlanta Airport,pet-friendly-hotels,4700 Southport Road,Atlanta,GA,30337,+1 404-767-1988,https://www.hilton.com/en/hotels/atlspes-embassy-suites-atlanta-airport/,https://www.hilton.com/en/hotels/atlspes-embassy-suites-atlanta-airport/,OFFICIAL_PROPERTY,2026-09-13,,,"Pets allowed, $75.00 non-refundable fee, 75 lbs maximum, $75 for 1-4 night stay and $125 for 5+ nights (2 pets max, dog/cat)",,atlanta-ga
Embassy Suites by Hilton Atlanta Airport North,pet-friendly-hotels,3450 International Blvd,Hapeville,GA,30354,+1 404-768-1500,https://www.hilton.com/en/hotels/atlbwes-embassy-suites-atlanta-airport-north/,https://www.hilton.com/en/hotels/atlbwes-embassy-suites-atlanta-airport-north/,OFFICIAL_PROPERTY,2026-09-13,,,"Pets allowed, $75.00 non-refundable fee, $75(1-4n),$125(5+n)2petsMax,dog/cat only",,atlanta-ga
Embassy Suites by Hilton Atlanta Alpharetta,pet-friendly-hotels,5955 North Point Parkway,Alpharetta,GA,30022,+1 678-566-8800,https://www.hilton.com/en/hotels/atlares-embassy-suites-atlanta-alpharetta/,https://www.hilton.com/en/hotels/atlares-embassy-suites-atlanta-alpharetta/,OFFICIAL_PROPERTY,2026-09-13,,,"Pets allowed, $75.00 non-refundable fee, 75 lbs maximum, $75(1-4n),$125(5+n)2petsMax,dog/cat only",,atlanta-ga
Embassy Suites by Hilton Atlanta at Centennial Olympic Park,pet-friendly-hotels,267 Marietta Street,Atlanta,GA,30313,+1 404-223-2300,https://www.hilton.com/en/hotels/atleses-embassy-suites-atlanta-at-centennial-olympic-park/,https://www.hilton.com/en/hotels/atleses-embassy-suites-atlanta-at-centennial-olympic-park/,OFFICIAL_PROPERTY,2026-09-13,,,"Pets allowed, $75.00 non-refundable fee, 75 lbs maximum, $75(1-4nts), $125(5+nts)2 pets Max, dog/cat only",,atlanta-ga
Embassy Suites by Hilton Atlanta Buckhead,pet-friendly-hotels,3285 Peachtree Road NE,Atlanta,GA,30305,+1 404-261-7733,https://www.hilton.com/en/hotels/atllxes-embassy-suites-atlanta-buckhead/,https://www.hilton.com/en/hotels/atllxes-embassy-suites-atlanta-buckhead/,OFFICIAL_PROPERTY,2026-09-13,,,"Pets allowed, $75.00 non-refundable fee, 75 lbs maximum, $75(1-4n),$125(5+n) 2petsMax,dog/cat",,atlanta-ga
Embassy Suites by Hilton Atlanta Galleria,pet-friendly-hotels,2815 Akers Mill Road SE,Atlanta,GA,30339,+1 770-984-9300,https://www.hilton.com/en/hotels/atlgles-embassy-suites-atlanta-galleria/,https://www.hilton.com/en/hotels/atlgles-embassy-suites-atlanta-galleria/,OFFICIAL_PROPERTY,2026-09-13,,,"Pets allowed, $75.00 non-refundable fee, $75 plus tax (1 to 4 nights), $125 plus tax (5 or more nights), per pet, with a 2-pet maximum per suite, dogs and cats only",,atlanta-ga
Embassy Suites by Hilton Atlanta Kennesaw Town Center,pet-friendly-hotels,620 Chastain Road,Kennesaw,GA,30144,+1 770-420-2505,https://www.hilton.com/en/hotels/atlkses-embassy-suites-atlanta-kennesaw-town-center/,https://www.hilton.com/en/hotels/atlkses-embassy-suites-atlanta-kennesaw-town-center/,OFFICIAL_PROPERTY,2026-09-13,,,"Pets allowed, $75.00 non-refundable fee, 75 lbs maximum, 1-4 Nights flat $75 fee. 5+ Nights additional $50 fee. Dogs and cats only.",,atlanta-ga
Embassy Suites by Hilton Atlanta Midtown,pet-friendly-hotels,290 17th Street NW,Atlanta,GA,30363,+1 404-844-4555,https://www.hilton.com/en/hotels/atlldes-embassy-suites-atlanta-midtown/,https://www.hilton.com/en/hotels/atlldes-embassy-suites-atlanta-midtown/,OFFICIAL_PROPERTY,2026-09-13,,,"Pets allowed, $75.00 non-refundable fee, 75 lbs maximum, $75(1-4n),$125(5+n)2 small dogs and cats are permitted in guest rooms.",,atlanta-ga
Embassy Suites by Hilton Atlanta NE Gwinnett Sugarloaf,pet-friendly-hotels,2029 Satellite Blvd,Duluth,GA,30097,+1 770-622-6391,https://www.hilton.com/en/hotels/atlaees-embassy-suites-atlanta-ne-gwinnett-sugarloaf/,https://www.hilton.com/en/hotels/atlaees-embassy-suites-atlanta-ne-gwinnett-sugarloaf/,OFFICIAL_PROPERTY,2026-09-13,,,"Pets allowed, $75.00 non-refundable fee, $75(1-4n)$125(5+n)2petsMax, cat/dog only",,atlanta-ga
Embassy Suites by Hilton Atlanta Perimeter Center,pet-friendly-hotels,1030 Crown Pointe Parkway,Atlanta,GA,30338,+1 770-394-5454,https://www.hilton.com/en/hotels/atlpwes-embassy-suites-atlanta-perimeter-center/,https://www.hilton.com/en/hotels/atlpwes-embassy-suites-atlanta-perimeter-center/,OFFICIAL_PROPERTY,2026-09-13,,,"Pets allowed, $75.00 non-refundable fee, $75(1-4n),$125(5+n)2petsMax,dog/cat only",,atlanta-ga
"Epicurean Atlanta, Autograph Collection",pet-friendly-hotels,1117 West Peachtree Street,Atlanta,GA,30309,+18332481670,https://www.marriott.com/en-us/hotels/atlmk-epicurean-atlanta-autograph-collection/overview/,https://www.marriott.com/en-us/hotels/atlmk-epicurean-atlanta-autograph-collection/overview/,OFFICIAL_PROPERTY,2026-09-13,,,"Pets Welcome. $150 non-refundable pet fee, per room, per stay. Max 1 pet per room. Maximum Pet Weight: 75.0lbs Maximum Number of Pets in Room: 1",,atlanta-ga
EVEN Hotel Alpharetta - Avalon Area,pet-friendly-hotels,2715 Old Milton Parkway,Alpharetta,GA,30009,1-770-8692546,https://www.ihg.com/evenhotels/hotels/us/en/alpharetta/atlev/hoteldetail,https://www.ihg.com/evenhotels/hotels/us/en/alpharetta/atlev/hoteldetail,OFFICIAL_PROPERTY,2026-09-13,,,Pets are welcome at EVEN Hotel Alpharetta - Avalon Area. Pet policy description. Bring your four legged family members for a tail wagging good time in Alpharetta! Our pet friendly hotel welcomes dogs and cats for a 100 USD per stay fee. No more than two pets per room. Pet fee per stay: 100 USD Pet weight limit: 75 2 pets allowed Pets allowed: Only dogs and cats allowed,,atlanta-ga
EVEN Hotel Atlanta - Ballpark Area,pet-friendly-hotels,3380 Overton Park Drive,Atlanta,GA,30339,1-770-8000393,https://www.ihg.com/evenhotels/hotels/us/en/atlanta/atlop/hoteldetail,https://www.ihg.com/evenhotels/hotels/us/en/atlanta/atlop/hoteldetail,OFFICIAL_PROPERTY,2026-09-13,,,"Pets are welcome at EVEN Hotel Atlanta - Ballpark Area. Pet policy description. There is a pet fee of 100 USD for the first pet and 50 USD for the second pet. You can bring a maximum of two pets per room, with a weight limit of 80 lbs each. Bring your pets along and enjoy a comfortable stay together! Pet fee per stay: 100 USD Pet weight limit: 80 2 pets allowed Pets allowed: Only dogs and cats allowed",,atlanta-ga
Four Points by Sheraton Atlanta Airport West,pet-friendly-hotels,3520 North Desert Drive,Atlanta,GA,30344,+14047683100,https://www.marriott.com/en-us/hotels/atlfw-four-points-atlanta-airport-west/overview/,https://www.marriott.com/en-us/hotels/atlfw-four-points-atlanta-airport-west/overview/,OFFICIAL_PROPERTY,2026-09-13,,,Pets Welcome $200 pet penalty applied for not notifying front desk at check-in. No cats. Non-Refundable Pet Fee Per Stay: $75.00 Maximum Pet Weight: 25.0lbs Maximum Number of Pets in Room: 2,,atlanta-ga
Grand Hyatt Atlanta in Buckhead,pet-friendly-hotels,3300 Peachtree Road NE,Atlanta,GA,30305,+1 404-237-1234,https://www.hyatt.com/grand-hyatt/en-US/atlgh-grand-hyatt-atlanta-in-buckhead,https://www.hyatt.com/grand-hyatt/en-US/atlgh-grand-hyatt-atlanta-in-buckhead,OFFICIAL_PROPERTY,2026-09-13,,,"Pets Are Welcome | We are happy to welcome your traveling canine companions to our pet-friendly hotel in Buckhead. We offer the following for our furry friends on request: hypoallergenic Pet Beds and Pet Bowls. To participate in the pet program: Inform the hotel you’ll have a pet (or pets) staying with you at least three days in advance of your arrival. Keep in mind, only dogs weighing 70 pounds and under are permitted. | Pet Fees | Up to six nights | Free | Weight Limits | Individual pet weight limit | 50 | Pounds | Combined pets weight limit | 70 | Pounds | Maximum number of pets is 2.",,atlanta-ga
Hampton Inn & Suites Alpharetta,pet-friendly-hotels,16785 Old Morris Road,Alpharetta,GA,30004,+1 678-393-0990,https://www.hilton.com/en/hotels/atlmrhx-hampton-suites-alpharetta/,https://www.hilton.com/en/hotels/atlmrhx-hampton-suites-alpharetta/,OFFICIAL_PROPERTY,2026-09-13,,,"Pets allowed, $75.00 non-refundable fee, 75 lbs maximum, $75(1-4n),$125(5+n)2petsMax,dog/cat only",,atlanta-ga
Hampton Inn & Suites Alpharetta Roswell,pet-friendly-hotels,10740 Westside Way,Alpharetta,GA,30009,+1 770-640-5511,https://www.hilton.com/en/hotels/atlnohx-hampton-suites-alpharetta-roswell/,https://www.hilton.com/en/hotels/atlnohx-hampton-suites-alpharetta-roswell/,OFFICIAL_PROPERTY,2026-09-13,,,"Pets allowed, $75.00 non-refundable fee, $75(1-4Nights),$125(5+Nights) Two pets maximum,dog/cat ONLY",,atlanta-ga
Hampton Inn & Suites Atlanta Airport North I85,pet-friendly-hotels,3450 Bobby Brown Parkway,Atlanta,GA,30344,+1 404-767-9300,https://www.hilton.com/en/hotels/atlnbhx-hampton-suites-atlanta-airport-north-i85/,https://www.hilton.com/en/hotels/atlnbhx-hampton-suites-atlanta-airport-north-i85/,OFFICIAL_PROPERTY,2026-09-13,,,"Pets allowed, $75.00 non-refundable fee, 75 lbs maximum, $75(1-4n),$125(5+n) 2pets Max, Dog/Cat Only, Pets must not exceed a combined weight of 75 lbs.",,atlanta-ga
Hampton Inn & Suites Atlanta Airport West/Camp Creek Pkwy,pet-friendly-hotels,3450 Creek Pointe Drive,East Point,GA,30344,+1 470-645-6998,https://www.hilton.com/en/hotels/atlcphx-hampton-suites-atlanta-airport-west-camp-creek-pkwy/,https://www.hilton.com/en/hotels/atlcphx-hampton-suites-atlanta-airport-west-camp-creek-pkwy/,OFFICIAL_PROPERTY,2026-09-13,,,"Pets allowed, $75.00 non-refundable fee, ($75 for 1-4 nights/$125 for 5+)",,atlanta-ga
Hampton Inn & Suites Atlanta Buckhead Place,pet-friendly-hotels,3312 Piedmont Road NE,Atlanta,GA,30305,+1 404-816-7309,https://www.hilton.com/en/hotels/atlbphx-hampton-suites-atlanta-buckhead-place/,https://www.hilton.com/en/hotels/atlbphx-hampton-suites-atlanta-buckhead-place/,OFFICIAL_PROPERTY,2026-09-13,,,"Pets allowed, $75.00 non-refundable fee, $75(1-4n),$125(5+n)2petsMax,dog/cat only",,atlanta-ga
Hampton Inn & Suites Atlanta Decatur/Emory,pet-friendly-hotels,116 Clairemont Avenue,Decatur,GA,30030,+1 404-377-6360,https://www.hilton.com/en/hotels/atldehx-hampton-suites-atlanta-decatur-emory/,https://www.hilton.com/en/hotels/atldehx-hampton-suites-atlanta-decatur-emory/,OFFICIAL_PROPERTY,2026-09-13,,,"Pets allowed, $75.00 non-refundable fee, $75(1-4n),$125(5+n)2petMax,dog/cat only",,atlanta-ga
Hampton Inn & Suites Atlanta-Downtown,pet-friendly-hotels,161 Ted Turner Dr NW,Atlanta,GA,30303,+1 404-589-1111,https://www.hilton.com/en/hotels/atlhshx-hampton-suites-atlanta-downtown/,https://www.hilton.com/en/hotels/atlhshx-hampton-suites-atlanta-downtown/,OFFICIAL_PROPERTY,2026-09-13,,,"Pets allowed, $75.00 non-refundable fee, $75(1-4n),$125(5+n)2petsMax,dog/cat only",,atlanta-ga
Hampton Inn & Suites Atlanta/Duluth/Gwinnett County,pet-friendly-hotels,1725 Pineland Road,Duluth,GA,30096,+1 770-931-9800,https://www.hilton.com/en/hotels/atlgwhx-hampton-suites-atlanta-duluth-gwinnett-county/,https://www.hilton.com/en/hotels/atlgwhx-hampton-suites-atlanta-duluth-gwinnett-county/,OFFICIAL_PROPERTY,2026-09-13,,,"Pets allowed, $75.00 non-refundable fee, 75 lbs maximum, $75(1-4n),$125(5+n)2petsMax,dog/cat only",,atlanta-ga
Hampton Inn & Suites Atlanta-Galleria,pet-friendly-hotels,2733 Circle 75 Parkway,Atlanta,GA,30339,+1-770-955-1110,https://www.hilton.com/en/hotels/atlgrhx-hampton-suites-atlanta-galleria/,https://www.hilton.com/en/hotels/atlgrhx-hampton-suites-atlanta-galleria/,OFFICIAL_PROPERTY,2026-09-13,,,"Pets allowed, $50.00 non-refundable fee, $50(1-4n),$75(5+n) 2petsMax,dog/cat only",,atlanta-ga
Hampton Inn and Suites Atlanta/Marietta,pet-friendly-hotels,2136 Kingston Court,Marietta,GA,30067,+1 678-460-1160,https://www.hilton.com/en/hotels/atltthx-hampton-suites-atlanta-marietta/,https://www.hilton.com/en/hotels/atltthx-hampton-suites-atlanta-marietta/,OFFICIAL_PROPERTY,2026-09-13,,,"Pets allowed, $75.00 non-refundable fee, 75 lbs maximum, $75(1-4n), $125(5+n) 2petsMax, dog/cat only",,atlanta-ga
Hampton Inn & Suites Atlanta Midtown,pet-friendly-hotels,1231 West Peachtree Street NE,Atlanta,GA,30309,+1 404-685-3690,https://www.hilton.com/en/hotels/atlmnhx-hampton-suites-atlanta-midtown/,https://www.hilton.com/en/hotels/atlmnhx-hampton-suites-atlanta-midtown/,OFFICIAL_PROPERTY,2026-09-13,,,"Pets allowed, $75.00 non-refundable fee",,atlanta-ga
Hampton Inn & Suites by Hilton Atlanta Perimeter Dunwoody,pet-friendly-hotels,4565 Ashford Dunwoody Road,Atlanta,GA,30346,+1 770-350-9995,https://www.hilton.com/en/hotels/atlpshx-hampton-suites-atlanta-perimeter-dunwoody/,https://www.hilton.com/en/hotels/atlpshx-hampton-suites-atlanta-perimeter-dunwoody/,OFFICIAL_PROPERTY,2026-09-13,,,"Pets allowed, $75.00 non-refundable fee, ($75 for 1 – 4 nights/$125 for 5+)",,atlanta-ga
Hampton Inn and Suites Johns Creek,pet-friendly-hotels,6440 East Johns Crossing,Johns Creek,GA,30097,+1 470-410-1601,https://www.hilton.com/en/hotels/atlduhx-hampton-suites-johns-creek/,https://www.hilton.com/en/hotels/atlduhx-hampton-suites-johns-creek/,OFFICIAL_PROPERTY,2026-09-13,,,"Pets allowed, $75.00 non-refundable fee, $75(1-4n),$125(5+n) 2petsMax,dog/cat onl",,atlanta-ga
Hampton Inn Atlanta-Buckhead,pet-friendly-hotels,"3398 Piedmont Rd., NE",Atlanta,GA,30305,+1 404-233-5656,https://www.hilton.com/en/hotels/atlbuhx-hampton-atlanta-buckhead/,https://www.hilton.com/en/hotels/atlbuhx-hampton-atlanta-buckhead/,OFFICIAL_PROPERTY,2026-09-13,,,"Pets allowed, $50.00 non-refundable fee, $50(1-4n),$75(5+n) 2petsMax,dog/cat only",,atlanta-ga
Hampton Inn Atlanta/Douglasville,pet-friendly-hotels,6371 Douglas Blvd.,Douglasville,GA,30135,+1 770-577-0091,https://www.hilton.com/en/hotels/atldvhx-hampton-atlanta-douglasville/,https://www.hilton.com/en/hotels/atldvhx-hampton-atlanta-douglasville/,OFFICIAL_PROPERTY,2026-09-13,,,"Pets allowed, $50.00 non-refundable fee, $50(1-4n),$75(5+n) 2petsMax,dog/cat only",,atlanta-ga
Hampton Inn Atlanta-Georgia Tech-Downtown,pet-friendly-hotels,"244 North Avenue, N.W.",Atlanta,GA,30313,+1 404-881-0881,https://www.hilton.com/en/hotels/atlgthx-hampton-atlanta-georgia-tech-downtown/,https://www.hilton.com/en/hotels/atlgthx-hampton-atlanta-georgia-tech-downtown/,OFFICIAL_PROPERTY,2026-09-13,,,"Pets allowed, $75.00 non-refundable fee, 75 lbs maximum, $75(1-4n),$125(5+n) 2petsMax,dog/cat only",,atlanta-ga
Hampton Inn Atlanta Kennesaw,pet-friendly-hotels,3405 Busbee Drive,Kennesaw,GA,30144,+1 770-427-2002,https://www.hilton.com/en/hotels/atlkwhx-hampton-atlanta-kennesaw/,https://www.hilton.com/en/hotels/atlkwhx-hampton-atlanta-kennesaw/,OFFICIAL_PROPERTY,2026-09-13,,,"Pets allowed, $75.00 non-refundable fee, $75(1-4n),$125(5+n)2petsMax,dog/cat only",,atlanta-ga
Hampton Inn Atlanta-Northlake,pet-friendly-hotels,3400 Northlake Pkwy NE,Atlanta,GA,30345,+1 770-493-1966,https://www.hilton.com/en/hotels/atlnlhx-hampton-atlanta-northlake/,https://www.hilton.com/en/hotels/atlnlhx-hampton-atlanta-northlake/,OFFICIAL_PROPERTY,2026-09-13,,,"Pets allowed, $75.00 non-refundable fee, $75(1-4n),$125(5+n) 2petsMax,dog/cat only",,atlanta-ga
Hampton Inn Atlanta NW Cumberland,pet-friendly-hotels,2775 Cumberland Parkway,Atlanta,GA,30339,+1 770-333-6006,https://www.hilton.com/en/hotels/atlcmhx-hampton-atlanta-cumberland-mall-nw/,https://www.hilton.com/en/hotels/atlcmhx-hampton-atlanta-cumberland-mall-nw/,OFFICIAL_PROPERTY,2026-09-13,,,"Pets allowed, $50.00 non-refundable fee, $50(1-4n),$75(5+n) 2petsMax,dog/cat only",,atlanta-ga
Hampton Inn Atlanta-Perimeter Center,pet-friendly-hotels,769 Hammond Drive NE,Atlanta,GA,30328,+1 404-303-0014,https://www.hilton.com/en/hotels/atlhmhx-hampton-atlanta-perimeter-center/,https://www.hilton.com/en/hotels/atlhmhx-hampton-atlanta-perimeter-center/,OFFICIAL_PROPERTY,2026-09-13,,,"Pets allowed, $75.00 non-refundable fee, 75 lbs maximum, $75 (1-4 nights)/$125 (5 nights or more) for up to 2 pets maximum dogs only!",,atlanta-ga
Hampton Inn Atlanta-Southlake,pet-friendly-hotels,1533 Southlake Pkwy,Morrow,GA,30260,+1 770-968-8990,https://www.hilton.com/en/hotels/atlslhx-hampton-atlanta-southlake/,https://www.hilton.com/en/hotels/atlslhx-hampton-atlanta-southlake/,OFFICIAL_PROPERTY,2026-09-13,,,"Pets allowed, $75.00 non-refundable fee, 50 lbs maximum, Maximum 2 Dogs Allowed. $125 Fee for Extended Stays (5+ Nights).",,atlanta-ga
Hampton Inn Atlanta-Stockbridge,pet-friendly-hotels,7342 Hannover Parkway North,Stockbridge,GA,30281,+1 770-389-0065,https://www.hilton.com/en/hotels/atlsbhx-hampton-atlanta-stockbridge/,https://www.hilton.com/en/hotels/atlsbhx-hampton-atlanta-stockbridge/,OFFICIAL_PROPERTY,2026-09-13,,,"Pets allowed, $75.00 non-refundable fee, $75(1-4n),$125(5+n) 2petsMax,dog/cat only",,atlanta-ga
Hampton Inn Atlanta/Stone Mountain,pet-friendly-hotels,1737 Mountain Industrial Blvd.,Stone Mountain,GA,30083,+1 770-934-0004,https://www.hilton.com/en/hotels/atlsmhx-hampton-atlanta-stone-mountain/,https://www.hilton.com/en/hotels/atlsmhx-hampton-atlanta-stone-mountain/,OFFICIAL_PROPERTY,2026-09-13,,,"Pets allowed, $75.00 non-refundable fee, 75 lbs maximum, 75.00 per stay up to 5 days",,atlanta-ga
Hampton Inn Norcross,pet-friendly-hotels,5655 Jimmy Carter Blvd.,Norcross,GA,30071,+1 770-446-3210,https://www.hilton.com/en/hotels/atlnxhx-hampton-norcross/,https://www.hilton.com/en/hotels/atlnxhx-hampton-norcross/,OFFICIAL_PROPERTY,2026-09-13,,,"Pets allowed, $50.00 non-refundable fee, $50(1-6n),$125(7+n)2petsMax,dog/cat only",,atlanta-ga
Hampton Inn Peachtree Corners Norcross,pet-friendly-hotels,440 Technology Parkway NW,Peachtree Corners,GA,30092,+1 770-729-0015,https://www.hilton.com/en/hotels/atlpthx-hampton-peachtree-corners-norcross/,https://www.hilton.com/en/hotels/atlpthx-hampton-peachtree-corners-norcross/,OFFICIAL_PROPERTY,2026-09-13,,,"Pets allowed, $75.00 non-refundable fee, 75 lbs maximum, $75(1-4 nights),$125(5+ nights) 2petsMax, dog/cat only",,atlanta-ga
Hilton Alpharetta Atlanta,pet-friendly-hotels,5775 Windward Parkway,Alpharetta,GA,30005,+1 678-240-9222,https://www.hilton.com/en/hotels/atltehh-hilton-alpharetta-atlanta/,https://www.hilton.com/en/hotels/atltehh-hilton-alpharetta-atlanta/,OFFICIAL_PROPERTY,2026-09-13,,,"Pets allowed, $75.00 non-refundable fee, 35 lbs maximum",,atlanta-ga
Hilton Atlanta Airport,pet-friendly-hotels,1031 Virginia Avenue,Hapeville,GA,30354,+1 404 767 9000,https://www.hilton.com/en/hotels/atlaahh-hilton-atlanta-airport/,https://www.hilton.com/en/hotels/atlaahh-hilton-atlanta-airport/,OFFICIAL_PROPERTY,2026-09-13,,,"Pets allowed, $75.00 non-refundable fee, 75 lbs maximum, fee of $75.00 per day for up to 75 lbs.",,atlanta-ga
Hilton Atlanta/Marietta Hotel & Conference Center,pet-friendly-hotels,500 Powder Springs St,Marietta,GA,30064,+1-770-427-2500,https://www.hilton.com/en/hotels/atlmahf-hilton-atlanta-marietta-hotel-and-conference-center/,https://www.hilton.com/en/hotels/atlmahf-hilton-atlanta-marietta-hotel-and-conference-center/,OFFICIAL_PROPERTY,2026-09-13,,,"Pets allowed, $75.00 non-refundable fee, 75 lbs maximum",,atlanta-ga
Hilton Garden Inn Atlanta Airport/Millenium Center,pet-friendly-hotels,2301 Sullivan Road,College Park,GA,30337,+1 404-766-0303,https://www.hilton.com/en/hotels/atlgigi-hilton-garden-inn-atlanta-airport-millenium-center/,https://www.hilton.com/en/hotels/atlgigi-hilton-garden-inn-atlanta-airport-millenium-center/,OFFICIAL_PROPERTY,2026-09-13,,,"Pets allowed, $75.00 non-refundable fee, $75(1-4n), $125(5+n), 2 pets Max, dog/cat only",,atlanta-ga
Hilton Garden Inn Atlanta Airport North,pet-friendly-hotels,3437 Bobby Brown Parkway,Atlanta,GA,30344,+1 404-477-6600,https://www.hilton.com/en/hotels/atlepgi-hilton-garden-inn-atlanta-airport-north/,https://www.hilton.com/en/hotels/atlepgi-hilton-garden-inn-atlanta-airport-north/,OFFICIAL_PROPERTY,2026-09-13,,,"Pets allowed, $75.00 non-refundable fee, $75 fee for up to seven days",,atlanta-ga
Hilton Garden Inn Atlanta - Buckhead,pet-friendly-hotels,"3342 Peachtree Road, NE",Atlanta,GA,30326,+1 404-231-1234,https://www.hilton.com/en/hotels/atlkhgi-hilton-garden-inn-atlanta-buckhead/,https://www.hilton.com/en/hotels/atlkhgi-hilton-garden-inn-atlanta-buckhead/,OFFICIAL_PROPERTY,2026-09-13,,,"Pets allowed, $75.00 non-refundable fee, 100 lbs maximum, 1-4 nights $75 per stay, 5+ nights $125 per stay.",,atlanta-ga
Hilton Garden Inn Atlanta Downtown,pet-friendly-hotels,275 Baker Street NW,Atlanta,GA,30313,+1 404-577-2001,https://www.hilton.com/en/hotels/atldogi-hilton-garden-inn-atlanta-downtown/,https://www.hilton.com/en/hotels/atldogi-hilton-garden-inn-atlanta-downtown/,OFFICIAL_PROPERTY,2026-09-13,,,"Pets allowed, $75.00 non-refundable fee, $75(1-4n),$125(5+n)2petsMax,dog/cat only",,atlanta-ga
Hilton Garden Inn Atlanta East/Stonecrest,pet-friendly-hotels,7890 Mall Ring Road,Lithonia,GA,30038,+1 678-526-1000,https://www.hilton.com/en/hotels/atlscgi-hilton-garden-inn-atlanta-east-stonecrest/,https://www.hilton.com/en/hotels/atlscgi-hilton-garden-inn-atlanta-east-stonecrest/,OFFICIAL_PROPERTY,2026-09-13,,,"Pets allowed, 75 lbs maximum, $75(1-4n),$125(5+n)2pets max dog/cat",,atlanta-ga
Hilton Garden Inn Atlanta Marietta,pet-friendly-hotels,3045 Windy Hill Road,Atlanta,GA,30339,+1 770-953-8850,https://www.hilton.com/en/hotels/atlwwgi-hilton-garden-inn-atlanta-marietta/,https://www.hilton.com/en/hotels/atlwwgi-hilton-garden-inn-atlanta-marietta/,OFFICIAL_PROPERTY,2026-09-13,,,"Pets allowed, $75.00 non-refundable fee, 75 lbs maximum, $75(1-4n),$100(5+n)2petsMax,dog/cat only",,atlanta-ga
Hilton Garden Inn Atlanta NE/Gwinnett Sugarloaf,pet-friendly-hotels,2040 Sugarloaf Circle,Duluth,GA,30097,+1 770-495-7600,https://www.hilton.com/en/hotels/atlgsgi-hilton-garden-inn-atlanta-ne-gwinnett-sugarloaf/,https://www.hilton.com/en/hotels/atlgsgi-hilton-garden-inn-atlanta-ne-gwinnett-sugarloaf/,OFFICIAL_PROPERTY,2026-09-13,,,"Pets allowed, $75.00 non-refundable fee, $75(1-4n),$100(5+n)2petsMax,dog/cat only",,atlanta-ga
Hilton Garden Inn Atlanta North/Alpharetta,pet-friendly-hotels,4025 Windward Plaza,Alpharetta,GA,30005,+1 770-360-7766,https://www.hilton.com/en/hotels/atlalgi-hilton-garden-inn-atlanta-north-alpharetta/,https://www.hilton.com/en/hotels/atlalgi-hilton-garden-inn-atlanta-north-alpharetta/,OFFICIAL_PROPERTY,2026-09-13,,,"Pets allowed, $50.00 non-refundable fee, $50(1-4n),$75(5+n) 2petsMax,dog/cat only",,atlanta-ga
Hilton Garden Inn Atlanta North/Johns Creek,pet-friendly-hotels,11695 Medlock Bridge Road,Johns Creek,GA,30097,+1 770-476-1966,https://www.hilton.com/en/hotels/atljcgi-hilton-garden-inn-atlanta-north-johns-creek/,https://www.hilton.com/en/hotels/atljcgi-hilton-garden-inn-atlanta-north-johns-creek/,OFFICIAL_PROPERTY,2026-09-13,,,"Pets allowed, $75.00 non-refundable fee, 50 lbs maximum, $75(1-3n) per pet, $125(4+n)2 pets Max, dog/cat only. Over 100 pounds-$100.00 per pet (1-nights), $150.00 (4+nights).",,atlanta-ga
Hilton Garden Inn Atlanta Northpoint,pet-friendly-hotels,10975 Georgia Lane,Alpharetta,GA,30022,+1 678-566-3900,https://www.hilton.com/en/hotels/atlnpgi-hilton-garden-inn-atlanta-northpoint/,https://www.hilton.com/en/hotels/atlnpgi-hilton-garden-inn-atlanta-northpoint/,OFFICIAL_PROPERTY,2026-09-13,,,"Pets allowed, $75.00 non-refundable fee, 75 lbs maximum, $75(1-4n),$100(5+n)2petsMax,dog/cat only",,atlanta-ga
Hilton Garden Inn Atlanta NW/Kennesaw Town Center,pet-friendly-hotels,895 Cobb Place Boulevard,Kennesaw,GA,30144,+1 678-322-1140,https://www.hilton.com/en/hotels/atlkegi-hilton-garden-inn-atlanta-nw-kennesaw-town-center/,https://www.hilton.com/en/hotels/atlkegi-hilton-garden-inn-atlanta-nw-kennesaw-town-center/,OFFICIAL_PROPERTY,2026-09-13,,,"Pets allowed, $75.00 non-refundable fee, $75(1-4n),$125(5+n)2petMax,dog/cat only",,atlanta-ga
Hilton Garden Inn Atlanta Perimeter Center,pet-friendly-hotels,1501 Lake Hearn Drive,Atlanta,GA,30319,+1 404-459-0500,https://www.hilton.com/en/hotels/atlphgi-hilton-garden-inn-atlanta-perimeter-center/,https://www.hilton.com/en/hotels/atlphgi-hilton-garden-inn-atlanta-perimeter-center/,OFFICIAL_PROPERTY,2026-09-13,,,"Pets allowed, $50.00 non-refundable fee, 75 lbs maximum, $50(1-4n),$75(5+n) 2petsMax,dog/cat only",,atlanta-ga
Holiday Inn & Suites Atlanta Airport-North,pet-friendly-hotels,1380 Virginia Avenue,Atlanta,GA,30344,1-404-3059990,https://www.ihg.com/holidayinn/hotels/us/en/atlanta/atlap/hoteldetail,https://www.ihg.com/holidayinn/hotels/us/en/atlanta/atlap/hoteldetail,OFFICIAL_PROPERTY,2026-09-13,,,"Pets are welcome at Holiday Inn & Suites Atlanta Airport-North. Pet policy description. Please contact hotel for specific information on pet size. All rooms are limited to one pet per room. As always, there is no deposit required for service animals. 100 USD PET FEES ARE NON REFUNDABLE. Pet fee per night: 100 USD Pet weight limit: No weight limit per pet 1 pets allowed Pets allowed: All pets allowed",,atlanta-ga
Holiday Inn Atlanta-Gas South Arena Area,pet-friendly-hotels,6310 Sugarloaf Pkwy,Duluth,GA,30097,1-770-4762022,https://www.ihg.com/holidayinn/hotels/us/en/duluth/atldu/hoteldetail,https://www.ihg.com/holidayinn/hotels/us/en/duluth/atldu/hoteldetail,OFFICIAL_PROPERTY,2026-09-13,,,"Pets are welcome at Holiday Inn Atlanta-Gas South Arena Area. Pet policy description. Pets are permitted, with a limit of two pets per room. A nonrefundable pet fee of 75.00 USD is applied during check in. For the safety and well being of all guests and team members, aggressive breeds are strictly prohibited. Pet fee per night: 75 USD Pet damage deposit: 75 USD Pet weight limit: No weight limit per pet 2 pets allowed Pets allowed: Only dogs and cats allowed",,atlanta-ga
Holiday Inn Atlanta-Northlake,pet-friendly-hotels,2158 Ranchwood Drive,Atlanta,GA,30345,1-770-9346000,https://www.ihg.com/holidayinn/hotels/us/en/atlanta/atlnl/hoteldetail,https://www.ihg.com/holidayinn/hotels/us/en/atlanta/atlnl/hoteldetail,OFFICIAL_PROPERTY,2026-09-13,,,Pets are welcome at Holiday Inn Atlanta-Northlake. Pet policy description. Pet fee is 25.00 per day per pet. Hotel pet policy is required to be signed at check in. Please contact the hotel directly for any additional information. Only two pets allowed in room. All Additional fee pays at the hotel. Pet fee per night: 25 USD 2 pets allowed Pets allowed: Only dogs and cats allowed,,atlanta-ga
Holiday Inn Express & Suites Alpharetta - Windward Parkway,pet-friendly-hotels,12505 Innovation Way,Alpharetta,GA,30004,1-678-3390505,https://www.ihg.com/holidayinnexpress/hotels/us/en/alpharetta/atlar/hoteldetail,https://www.ihg.com/holidayinnexpress/hotels/us/en/alpharetta/atlar/hoteldetail,OFFICIAL_PROPERTY,2026-09-13,,,Pets are welcome at Holiday Inn Express & Suites Alpharetta - Windward Parkway. Pet policy description. Max Weight 25 lbs and 2 dogs. 100 USD for first dog and 50 USD for second dog non refundable fee per stay. Pet fee per stay: 100 USD Pet weight limit: 25 2 pets allowed Pets allowed: Only dogs and cats allowed,,atlanta-ga
Holiday Inn Express & Suites Atlanta - Tucker Northlake,pet-friendly-hotels,2060 Crescent Centre Boulevard,Tucker,GA,30084,1-770-4961070,https://www.ihg.com/holidayinnexpress/hotels/us/en/tucker/atlkr/hoteldetail,https://www.ihg.com/holidayinnexpress/hotels/us/en/tucker/atlkr/hoteldetail,OFFICIAL_PROPERTY,2026-09-13,,,"Pets are welcome at Holiday Inn Express & Suites Atlanta - Tucker Northlake. Pet policy description. Pets allowed with a one time, nonrefundable fee of 75 plus tax per stay. Maximum weight for all pets not to exceed 75 pounds. Pet agreement must be signed at check in. Strict limit of two pets. Record of complete and up to date vaccinations required. Pet fee per stay: 75 USD Pet damage deposit: 75 USD Pet weight limit: 75 2 pets allowed Pets allowed: Only dogs and cats allowed",,atlanta-ga
Holiday Inn Express Atlanta Airport - North,pet-friendly-hotels,1419 Virginia Avenue,College Park,GA,30337,+1-404-400-5900,https://www.ihg.com/holidayinnexpress/hotels/us/en/atlanta/atlpk/hoteldetail,https://www.ihg.com/holidayinnexpress/hotels/us/en/atlanta/atlpk/hoteldetail,OFFICIAL_PROPERTY,2026-09-13,,,"Pets are welcome at Holiday Inn Express Atlanta Airport - North. Pet policy description. Pets are allowed with a one time, nonrefundable fee of 75 plus tax per stay. Maximum weight for all pets not to exceed 75 pounds. Pet agreement must be signed at check in. Strict limit of two pets. Record of complete and up to date vaccinations required. Pet fee per night: 75 USD Pet weight limit: 35 2 pets allowed Pets allowed: Only dogs and cats allowed",,atlanta-ga
Home2 Suites by Hilton Alpharetta,pet-friendly-hotels,12075 Morris Road,Alpharetta,GA,30005,+1 470-479-6699,https://www.hilton.com/en/hotels/atlaght-home2-suites-alpharetta/,https://www.hilton.com/en/hotels/atlaght-home2-suites-alpharetta/,OFFICIAL_PROPERTY,2026-09-13,,,"Pets allowed, $75.00 non-refundable fee, 75 lbs maximum, $75(1-4n),$125(5+n)2petsMax,dog/cat only",,atlanta-ga
Home2 Suites by Hilton Atlanta Airport College Park,pet-friendly-hotels,2101 Convention Center Concourse B,College Park,GA,30337,+1 404-334-8000,https://www.hilton.com/en/hotels/atlayht-home2-suites-atlanta-airport-college-park/,https://www.hilton.com/en/hotels/atlayht-home2-suites-atlanta-airport-college-park/,OFFICIAL_PROPERTY,2026-09-13,,,"Pets allowed, $75.00 non-refundable fee, 75 lbs maximum, $75/stay for 1-4 night stays, $125/stay for 5+ night stays 2 pets max dogs or cats only.",,atlanta-ga
Home2 Suites by Hilton Atlanta Airport North,pet-friendly-hotels,3433 Bobby Brown Pkwy,East Point,GA,30344,+1 404-767-5877,https://www.hilton.com/en/hotels/atlhtht-home2-suites-atlanta-airport-north/,https://www.hilton.com/en/hotels/atlhtht-home2-suites-atlanta-airport-north/,OFFICIAL_PROPERTY,2026-09-13,,,"Pets allowed, $75.00 non-refundable fee, 75 lbs maximum, Pet walking area. If guests staying more than 4 nights, the non-refundable fee will be $125.00. Hotel does not permit cats.",,atlanta-ga
Home2 Suites by Hilton Atlanta Airport West,pet-friendly-hotels,3700 Princeton Lakes Pkwy,Atlanta,GA,30331,+1 404-346-9790,https://www.hilton.com/en/hotels/atlccht-home2-suites-atlanta-airport-west/,https://www.hilton.com/en/hotels/atlccht-home2-suites-atlanta-airport-west/,OFFICIAL_PROPERTY,2026-09-13,,,"Pets allowed, $75.00 non-refundable fee, 75 lbs maximum, $75(1-4n),$125(5+n) 2petsMax,dog/cat only",,atlanta-ga
Home2 Suites by Hilton Atlanta Downtown,pet-friendly-hotels,87 Walton Street,Atlanta,GA,30303,+1 404-965-7992,https://www.hilton.com/en/hotels/atldwht-home2-suites-atlanta-downtown/,https://www.hilton.com/en/hotels/atldwht-home2-suites-atlanta-downtown/,OFFICIAL_PROPERTY,2026-09-13,,,"Pets allowed, $125.00 non-refundable fee, $75 1-4 nights/$125 5+nights, maximum 2 pets, dog/cat only",,atlanta-ga
Home2 Suites by Hilton Atlanta Marietta,pet-friendly-hotels,2168 Kingston Court SE,Marietta,GA,30067,+1 770-800-0550,https://www.hilton.com/en/hotels/atltaht-home2-suites-atlanta-marietta/,https://www.hilton.com/en/hotels/atltaht-home2-suites-atlanta-marietta/,OFFICIAL_PROPERTY,2026-09-13,,,"Pets allowed, $75.00 non-refundable fee, $75(1-4n),$125(5+n)2petsMax,dog/cat only",,atlanta-ga
Home2 Suites by Hilton Atlanta Midtown,pet-friendly-hotels,975 West Peachtree Street,Atlanta,GA,30309,+1 404-876-5003,https://www.hilton.com/en/hotels/atlhoht-home2-suites-atlanta-midtown/,https://www.hilton.com/en/hotels/atlhoht-home2-suites-atlanta-midtown/,OFFICIAL_PROPERTY,2026-09-13,,,"Pets allowed, $75.00 non-refundable fee, 40 lbs maximum, $75 per night (1-4 nights), $125(5+ nights) per stay 2 pets max, dog/cat only",,atlanta-ga
Home2 Suites by Hilton Atlanta Norcross,pet-friendly-hotels,5800 Peachtree Industrial Blvd,Norcross,GA,30071,+1 770-263-2020,https://www.hilton.com/en/hotels/atlncht-home2-suites-atlanta-norcross/,https://www.hilton.com/en/hotels/atlncht-home2-suites-atlanta-norcross/,OFFICIAL_PROPERTY,2026-09-13,,,"Pets allowed, $50.00 non-refundable fee, 35 lbs maximum, $50(1-4),$75(5-29),125(29+) 2 pets Max,",,atlanta-ga
Home2 Suites by Hilton Atlanta Perimeter Center,pet-friendly-hotels,6110 Peachtree Dunwoody Road,Atlanta,GA,30328,+1 770-828-0330,https://www.hilton.com/en/hotels/atleeht-home2-suites-atlanta-perimeter-center/,https://www.hilton.com/en/hotels/atleeht-home2-suites-atlanta-perimeter-center/,OFFICIAL_PROPERTY,2026-09-13,,,"Pets allowed, $75.00 non-refundable fee, $75(1-4n),$125(5+n)2 pet max,dog/cat only",,atlanta-ga
"Home2 Suites by Hilton Roswell, GA",pet-friendly-hotels,10990 Westside Parkway,Roswell,GA,30076,+1 770-650-1227,https://www.hilton.com/en/hotels/atlifht-home2-suites-roswell-ga/,https://www.hilton.com/en/hotels/atlifht-home2-suites-roswell-ga/,OFFICIAL_PROPERTY,2026-09-13,,,"Pets allowed, $75.00 non-refundable fee, 75 lbs maximum, $75(1-4nts), $125.00 (5+nts) 2 pets max. dog, cat only.",,atlanta-ga
Home2 Suites by Hilton Stockbridge Atlanta,pet-friendly-hotels,400 Speer Road,Stockbridge,GA,30281,+1 943-219-3111,https://www.hilton.com/en/hotels/atlbsht-home2-suites-stockbridge-atlanta/,https://www.hilton.com/en/hotels/atlbsht-home2-suites-stockbridge-atlanta/,OFFICIAL_PROPERTY,2026-09-13,,,"Pets allowed, $75.00 non-refundable fee, 75 lbs maximum",,atlanta-ga
Homewood Suites by Hilton Atlanta Airport North,pet-friendly-hotels,3405 Bobby Brown Parkway,Atlanta,GA,30344,+1 404-554-9300,https://www.hilton.com/en/hotels/atltlhw-homewood-suites-atlanta-airport-north/,https://www.hilton.com/en/hotels/atltlhw-homewood-suites-atlanta-airport-north/,OFFICIAL_PROPERTY,2026-09-13,,,"Pets allowed, $75.00 non-refundable fee, 75 lbs maximum, $75/stay for 1-4 night stays, $125/stay for 5+ night stays 2 pets max dogs or cats only",,atlanta-ga
Homewood Suites by Hilton Atlanta-Alpharetta,pet-friendly-hotels,10775 Davis Drive,Alpharetta,GA,30009,+1 770-998-1622,https://www.hilton.com/en/hotels/atlaphw-homewood-suites-atlanta-alpharetta/,https://www.hilton.com/en/hotels/atlaphw-homewood-suites-atlanta-alpharetta/,OFFICIAL_PROPERTY,2026-09-13,,,"Pets allowed, $150.00 non-refundable fee, 75 lbs maximum",,atlanta-ga
Homewood Suites by Hilton Atlanta Buckhead Pharr Road,pet-friendly-hotels,540 Pharr Road,Atlanta,GA,30305,+1 404-842-0800,https://www.hilton.com/en/hotels/atlbhhw-homewood-suites-atlanta-buckhead-pharr-road/,https://www.hilton.com/en/hotels/atlbhhw-homewood-suites-atlanta-buckhead-pharr-road/,OFFICIAL_PROPERTY,2026-09-13,,,"Pets allowed, $93.10 non-refundable fee, 75 lbs maximum, $93.10/stay for 1-4 night stays, $155.20/stay for 5+ night stays 2 pets max dogs or cats only",,atlanta-ga
Homewood Suites by Hilton Atlanta Lenox Buckhead,pet-friendly-hotels,3566 Piedmont Road,Atlanta,GA,30305,+1 404-365-0001,https://www.hilton.com/en/hotels/atlpmhw-homewood-suites-atlanta-lenox-buckhead/,https://www.hilton.com/en/hotels/atlpmhw-homewood-suites-atlanta-lenox-buckhead/,OFFICIAL_PROPERTY,2026-09-13,,,"Pets allowed, $75.00 non-refundable fee, 50 lbs maximum, Non-Refundable Fee for 1-4 nights is $75.00, 5+ nights is $125.00, No Aggressive breeds.",,atlanta-ga
Homewood Suites by Hilton Atlanta NW-Kennesaw Town Ctr,pet-friendly-hotels,905 Cobb Place Boulevard,Kennesaw,GA,30144,+1 678-354-2800,https://www.hilton.com/en/hotels/atlknhw-homewood-suites-atlanta-nw-kennesaw-town-ctr/,https://www.hilton.com/en/hotels/atlknhw-homewood-suites-atlanta-nw-kennesaw-town-ctr/,OFFICIAL_PROPERTY,2026-09-13,,,"Pets allowed, $75.00 non-refundable fee, $75(1-4n),$125(5+n) 2petsMax,dog/cat",,atlanta-ga
Homewood Suites by Hilton Atlanta/Perimeter Center,pet-friendly-hotels,915 Crestline Parkway,Atlanta,GA,30328,+1 770-415-3200,https://www.hilton.com/en/hotels/atlpfhw-homewood-suites-atlanta-perimeter-center/,https://www.hilton.com/en/hotels/atlpfhw-homewood-suites-atlanta-perimeter-center/,OFFICIAL_PROPERTY,2026-09-13,,,"Pets allowed, $100.00 non-refundable fee, $100.00 for first pet and $50 for second for up to 4 days. 2 pets Max, dog/cat only",,atlanta-ga
"Hotel Colee, Atlanta Buckhead, Autograph Collection",pet-friendly-hotels,3377 Peachtree Road NE,Atlanta,GA,30326,+16785003100,https://www.marriott.com/en-us/hotels/atlah-hotel-colee-atlanta-buckhead-autograph-collection/overview/,https://www.marriott.com/en-us/hotels/atlah-hotel-colee-atlanta-buckhead-autograph-collection/overview/,OFFICIAL_PROPERTY,2026-09-13,,,Pets Welcome Hotel Colee welcomes dogs 35lbs or less (max 2). $50 non-refundable fee per stay Non-Refundable Pet Fee Per Stay: $50.00 Maximum Pet Weight: 35.0lbs Maximum Number of Pets in Room: 2,,atlanta-ga
"Hotel Granada, a Member of Design Hotels",pet-friendly-hotels,1302 West Peachtree Street NW,Atlanta,GA,30309,+14047373030,https://www.marriott.com/en-us/hotels/atlgn-hotel-granada-a-member-of-design-hotels/overview/,https://www.marriott.com/en-us/hotels/atlgn-hotel-granada-a-member-of-design-hotels/overview/,OFFICIAL_PROPERTY,2026-09-13,,,Pets Welcome Maximum Number of Pets in Room: 2,,atlanta-ga
Hotel Indigo Atlanta Airport - College Park,pet-friendly-hotels,1776 Harvard Avenue,College Park,GA,30337,1-404-7678881,https://www.ihg.com/hotelindigo/hotels/us/en/college-park/atlww/hoteldetail,https://www.ihg.com/hotelindigo/hotels/us/en/college-park/atlww/hoteldetail,OFFICIAL_PROPERTY,2026-09-13,,,"Pets are welcome at Hotel Indigo Atlanta Airport - College Park. Pet policy description. 50 dollars per pet, per day, with a maximum charge of 150 dollars per pet. ESA Emotional Support Animals are not classified as Service Animals under ADA guidelines and are subject to the hotel's pet fee. Pet fee per stay: 50 USD Pet damage deposit: 50 USD Pet weight limit: 50 2 pets allowed Pets allowed: All pets allowed",,atlanta-ga
Hotel Indigo Atlanta Downtown,pet-friendly-hotels,230 Peachtree Street NW,Atlanta,GA,30303,1-404-5237600,https://www.ihg.com/hotelindigo/hotels/us/en/atlanta/atlid/hoteldetail,https://www.ihg.com/hotelindigo/hotels/us/en/atlanta/atlid/hoteldetail,OFFICIAL_PROPERTY,2026-09-13,,,Pets are welcome at Hotel Indigo Atlanta Downtown. Pet policy description. We love furry friends! Bring your dog along on vacation to the Hotel Indigo Atlanta Downtown. 75.00 USD fee charged per stay. Dogs must be 40 lbs or less. These do not apply to service dogs. Pet fee per stay: 75 USD Pet damage deposit: 75 USD Pet weight limit: 40 1 pets allowed Pets allowed: Only dogs allowed,,atlanta-ga
Hotel Indigo Atlanta Midtown,pet-friendly-hotels,"683 Peachtree Street, NE",Atlanta,GA,30308,1-404-8749200,https://www.ihg.com/hotelindigo/hotels/us/en/atlanta/atlfx/hoteldetail,https://www.ihg.com/hotelindigo/hotels/us/en/atlanta/atlfx/hoteldetail,OFFICIAL_PROPERTY,2026-09-13,,,"Pets are welcome at Hotel Indigo Atlanta Midtown. Pet policy description. Pets welcome with a 25 USD nonrefundable fee per day, per room, Restrictions apply. Service animals are exempt from the fee. Pet fee per night: 25 USD Pet weight limit: 200 2 pets allowed Pets allowed: Only dogs and cats allowed",,atlanta-ga
Hotel Indigo Atlanta-Vinings Ballpark Area,pet-friendly-hotels,2857 Paces Ferry Road SE,Atlanta,GA,30339,1-770-4325555,https://www.ihg.com/hotelindigo/hotels/us/en/atlanta/atlrc/hoteldetail,https://www.ihg.com/hotelindigo/hotels/us/en/atlanta/atlrc/hoteldetail,OFFICIAL_PROPERTY,2026-09-13,,,Pets are welcome at Hotel Indigo Atlanta-Vinings Ballpark Area. Pet policy description. 75.00 non refundable cleaning fee per stay. Up to two pets are allowed per room up to 50lbs each. Pet fee per stay: 75 USD Pet weight limit: 50 2 pets allowed Pets allowed: All pets allowed,,atlanta-ga
Hyatt House Atlanta/Cobb Galleria,pet-friendly-hotels,3595 Cumberland Blvd SE,Atlanta,GA,30339,+1 770-541-2960,https://www.hyatt.com/hyatt-house/en-US/atlxg-hyatt-house-atlanta-cobb-galleria,https://www.hyatt.com/hyatt-house/en-US/atlxg-hyatt-house-atlanta-cobb-galleria,OFFICIAL_PROPERTY,2026-09-13,,,We Are Pet Friendly | Hyatt House Atlanta/Cobb Galleria welcomes dogs at our hotel. A maximum of two dogs per room are permitted. All pets must be housebroken. Pets exceeding the weight limit are at the hotel’s discretion. 30+ nights: Please contact the hotel. | Pet Fees | 1–6 nights | $100 | STAY | 7–30 nights (includes cleaning fee) | $200 | STAY | Weight Limits | Individual pet weight limit | 50 | Pounds | Combined pets weight limit | 75 | Pounds | Maximum number of pets is 2.,,atlanta-ga
Hyatt House Atlanta/Downtown,pet-friendly-hotels,431 Marietta Street NW,Atlanta,GA,30313,+1 404-332-5522,https://www.hyatt.com/hyatt-house/en-US/atlxd-hyatt-house-atlanta-downtown,https://www.hyatt.com/hyatt-house/en-US/atlxd-hyatt-house-atlanta-downtown,OFFICIAL_PROPERTY,2026-09-13,,,We Are Pet Friendly | We welcome furry companions of guests at our hotel. A maximum of two dogs per room are permitted. All pets must be housebroken. The hotel may also charge up to a $200 nonrefundable cleaning fee. | Pet Fees | Nonrefundable | $75 | STAY | Weight Limits | Individual pet weight limit | 25 | Pounds,,atlanta-ga
Hyatt House Atlanta / Perimeter Center,pet-friendly-hotels,5785 Peachtree Dunwoody Rd,Atlanta,GA,30342,+1 404-968-2400,https://www.hyatt.com/hyatt-house/en-us/atlxp-hyatt-house-atlanta-perimeter-center,https://www.hyatt.com/hyatt-house/en-US/atlxp-hyatt-house-atlanta-perimeter-center,OFFICIAL_PROPERTY,2026-09-13,,,"We Are Pet Friendly | Bring a canine companion along during your visit. Nearby hiking trails and parks provide ideal dog-walking spaces. All dogs must be housebroken. Dogs must be on leashes when in public areas. Pets are not allowed in the food service areas and pool. Your pet must be confined in a carrier if left | unattended during the cleaning of your room, or you can arrange to be present when your room is serviced. | Pet Fees | 1-6 Nights | $100 | + | $200 | 7-30 Nights (For longer stays, contact Hyatt House Atlanta / Perimeter Center) | Weight Limits | Individual pet weight limit | 70 | Pounds | Combined pets weight limit | 70 | Pounds | Maximum number of pets is 2.",,atlanta-ga
Hyatt Place Atlanta Airport-North,pet-friendly-hotels,3415 Norman Berry Drive,East Point,GA,30344,+1 404-768-8484,https://www.hyatt.com/hyatt-place/en-US/atlza-hyatt-place-atlanta-airport-north,https://www.hyatt.com/hyatt-place/en-US/atlza-hyatt-place-atlanta-airport-north,OFFICIAL_PROPERTY,2026-09-13,,,"Pets Are Welcome | Hyatt Place Atlanta Airport-North provides the comfort your four-legged friend needs, with spacious rooms perfectly suited for relaxing at the end of the day. For stays exceeding 30 nights, any additional cleaning fee is at the hotel's discretion. | Pet Fees | 1–6 nights | $100 | STAY | 7–30 nights + additional cleaning fee | $200 | STAY | Weight Limits | Individual pet weight limit | 50 | Pounds | Combined pets weight limit | 75 | Pounds | Maximum number of pets is 2.",,atlanta-ga
Hyatt Place Atlanta Airport-South,pet-friendly-hotels,1899 Sullivan Road,College Park,GA,30337,+1 770-994-2997,https://www.hyatt.com/hyatt-place/en-US/atlzs-hyatt-place-atlanta-airport-south,https://www.hyatt.com/hyatt-place/en-US/atlzs-hyatt-place-atlanta-airport-south,OFFICIAL_PROPERTY,2026-09-13,,,"Pets Are Welcome | Since your stay wouldn’t be complete without your canine companion, our dog-friendly hotel is happy to welcome your furry friend. (2) dogs are allowed per room weighing less than 50 lbs. each, all dogs must be housebroken. Please contact the hotel for stays over 30 nights. *We welcome guests with disabilities traveling with their service animals. Service animals are not pets and are not subject to this Pet Policy. For more information, please contact the hotel. | Pet Fees | 1–6 nights | $100 | STAY | 7–30 nights (includes cleaning fee) | $200 | STAY | Weight Limits | Individual pet weight limit | 50 | Pounds | Combined pets weight limit | 75 | Pounds | Maximum number of pets is 2.",,atlanta-ga
Hyatt Place Atlanta/Alpharetta/North Point Mall,pet-friendly-hotels,7500 North Point Parkway,Alpharetta,GA,30022,+1 770-594-8788,https://www.hyatt.com/hyatt-place/en-US/atlzm-hyatt-place-atlanta-alpharetta-north-point-mall,https://www.hyatt.com/hyatt-place/en-US/atlzm-hyatt-place-atlanta-alpharetta-north-point-mall,OFFICIAL_PROPERTY,2026-09-13,,,"Pets Are Welcome | At Hyatt Place Atlanta/Alpharetta/North Point Mall, we know no vacation is complete without your beloved furry companions. Bring up to two dogs along to enjoy all the exciting sights and sounds of Atlanta. Call ahead at +1 770 594 8788 to let us know you’ll be bringing canine company. All pets must be housebroken. | Pet Fees | 1–6 nights | $100 | STAY | 7–30 nights (includes cleaning fee) | $200 | STAY | Weight Limits | Individual pet weight limit | 50 | Pounds | Combined pets weight limit | 75 | Pounds | Maximum number of pets is 2.",,atlanta-ga
Hyatt Place Atlanta/Alpharetta/Windward Parkway,pet-friendly-hotels,5595 Windward Parkway,Alpharetta,GA,30004,+1 770-343-9566,https://www.hyatt.com/hyatt-place/en-US/atlzi-hyatt-place-atlanta-alpharetta-windward-parkway,https://www.hyatt.com/hyatt-place/en-US/atlzi-hyatt-place-atlanta-alpharetta-windward-parkway,OFFICIAL_PROPERTY,2026-09-13,,,"Pets Are Welcome | Pets are welcome to stay with their two-legged friends at Hyatt Place Atlanta/Alpharetta/Windward Parkway. Extra fees may apply for stays over 30 nights. *We welcome guests with disabilities traveling with their service animals. Service animals are not pets and are not subject to this Pet Policy. For more information, please contact the hotel. | Pet Fees | 1–6 nights | $100 | STAY | 7–30 nights + additional cleaning fee | $200 | STAY | Weight Limits | Individual pet weight limit | 50 | Pounds | Combined pets weight limit | 75 | Pounds | Maximum number of pets is 2.",,atlanta-ga
Hyatt Place Atlanta/Buckhead,pet-friendly-hotels,3242 Peachtree Road NE,Atlanta,GA,30305,+1 404-869-6161,https://www.hyatt.com/hyatt-place/en-US/atlzb-hyatt-place-atlanta-buckhead,https://www.hyatt.com/hyatt-place/en-US/atlzb-hyatt-place-atlanta-buckhead,OFFICIAL_PROPERTY,2026-09-13,,,"Pets Are Welcome | Bring Fido with you on your trip to our pet-friendly hotel in Atlanta’s Buckhead district. Please call the hotel at +1 404 869 6161 once you’ve booked to let us know about your furry companion(s). All pets must be housebroken. 30 nights or more: Inquire with us. *We welcome guests with disabilities traveling with their service animals. Service animals are not pets and are not subject to this Pet Policy. For more information, please contact the hotel. | Pet Fees | 1–6 nights | $100 | STAY | 7–30 nights + additional cleaning fee | $200 | STAY | Weight Limits | Individual pet weight limit | 50 | Pounds | Combined pets weight limit | 75 | Pounds | Maximum number of pets is 2.",,atlanta-ga
Hyatt Place Atlanta / Centennial Park,pet-friendly-hotels,300 Luckie St NW,Atlanta,GA,30313,+1 404-521-0008,https://www.hyatt.com/hyatt-place/en-US/atlzt-hyatt-place-atlanta-centennial-park,https://www.hyatt.com/hyatt-place/en-US/atlzt-hyatt-place-atlanta-centennial-park,OFFICIAL_PROPERTY,2026-09-13,,,"Pets Are Welcome | Your furry friends are always welcome at Hyatt Place Atlanta / Centennial Park. All pets must be housebroken. Pets must be on leashes when in public areas. Pets are strictly prohibited from the breakfast lobby area and buffet due to health and safety regulations. Service animals are permitted in the seating area only. If you have a service animal in the breakfast area, we ask that they stay seated with you and away from the buffet area for the consideration of the rest of our guests. Fees do not include taxes. Fees apply regardless of the duration. For stays exceeding 30 nights, please contact the hotel. | *We welcome guests with disabilities traveling with their service animals. Service animals are not pets and are not subject to this Pet Policy. For more information, please contact the hotel. | Pet Fees | Non-Refundable Pet Fee Due at Check-In: 1-6 Nights | $100 | STAY | 7-30 Nights + additional cleaning fee | $200 | STAY | Weight Limits | Individual pet weight limit | 50 | Pounds | Combined pets weight limit | 75 | Pounds | Maximum number of pets is 2.",,atlanta-ga
Hyatt Place Atlanta/Cobb Galleria,pet-friendly-hotels,2876 Spring Hill Parkway,Smyrna,GA,30080,+1 770-384-0060,https://www.hyatt.com/hyatt-place/en-US/atlzg-hyatt-place-atlanta-cobb-galleria,https://www.hyatt.com/hyatt-place/en-US/atlzg-hyatt-place-atlanta-cobb-galleria,OFFICIAL_PROPERTY,2026-09-13,,,"Pets Are Welcome | Since your stay in Smyrna wouldn’t be complete without your canine companion, our dog-friendly hotel is happy to welcome your furry friend. (2) dogs are allowed per room weighing less than 50 lbs. each, all dogs must be housebroken. Please contact the hotel for stays over 30 nights. *We welcome guests with disabilities traveling with their service animals. Service animals are not pets and are not subject to this Pet Policy. Fees apply regardless of the duration. For stays exceeding 30 nights, please contact the hotel. | For more information, please contact the hotel. | Pet Fees | 1-6 nights | $100 | STAY | 7–30 nights + additional cleaning fee | $200 | STAY | Weight Limits | Individual pet weight limit | 50 | Pounds | Combined pets weight limit | 75 | Pounds | Maximum number of pets is 2.",,atlanta-ga
Hyatt Place Atlanta/Downtown,pet-friendly-hotels,330 Peachtree Street NE,Atlanta,GA,30308,+1 404-577-1980,https://www.hyatt.com/hyatt-place/en-US/atlzd-hyatt-place-atlanta-downtown,https://www.hyatt.com/hyatt-place/en-US/atlzd-hyatt-place-atlanta-downtown,OFFICIAL_PROPERTY,2026-09-13,,,"Pets Are Welcome | Your canine companions are welcome at our hotel. Fees apply regardless of the duration. For stays exceeding 30 nights, please contact the hotel. | Pet Fees | 1–6 nights | $100 | STAY | 7–30 nights + additional cleaning fee | $200 | STAY | Weight Limits | Individual pet weight limit | 50 | Pounds | Combined pets weight limit | 75 | Pounds | Maximum number of pets is 2.",,atlanta-ga
Hyatt Place Atlanta/Duluth/Johns Creek,pet-friendly-hotels,11505 Medlock Bridge Road,Johns Creek,GA,30097,+1 770-622-5858,https://www.hyatt.com/hyatt-place/en-US/atlzj-hyatt-place-atlanta-duluth-johns-creek,https://www.hyatt.com/hyatt-place/en-US/atlzj-hyatt-place-atlanta-duluth-johns-creek,OFFICIAL_PROPERTY,2026-09-13,,,"Pets Are Welcome | We welcome your canine companions at Hyatt Place Atlanta/Duluth/Johns Creek. All dogs must be housebroken. Fees apply regardless of the duration. For stays exceeding 30 nights, please contact the hotel. | Pet Fees | 1–6 nights | $100 | STAY | 7–30 nights + additional cleaning fee | $200 | STAY | Weight Limits | Individual pet weight limit | 50 | Pounds | Combined pets weight limit | 75 | Pounds | Maximum number of pets is 2.",,atlanta-ga
Hyatt Place Atlanta/Norcross/Peachtree,pet-friendly-hotels,5600 Peachtree Parkway,Norcross,GA,30092,+1 770-416-7655,https://www.hyatt.com/hyatt-place/en-US/atlzn-hyatt-place-atlanta-norcross-peachtree,https://www.hyatt.com/hyatt-place/en-US/atlzn-hyatt-place-atlanta-norcross-peachtree,OFFICIAL_PROPERTY,2026-09-13,,,"Pets Are Welcome | Hyatt Place Atlanta/Norcross/Peachtree is pet-friendly! All pets must be housetrained. For stays more than 30 nights, please contact the hotel. *We welcome guests with disabilities traveling with their service animals. Service animals are not pets and are not subject to this Pet Policy. For more information, please contact the hotel. | Pet Fees | 1-6 Nights | $100 | STAY | 7-30 Nights + additional cleaning fee | $200 | STAY | Weight Limits | Individual pet weight limit | 50 | Pounds | Combined pets weight limit | 75 | Pounds | Maximum number of pets is 2.",,atlanta-ga
Hyatt Place Atlanta / Perimeter Center,pet-friendly-hotels,1232 Hammond Drive NE,Dunwoody,GA,30346,+1 770-394-9595,https://www.hyatt.com/hyatt-place/en-US/atlzy-hyatt-place-atlanta-perimeter-center,https://www.hyatt.com/hyatt-place/en-US/atlzy-hyatt-place-atlanta-perimeter-center,OFFICIAL_PROPERTY,2026-09-13,,,"Pets Are Welcome | Your pets are welcome at Hyatt Place Atlanta / Perimeter Center. Bring up to two dogs along when you stay with us. For stays longer than 30 days, please contact us. Fees are nonrefundable. | Pet Fees | 1–6 nights | $100 | STAY | 7–30 nights | $100 | STAY | + | $175 | Cleaning fee | Weight Limits | Individual pet weight limit | 50 | Pounds | Combined pets weight limit | 75 | Pounds | Maximum number of pets is 2.",,atlanta-ga
Hyatt Regency Atlanta Perimeter at Villa Christina,pet-friendly-hotels,4000 Summit Boulevard,Atlanta,GA,30319,+1 678-539-1234,https://www.hyatt.com/hyatt-regency/en-US/atlhs-hyatt-regency-atlanta-perimeter-at-villa-christina,https://www.hyatt.com/hyatt-regency/en-US/atlhs-hyatt-regency-atlanta-perimeter-at-villa-christina,OFFICIAL_PROPERTY,2026-09-13,,,"We Are Pet Friendly | Your dogs, cats, birds and fish are welcome at our hotel. Ask us about dog-friendly trails in Brookhaven. No weight limit. | Pet Fees | One-time pet fee | $100 | STAY",,atlanta-ga
InterContinental Buckhead Atlanta,pet-friendly-hotels,3315 Peachtree Rd. Ne,Atlanta,GA,30326,+1-404-946-9000,https://www.ihg.com/intercontinental/hotels/us/en/atlanta/atlbh/hoteldetail,https://www.ihg.com/intercontinental/hotels/us/en/atlanta/atlbh/hoteldetail,OFFICIAL_PROPERTY,2026-09-13,,,Pets are welcome at InterContinental Buckhead Atlanta. Pet policy description. Maximum two dogs per room and no more than 45lbs. each. A 125USD deep cleaning fee will be applied to your stay. Dogs must be kept on leash when in hotel public spaces and cannot be left unattended in your room unless in a cage or throughout the hotel. Pet fee per stay: 125 USD Pet weight limit: 45 2 pets allowed Pets allowed: Only dogs and cats allowed,,atlanta-ga
JW Marriott Atlanta Downtown,pet-friendly-hotels,45 Ivan Allen Jr. Boulevard,Atlanta,GA,30308,+14045825800,https://www.marriott.com/en-us/hotels/atljd-jw-marriott-atlanta-downtown/overview/,https://www.marriott.com/en-us/hotels/atljd-jw-marriott-atlanta-downtown/overview/,OFFICIAL_PROPERTY,2026-09-13,,,"Pets Welcome Up to 2 pets, 40 pounds max, USD 100 cleaning fee per night, pet waiver required Maximum Pet Weight: 40.0lbs Maximum Number of Pets in Room: 2",,atlanta-ga
Kimpton Overland Hotel Atlanta Airport,pet-friendly-hotels,2 Porsche Drive,Atlanta,GA,30354,1-470-4663300,https://www.ihg.com/kimptonhotels/hotels/us/en/overland-hotel-atlanta-ga/atlsl/hoteldetail,https://www.ihg.com/kimptonhotels/hotels/us/en/overland-hotel-atlanta-ga/atlsl/hoteldetail,OFFICIAL_PROPERTY,2026-09-13,,,"Pets are welcome at Kimpton Overland Hotel Atlanta Airport. Pet policy description. We invite you to bring your pet no matter their size, weight, or breed, all at no extra charge. If your pet fits through the door, we are happy to welcome them! Pet weight limit: No weight limit per pet NO_LIMIT pets allowed Pets allowed: All pets allowed",,atlanta-ga
Kimpton Shane Hotel,pet-friendly-hotels,1340 W. Peachtree Street NW.,Atlanta,GA,30309,1-404-4463456,https://www.ihg.com/kimptonhotels/hotels/us/en/shane-hotel-atlanta-ga/atlmu/hoteldetail,https://www.ihg.com/kimptonhotels/hotels/us/en/shane-hotel-atlanta-ga/atlmu/hoteldetail,OFFICIAL_PROPERTY,2026-09-13,,,Pets are welcome at Kimpton Shane Hotel. Pet policy description. We invite you to bring your pet no matter their size weight or breed all at no extra charge. If your pet fits through the door we will welcome them in. Pet friendly perks such as plush pet bed loaners in guest room food and water bowls and mats Pet fee per night: 0 USD,,atlanta-ga
Kimpton Sylvan Atlanta - Buckhead,pet-friendly-hotels,374 East Paces Ferry Road NE,Atlanta,GA,30305,1-470-5318900,https://www.ihg.com/kimptonhotels/hotels/us/en/sylvan-hotel-atlanta-ga/atlkm/hoteldetail,https://www.ihg.com/kimptonhotels/hotels/us/en/sylvan-hotel-atlanta-ga/atlkm/hoteldetail,OFFICIAL_PROPERTY,2026-09-13,,,"Pets are welcome at Kimpton Sylvan Atlanta - Buckhead. Pet policy description. We invite you to bring your pet no matter their size, weight, or breed, all at no extra charge. If your pet fits through the door, we will welcome them in.",,atlanta-ga
La Quinta Inn & Suites by Wyndham Atlanta Airport North,pet-friendly-hotels,1200 Virginia Avenue,Atlanta,GA,30344,1-404-209-1800,https://www.wyndhamhotels.com/laquinta/atlanta-georgia/la-quinta-atlanta-airport-north/overview,https://www.wyndhamhotels.com/BWSServices/services/search/property/search?isOverviewNeeded=true&propertyId=53078&isAmenitiesNeeded=false&channelId=tab&language=en-us&isRoomAmenitiesNeeded=false,OFFICIAL_PROPERTY,2026-09-13,,,Service Animals - ADA-defined service animals are welcome free of charge. / Pets Allowed - 2 pets max. Cats and dogs only. 75lbs or less per pet. / Fees - Non-refundable 25 USD nightly for up to 2 pets. Max 75 USD per stay. / Other Information - Contact hotel for additional details and availability.,,atlanta-ga
La Quinta Inn & Suites by Wyndham Atlanta Airport South,pet-friendly-hotels,4820 Massachusetts Blvd,Atlanta,GA,30337,(770) 996-0000,https://www.wyndhamhotels.com/laquinta/atlanta-georgia/la-quinta-atlanta-airport-south/overview,https://www.wyndhamhotels.com/BWSServices/services/search/property/search?isOverviewNeeded=true&propertyId=53077&isAmenitiesNeeded=false&channelId=tab&language=en-us&isRoomAmenitiesNeeded=false,OFFICIAL_PROPERTY,2026-09-13,,,Service Animals - ADA-defined service animals are welcome free of charge. / Pets Allowed - 2 pets max. Cats and dogs only. 75lbs or less per pet. / Fees - Non-refundable 25 USD nightly for up to 2 pets. Max 75 USD per stay. / Other Information - Contact hotel for additional details and availability.,,atlanta-ga
La Quinta Inn & Suites by Wyndham Atlanta Alpharetta,pet-friendly-hotels,1350 North Point Drive,Alpharetta,GA,30022,(770) 754-7800,https://www.wyndhamhotels.com/laquinta/alpharetta-georgia/la-quinta-atlanta-alpharetta/overview,https://www.wyndhamhotels.com/BWSServices/services/search/property/search?isOverviewNeeded=true&propertyId=53073&isAmenitiesNeeded=false&channelId=tab&language=en-us&isRoomAmenitiesNeeded=false,OFFICIAL_PROPERTY,2026-09-13,,,Service Animals - ADA-defined service animals are welcome free of charge. / Pets Allowed - 2 pets max. Cats and dogs only. 75lbs or less per pet. / Fees - Non-refundable 25 USD nightly for up to 2 pets. Max 75 USD per stay. / Other Information - Contact hotel for additional details and availability.,,atlanta-ga
La Quinta Inn & Suites by Wyndham Atlanta Ballpark/Galleria,pet-friendly-hotels,2415 Paces Ferry Road S E,Atlanta,GA,30339,1-770-801-9002,https://www.wyndhamhotels.com/laquinta/atlanta-georgia/la-quinta-atlanta-ballpark-galleria/overview,https://www.wyndhamhotels.com/BWSServices/services/search/property/search?isOverviewNeeded=true&propertyId=53075&isAmenitiesNeeded=false&channelId=tab&language=en-us&isRoomAmenitiesNeeded=false,OFFICIAL_PROPERTY,2026-09-13,,,Service Animals - ADA-defined service animals are welcome free of charge. / Pets Allowed - 2 pets max. Cats and dogs only. 75lbs or less per pet. / Fees - Non-refundable 25 USD nightly for up to 2 pets. Max 75 USD per stay. / Other Information - Contact hotel for additional details and availability.,,atlanta-ga
La Quinta Inn & Suites by Wyndham Atlanta Douglasville,pet-friendly-hotels,1000 Linnenkohl Drive,Douglasville,GA,30134,1-770-577-3838,https://www.wyndhamhotels.com/laquinta/douglasville-georgia/la-quinta-atlanta-douglasville/overview,https://www.wyndhamhotels.com/BWSServices/services/search/property/search?isOverviewNeeded=true&propertyId=53086&isAmenitiesNeeded=false&channelId=tab&language=en-us&isRoomAmenitiesNeeded=false,OFFICIAL_PROPERTY,2026-09-13,,,Service Animals - ADA-defined service animals are welcome free of charge. / Pets Allowed - 2 pets max. Cats and dogs only. 75lbs or less per pet. / Fees - Non-refundable 25 USD nightly for up to 2 pets. Max 75 USD per stay. / Other Information - Contact hotel for additional details and availability.,,atlanta-ga
La Quinta Inn & Suites by Wyndham Atlanta Midtown - Buckhead,pet-friendly-hotels,2535 Chantilly Drive N.E.,Atlanta,GA,30324,1-404-3210999,https://www.wyndhamhotels.com/laquinta/atlanta-georgia/la-quinta-atlanta-midtown-buckhead/overview,https://www.wyndhamhotels.com/BWSServices/services/search/property/search?isOverviewNeeded=true&propertyId=53076&isAmenitiesNeeded=false&channelId=tab&language=en-us&isRoomAmenitiesNeeded=false,OFFICIAL_PROPERTY,2026-09-13,,,Service Animals - ADA-defined service animals are welcome free of charge. / Pets Allowed - 2 pets max. Cats and dogs only. 75lbs or less per pet. / Fees - Non-refundable 25 USD nightly for up to 2 pets. Max 75 USD per stay. / Other Information - Contact hotel for additional details and availability.,,atlanta-ga
La Quinta Inn & Suites by Wyndham Atlanta Perimeter Medical,pet-friendly-hotels,6260 Peachtree Dunwoody,Atlanta,GA,30328,1-770-3506177,https://www.wyndhamhotels.com/laquinta/atlanta-georgia/la-quinta-atlanta-perimeter-medical/overview,https://www.wyndhamhotels.com/BWSServices/services/search/property/search?isOverviewNeeded=true&propertyId=53074&isAmenitiesNeeded=false&channelId=tab&language=en-us&isRoomAmenitiesNeeded=false,OFFICIAL_PROPERTY,2026-09-13,,,Service Animals - ADA-defined service animals are welcome free of charge. / Pets Allowed - 2 pets max. Cats and dogs only. 75lbs or less per pet. / Fees - Non-refundable 25 USD nightly for up to 2 pets. Max 75 USD per stay. / Other Information - Contact hotel for additional details and availability.,,atlanta-ga
La Quinta Inn & Suites by Wyndham Atlanta Roswell,pet-friendly-hotels,575 Old Holcomb Bridge Rd,Roswell,GA,30076,(770) 552-0200,https://www.wyndhamhotels.com/laquinta/roswell-georgia/la-quinta-atlanta-roswell/overview,https://www.wyndhamhotels.com/BWSServices/services/search/property/search?isOverviewNeeded=true&propertyId=53100&isAmenitiesNeeded=false&channelId=tab&language=en-us&isRoomAmenitiesNeeded=false,OFFICIAL_PROPERTY,2026-09-13,,,Service Animals - ADA-defined service animals are welcome free of charge. / Pets Allowed - 2 pets max. Cats and dogs only. 75lbs or less per pet. / Fees - Non-refundable 25 USD nightly for up to 2 pets. Max 75 USD per stay. / Other Information - Contact hotel for additional details and availability.,,atlanta-ga
La Quinta Inn & Suites by Wyndham Atlanta Stockbridge,pet-friendly-hotels,3581 Cameron Parkway,Stockbridge,GA,30281,(770) 506-9991,https://www.wyndhamhotels.com/laquinta/stockbridge-georgia/la-quinta-atlanta-stockbridge/overview,https://www.wyndhamhotels.com/BWSServices/services/search/property/search?isOverviewNeeded=true&propertyId=53104&isAmenitiesNeeded=false&channelId=tab&language=en-us&isRoomAmenitiesNeeded=false,OFFICIAL_PROPERTY,2026-09-13,,,Service Animals - ADA-defined service animals are welcome free of charge. / Pets Allowed - 2 pets max. Cats and dogs only. 75lbs or less per pet. / Fees - Non-refundable 25 USD nightly for up to 2 pets. Max 75 USD per stay. / Other Information - Contact hotel for additional details and availability.,,atlanta-ga
La Quinta Inn & Suites by Wyndham Duluth/Atlanta,pet-friendly-hotels,3450 Venture Pkwy,Duluth,GA,30096,(470) 657-3040,https://www.wyndhamhotels.com/laquinta/duluth-georgia/la-quinta-inn-and-suites-duluth-atlanta/overview,https://www.wyndhamhotels.com/BWSServices/services/search/property/search?isOverviewNeeded=true&propertyId=07932&isAmenitiesNeeded=false&channelId=tab&language=en-us&isRoomAmenitiesNeeded=false,OFFICIAL_PROPERTY,2026-09-13,,,Service Animals - ADA-defined service animals are welcome free of charge./Pets Allowed - 2 pets max. Cats and dogs only. 75lbs or less per pet./Fees - Non-refundable 25 USD nightly for up to 2 pets. Max 75 USD per stay./Other Information - Contact hotel for additional details and availability.,,atlanta-ga
La Quinta Inn & Suites by Wyndham Kennesaw,pet-friendly-hotels,560 Greers Chapel Drive NW,Kennesaw,GA,30144,1-770-514-7344,https://www.wyndhamhotels.com/laquinta/kennesaw-georgia/la-quinta-kennesaw/overview,https://www.wyndhamhotels.com/BWSServices/services/search/property/search?isOverviewNeeded=true&propertyId=09911&isAmenitiesNeeded=false&channelId=tab&language=en-us&isRoomAmenitiesNeeded=false,OFFICIAL_PROPERTY,2026-09-13,,,Service Animals - ADA-defined service animals are welcome free of charge. / Pets Allowed - 2 pets max. Cats and dogs only. 75lbs or less per pet. / Fees - Non-refundable 25 USD nightly for up to 2 pets. Max 75 USD per stay. / Other Information - Contact hotel for additional details and availability.,,atlanta-ga
Le Meridien Atlanta Perimeter,pet-friendly-hotels,111 Perimeter Center West,Atlanta,GA,30346,+1-770-396-6800,https://www.marriott.com/en-us/hotels/atllm-le-meridien-atlanta-perimeter/overview/,https://www.marriott.com/en-us/hotels/atllm-le-meridien-atlanta-perimeter/overview/,OFFICIAL_PROPERTY,2026-09-13,,,"Pets Welcome. USD 50 non-refundable fee per room per day, with a max of USD 150 per stay Non-Refundable Pet Fee Per Night: $50.00 Maximum Pet Weight: 40.0lbs Maximum Number of Pets in Room: 2",,atlanta-ga
Loews Atlanta Hotel,pet-friendly-hotels,1065 Peachtree Street NE,Atlanta,GA,30309,(404) 745-5000,https://www.loewshotels.com/atlanta-hotel,https://www.loewshotels.com/atlanta-hotel,OFFICIAL_PROPERTY,2026-09-13,,,Pet fee: Pets are welcome. A fee of $100 per stay will be applied at check-in.,,atlanta-ga
Microtel Inn & Suites by Wyndham Lithonia/Stone Mountain,pet-friendly-hotels,2980 Evans Mill Road,Lithonia,GA,30038,1 678 287 4400,https://www.wyndhamhotels.com/microtel/lithonia-georgia/microtel-lithonia-stone-mountain/overview,https://www.wyndhamhotels.com/BWSServices/services/search/property/search?isOverviewNeeded=true&propertyId=29373&isAmenitiesNeeded=false&channelId=tab&language=en-us&isRoomAmenitiesNeeded=false,OFFICIAL_PROPERTY,2026-09-13,,,Pets are allowed for a charge of 20 USD per pet per night to a maximum weight of 10 lbs. Pet must be on their leash or caged at all times no aggressive breeds. Pet Sanitation Fee is 150 USD if applicable. There is a non-refundable 50 USD charge for unauthorized animals in room. ADA defined service,,atlanta-ga
Microtel Inn & Suites by Wyndham Stockbridge/Atlanta I-75,pet-friendly-hotels,195 Country Club Dr,Stockbridge,GA,30281,(678) 782-6100,https://www.wyndhamhotels.com/microtel/stockbridge-georgia/microtel-inn-and-suites-atlanta-stockbridge-i75/overview,https://www.wyndhamhotels.com/BWSServices/services/search/property/search?isOverviewNeeded=true&propertyId=29193&isAmenitiesNeeded=false&channelId=tab&language=en-us&isRoomAmenitiesNeeded=false,OFFICIAL_PROPERTY,2026-09-13,,,Service Animals - ADA-defined service animals are welcome. / Pets Allowed - 2 pets Max. Cats and Dogs Only. Max Weight 75 LBS per pet. / Fees - 30USD per pet per night. / Other Information - Contact hotel for additional details and availability.,,atlanta-ga
Moxy Atlanta Downtown,pet-friendly-hotels,329 Marietta St NW,Atlanta,GA,30313,+14709036699,https://www.marriott.com/en-us/hotels/atldx-moxy-atlanta-downtown/overview/,https://www.marriott.com/en-us/hotels/atldx-moxy-atlanta-downtown/overview/,OFFICIAL_PROPERTY,2026-09-13,,,Pets Welcome 1 pet 50lbs max 75 USD non-refundable per stay Non-Refundable Pet Fee Per Stay: $75.00 Maximum Pet Weight: 50.0lbs Maximum Number of Pets in Room: 1,,atlanta-ga
Moxy Atlanta Midtown,pet-friendly-hotels,48 13th Street NE,Atlanta,GA,30309,+14042499446,https://www.marriott.com/en-us/hotels/atlox-moxy-atlanta-midtown/overview/,https://www.marriott.com/en-us/hotels/atlox-moxy-atlanta-midtown/overview/,OFFICIAL_PROPERTY,2026-09-13,,,Pets Welcome 100 USD per stay cleaning fee. Max 45 pounds. Non-Refundable Pet Fee Per Night: $50.00 Maximum Pet Weight: 45.0lbs Maximum Number of Pets in Room: 2,,atlanta-ga
Omni Atlanta Hotel at Centennial Park,pet-friendly-hotels,190 Marietta St NW,Atlanta,GA,30303,,https://www.omnihotels.com/hotels/atlanta-centennial-park,https://www.omnihotels.com/hotels/atlanta-centennial-park,OFFICIAL_PROPERTY,2026-09-13,,,"Is the hotel pet friendly? Yes, Omni Atlanta Hotel at Centennial Park is a pet friendly hotel for pets under 25 pounds. There is a one-time non-refundable pet fee of $150 per reservation.",,atlanta-ga
Omni Hotel at The Battery Atlanta,pet-friendly-hotels,2625 Circle 75 Parkway,Atlanta,GA,30339,,https://www.omnihotels.com/hotels/atlanta-battery,https://www.omnihotels.com/hotels/atlanta-battery,OFFICIAL_PROPERTY,2026-09-13,,,"Is the hotel pet friendly? Yes, Omni Hotel at The Battery Atlanta is a pet friendly hotel for dogs and cats under 25 pounds. There is a non-refundable fee of $125 per reservation.",,atlanta-ga
"Origin Atlanta, a Wyndham Hotel",pet-friendly-hotels,110 Mitchell St SW,Atlanta,GA,30303,(470) 800-8085,https://www.wyndhamhotels.com/wyndham/atlanta-georgia/origin-atlanta-a-wyndham-hotel/overview,https://www.wyndhamhotels.com/BWSServices/services/search/property/search?isOverviewNeeded=true&propertyId=57167&isAmenitiesNeeded=false&channelId=tab&language=en-us&isRoomAmenitiesNeeded=false,OFFICIAL_PROPERTY,2026-09-13,,,Service Animals - ADA-defined service animals welcome. / Pets Allowed. 2 pets max. 100lbs or less per pet. / Fees - 150USD per stay. Pet Sanitation Fee 250USD if required. / Other Information - Contact hotel for additional details and availability.,,atlanta-ga
Quality Inn Atlanta Airport-Central,pet-friendly-hotels,2010 Sullivan Road,College Park,GA,30337,(770) 991-8985,https://www.choicehotels.com/georgia/college-park/quality-inn-hotels/ga424,https://www.choicehotels.com/georgia/college-park/quality-inn-hotels/ga424,OFFICIAL_PROPERTY,2026-09-13,,,"Pets Allowed: Yes / General: Pets are Allowed. Dogs only. Non-refundable pet fee of $50. Limit of 20 pounds per pet. A maximum of 2 pets per room.. Service animals are permitted, without charge.",,atlanta-ga
Quality Inn Duluth - Atlanta Northeast,pet-friendly-hotels,3500 Venture Parkway,Duluth,GA,30096,(770) 589-0711,https://www.choicehotels.com/georgia/duluth/quality-inn-hotels/ga486,https://www.choicehotels.com/georgia/duluth/quality-inn-hotels/ga486,OFFICIAL_PROPERTY,2026-09-13,,,"Pets Allowed: Yes / General: PETS ALLOWED. 25.00 USD per Pet/Service Animal per Night. 150.00 USD authorization WILL BE REQUIRED. Authorization released at check-out upon room inspection. A maximum of 35 pounds per pet. A maximum of 2 pets per room.. Service animals are permitted, without charge.",,atlanta-ga
Quality Inn Marietta near Dobbins ARB,pet-friendly-hotels,1255 Franklin Gateway SE,Marietta,GA,30067,(470) 374-9678,https://www.choicehotels.com/georgia/marietta/quality-inn-hotels/ga451,https://www.choicehotels.com/georgia/marietta/quality-inn-hotels/ga451,OFFICIAL_PROPERTY,2026-09-13,,,"Pets Allowed: Yes / General: Pets are allowed. 30.00 USD per night and per pet. There is a refundable deposit required of 200.00 USD. A limit of 40 LB and 2 pets per room.. Service animals are permitted, without charge.",,atlanta-ga
Quality Inn Northlake,pet-friendly-hotels,2155 Ranchwood Drive,Atlanta,GA,30345,(404) 301-8061,https://www.choicehotels.com/georgia/atlanta/quality-inn-hotels/ga495,https://www.choicehotels.com/georgia/atlanta/quality-inn-hotels/ga495,OFFICIAL_PROPERTY,2026-09-13,,,"Pets Allowed: Yes / General: Pets are allowed for $30 per night, per pet, with a maximum of 2 pets per room and a 50-lb weight limit. A credit card is required for the refundable pet deposit. Service animals are permitted without charge.. Service animals are permitted, without charge.",,atlanta-ga
Quality Inn Stone Mountain,pet-friendly-hotels,1595 E Park Place Boulevard,Stone Mountain,GA,30087,(470) 222-7624,https://www.choicehotels.com/georgia/stone-mountain/quality-inn-hotels/ga966,https://www.choicehotels.com/georgia/stone-mountain/quality-inn-hotels/ga966,OFFICIAL_PROPERTY,2026-09-13,,,"Pets Allowed: Yes / General: Pets allowed 25 USD per night, per pet. Max of 25 lbs., 2 pets per room.. Service animals are permitted, without charge.",,atlanta-ga
Renaissance Atlanta Midtown Hotel,pet-friendly-hotels,"866 W. Peachtree Street, NW",Atlanta,GA,30308,+16784122400,https://www.marriott.com/en-us/hotels/atlbd-renaissance-atlanta-midtown-hotel/overview/,https://www.marriott.com/en-us/hotels/atlbd-renaissance-atlanta-midtown-hotel/overview/,OFFICIAL_PROPERTY,2026-09-13,,,Pets Welcome. We enjoy pets as much as you do. Cleaning fee $75.00 per stay Maximum Pet Weight: 50.0lbs Maximum Number of Pets in Room: 2,,atlanta-ga
Renaissance Atlanta Waverly Hotel & Convention Center,pet-friendly-hotels,2450 Galleria Parkway,Atlanta,GA,30339,+17709534500,https://www.marriott.com/en-us/hotels/atlrb-renaissance-atlanta-waverly-hotel-and-convention-center/overview/,https://www.marriott.com/en-us/hotels/atlrb-renaissance-atlanta-waverly-hotel-and-convention-center/overview/,OFFICIAL_PROPERTY,2026-09-13,,,Pets Welcome Non-refundable pet fee of $50 USD per night per stay up to $150.00. Non-Refundable Pet Fee Per Night: $50.00 Maximum Pet Weight: 40.0lbs Maximum Number of Pets in Room: 2,,atlanta-ga
Residence Inn by Marriott Atlanta Airport North/Virginia Avenue,pet-friendly-hotels,3401 International Boulevard,Hapeville,GA,30354,+1 404-761-0511,https://www.marriott.com/en-us/hotels/atlra-residence-inn-atlanta-airport-north-virginia-avenue/overview/,https://www.marriott.com/en-us/hotels/atlra-residence-inn-atlanta-airport-north-virginia-avenue/overview/,OFFICIAL_PROPERTY,2026-09-13,,,Pets Welcome PET'S ARE ALLOWED. Emotional Support Pets are included in posted fee's. Non-Refundable Pet Fee Per Stay: $150.00 Non-Refundable Pet Fee Per Night: $20.00 Maximum Pet Weight: 20.0lbs Maximum Number of Pets in Room: 1,,atlanta-ga
Residence Inn by Marriott Atlanta Buckhead,pet-friendly-hotels,2220 Lake Boulevard NE,Atlanta,GA,30319,+14044671660,https://www.marriott.com/en-us/hotels/atllp-residence-inn-atlanta-buckhead/overview/,https://www.marriott.com/en-us/hotels/atllp-residence-inn-atlanta-buckhead-lenox-park/overview/,OFFICIAL_PROPERTY,2026-09-13,,,Pets Welcome 2 pets 70 pounds max per room with fee of USD 150 plus tax per room per stay Non-Refundable Pet Fee Per Stay: $150.00 Maximum Pet Weight: 70.0lbs Maximum Number of Pets in Room: 2,,atlanta-ga
Residence Inn by Marriott Atlanta Cumberland/Galleria,pet-friendly-hotels,2771 Cumberland Boulevard,Smyrna,GA,30080,+17704338877,https://www.marriott.com/en-us/hotels/atlhg-residence-inn-atlanta-cumberland-galleria/overview/,https://www.marriott.com/en-us/hotels/atlhg-residence-inn-atlanta-cumberland-galleria/overview/,OFFICIAL_PROPERTY,2026-09-13,,,"Pets Welcome Pets are welcome. Weight restrictions, non-refundable fee and 14% tax in effect. Non-Refundable Pet Fee Per Stay: $100.00 Maximum Pet Weight: 50.0lbs Maximum Number of Pets in Room: 2",,atlanta-ga
Residence Inn by Marriott Atlanta Downtown,pet-friendly-hotels,134 Peachtree Street NW,Atlanta,GA,30303,+14045220950,https://www.marriott.com/en-us/hotels/atldt-residence-inn-atlanta-downtown/overview/,https://www.marriott.com/en-us/hotels/atldt-residence-inn-atlanta-downtown/overview/,OFFICIAL_PROPERTY,2026-09-13,,,Pets Welcome Pets 50 pounds or less allowed with USD 150 non-refundable cleaning fee per stay Non-Refundable Pet Fee Per Stay: $150.00 Maximum Pet Weight: 50.0lbs Maximum Number of Pets in Room: 2,,atlanta-ga
Residence Inn by Marriott Atlanta Duluth/Gwinnett Place,pet-friendly-hotels,1760 Pineland Road,Duluth,GA,30096,+1 770-921-2202,https://www.marriott.com/en-us/hotels/atlgw-residence-inn-atlanta-duluth-gwinnett-place/overview/,https://www.marriott.com/en-us/hotels/atlgw-residence-inn-atlanta-duluth-gwinnett-place/overview/,OFFICIAL_PROPERTY,2026-09-13,,,Pets Welcome 2 pets 75 pounds max per room with USD 150 non-refundable fee per pet per stay Non-Refundable Pet Fee Per Stay: $150.00 Maximum Pet Weight: 75.0lbs Maximum Number of Pets in Room: 2,,atlanta-ga
Residence Inn by Marriott Atlanta Midtown/Georgia Tech,pet-friendly-hotels,1041 West Peachtree Street NW,Atlanta,GA,30309,+14048728885,https://www.marriott.com/en-us/hotels/atlmt-residence-inn-atlanta-midtown-georgia-tech/overview/,https://www.marriott.com/en-us/hotels/atlmt-residence-inn-atlanta-midtown-georgia-tech/overview/,OFFICIAL_PROPERTY,2026-09-13,,,Pets Welcome 2 pets 75 pounds or less welcome with USD 100 non-refundable fee per stay Non-Refundable Pet Fee Per Stay: $100.00 Maximum Pet Weight: 75.0lbs Maximum Number of Pets in Room: 2,,atlanta-ga
Residence Inn by Marriott Atlanta Midtown/Peachtree at 17th,pet-friendly-hotels,1365 Peachtree Street NE,Atlanta,GA,30309,+14047451000,https://www.marriott.com/en-us/hotels/atlri-residence-inn-atlanta-midtown-peachtree-at-17th/overview/,https://www.marriott.com/en-us/hotels/atlri-residence-inn-atlanta-midtown-peachtree-at-17th/overview/,OFFICIAL_PROPERTY,2026-09-13,,,Pets Welcome Dogs-cats-fish with USD 100 non-refundable fee per room per stay/120 pounds max Non-Refundable Pet Fee Per Stay: $100.00 Maximum Pet Weight: 120.0lbs Maximum Number of Pets in Room: 2,,atlanta-ga
Residence Inn by Marriott Atlanta NE/Duluth Sugarloaf,pet-friendly-hotels,1940 Satellite Boulevard,Duluth,GA,30097,+17708142929,https://www.marriott.com/en-us/hotels/atlrp-residence-inn-atlanta-ne-duluth-sugarloaf/overview/,https://www.marriott.com/en-us/hotels/atlrp-residence-inn-atlanta-ne-duluth-sugarloaf/overview/,OFFICIAL_PROPERTY,2026-09-13,,,Pets Welcome Pets 50 pounds or less allowed with USD 100 non-refundable fee per stay Non-Refundable Pet Fee Per Stay: $25.00 Maximum Pet Weight: 50.0lbs Maximum Number of Pets in Room: 2,,atlanta-ga
Residence Inn by Marriott Atlanta Norcross/Peachtree Corners,pet-friendly-hotels,5500 Triangle Drive,Norcross,GA,30092,+1 770-447-1714,https://www.marriott.com/en-us/hotels/atlps-residence-inn-atlanta-norcross-peachtree-corners/overview/,https://www.marriott.com/en-us/hotels/atlps-residence-inn-atlanta-norcross-peachtree-corners/overview/,OFFICIAL_PROPERTY,2026-09-13,,,Pets Welcome Pet Fee is $100 non-refundable per pet Non-Refundable Pet Fee Per Stay: $100.00 Maximum Pet Weight: 50.0lbs Maximum Number of Pets in Room: 2,,atlanta-ga
Residence Inn by Marriott Atlanta Perimeter Center/Dunwoody,pet-friendly-hotels,4695 Ashford Dunwoody Road,Dunwoody,GA,30346,+17707301531,https://www.marriott.com/en-us/hotels/atlwe-residence-inn-atlanta-perimeter-center-dunwoody/overview/,https://www.marriott.com/en-us/hotels/atlwe-residence-inn-atlanta-perimeter-center-dunwoody/overview/,OFFICIAL_PROPERTY,2026-09-13,,,Pets Welcome 2 dogs-cats-birds-fish per room with USD 150 fee per room per stay/20 pounds max Non-Refundable Pet Fee Per Stay: $150.00 Maximum Pet Weight: 40.0lbs Maximum Number of Pets in Room: 2,,atlanta-ga
Residence Inn by Marriott Decatur Emory Area,pet-friendly-hotels,2754 North Decatur Road,Decatur,GA,30033,+14042999701,https://www.marriott.com/en-us/hotels/atlde-residence-inn-decatur-emory-area/overview/,https://www.marriott.com/en-us/hotels/atlde-residence-inn-decatur-emory-area/overview/,OFFICIAL_PROPERTY,2026-09-13,,,Pets Welcome 2 pets 50lbs maximum per room with 150USD Non Refundable fee per room per stay Non-Refundable Pet Fee Per Stay: $150.00 Maximum Pet Weight: 50.0lbs Maximum Number of Pets in Room: 2,,atlanta-ga
"Scout Living PCM - Placemakr Atlanta, Apartments by Hilton",pet-friendly-hotels,639 Glen Iris Dr NE,Atlanta,GA,30308,+1 404-268-8913,https://www.hilton.com/en/hotels/atlaqaq-scout-living-atlanta/,https://www.hilton.com/en/hotels/atlaqaq-scout-living-atlanta/,OFFICIAL_PROPERTY,2026-09-13,,,"Pets allowed, $250.00 non-refundable fee, 25 lbs maximum, Dogs only, 25 pounds max, no cats.",,atlanta-ga
Sheraton Suites Galleria-Atlanta,pet-friendly-hotels,2844 Cobb Parkway SE,Atlanta,GA,30339,+17709553900,https://www.marriott.com/en-us/hotels/atlgs-sheraton-suites-galleria-atlanta/overview/,https://www.marriott.com/en-us/hotels/atlgs-sheraton-suites-galleria-atlanta/overview/,OFFICIAL_PROPERTY,2026-09-13,,,"Pets Welcome Pets welcome, $250 one-time fee Maximum Pet Weight: 50.0lbs Maximum Number of Pets in Room: 2",,atlanta-ga
Sleep Inn Lithonia - Atlanta East,pet-friendly-hotels,5400 Fairington Rd,Lithonia,GA,30038,(470) 222-7897,https://www.choicehotels.com/georgia/lithonia/sleep-inn-hotels/ga740,https://www.choicehotels.com/georgia/lithonia/sleep-inn-hotels/ga740,OFFICIAL_PROPERTY,2026-09-13,,,"Pets Allowed: Yes / General: Pets Allowed. Pet Charge 20.00 USD Per Pet, Per Night. Pet limit 2 Pet Per Room. Max 40 Pounds.. Service animals are permitted, without charge.",,atlanta-ga
Sonesta Atlanta Airport North,pet-friendly-hotels,1325 Virginia Ave,Atlanta,GA,30344,+1-404-768-6660,https://www.sonesta.com/sonesta-hotels-resorts/ga/atlanta/sonesta-atlanta-airport-north,https://www.sonesta.com/sonesta-hotels-resorts/ga/atlanta/sonesta-atlanta-airport-north,OFFICIAL_PROPERTY,2026-09-13,,,"Sonesta Atlanta Airport North is pet friendly and welcomes well-mannered pets, with no breed or weight restrictions. Up to two pets are permitted per room. $75 fee per stay applies.",,atlanta-ga
Sonesta Atlanta Airport South,pet-friendly-hotels,4669 Airport Blvd,Atlanta,GA,30337,(404) 487-5000,https://www.sonesta.com/sonesta-hotels-resorts/ga/atlanta/sonesta-atlanta-airport-south/,https://www.sonesta.com/sonesta-hotels-resorts/ga/atlanta/sonesta-atlanta-airport-south/,OFFICIAL_PROPERTY,2026-09-13,,,"Sonesta Atlanta Airport South is pet friendly and welcomes well-mannered pets, with no breed or weight restrictions. Up to two pets are permitted per suite. $75 fee per stay applies.",,atlanta-ga
Sonesta Atlanta Northwest Galleria – Marietta,pet-friendly-hotels,6345 Powers Ferry Road NW,Atlanta,GA,30339,(770) 955-1700,https://www.sonesta.com/sonesta-hotels-resorts/ga/atlanta/sonesta-atlanta-northwest-galleria-marietta,https://www.sonesta.com/sonesta-hotels-resorts/ga/atlanta/sonesta-atlanta-northwest-galleria-marietta,OFFICIAL_PROPERTY,2026-09-13,,,"Sonesta Atlanta Northwest Galleria - Marietta is pet friendly and welcomes well-mannered pets, with no breed or weight restrictions. Up to two pets are permitted per suite. $75 fee per stay applies.",,atlanta-ga
Sonesta Select Atlanta Cumberland Galleria Ballpark,pet-friendly-hotels,3000 Cumberland Blvd SE,Atlanta,GA,30339,(770) 952-2555,https://www.sonesta.com/sonesta-select/ga/atlanta/sonesta-select-atlanta-cumberland-galleria,https://www.sonesta.com/sonesta-select/ga/atlanta/sonesta-select-atlanta-cumberland-galleria,OFFICIAL_PROPERTY,2026-09-13,,,"Sonesta Select Atlanta Cumberland Galleria Ballpark is pet friendly and welcomes well-mannered pets, with no breed or weight restrictions. Up to two pets are permitted per suite. $75 fee per stay applies.",,atlanta-ga
Sonesta Select Atlanta Duluth,pet-friendly-hotels,3530 Venture Parkway,Duluth,GA,30096,(770) 623-9699,https://www.sonesta.com/sonesta-select/ga/duluth/sonesta-select-atlanta-duluth,https://www.sonesta.com/sonesta-select/ga/duluth/sonesta-select-atlanta-duluth,OFFICIAL_PROPERTY,2026-09-13,,,"Sonesta Select Atlanta Duluth is pet-friendly and welcomes well-mannered pets, with no breed or weight restrictions. Up to two pets are permitted per suite. $75 fee per stay applies.",,atlanta-ga
Sonesta Select Atlanta Midtown Georgia Tech,pet-friendly-hotels,1132 Techwood Drive,Atlanta,GA,30318,+1-404-607-1112,https://www.sonesta.com/sonesta-select/ga/atlanta/sonesta-select-atlanta-midtown-georgia-tech,https://www.sonesta.com/sonesta-select/ga/atlanta/sonesta-select-atlanta-midtown-georgia-tech,OFFICIAL_PROPERTY,2026-09-13,,,"Sonesta Select Atlanta Midtown Georgia Tech is pet friendly and welcomes well-mannered pets, with no breed or weight restrictions. Up to two pets are permitted per room or suite. We will provide you with special amenities like comfy pet beds, bowls, waterproof mats, and treats at check-in. We’ll also greet your pet with an arrival letter outlining our local recommendations and guidelines for a pawsome stay. The pet fee is $75 per stay.",,atlanta-ga
Spark by Hilton Alpharetta Roswell,pet-friendly-hotels,3000 Mansell Rd,Alpharetta,GA,30022,+1 770-645-6060,https://www.hilton.com/en/hotels/atlrlpe-spark-alpharetta-roswell/,https://www.hilton.com/en/hotels/atlrlpe-spark-alpharetta-roswell/,OFFICIAL_PROPERTY,2026-09-13,,,"Pets allowed, $75.00 non-refundable fee, 75 lbs maximum, $75.00 (1-4 Nights), 125(5+ Nights) 2 pets Max. Cat/Dog Only",,atlanta-ga
Spark by Hilton Atlanta Airport North,pet-friendly-hotels,1365 Hardin Ave,Atlanta,GA,30344,+1 404-767-9787,https://www.hilton.com/en/hotels/atlnrpe-spark-atlanta-airport-north/,https://www.hilton.com/en/hotels/atlnrpe-spark-atlanta-airport-north/,OFFICIAL_PROPERTY,2026-09-13,,,"Pets allowed, $75.00 non-refundable fee, 50 lbs maximum",,atlanta-ga
Spark by Hilton Atlanta Airport South College Park,pet-friendly-hotels,1888 Sullivan Rd.,College Park,GA,30337,+1 678-552-1507,https://www.hilton.com/en/hotels/atlsrpe-spark-atlanta-airport-south-college-park/,https://www.hilton.com/en/hotels/atlsrpe-spark-atlanta-airport-south-college-park/,OFFICIAL_PROPERTY,2026-09-13,,,"Pets allowed, $75.00 non-refundable fee, 75 lbs maximum",,atlanta-ga
Spark by Hilton Atlanta Cumberland Ballpark,pet-friendly-hotels,4502 Circle 75 Pkwy,Atlanta,GA,30339,+1 770-541-9399,https://www.hilton.com/en/hotels/atlgape-spark-atlanta-cumberland-ballpark/,https://www.hilton.com/en/hotels/atlgape-spark-atlanta-cumberland-ballpark/,OFFICIAL_PROPERTY,2026-09-13,,,"Pets allowed, $75.00 non-refundable fee, 75 lbs maximum, $75 (1-4 nights) $125 (5+ nights) 2 Pets Max, Dogs/Cats Only",,atlanta-ga
Spark by Hilton Atlanta Kennesaw Town Center,pet-friendly-hotels,871 Cobb Place Blvd.,Kennesaw,GA,30144,+1 770-426-0017,https://www.hilton.com/en/hotels/atltnpe-spark-atlanta-town-center-kennesaw/,https://www.hilton.com/en/hotels/atltnpe-spark-atlanta-town-center-kennesaw/,OFFICIAL_PROPERTY,2026-09-13,,,"Pets allowed, $75.00 non-refundable fee, $75(1-4n),$125(5+)2petsMax,dog/cat only",,atlanta-ga
Spark by Hilton Douglasville Atlanta West,pet-friendly-hotels,8304 Cherokee Blvd,Douglasville,GA,30134,+1 770-489-4863,https://www.hilton.com/en/hotels/atldspe-spark-douglasville-atlanta-west/,https://www.hilton.com/en/hotels/atldspe-spark-douglasville-atlanta-west/,OFFICIAL_PROPERTY,2026-09-13,,,"Pets allowed, $75.00 non-refundable fee, 30 lbs maximum, Pets allowed, $75.00 non-refundable fee. $75 (1-4) $125 (5+), 2 pets maximum, cats and dogs welcome.",,atlanta-ga
Spark by Hilton Duluth,pet-friendly-hotels,3700 Shackleford Road,Duluth,GA,30096,+1 770-931-9299,https://www.hilton.com/en/hotels/atlaope-spark-duluth/,https://www.hilton.com/en/hotels/atlaope-spark-duluth/,OFFICIAL_PROPERTY,2026-09-13,,,"Pets allowed, $75.00 non-refundable fee, 75 lbs maximum, 1-4 nights $75 5+ nights $125 2 pets max",,atlanta-ga
SpringHill Suites by Marriott Atlanta Airport Gateway,pet-friendly-hotels,2091 Convention Center Concourse,College Park,GA,30337,+1 770-907-8880,https://www.marriott.com/en-us/hotels/atlgi-springhill-suites-atlanta-airport-gateway/overview/,https://www.marriott.com/en-us/hotels/atlgi-springhill-suites-atlanta-airport-gateway/overview/,OFFICIAL_PROPERTY,2026-09-13,,,Pets Welcome Pets WelcomePet fee $20/day with $100/stay nonrefundable clean fee Maximum Pet Weight: 35.0lbs Maximum Number of Pets in Room: 2,,atlanta-ga
SpringHill Suites by Marriott Atlanta Buckhead,pet-friendly-hotels,3459 Buckhead Loop NE,Atlanta,GA,30326,+14048444800,https://www.marriott.com/en-us/hotels/atlab-springhill-suites-atlanta-buckhead/overview/,https://www.marriott.com/en-us/hotels/atlab-springhill-suites-atlanta-buckhead/overview/,OFFICIAL_PROPERTY,2026-09-13,,,Pets Welcome Pet fee $20/day with $100/stay nonrefundable clean fee excludes Service Animals Non-Refundable Pet Fee Per Stay: $100.00 Non-Refundable Pet Fee Per Night: $20.00 Maximum Pet Weight: 50.0lbs Maximum Number of Pets in Room: 2,,atlanta-ga
SpringHill Suites by Marriott Atlanta Perimeter Center,pet-friendly-hotels,1005 Crestline Parkway,Atlanta,GA,30328,+1 770-730-9300,https://www.marriott.com/en-us/hotels/atlse-springhill-suites-atlanta-perimeter-center/overview/,https://www.marriott.com/en-us/hotels/atlse-springhill-suites-atlanta-perimeter-center/overview/,OFFICIAL_PROPERTY,2026-09-13,,,Pets Welcome Dogs/cats only1-4 Nights $50+tax OR 5+Nights $100+tax Maximum Pet Weight: 40.0lbs Maximum Number of Pets in Room: 2,,atlanta-ga
Super 8 by Wyndham Decatur/Dntn/Atlanta Area,pet-friendly-hotels,917 Church Street,Decatur,GA,30030,+1 404-692-6866,https://www.wyndhamhotels.com/super-8/decatur-georgia/super-8-decatur-dntn-atlanta-area/overview,https://www.wyndhamhotels.com/BWSServices/services/search/property/search?isOverviewNeeded=true&propertyId=08624&isAmenitiesNeeded=false&channelId=tab&language=en-us&isRoomAmenitiesNeeded=false,OFFICIAL_PROPERTY,2026-09-13,,,Service Animals - ADA-defined service animals welcome. Pets Allowed - 2 pets max. Dogs only. 75lbs or less per pet. / Fees - Non-Refundable charge of 25USD per pet per night. /Other information - Contact hotel for additional details and availability.,,atlanta-ga
Super 8 by Wyndham Forest Park,pet-friendly-hotels,410 Old Dixie Way,Forest Park,GA,30297,+1 404-363-8811,https://www.wyndhamhotels.com/super-8/forest-park-georgia/super-8-forest-park/overview,https://www.wyndhamhotels.com/BWSServices/services/search/property/search?isOverviewNeeded=true&propertyId=08138&isAmenitiesNeeded=false&channelId=tab&language=en-us&isRoomAmenitiesNeeded=false,OFFICIAL_PROPERTY,2026-09-13,,,Service Animals - ADA-defined service animals welcome. / Dogs Allowed - 2 pets max. Dogs only. / Fees - 20USD per pet per night. / Other Information - Contact hotel for additional details and availability.,,atlanta-ga
Super 8 by Wyndham Stockbridge,pet-friendly-hotels,1451 Hudson Bridge Rd,Stockbridge,GA,30281,(770) 474-5758,https://www.wyndhamhotels.com/super-8/stockbridge-georgia/super-8-stockbridge/overview,https://www.wyndhamhotels.com/BWSServices/services/search/property/search?isOverviewNeeded=true&propertyId=03971&isAmenitiesNeeded=false&channelId=tab&language=en-us&isRoomAmenitiesNeeded=false,OFFICIAL_PROPERTY,2026-09-13,,,Service Animals - ADA defined service animals are welcome at this hotel. A maximum of 1 pet allowed for a non-refundable charge of 25.00 USD per night. /Contact hotel for additional information.,,atlanta-ga
"The American Hotel Atlanta Downtown, Tapestry Collection by Hilton",pet-friendly-hotels,160 Ted Turner Dr NW,Atlanta,GA,30303,+1 404-688-8600,https://www.hilton.com/en/hotels/atlupup-the-american-hotel-atlanta-downtown/,https://www.hilton.com/en/hotels/atlupup-the-american-hotel-atlanta-downtown/,OFFICIAL_PROPERTY,2026-09-13,,,"Pets allowed, $150.00 non-refundable fee, 25 lbs maximum",,atlanta-ga
"The Burgess Hotel, Atlanta, a Tribute Portfolio Hotel",pet-friendly-hotels,3600 Piedmont Road NE,Atlanta,GA,30305,+14048691100,https://www.marriott.com/en-us/hotels/atlnt-the-burgess-hotel-atlanta-a-tribute-portfolio-hotel/overview/,https://www.marriott.com/en-us/hotels/atlnt-the-burgess-hotel-atlanta-a-tribute-portfolio-hotel/overview/,OFFICIAL_PROPERTY,2026-09-13,,,Pets Welcome. 2 pets 35lbs maximum per room with $75 USD non refundable fee per room per stay Non-Refundable Pet Fee Per Stay: $75.00 Maximum Pet Weight: 35.0lbs Maximum Number of Pets in Room: 2,,atlanta-ga
"The Candler Hotel Atlanta, Curio Collection by Hilton",pet-friendly-hotels,127 Peachtree Street NE,Atlanta,GA,30303,+1 404-523-1200,https://www.hilton.com/en/hotels/atlcdqq-the-candler-hotel-atlanta/,https://www.hilton.com/en/hotels/atlcdqq-the-candler-hotel-atlanta/,OFFICIAL_PROPERTY,2026-09-13,,,"Pets allowed, $75.00 non-refundable fee, 75 lbs maximum",,atlanta-ga
"The Hotel at Avalon, Autograph Collection",pet-friendly-hotels,9000 Avalon Boulevard,Alpharetta,GA,30009,+16787223600,https://www.marriott.com/en-us/hotels/atlre-the-hotel-at-avalon-autograph-collection/overview/,https://www.marriott.com/en-us/hotels/atlre-the-hotel-at-avalon-autograph-collection/overview/,OFFICIAL_PROPERTY,2026-09-13,,,Pets Welcome 2 pets 50 lbs max per room with USD 150 per room per stay fee plus any damages Non-Refundable Pet Fee Per Stay: $150.00 Maximum Pet Weight: 50.0lbs Maximum Number of Pets in Room: 2,,atlanta-ga
"The Ritz-Carlton, Atlanta",pet-friendly-hotels,"181 Peachtree Street, N.E.",Atlanta,GA,30303,+14046590400,https://www.ritzcarlton.com/en/hotels/atlrz-the-ritz-carlton-atlanta/overview/,https://www.ritzcarlton.com/en/hotels/atlrz-the-ritz-carlton-atlanta/overview/,OFFICIAL_PROPERTY,2026-09-13,,,Pet Policy Pets Welcome. $165 Pet Cleaning Fee per stay and $20 daily Pet Occupancy Fee Maximum Pet Weight: 65.0lbs Maximum Number of Pets in Room: 1,,atlanta-ga
The St. Regis Atlanta,pet-friendly-hotels,Eighty-Eight West Paces Ferry Road,Atlanta,GA,30305,+14045637900,https://www.marriott.com/en-us/hotels/atlxr-the-st-regis-atlanta/overview/,https://www.marriott.com/en-us/hotels/atlxr-the-st-regis-atlanta/overview/,OFFICIAL_PROPERTY,2026-09-13,,,Pets Welcome. Dogs only. Fees & policy agreement required at check-in. Non-Refundable Pet Fee Per Stay: $250.00 Non-Refundable Pet Fee Per Night: $25.00 Maximum Pet Weight: 35.0lbs Maximum Number of Pets in Room: 2,,atlanta-ga
"The Starling Atlanta Midtown, Curio Collection by Hilton",pet-friendly-hotels,188 14th St NE,Atlanta,GA,30361,+1 404-892-6000,https://www.hilton.com/en/hotels/atltwqq-the-starling-atlanta-midtown/,https://www.hilton.com/en/hotels/atltwqq-the-starling-atlanta-midtown/,OFFICIAL_PROPERTY,2026-09-13,,,"Pets allowed, $75.00 non-refundable fee, 50 lbs maximum",,atlanta-ga
"The Tess, Autograph Collection",pet-friendly-hotels,415 East Paces Ferry Road NE,Atlanta,GA,30305,+14706003510,https://www.marriott.com/en-us/hotels/atlnk-the-tess-autograph-collection/overview/,https://www.marriott.com/en-us/hotels/atlnk-the-tess-autograph-collection/overview/,OFFICIAL_PROPERTY,2026-09-13,,,Pets Welcome. 2 pets 75lbs combined or 50lb single pet limit per room with non-refundable fee Non-Refundable Pet Fee Per Stay: $150.00 Maximum Pet Weight: 50.0lbs Maximum Number of Pets in Room: 2,,atlanta-ga
The Westin Atlanta Airport,pet-friendly-hotels,4736 Best Road,Atlanta,GA,30337,+14047627676,https://www.marriott.com/en-us/hotels/atlwi-the-westin-atlanta-airport/overview/,https://www.marriott.com/en-us/hotels/atlwi-the-westin-atlanta-airport/overview/,OFFICIAL_PROPERTY,2026-09-13,,,"Pets Welcome all well-mannered dogs, cats, birds, fish. Maximum charge $150 per stay Non-Refundable Pet Fee Per Night: $50.00 Maximum Pet Weight: 40.0lbs Maximum Number of Pets in Room: 2",,atlanta-ga
The Westin Atlanta Gwinnett,pet-friendly-hotels,6450 Sugarloaf Parkway,Duluth,GA,30097,+1 770-709-6322,https://www.marriott.com/en-us/hotels/atlwu-the-westin-atlanta-gwinnett/overview/,https://www.marriott.com/en-us/hotels/atlwu-the-westin-atlanta-gwinnett/overview/,OFFICIAL_PROPERTY,2026-09-13,,,Pets Welcome Pets allowed. Pet fee non-refundable. Non-Refundable Pet Fee Per Night: $50.00 Maximum Pet Weight: 50.0lbs Maximum Number of Pets in Room: 2,,atlanta-ga
The Westin Atlanta Perimeter North,pet-friendly-hotels,7 Concourse Parkway NE,Atlanta,GA,30328,+17703953900,https://www.marriott.com/en-us/hotels/atlpn-the-westin-atlanta-perimeter-north/overview/,https://www.marriott.com/en-us/hotels/atlpn-the-westin-atlanta-perimeter-north/overview/,OFFICIAL_PROPERTY,2026-09-13,,,Pets Welcome. $150 non-refundable pet fee per stay. Maximum Pet Weight: 40.0lbs Maximum Number of Pets in Room: 1,,atlanta-ga
The Westin Buckhead Atlanta,pet-friendly-hotels,"3391 Peachtree Road, N.E.",Atlanta,GA,30326,+14043650065,https://www.marriott.com/en-us/hotels/atlwb-the-westin-buckhead-atlanta/overview/,https://www.marriott.com/en-us/hotels/atlwb-the-westin-buckhead-atlanta/overview/,OFFICIAL_PROPERTY,2026-09-13,,,Pets Welcome. We allow dogs up to 40 pounds inside the hotel. Maximum Pet Weight: 40.0lbs Maximum Number of Pets in Room: 2,,atlanta-ga
"The Westin Peachtree Plaza, Atlanta",pet-friendly-hotels,210 Peachtree St. NW,Atlanta,GA,30303,+14046591400,https://www.marriott.com/en-us/hotels/atlpl-the-westin-peachtree-plaza-atlanta/overview/,https://www.marriott.com/en-us/hotels/atlpl-the-westin-peachtree-plaza-atlanta/overview/,OFFICIAL_PROPERTY,2026-09-13,,,Pets Welcome. Non-refundable $50/night or $150/stay. Dogs cannot be left in room unattended. Maximum Pet Weight: 50.0lbs,,atlanta-ga
"The Whitley, a Luxury Collection Hotel, Atlanta Buckhead",pet-friendly-hotels,3434 Peachtree Road NE,Atlanta,GA,30326,+14042372700,https://www.marriott.com/en-us/hotels/atllu-the-whitley-a-luxury-collection-hotel-atlanta-buckhead/overview/,https://www.marriott.com/en-us/hotels/atllu-the-whitley-a-luxury-collection-hotel-atlanta-buckhead/overview/,OFFICIAL_PROPERTY,2026-09-13,,,Pets Welcome. 2 dogs 50 pounds max per room with USD 150 non-refundable fee per room per stay. Non-Refundable Pet Fee Per Stay: $150.00 Maximum Pet Weight: 50.0lbs Maximum Number of Pets in Room: 2 Off-Site Parking Monarch Plaza Parking Deck 0.1 Miles,,atlanta-ga
TownePlace Suites by Marriott Atlanta Airport North,pet-friendly-hotels,3424 Norman Berry Drive,Hapeville,GA,30354,+1 404-460-7911,https://www.marriott.com/en-us/hotels/atlna-towneplace-suites-atlanta-airport-north/overview/,https://www.marriott.com/en-us/hotels/atlna-towneplace-suites-atlanta-airport-north/overview/,OFFICIAL_PROPERTY,2026-09-13,,,"Pets Welcome Pets Allowed. Pet fee is $50 a day, or $250 for 5 + days Non-Refundable Pet Fee Per Stay: $150.00 Maximum Pet Weight: 25.0lbs Maximum Number of Pets in Room: 1",,atlanta-ga
TownePlace Suites by Marriott Atlanta Alpharetta,pet-friendly-hotels,7925 Westside Parkway,Alpharetta,GA,30009,+1 770-664-1300,https://www.marriott.com/en-us/hotels/atlta-towneplace-suites-atlanta-alpharetta/overview/,https://www.marriott.com/en-us/hotels/atlta-towneplace-suites-atlanta-alpharetta/overview/,OFFICIAL_PROPERTY,2026-09-13,,,"Pets Welcome 2 pets, 30 pounds max per room with USD 100 non-refundable fee per room per stay Non-Refundable Pet Fee Per Stay: $100.00 Maximum Pet Weight: 30.0lbs Maximum Number of Pets in Room: 2",,atlanta-ga
TownePlace Suites by Marriott Atlanta Buckhead,pet-friendly-hotels,820 Sidney Marcus Boulevard NE,Atlanta,GA,30324,+14049494820,https://www.marriott.com/en-us/hotels/atlbu-towneplace-suites-atlanta-buckhead/overview/,https://www.marriott.com/en-us/hotels/atlbu-towneplace-suites-atlanta-buckhead/overview/,OFFICIAL_PROPERTY,2026-09-13,,,Pets Welcome 2 pets 30 pounds max per room with USD 100 non-refundable fee per room per stay Non-Refundable Pet Fee Per Stay: $100.00 Maximum Pet Weight: 30.0lbs Maximum Number of Pets in Room: 2,,atlanta-ga
TownePlace Suites by Marriott Atlanta Kennesaw,pet-friendly-hotels,1074 Cobb Place Boulevard N.W.,Kennesaw,GA,30144,+17707948282,https://www.marriott.com/en-us/hotels/atltk-towneplace-suites-atlanta-kennesaw/overview/,https://www.marriott.com/en-us/hotels/atltk-towneplace-suites-atlanta-kennesaw/overview/,OFFICIAL_PROPERTY,2026-09-13,,,"Pets Welcome 2 pets, 50 pounds max per room with USD 100 non-refundable fee per room per stay Non-Refundable Pet Fee Per Stay: $100.00 Maximum Pet Weight: 50.0lbs Maximum Number of Pets in Room: 2",,atlanta-ga
Tru by Hilton Atlanta Airport College Park,pet-friendly-hotels,2101 Convention Center Concourse A,College Park,GA,30337,+1 404-334-8000,https://www.hilton.com/en/hotels/atlazru-tru-atlanta-airport-college-park/,https://www.hilton.com/en/hotels/atlazru-tru-atlanta-airport-college-park/,OFFICIAL_PROPERTY,2026-09-13,,,"Pets allowed, $75.00 non-refundable fee, 75 lbs maximum, $75/stay for 1-4 night stays, $125/stay for 5+ night stays 2 pets max dogs or cats only.",,atlanta-ga
Tru by Hilton Atlanta Galleria Ballpark,pet-friendly-hotels,4511 Circle 75 Parkway,Atlanta,GA,30339,+1 678-540-9950,https://www.hilton.com/en/hotels/atlgbru-tru-atlanta-galleria-ballpark/,https://www.hilton.com/en/hotels/atlgbru-tru-atlanta-galleria-ballpark/,OFFICIAL_PROPERTY,2026-09-13,,,"Pets allowed, $50.00 non-refundable fee, 75 lbs maximum, $50(1-4n),$75(5+n) 2petsMax,dog/cat only",,atlanta-ga
Tru by Hilton Atlanta Northlake Parkway,pet-friendly-hotels,3274 Northlake Pkwy,Atlanta,GA,30345,+1 770-810-2240,https://www.hilton.com/en/hotels/atlakru-tru-atlanta-northlake-parkway/,https://www.hilton.com/en/hotels/atlakru-tru-atlanta-northlake-parkway/,OFFICIAL_PROPERTY,2026-09-13,,,"Pets allowed, $75.00 non-refundable fee, $75(1-4n),$125(5+n)2petMax,dog/cat only",,atlanta-ga
Tru by Hilton Stockbridge Eagles Landing,pet-friendly-hotels,2725 Patrick Henry Parkway,Stockbridge,GA,30281,+1-770-742-2717,https://www.hilton.com/en/hotels/atlskru-tru-stockbridge-eagles-landing/,https://www.hilton.com/en/hotels/atlskru-tru-stockbridge-eagles-landing/,OFFICIAL_PROPERTY,2026-09-13,,,"Pets allowed, $75.00 non-refundable fee, 20 lbs maximum",,atlanta-ga
"Twelve Downtown, Autograph Collection",pet-friendly-hotels,400 West Peachtree Street NW,Atlanta,GA,30308,+14044181212,https://www.marriott.com/en-us/hotels/atlpk-twelve-downtown-autograph-collection/overview/,https://www.marriott.com/en-us/hotels/atlpk-twelve-downtown-autograph-collection/overview/,OFFICIAL_PROPERTY,2026-09-13,,,Pets Welcome 1 pet 50 pounds max per room with USD 150 non-refundable fee per room per stay Non-Refundable Pet Fee Per Stay: $150.00 Maximum Pet Weight: 50.0lbs Maximum Number of Pets in Room: 1,,atlanta-ga
"Twelve Midtown, Autograph Collection",pet-friendly-hotels,361 17th Street NW,Atlanta,GA,30363,+14049611212,https://www.marriott.com/en-us/hotels/atlas-twelve-midtown-autograph-collection/overview/,https://www.marriott.com/en-us/hotels/atlas-twelve-midtown-autograph-collection/overview/,OFFICIAL_PROPERTY,2026-09-13,,,Pets Welcome 1 pet 50 pounds max per room with USD 150 non-refundable fee per room per stay Non-Refundable Pet Fee Per Stay: $150.00 Maximum Pet Weight: 50.0lbs Maximum Number of Pets in Room: 1,,atlanta-ga
voco The Darwin - Atlanta Midtown,pet-friendly-hotels,585 Parkway Drive NE,Atlanta,GA,30308,1-404-2601383,https://www.ihg.com/voco/hotels/us/en/atlanta/atldw/hoteldetail,https://www.ihg.com/voco/hotels/us/en/atlanta/atldw/hoteldetail,OFFICIAL_PROPERTY,2026-09-13,,,"Pets are welcome at voco The Darwin - Atlanta Midtown. Pet policy description. Dogs and cats are allowed on the property; the pet fee is USD 100 per stay. Limit two pets per guest room, up to 50 pounds each. Additional fees may apply; there is no charge for service animals; however, emotional support animals may be subject to fees. Pet fee per stay: 100 USD Pet weight limit: 50 2 pets allowed Pets allowed: Only dogs and cats allowed",,atlanta-ga
WaterWalk Extended Stay by Wyndham Atlanta Perimeter,pet-friendly-hotels,6096 Barfield Rd,Atlanta,GA,30328,1-404-8510161,https://www.wyndhamhotels.com/waterwalk/atlanta-georgia/waterwalk-extended-stay-atlanta-perimeter/overview,https://www.wyndhamhotels.com/BWSServices/services/search/property/search?isOverviewNeeded=true&propertyId=59034&isAmenitiesNeeded=false&channelId=tab&language=en-us&isRoomAmenitiesNeeded=false,OFFICIAL_PROPERTY,2026-09-13,,,Service Animals - ADA-defined service animals welcome. / Dogs Allowed. 1 dog up to 75lbs or 2 dogs with a combined weight of 100lbs. / Fees - 1-6 nights 50USD 7-29 nights 75USD 30plus nights 125USD per stay. / Other Information - Contact hotel for additional details and availability.,,atlanta-ga
"Wylie Hotel Atlanta, Tapestry Collection by Hilton",pet-friendly-hotels,551 Ponce De Leon Ave NE,Atlanta,GA,30308,+1 470-437-4400,https://www.hilton.com/en/hotels/atlylup-wylie-hotel-atlanta/,https://www.hilton.com/en/hotels/atlylup-wylie-hotel-atlanta/,OFFICIAL_PROPERTY,2026-09-13,,,"Pets allowed, $75.00 non-refundable fee",,atlanta-ga
