name,category,address,city,state,postal_code,phone,website_url,source_url,source_type,observed_at,rating,amenities,pet_policy,canonical,market_id
AC Hotel Asheville Downtown,pet-friendly-hotels,10 Broadway Street,Asheville,NC,28801,+1-828-258-2522,https://www.marriott.com/en-us/hotels/avlac-ac-hotel-asheville-downtown/overview/,https://www.marriott.com/en-us/hotels/avlac-ac-hotel-asheville-downtown/overview/,OFFICIAL_PROPERTY,2026-09-13,,,Pet Policy | Pets Welcome | Pet fee $25 non-refundable fee per day (Pet cannot be left unattended in room) | Non-Refundable Pet Fee Per Night: $25.00 | Maximum Number of Pets in Room: 2,,asheville-nc
Aloft by Marriott Asheville Downtown,pet-friendly-hotels,51 Biltmore Avenue,Asheville,NC,28801,+1-828-232-2838,https://www.marriott.com/en-us/hotels/avlal-aloft-asheville-downtown/overview/,https://www.marriott.com/en-us/hotels/avlal-aloft-asheville-downtown/overview/,OFFICIAL_PROPERTY,2026-09-13,,,Pet Policy | Pets Welcome | Pets are allowed with no pet fee. Waivers must be signed upon arrival. | Maximum Number of Pets in Room: 2,,asheville-nc
AutoCamp Asheville,pet-friendly-hotels,125 Amberglow Road,Asheville,NC,28804,+1 844-395-5163,https://www.hilton.com/en/hotels/avlavou-autocamp-asheville/,https://www.hilton.com/en/hotels/avlavou-autocamp-asheville/,OFFICIAL_PROPERTY,2026-09-13,,,"Pets allowed, $75.00 non-refundable fee, 0 lbs maximum, Dogs allowed, maximum 2 dogs per accommodation.",,asheville-nc
Candlewood Suites Asheville Downtown,pet-friendly-hotels,49 Tunnel Road,Asheville,NC,28805,1-828-2200300,https://www.ihg.com/candlewood/hotels/us/en/asheville/avltu/hoteldetail,https://www.ihg.com/candlewood/hotels/us/en/asheville/avltu/hoteldetail,OFFICIAL_PROPERTY,2026-09-13,,,Pets are welcome at Candlewood Suites Asheville Downtown. Pet policy description. The pet fee is 30 USD per night for up to two pets and reduces to 25 USD per night when you stay longer than 7 nights. Pets must be secured in a proper pet crate when leaving the hotel premises. Pet fee per night: 30 USD Pet weight limit: 80 2 pets allowed Pets allowed: Only dogs and cats allowed,,asheville-nc
DoubleTree by Hilton Asheville Downtown,pet-friendly-hotels,199 Haywood Street,Asheville,NC,28801,+1 828-505-8500,https://www.hilton.com/en/hotels/avlildt-doubletree-asheville-downtown/,https://www.hilton.com/en/hotels/avlildt-doubletree-asheville-downtown/,OFFICIAL_PROPERTY,2026-09-13,,,"Pets allowed, $75.00 non-refundable fee, 75 lbs maximum",,asheville-nc
DoubleTree by Hilton Hotel Asheville - Biltmore,pet-friendly-hotels,115 Hendersonville Road,Asheville,NC,28803,+1 828-274-1800,https://www.hilton.com/en/hotels/avlbmdt-doubletree-asheville-biltmore/,https://www.hilton.com/en/hotels/avlbmdt-doubletree-asheville-biltmore/,OFFICIAL_PROPERTY,2026-09-13,,,"Pets allowed, $75.00 non-refundable fee, 75 lbs maximum, Walking areas & treat at check in. 2 pets max per room.",,asheville-nc
Downtown Inn & Suites,pet-friendly-hotels,120 Patton Avenue,Asheville,NC,28801,,https://www.downtowninnandsuites.com/index.php?option=com_sppagebuilder&view=page&id=22&Itemid=696,https://www.downtowninnandsuites.com/index.php?option=com_sppagebuilder&view=page&id=22&Itemid=696,OFFICIAL_PROPERTY,2026-09-13,,,Pets Welcome! We are a pet friendly hotel. Please register your pet at the front desk when you check in. There is a $15 fee per pet per night.,,asheville-nc
Element by Marriott Asheville Downtown,pet-friendly-hotels,62 College Place,Asheville,NC,28801,+18285755881,https://www.marriott.com/en-us/hotels/avlel-element-asheville-downtown/overview/,https://www.marriott.com/en-us/hotels/avlel-element-asheville-downtown/overview/,OFFICIAL_PROPERTY,2026-09-13,,,Pet Policy | Pets Welcome | 2 pets max per room with a non-refundable fee | Non-Refundable Pet Fee Per Night: $50.00 | Maximum Number of Pets in Room: 2,,asheville-nc
Embassy Suites by Hilton Asheville Downtown,pet-friendly-hotels,192 Haywood Street,Asheville,NC,28801,+1 828-407-0422,https://www.hilton.com/en/hotels/avleses-embassy-suites-asheville-downtown/,https://www.hilton.com/en/hotels/avleses-embassy-suites-asheville-downtown/,OFFICIAL_PROPERTY,2026-09-13,,,"Pets allowed, $75.00 non-refundable fee, 50 lbs maximum, $75(1-4n) $125(5+n)dog/cat only 2 max",,asheville-nc
Extended Stay America - Asheville - Tunnel Rd.,pet-friendly-hotels,6 Kenilworth Knoll,Asheville,NC,28805,1-828-253-3483,https://www.extendedstayamerica.com/hotels/nc/asheville/tunnel-rd,https://www.extendedstayamerica.com/hotels/nc/asheville/tunnel-rd,OFFICIAL_PROPERTY,2026-09-13,,,Pet Policy A maximum of two pets are allowed in each suite.,,asheville-nc
Four Points by Sheraton Asheville Downtown,pet-friendly-hotels,22 Woodfin Street,Asheville,NC,28801,+1-828-253-1851,https://www.marriott.com/en-us/hotels/avlfp-four-points-asheville-downtown/overview/,https://www.marriott.com/en-us/hotels/avlfp-four-points-asheville-downtown/overview/,OFFICIAL_PROPERTY,2026-09-13,,,Pet Policy | Pets Welcome | $75 plus tax one time non refundable fee | Maximum Number of Pets in Room: 2,,asheville-nc
"Grand Bohemian Lodge Asheville, Autograph Collection",pet-friendly-hotels,11 Boston Way,Asheville,NC,28803,+18285052949,https://www.marriott.com/en-us/hotels/avlak-grand-bohemian-lodge-asheville-autograph-collection/overview/,https://www.marriott.com/en-us/hotels/avlak-grand-bohemian-lodge-asheville-autograph-collection/overview/,OFFICIAL_PROPERTY,2026-09-13,,,"Pet Policy | Pets Welcome | Non-refundable 150 USD fee for 1 dog, addl. 50 USD fee for 2nd per room per stay | Non-Refundable Pet Fee Per Stay: $150.00 | Maximum Number of Pets in Room: 2",,asheville-nc
Hampton Inn & Suites Asheville Airport,pet-friendly-hotels,18 Rockwood Road,Fletcher,NC,28732,+1 828-687-0806,https://www.hilton.com/en/hotels/avlaphx-hampton-suites-asheville-airport/,https://www.hilton.com/en/hotels/avlaphx-hampton-suites-asheville-airport/,OFFICIAL_PROPERTY,2026-09-13,,,"Pets allowed, $75.00 non-refundable fee, $75(1-4n),$125(5+n)2petsMax,dog/cat only",,asheville-nc
Hampton Inn & Suites Asheville Biltmore Area,pet-friendly-hotels,835 Brevard Road,Asheville,NC,28806,+1 828-575-9593,https://www.hilton.com/en/hotels/avlbahx-hampton-suites-asheville-biltmore-area/,https://www.hilton.com/en/hotels/avlbahx-hampton-suites-asheville-biltmore-area/,OFFICIAL_PROPERTY,2026-09-13,,,"Pets allowed, $75.00 non-refundable fee, 75 lbs maximum, $75(1-4n),$125(5+n)2petsMax,dog/cat only",,asheville-nc
Hampton Inn & Suites Asheville Biltmore Village,pet-friendly-hotels,117 Hendersonville Road,Asheville,NC,28803,+1 828-277-1800,https://www.hilton.com/en/hotels/avlbvhx-hampton-suites-asheville-biltmore-village/,https://www.hilton.com/en/hotels/avlbvhx-hampton-suites-asheville-biltmore-village/,OFFICIAL_PROPERTY,2026-09-13,,,"Pets allowed, $75.00 non-refundable fee, 75 lbs maximum",,asheville-nc
Hampton Inn Asheville-Tunnel Rd.,pet-friendly-hotels,204 Tunnel Road,Asheville,NC,28805,+1 828-255-9220,https://www.hilton.com/en/hotels/avltuhx-hampton-asheville-tunnel-rd/,https://www.hilton.com/en/hotels/avltuhx-hampton-asheville-tunnel-rd/,OFFICIAL_PROPERTY,2026-09-13,,,"Pets allowed, $75.00 non-refundable fee, $75(1-4n),$125(5+n) 2petsMax,dog/cat onl",,asheville-nc
Hampton Inn Black Mountain,pet-friendly-hotels,306 Black Mountain Avenue,Black Mountain,NC,28711,+1 828-669-1000,https://www.hilton.com/en/hotels/avlmohx-hampton-black-mountain/,https://www.hilton.com/en/hotels/avlmohx-hampton-black-mountain/,OFFICIAL_PROPERTY,2026-09-13,,,"Pets allowed, $75.00 non-refundable fee, $75(1-4n),$125(5+n) 2petsMax,dog/cat onl",,asheville-nc
"Haywood Park Hotel, Ascend Hotel Collection",pet-friendly-hotels,1 Battery Park Avenue,Asheville,NC,28801,(828) 232-8217,https://www.haywoodpark.com/faq/home-faq-list/is-the-haywood-park-hotel--atrium-a-pet-friendly-hotel,https://www.haywoodpark.com/faq/home-faq-list/is-the-haywood-park-hotel--atrium-a-pet-friendly-hotel,OFFICIAL_PROPERTY,2026-09-13,,,"Hotel accepts dogs only, with a one-time pet fee per stay of $ 75.",,asheville-nc
Hilton Asheville Biltmore Park,pet-friendly-hotels,43 Town Square Blvd,Asheville,NC,28803,+1 828-209-2700,https://www.hilton.com/en/hotels/avlbphf-hilton-asheville-biltmore-park/,https://www.hilton.com/en/hotels/avlbphf-hilton-asheville-biltmore-park/,OFFICIAL_PROPERTY,2026-09-13,,,"Pets allowed, $75.00 non-refundable fee, 75 lbs maximum",,asheville-nc
Hilton Garden Inn Asheville Downtown,pet-friendly-hotels,309 College Street,Asheville,NC,28801,+1 828-255-0001,https://www.hilton.com/en/hotels/avladgi-hilton-garden-inn-asheville-downtown/,https://www.hilton.com/en/hotels/avladgi-hilton-garden-inn-asheville-downtown/,OFFICIAL_PROPERTY,2026-09-13,,,"Pets allowed, $75.00 non-refundable fee, 75 lbs maximum, $75(1-4 nights), $125(5+ nights) 2 pets max per room, dog/cat only. Guest is responsible for any damages by pet in the room.",,asheville-nc
Hilton Garden Inn Asheville South,pet-friendly-hotels,9 Rocky Ridge Road,Asheville,NC,28806,+1 828-633-6024,https://www.hilton.com/en/hotels/avlgigi-hilton-garden-inn-asheville-south/,https://www.hilton.com/en/hotels/avlgigi-hilton-garden-inn-asheville-south/,OFFICIAL_PROPERTY,2026-09-13,,,"Pets allowed, $75.00 non-refundable fee, 100 lbs maximum, $75(1-4n),$125(5+n) 2petsMax,dog/cat onl",,asheville-nc
Holiday Inn Asheville - Biltmore West,pet-friendly-hotels,435 Smokey Park Highway,Asheville,NC,28806,+1 828 665 2161,https://www.ihg.com/holidayinn/hotels/us/en/asheville/avlpp/hoteldetail,https://www.ihg.com/holidayinn/hotels/us/en/asheville/avlpp/hoteldetail,OFFICIAL_PROPERTY,2026-09-13,,,"Pets are welcome at Holiday Inn Asheville - Biltmore West. Pet policy description. 41 pet friendly rooms available with advance reservation. 30 dollar fee, per pet, per room, per night. Pet walking area onsite. Pet fee per night: 30 USD Pet weight limit: No weight limit per pet 2 pets allowed Pets allowed: Only dogs and cats allowed",,asheville-nc
Holiday Inn Asheville East-Blue Ridge PKWY,pet-friendly-hotels,1450 Tunnel Road,Asheville,NC,28805,1-828-2985611,https://www.ihg.com/holidayinn/hotels/us/en/asheville/avlea/hoteldetail,https://www.ihg.com/holidayinn/hotels/us/en/asheville/avlea/hoteldetail,OFFICIAL_PROPERTY,2026-09-13,,,"Pets are welcome at Holiday Inn Asheville East-Blue Ridge PKWY. Pet policy description. Must book King Pet Friendly or 2 Queen Pet Friendly. Pet Friendly rms may sell out. Pets must be registered. No pet should be left unattended. Owner assumes financial responsibility for all damage or noise complaint. 50 per night fee, max 150 per wk. Pet fee per night: 50 USD Pet weight limit: 50 2 pets allowed Pets allowed: Only dogs and cats allowed",,asheville-nc
Holiday Inn Express & Suites Asheville SW - Outlet Ctr Area,pet-friendly-hotels,12 Rocky Ridge Road,Asheville,NC,28806,1-828-6656519,https://www.ihg.com/holidayinnexpress/hotels/us/en/asheville/avlbm/hoteldetail,https://www.ihg.com/holidayinnexpress/hotels/us/en/asheville/avlbm/hoteldetail,OFFICIAL_PROPERTY,2026-09-13,,,"Pets are welcome at Holiday Inn Express & Suites Asheville SW - Outlet Ctr Area. Pet policy description. Dogs are welcome with a non refundable pet fee of 30 USD per dog per day. Up to two dogs per room, with a weight limit of 35 lbs. Please request a dog friendly room and advise the front desk during check in. Dogs are not allowed to be left unattended. Pet fee per night: 30 USD Pet weight limit: 35 2 pets allowed Pets allowed: Only dogs allowed",,asheville-nc
Holiday Inn Express Asheville - Woodfin,pet-friendly-hotels,4 Reynolds Mountain Boulevard,Asheville,NC,28804,1-828-3679650,https://www.ihg.com/holidayinnexpress/hotels/us/en/asheville/avlrm/hoteldetail,https://www.ihg.com/holidayinnexpress/hotels/us/en/asheville/avlrm/hoteldetail,OFFICIAL_PROPERTY,2026-09-13,,,Pets are welcome at Holiday Inn Express Asheville - Woodfin. Pet policy description. Pets are allowed. 50 USD per night per pet. Weight limit is 50 pounds. Maximum of 2 pets per room. Pet friendly room required to bring a pet. Pet fee per night: 50 USD Pet damage deposit: 50 USD Pet weight limit: 50 2 pets allowed Pets allowed: Only dogs and cats allowed,,asheville-nc
Home2 Suites by Hilton Asheville Airport,pet-friendly-hotels,390 Airport Road,Arden,NC,28704,+1 828-676-1776,https://www.hilton.com/en/hotels/avlaaht-home2-suites-asheville-airport/,https://www.hilton.com/en/hotels/avlaaht-home2-suites-asheville-airport/,OFFICIAL_PROPERTY,2026-09-13,,,"Pets allowed, $75.00 non-refundable fee, 75 lbs maximum, $75(1-4n), $125(5+n) 2pets Max, dog/cat only",,asheville-nc
Home2 Suites by Hilton Asheville Biltmore Village,pet-friendly-hotels,61 Thompson Street,Asheville,NC,28803,+1 828-348-1560,https://www.hilton.com/en/hotels/avlvlht-home2-suites-asheville-biltmore-village/,https://www.hilton.com/en/hotels/avlvlht-home2-suites-asheville-biltmore-village/,OFFICIAL_PROPERTY,2026-09-13,,,"Pets allowed, $125.00 non-refundable fee, 125 lbs maximum, $75(1-4n),$125(5+n)2petsMax,dog/cat only",,asheville-nc
Homewood Suites by Hilton Asheville-Tunnel Road,pet-friendly-hotels,88 Tunnel Road,Asheville,NC,28805,+1 828-252-5400,https://www.hilton.com/en/hotels/avlhwhw-homewood-suites-asheville-tunnel-road/,https://www.hilton.com/en/hotels/avlhwhw-homewood-suites-asheville-tunnel-road/,OFFICIAL_PROPERTY,2026-09-13,,,"Pets allowed, $75.00 non-refundable fee, $75(1-4n),$125(5+n) 2petsMax,dog/cat only",,asheville-nc
Hotel Indigo Asheville Downtown,pet-friendly-hotels,151 Haywood Street,Asheville,NC,28801,1-828-2390239,https://www.ihg.com/hotelindigo/hotels/us/en/asheville/avlin/hoteldetail,https://www.ihg.com/hotelindigo/hotels/us/en/asheville/avlin/hoteldetail,OFFICIAL_PROPERTY,2026-09-13,,,"Pets are welcome at Hotel Indigo Asheville Downtown. Pet policy description. Upon arrival, a non refundable fee of 75 dollars plux tax will be applied to your account. This fee excludes trained service animals but does apply for Emotional Support Animals. Well behaved pets up to 125lbs are welcome. Pet fee per night: 75 USD Pet damage deposit: 75 USD Pet weight limit: 125 1 pets allowed Pets allowed: Only dogs and cats allowed",,asheville-nc
Kimpton Hotel Arras,pet-friendly-hotels,7 Patton Avenue,Asheville,NC,28801,1-828-2550303,https://www.ihg.com/kimptonhotels/hotels/us/en/hotel-arras-asheville-nc/avlpa/hoteldetail,https://www.ihg.com/kimptonhotels/hotels/us/en/hotel-arras-asheville-nc/avlpa/hoteldetail,OFFICIAL_PROPERTY,2026-09-13,,,"Pets are welcome at Kimpton Hotel Arras. Pet policy description. We accept all pets, no additional charge for pets, no deposit required. No size or weight limit. No limit to number of pets allowed.",,asheville-nc
Renaissance Asheville Downtown Hotel,pet-friendly-hotels,31 Woodfin Street,Asheville,NC,28801,+18282528211,https://www.marriott.com/en-us/hotels/avlbr-renaissance-asheville-downtown-hotel/overview/,https://www.marriott.com/en-us/hotels/avlbr-renaissance-asheville-downtown-hotel/overview/,OFFICIAL_PROPERTY,2026-09-13,,,Pet Policy | Pets Welcome | Welcome to our Pet Friendly Hotel in Asheville! Pets cannot be left unattended. | Non-Refundable Pet Fee Per Night: $50.00 | Maximum Pet Weight: 60.0lbs | Maximum Number of Pets in Room: 2,,asheville-nc
Residence Inn by Marriott Asheville Biltmore,pet-friendly-hotels,701 Biltmore Avenue,Asheville,NC,28803,+1 828-281-3361,https://www.marriott.com/en-us/hotels/avlri-residence-inn-asheville-biltmore/overview/,https://www.marriott.com/en-us/hotels/avlri-residence-inn-asheville-biltmore/overview/,OFFICIAL_PROPERTY,2026-09-13,,,Pet Policy | Pets Welcome | Pets 100 pounds or less allowed with USD 75 non-refundable fee per stay | Non-Refundable Pet Fee Per Stay: $75.00 | Maximum Pet Weight: 100.0lbs,,asheville-nc
Spark by Hilton Asheville Blue Ridge Parkway,pet-friendly-hotels,1435 Tunnel Road,Asheville,NC,28805,+1 828-298-4000,https://www.hilton.com/en/hotels/avlaepe-spark-asheville-blue-ridge-parkway/,https://www.hilton.com/en/hotels/avlaepe-spark-asheville-blue-ridge-parkway/,OFFICIAL_PROPERTY,2026-09-13,,,"Pets allowed, $75.00 non-refundable fee, $75(1-4 nights), $125(5+ Nights) 2 pets Maximum- dog/cat only",,asheville-nc
"The Flat Iron Hotel, a Member of Design Hotels",pet-friendly-hotels,20 Battery Park Ave,Asheville,NC,28801,+1-828-579-2106,https://www.marriott.com/en-us/hotels/avlfh-the-flat-iron-hotel-a-member-of-design-hotels/overview/,https://www.marriott.com/en-us/hotels/avlfh-the-flat-iron-hotel-a-member-of-design-hotels/overview/,OFFICIAL_PROPERTY,2026-09-13,,,Pet Policy | Pets Welcome | 2 pets 75lbs max per pet per room with non-refundable fee | Maximum Pet Weight: 75.0lbs | Maximum Number of Pets in Room: 2,,asheville-nc
"The Foundry Hotel Asheville, Curio Collection by Hilton",pet-friendly-hotels,51 South Market Street,Asheville,NC,28801,+1 828-552-8545,https://www.hilton.com/en/hotels/avlcuqq-the-foundry-hotel-asheville/,https://www.hilton.com/en/hotels/avlcuqq-the-foundry-hotel-asheville/,OFFICIAL_PROPERTY,2026-09-13,,,"Pets allowed, $75.00 non-refundable fee, Dogs Only",,asheville-nc
The Omni Grove Park Inn & Spa,pet-friendly-hotels,290 Macon Avenue,Asheville,NC,28804,+1-828-252-2711,https://www.omnihotels.com/hotels/asheville-grove-park/property-details/policies,https://www.omnihotels.com/hotels/asheville-grove-park/property-details/policies,OFFICIAL_PROPERTY,2026-09-13,,,"Registered dog guests are welcome at The Omni Grove Park Inn & Spa. Pet rooms are limited and are based on availability. Two dogs up to 60 lbs. each may be registered to a room, if a valid credit card is on file. Please note that our pet policy extends only to dogs. No other animals are allowed. Guests are required to sign a document accepting complete financial responsibility for any damage, personal injury or disturbance caused by the dog(s). Each room with a dog(s) will be charged a cleaning charge of $350 per stay (the charge is per room not per dog).",,asheville-nc
"The Radical Asheville, Tapestry Collection by Hilton",pet-friendly-hotels,95 Roberts Street,Asheville,NC,28801,+1 828-412-0200,https://www.hilton.com/en/hotels/avlupup-the-radical-asheville/,https://www.hilton.com/en/hotels/avlupup-the-radical-asheville/,OFFICIAL_PROPERTY,2026-09-13,,,"Pets allowed, $75.00 non-refundable fee, 50 lbs maximum",,asheville-nc
The Windsor Boutique Hotel,pet-friendly-hotels,36 Broadway,Asheville,NC,28801,+1 844 494 6376,https://windsorasheville.com/faq,https://windsorasheville.com/faq,OFFICIAL_PROPERTY,2026-09-13,,,"We’re happy to welcome dogs in our designated pet-friendly King Suites! A fee of $50 per pet, per night applies and includes the use of a dog bed along with food and water bowls during your stay.",,asheville-nc
TownePlace Suites by Marriott Asheville Downtown,pet-friendly-hotels,39 Elm Street,Asheville,NC,28801,+1 828-407-4200,https://www.marriott.com/en-us/hotels/avlts-towneplace-suites-asheville-downtown/overview/,https://www.marriott.com/en-us/hotels/avlts-towneplace-suites-asheville-downtown/overview/,OFFICIAL_PROPERTY,2026-09-13,,,Pet Policy | Pets Welcome | 2 pets 75bs maximum per room | Non-Refundable Pet Fee Per Stay: $75.00 | Maximum Pet Weight: 50.0lbs | Maximum Number of Pets in Room: 2,,asheville-nc
TownePlace Suites by Marriott Asheville West,pet-friendly-hotels,141 South Bear Creek Road,Asheville,NC,28806,+1 828-575-9900,https://www.marriott.com/en-us/hotels/avlta-towneplace-suites-asheville-west/overview/,https://www.marriott.com/en-us/hotels/avlta-towneplace-suites-asheville-west/overview/,OFFICIAL_PROPERTY,2026-09-13,,,Pet Policy | Pets Welcome | 2 pets maximum per room with 75USD Non Refundable fee per room per stay | Non-Refundable Pet Fee Per Stay: $75.00 | Maximum Number of Pets in Room: 2,,asheville-nc
Tru by Hilton Asheville Blue Ridge Parkway,pet-friendly-hotels,1500 Tunnel Road,Asheville,NC,28805,+1 828-417-9700,https://www.hilton.com/en/hotels/avletru-tru-asheville-blue-ridge-parkway/,https://www.hilton.com/en/hotels/avletru-tru-asheville-blue-ridge-parkway/,OFFICIAL_PROPERTY,2026-09-13,,,"Pets allowed, $75.00 non-refundable fee, $75(1-4n),$125(5+n) 2petsMaxdog/cat only",,asheville-nc
Ac Hotel Charlotte City Center,pet-friendly-hotels,220 East Trade Street,Charlotte,NC,28202,+17043484002,https://www.marriott.com/en-us/hotels/cltad-ac-hotel-charlotte-city-center/overview/,https://www.marriott.com/en-us/hotels/cltad-ac-hotel-charlotte-city-center/overview/,OFFICIAL_PROPERTY,2026-09-10,,,Pets Welcome Non-refundable one-time $100 pet fee. Maximum Pet Weight: 65.0lbs Maximum Number of Pets in Room: 2,,charlotte-nc
Ac Hotel Charlotte Southpark,pet-friendly-hotels,1824 Roxborough Road,Charlotte,NC,28211,+19802812080,https://www.marriott.com/en-us/hotels/cltat-ac-hotel-charlotte-southpark/overview/,https://www.marriott.com/en-us/hotels/cltat-ac-hotel-charlotte-southpark/overview/,OFFICIAL_PROPERTY,2026-09-10,,,Pets Welcome $150 maximum per stay. Non-Refundable Pet Fee Per Night: $50.00 Maximum Number of Pets in Room: 2,,charlotte-nc
Aloft by Marriott Charlotte Airport,pet-friendly-hotels,3928 Memorial Parkway,Charlotte,NC,28217,+19802795550,https://www.marriott.com/en-us/hotels/cltap-aloft-charlotte-airport/overview/,https://www.marriott.com/en-us/hotels/cltap-aloft-charlotte-airport/overview/,OFFICIAL_PROPERTY,2026-09-10,,,Pets Welcome maximum 2 pets (40lbs) Non-Refundable Pet Fee Per Night: $50.00 Maximum Pet Weight: 40.0lbs Maximum Number of Pets in Room: 2,,charlotte-nc
Aloft by Marriott Charlotte Ballantyne,pet-friendly-hotels,13139 Ballantyne Corporate Place,Charlotte,NC,28277,+17042472222,https://www.marriott.com/en-us/hotels/cltal-aloft-charlotte-ballantyne/overview/,https://www.marriott.com/en-us/hotels/cltal-aloft-charlotte-ballantyne/overview/,OFFICIAL_PROPERTY,2026-09-10,,,Pets Welcome Cannot leave pet unattended. Fee for pets other than dogs. Maximum Pet Weight: 40.0lbs Maximum Number of Pets in Room: 2,,charlotte-nc
Aloft by Marriott Charlotte City Center,pet-friendly-hotels,210  East Trade Street,Charlotte,NC,28202,+17043331999,https://www.marriott.com/en-us/hotels/cltul-aloft-charlotte-city-center/overview/,https://www.marriott.com/en-us/hotels/cltul-aloft-charlotte-city-center/overview/,OFFICIAL_PROPERTY,2026-09-10,,,Pets Welcome 2 pets allowed (40 pounds or less); USD 50 non-refundable fee per night Maximum Pet Weight: 40.0lbs Maximum Number of Pets in Room: 2,,charlotte-nc
avid hotels Fort Mill - Carowinds Blvd,pet-friendly-hotels,154 Springhill Farm Road,Fort Mill,SC,29715,(803) 228-9235,https://www.ihg.com/avidhotels/hotels/us/en/fort-mill/cltav/hoteldetail,https://www.ihg.com/avidhotels/hotels/us/en/fort-mill/cltav/hoteldetail,OFFICIAL_PROPERTY,2026-09-10,,,Pets are welcome but we do ask that they be kept in a carrier or on a leash at all times. Please stop by the front desk for additional details.,,charlotte-nc
Candlewood Suites Charlotte - Arrowood,pet-friendly-hotels,7926 Forest Pine Drive,Charlotte,NC,28273,1-704-5213232,https://www.ihg.com/candlewood/hotels/us/en/charlotte/cltfr/hoteldetail,https://www.ihg.com/candlewood/hotels/us/en/charlotte/cltfr/hoteldetail,OFFICIAL_PROPERTY,2026-09-10,,,Pets are welcome! A max of 2 pets per room at 60 lbs each. Registration is required at check in. A non refundable fee of 75 per pet for a 1 to 6 night stay or 7 or more nights is 150 per pet will be charged non inclusive of tax.,,charlotte-nc
Candlewood Suites Fort Mill-Amusement Park Area,pet-friendly-hotels,3695 Foothills Way,Fort Mill,SC,29708,1-803-5482401,https://www.ihg.com/candlewood/hotels/us/en/fort-mill/cltfm/hoteldetail,https://www.ihg.com/candlewood/hotels/us/en/fort-mill/cltfm/hoteldetail,OFFICIAL_PROPERTY,2026-09-10,,,Pets are welcome at Candlewood Suites Fort Mill-Amusement Park Area.,,charlotte-nc
Candlewood Suites Huntersville-Lake Norman Area,pet-friendly-hotels,16530 Northcross Drive,Huntersville,NC,28078,1-704-8953434,https://www.ihg.com/candlewood/hotels/us/en/huntersville/huncw/hoteldetail,https://www.ihg.com/candlewood/hotels/us/en/huntersville/huncw/hoteldetail,OFFICIAL_PROPERTY,2026-09-10,,,Pets are welcome at Candlewood Suites Huntersville-Lake Norman Area.,,charlotte-nc
Canopy by Hilton Charlotte Southpark,pet-friendly-hotels,4905 Barclay Downs Drive,Charlotte,NC,28210,+1 704-552-1715,https://www.hilton.com/en/hotels/cltpypy-canopy-charlotte-southpark/,https://www.hilton.com/en/hotels/cltpypy-canopy-charlotte-southpark/,OFFICIAL_PROPERTY,2026-09-10,,,"Pets allowed, $75.00 non-refundable fee, 75 lbs maximum",,charlotte-nc
Charlotte Marriott City Center,pet-friendly-hotels,100 West Trade Street,Charlotte,NC,28202,+17043339000,https://www.marriott.com/en-us/hotels/cltcc-charlotte-marriott-city-center/overview/,https://www.marriott.com/en-us/hotels/cltcc-charlotte-marriott-city-center/overview/,OFFICIAL_PROPERTY,2026-09-10,,,Pets Welcome Dogs may not be left alone in room Non-Refundable Pet Fee Per Stay: $50.00 Maximum Pet Weight: 50.0lbs Maximum Number of Pets in Room: 2,,charlotte-nc
Charlotte Marriott Southpark,pet-friendly-hotels,2200 Rexford Road,Charlotte,NC,28211,+17043648220,https://www.marriott.com/en-us/hotels/cltph-charlotte-marriott-southpark/overview/,https://www.marriott.com/en-us/hotels/cltph-charlotte-marriott-southpark/overview/,OFFICIAL_PROPERTY,2026-09-10,,,Pets Welcome $150 maximum per stay. Non-Refundable Pet Fee Per Stay: $75.00 Maximum Number of Pets in Room: 2,,charlotte-nc
Courtyard by Marriott Charlotte Airport North,pet-friendly-hotels,1625 N Josh Birmingham Pkwy,Charlotte,NC,28214,+17043199900,https://www.marriott.com/en-us/hotels/cltca-courtyard-charlotte-airport-north/overview/,https://www.marriott.com/en-us/hotels/cltca-courtyard-charlotte-airport-north/overview/,OFFICIAL_PROPERTY,2026-09-10,,,Pets Welcome Pets cannot be left unattended in the room. Non-Refundable Pet Fee Per Stay: $45.00 Maximum Pet Weight: 60.0lbs Maximum Number of Pets in Room: 2,,charlotte-nc
Courtyard by Marriott Charlotte Arrowood,pet-friendly-hotels,800 West Arrowood Road,Charlotte,NC,28217,+17045275055,https://www.marriott.com/en-us/hotels/cltaw-courtyard-charlotte-arrowood/overview/,https://www.marriott.com/en-us/hotels/cltaw-courtyard-charlotte-arrowood/overview/,OFFICIAL_PROPERTY,2026-09-10,,,Pets Welcome Pet fee $20/day with $100/stay nonrefundable clean fee excludes Service Animals Non-Refundable Pet Fee Per Stay: $100.00 Non-Refundable Pet Fee Per Night: $20.00 Maximum Pet Weight: 40.0lbs,,charlotte-nc
Courtyard by Marriott Charlotte Gastonia,pet-friendly-hotels,1856 Remount Road,Gastonia,NC,28054,+17048524411,https://www.marriott.com/en-us/hotels/cltcg-courtyard-charlotte-gastonia/overview/,https://www.marriott.com/en-us/hotels/cltcg-courtyard-charlotte-gastonia/overview/,OFFICIAL_PROPERTY,2026-09-10,,,Pets Welcome Pet Policy: $75 USD non-refundable fee per stay. Max 2 pets per room. Maximum Pet Weight: 70.0lbs Maximum Number of Pets in Room: 2,,charlotte-nc
Courtyard by Marriott Charlotte Northlake,pet-friendly-hotels,9110 Harris Corners Parkway,Charlotte,NC,28269,+17047199494,https://www.marriott.com/en-us/hotels/cltno-courtyard-charlotte-northlake/overview/,https://www.marriott.com/en-us/hotels/cltno-courtyard-charlotte-northlake/overview/,OFFICIAL_PROPERTY,2026-09-10,,,Pets Welcome Non-Refundable Pet Fee Per Stay: $100.00,,charlotte-nc
Courtyard by Marriott Charlotte SouthPark,pet-friendly-hotels,6023 Park South Drive,Charlotte,NC,28210,+17045527333,https://www.marriott.com/en-us/hotels/cltex-courtyard-charlotte-southpark/overview/,https://www.marriott.com/en-us/hotels/cltex-courtyard-charlotte-southpark/overview/,OFFICIAL_PROPERTY,2026-09-10,,,Pets Welcome Pet fee $20/day with $100/stay nonrefundable clean fee excludes Service Animals Non-Refundable Pet Fee Per Stay: $100.00 Non-Refundable Pet Fee Per Night: $20.00 Maximum Pet Weight: 50.0lbs,,charlotte-nc
DoubleTree by Hilton South Charlotte Tyvola,pet-friendly-hotels,5624 Westpark Drive,Charlotte,NC,28217,+1 704-527-8000,https://www.hilton.com/en/hotels/cltcedt-doubletree-south-charlotte-tyvola/,https://www.hilton.com/en/hotels/cltcedt-doubletree-south-charlotte-tyvola/,OFFICIAL_PROPERTY,2026-09-10,,,"Pets allowed, $75.00 non-refundable fee, 50 lbs maximum, Only cats & dogs allowed. Service animals allowed. Pet charge of $75 USD (1-4 nights), $125 USD (5+ nights).",,charlotte-nc
Drury Inn & Suites Charlotte Arrowood,pet-friendly-hotels,8925 Red Oak Blvd,Charlotte,NC,28217,(704) 561-7499,https://www.druryhotels.com/locations/charlotte-nc/drury-inn-and-suites-charlotte-arrowood,https://www.druryhotels.com/locations/charlotte-nc/drury-inn-and-suites-charlotte-arrowood,OFFICIAL_PROPERTY,2026-09-10,,,Dogs and cats accepted. Rooms with pets will be charged a daily fee of $65 before tax for one pet and $75 before tax for 2 pets in the room. Service animals are free of charge. Limit two pets per room with a combined weight of 80 pounds.Â Details here,,charlotte-nc
Drury Inn & Suites Charlotte Northlake,pet-friendly-hotels,6920 Northlake Mall Drive,Charlotte,NC,28216,(704) 599-8882,https://www.druryhotels.com/locations/charlotte-nc/drury-inn-and-suites-charlotte-northlake,https://www.druryhotels.com/locations/charlotte-nc/drury-inn-and-suites-charlotte-northlake,OFFICIAL_PROPERTY,2026-09-10,,,Dogs and cats accepted. Rooms with pets will be charged a daily fee of $65 before tax for one pet and $75 before tax for 2 pets in the room. Service animals are free of charge. Limit two pets per room with a combined weight of 80 pounds.Â Details here,,charlotte-nc
Drury Inn & Suites Charlotte University Place,pet-friendly-hotels,415 West W T Harris Blvd,Charlotte,NC,28262,(704) 593-0700,https://www.druryhotels.com/locations/charlotte-nc/drury-inn-and-suites-charlotte-university-place,https://www.druryhotels.com/locations/charlotte-nc/drury-inn-and-suites-charlotte-university-place,OFFICIAL_PROPERTY,2026-09-10,,,Dogs and cats accepted. Rooms with pets will be charged a daily fee of $50 per room plus tax. Service animals are free of charge. Limit of two pets per room with a combined weight of 80 pounds. Details here,,charlotte-nc
Element by Marriott Charlotte Uptown,pet-friendly-hotels,650 S Caldwell Street,Charlotte,NC,28203,+19807851900,https://www.marriott.com/en-us/hotels/clteu-element-charlotte-uptown/overview/,https://www.marriott.com/en-us/hotels/clteu-element-charlotte-uptown/overview/,OFFICIAL_PROPERTY,2026-09-10,,,Pets Welcome 2 pets maximum per room up to 50 pounds. Non-Refundable Pet Fee Per Night: $50.00 Maximum Pet Weight: 50.0lbs Maximum Number of Pets in Room: 2,,charlotte-nc
Embassy Suites by Hilton Charlotte,pet-friendly-hotels,4800 South Tryon Street,Charlotte,NC,28217,+1 704-527-8400,https://www.hilton.com/en/hotels/clttyes-embassy-suites-charlotte/,https://www.hilton.com/en/hotels/clttyes-embassy-suites-charlotte/,OFFICIAL_PROPERTY,2026-09-10,,,"Pets allowed, $75.00 non-refundable fee, 20 lbs maximum, $75(1-4n), $125(5+n) dog/cat only",,charlotte-nc
Embassy Suites by Hilton Charlotte Ayrsley,pet-friendly-hotels,1917 Ayrsley Town Boulevard,Charlotte,NC,28273,+1 704-970-5400,https://www.hilton.com/en/hotels/clttbes-embassy-suites-charlotte-ayrsley/,https://www.hilton.com/en/hotels/clttbes-embassy-suites-charlotte-ayrsley/,OFFICIAL_PROPERTY,2026-09-10,,,"Pets allowed, $75.00 non-refundable fee, $75(1-4n),$125(5+n)2petsMax,dog/cat only",,charlotte-nc
Embassy Suites by Hilton Charlotte Uptown,pet-friendly-hotels,401 East Martin Luther King Jr.,Charlotte,NC,28202,+1 704-940-2517,https://www.hilton.com/en/hotels/cltmles-embassy-suites-charlotte-uptown/,https://www.hilton.com/en/hotels/cltmles-embassy-suites-charlotte-uptown/,OFFICIAL_PROPERTY,2026-09-10,,,"Pets allowed, $75.00 non-refundable fee, 35 lbs maximum, $75(1-4n),$125(5+n)2petsMax,dog/cat only",,charlotte-nc
Fairfield by Marriott Inn & Suites Charlotte Matthews,pet-friendly-hotels,8540 East Independence Boulevard,Charlotte,NC,28227,+19802459200,https://www.marriott.com/en-us/hotels/cltfm-fairfield-inn-and-suites-charlotte-matthews/overview/,https://www.marriott.com/en-us/hotels/cltfm-fairfield-inn-and-suites-charlotte-matthews/overview/,OFFICIAL_PROPERTY,2026-09-10,,,Pets Welcome $50 per pet per night (max 2 pets per night under 25lbs) Non-Refundable Pet Fee Per Night: $50.00 Maximum Pet Weight: 25.0lbs Maximum Number of Pets in Room: 2,,charlotte-nc
Fairfield by Marriott Inn & Suites Charlotte Pineville,pet-friendly-hotels,12228 Park Road,Pineville,NC,28134,+17049006007,https://www.marriott.com/en-us/hotels/cltpv-fairfield-inn-and-suites-charlotte-pineville/overview/,https://www.marriott.com/en-us/hotels/cltpv-fairfield-inn-and-suites-charlotte-pineville/overview/,OFFICIAL_PROPERTY,2026-09-10,,,Pets Welcome The fee for stays of 5 plus nights at our pet friendly Pineville hotel is $125. Non-Refundable Pet Fee Per Stay: $75.00 Maximum Pet Weight: 75.0lbs Maximum Number of Pets in Room: 1,,charlotte-nc
Four Points by Sheraton Charlotte - Lake Norman,pet-friendly-hotels,16508 Northcross Drive,Huntersville,NC,28078,+17047662500,https://www.marriott.com/en-us/hotels/cltfo-four-points-charlotte-lake-norman/overview/,https://www.marriott.com/en-us/hotels/cltfo-four-points-charlotte-lake-norman/overview/,OFFICIAL_PROPERTY,2026-09-10,,,Pets Welcome Hotel Pet Policy Maximum Pet Weight: 25.0lbs Maximum Number of Pets in Room: 2,,charlotte-nc
"Grand Bohemian Charlotte, Autograph Collection",pet-friendly-hotels,201 West Trade Street,Charlotte,NC,28202,+17043721877,https://www.marriott.com/en-us/hotels/cltak-grand-bohemian-charlotte-autograph-collection/overview/,https://www.marriott.com/en-us/hotels/cltak-grand-bohemian-charlotte-autograph-collection/overview/,OFFICIAL_PROPERTY,2026-09-10,,,Pets Welcome Dogs Only. Up to 2 dogs 30 lbs max each with $150 fee ($200 for 2) Non-Refundable Pet Fee Per Stay: $150.00 Maximum Pet Weight: 30.0lbs Maximum Number of Pets in Room: 2,,charlotte-nc
Hampton Inn & Suites by Hilton Charlotte North I 485,pet-friendly-hotels,7911 W WT Harris Blvd,Charlotte,NC,28216,+1 704-395-9433,https://www.hilton.com/en/hotels/cltnlhx-hampton-suites-charlotte-north-i-485/,https://www.hilton.com/en/hotels/cltnlhx-hampton-suites-charlotte-north-i-485/,OFFICIAL_PROPERTY,2026-09-10,,,"Pets allowed, $75.00 non-refundable fee, 75 lbs maximum, $75(1-4n),$125(4+n)2petsMax,dog/cat only",,charlotte-nc
Hampton Inn & Suites Charlotte-Arrowood Rd.,pet-friendly-hotels,9110 Southern Pine Boulevard,Charlotte,NC,28273,+1 704-525-3333,https://www.hilton.com/en/hotels/clthshx-hampton-suites-charlotte-arrowood-rd/,https://www.hilton.com/en/hotels/clthshx-hampton-suites-charlotte-arrowood-rd/,OFFICIAL_PROPERTY,2026-09-10,,,"Pets allowed, $75.00 non-refundable fee, Guests Staying 1-4 Nights: $75/Stay. Guests Staying 5+ Nights: $125/Stay. Prices are exclusive of applicable taxes.",,charlotte-nc
Hampton Inn & Suites Charlotte/Ballantyne,pet-friendly-hotels,11935 North Community House Rd,Charlotte,NC,28277,+1 704-372-2226,https://www.hilton.com/en/hotels/clttohx-hampton-suites-charlotte-ballantyne/,https://www.hilton.com/en/hotels/clttohx-hampton-suites-charlotte-ballantyne/,OFFICIAL_PROPERTY,2026-09-10,,,"Pets allowed, $75.00 non-refundable fee, $75(1-4 nights), $125(5+ nights) 2petsMax,dog/cat only",,charlotte-nc
Hampton Inn & Suites Charlotte/SouthPark at Phillips Place,pet-friendly-hotels,6700 Phillips Place Court,Charlotte,NC,28210,+1 704-319-5700,https://www.hilton.com/en/hotels/cltsphx-hampton-suites-charlotte-southpark-at-phillips-place/,https://www.hilton.com/en/hotels/cltsphx-hampton-suites-charlotte-southpark-at-phillips-place/,OFFICIAL_PROPERTY,2026-09-10,,,"Pets allowed, $75.00 non-refundable fee, 75 lbs maximum, $75(1-4n),$125(5+n) 2petsMax,dog/cat only",,charlotte-nc
Hampton Inn & Suites Charlotte Steele Creek,pet-friendly-hotels,6220 Caden Rd,Charlotte,NC,28278,+1 704-919-1800,https://www.hilton.com/en/hotels/cltsthx-hampton-suites-charlotte-steele-creek/,https://www.hilton.com/en/hotels/cltsthx-hampton-suites-charlotte-steele-creek/,OFFICIAL_PROPERTY,2026-09-10,,,"Pets allowed, $75.00 non-refundable fee",,charlotte-nc
Hampton Inn & Suites Concord Charlotte,pet-friendly-hotels,9850 Weddington Road Extension,Concord,NC,28027,+1 704-979-5600,https://www.hilton.com/en/hotels/cltkghx-hampton-suites-concord-charlotte/,https://www.hilton.com/en/hotels/cltkghx-hampton-suites-concord-charlotte/,OFFICIAL_PROPERTY,2026-09-10,,,"Pets allowed, $75.00 non-refundable fee, $75(1-4n),$125(5+n) 2petsMax,dog/cat onl",,charlotte-nc
Hampton Inn & Suites Fort Mill,pet-friendly-hotels,1520 Carolina Place Drive,Fort Mill,SC,29708,+1 803-578-2600,https://www.hilton.com/en/hotels/cltfmhx-hampton-suites-fort-mill/,https://www.hilton.com/en/hotels/cltfmhx-hampton-suites-fort-mill/,OFFICIAL_PROPERTY,2026-09-10,,,"Pets allowed, $75.00 non-refundable fee, $75(1-na),$125(5+n) 2petsMax,dog/cat only",,charlotte-nc
Hampton Inn & Suites Huntersville,pet-friendly-hotels,10305 Wilmington Street,Huntersville,NC,28078,+1 704-947-5510,https://www.hilton.com/en/hotels/clthvhx-hampton-suites-huntersville/,https://www.hilton.com/en/hotels/clthvhx-hampton-suites-huntersville/,OFFICIAL_PROPERTY,2026-09-10,,,"Pets allowed, $75.00 non-refundable fee, 75 lbs maximum, $75(1-4n),$125(5+n) 2petsMax,dog/cat only",,charlotte-nc
Hampton Inn Charlotte-Belmont @ Montcross,pet-friendly-hotels,820 Cecilia Alexander Dr.,Belmont,NC,28012,+1 704-825-6100,https://www.hilton.com/en/hotels/cltblhx-hampton-charlotte-belmont-at-montcross/,https://www.hilton.com/en/hotels/cltblhx-hampton-charlotte-belmont-at-montcross/,OFFICIAL_PROPERTY,2026-09-10,,,"Pets allowed, $75.00 non-refundable fee, 75 lbs maximum, $75(1-4n),$125(5n+) 2petsMax,dog/cat only",,charlotte-nc
Hampton Inn Charlotte/Matthews,pet-friendly-hotels,9615 Independence Pointe Pkwy,Matthews,NC,28105,+1 704-841-1155,https://www.hilton.com/en/hotels/cltmhhx-hampton-charlotte-matthews/,https://www.hilton.com/en/hotels/cltmhhx-hampton-charlotte-matthews/,OFFICIAL_PROPERTY,2026-09-10,,,"Pets allowed, $75.00 non-refundable fee",,charlotte-nc
Hampton Inn Charlotte-North/Lake Norman,pet-friendly-hotels,19501 Statesville Road,Cornelius,NC,28031,+1 704-892-9900,https://www.hilton.com/en/hotels/cltcrhx-hampton-charlotte-north-lake-norman/,https://www.hilton.com/en/hotels/cltcrhx-hampton-charlotte-north-lake-norman/,OFFICIAL_PROPERTY,2026-09-10,,,"Pets allowed, $75.00 non-refundable fee, 75 lbs maximum, $75(1-4n),$125(5+n) 2petsMax,dog/cat only",,charlotte-nc
Hampton Inn Charlotte-University Place,pet-friendly-hotels,8419 N. Tryon Street,Charlotte,NC,28262,+1 704-548-0905,https://www.hilton.com/en/hotels/cltuvhx-hampton-charlotte-university-place/,https://www.hilton.com/en/hotels/cltuvhx-hampton-charlotte-university-place/,OFFICIAL_PROPERTY,2026-09-10,,,"Pets allowed, $50.00 non-refundable fee, $50(1-4n),$75(5+n) 2petsMax,dog/cat only",,charlotte-nc
Hampton Inn Charlotte-Uptown,pet-friendly-hotels,530 E. Martin Luther King Jr. Blvd.,Charlotte,NC,28202,+1 704-373-0917,https://www.hilton.com/en/hotels/cltuthx-hampton-charlotte-uptown/,https://www.hilton.com/en/hotels/cltuthx-hampton-charlotte-uptown/,OFFICIAL_PROPERTY,2026-09-10,,,"Pets allowed, $75.00 non-refundable fee, 50 lbs maximum, $75.00 for up to two pets in one room (1-4 nights)",,charlotte-nc
Hampton Inn Concord/Kannapolis,pet-friendly-hotels,612 Dickens Place NE,Concord,NC,28025,+1 704-793-9700,https://www.hilton.com/en/hotels/cltcdhx-hampton-concord-kannapolis/,https://www.hilton.com/en/hotels/cltcdhx-hampton-concord-kannapolis/,OFFICIAL_PROPERTY,2026-09-10,,,"Pets allowed, $75.00 non-refundable fee, $75.00 non-refundable fee for 1-4 nights, $125 for 5+ nights.",,charlotte-nc
Hilton Charlotte Airport,pet-friendly-hotels,2800 Coliseum Centre Dr.,Charlotte,NC,28217,+1 704-357-1414,https://www.hilton.com/en/hotels/cltachh-hilton-charlotte-airport/,https://www.hilton.com/en/hotels/cltachh-hilton-charlotte-airport/,OFFICIAL_PROPERTY,2026-09-10,,,"Pets allowed, $100.00 non-refundable fee, 65 lbs maximum, Up to 5 nights$10 each night thereafter",,charlotte-nc
Hilton Garden Inn Charlotte Airport,pet-friendly-hotels,2400 Cascade Pointe Boulevard,Charlotte,NC,28208,+1 704-790-7000,https://www.hilton.com/en/hotels/cltrtgi-hilton-garden-inn-charlotte-airport/,https://www.hilton.com/en/hotels/cltrtgi-hilton-garden-inn-charlotte-airport/,OFFICIAL_PROPERTY,2026-09-10,,,"Pets allowed, $75.00 non-refundable fee, $75(1-4n),$125(5+n)2petsMax,dog/cat only",,charlotte-nc
Hilton Garden Inn Charlotte Ayrsley,pet-friendly-hotels,1920 Ayrsley Town Blvd,Charlotte,NC,28273,+1 704-970-5000,https://www.hilton.com/en/hotels/cltaygi-hilton-garden-inn-charlotte-ayrsley/,https://www.hilton.com/en/hotels/cltaygi-hilton-garden-inn-charlotte-ayrsley/,OFFICIAL_PROPERTY,2026-09-10,,,"Pets allowed, $50.00 non-refundable fee, $50(1-4n),$75(5+n) 2petsMax,dog/cat only",,charlotte-nc
Hilton Garden Inn Charlotte Concord,pet-friendly-hotels,7831 Gateway Lane,Concord,NC,28027,+1 704-979-2900,https://www.hilton.com/en/hotels/cltcogi-hilton-garden-inn-charlotte-concord/,https://www.hilton.com/en/hotels/cltcogi-hilton-garden-inn-charlotte-concord/,OFFICIAL_PROPERTY,2026-09-10,,,"Pets allowed, $75.00 non-refundable fee, $75(1-4n),$75(5+n) 2petsMax,dog/cat only",,charlotte-nc
Hilton Garden Inn Charlotte North,pet-friendly-hotels,9315 Statesville Road,Charlotte,NC,28269,+1 704-597-7655,https://www.hilton.com/en/hotels/cltnhgi-hilton-garden-inn-charlotte-north/,https://www.hilton.com/en/hotels/cltnhgi-hilton-garden-inn-charlotte-north/,OFFICIAL_PROPERTY,2026-09-10,,,"Pets allowed, $75.00 non-refundable fee, $75(1-4n),$125(5+n)2petsMax,dog/cat only",,charlotte-nc
Hilton Garden Inn Charlotte Pineville,pet-friendly-hotels,425 Towne Centre Boulevard,Pineville,NC,28134,+1 704-889-3279,https://www.hilton.com/en/hotels/cltphgi-hilton-garden-inn-charlotte-pineville/,https://www.hilton.com/en/hotels/cltphgi-hilton-garden-inn-charlotte-pineville/,OFFICIAL_PROPERTY,2026-09-10,,,"Pets allowed, $75.00 non-refundable fee, 50 lbs maximum, $75(1-4 NIGHTS) - $125(5+ nights) 2 PETS MAX DOGS & CATS ONLY ALLOWED",,charlotte-nc
Hilton Garden Inn Charlotte Southpark,pet-friendly-hotels,4808 Sharon Road,Charlotte,NC,28210,+1 704-362-5080,https://www.hilton.com/en/hotels/cltskgi-hilton-garden-inn-charlotte-southpark/,https://www.hilton.com/en/hotels/cltskgi-hilton-garden-inn-charlotte-southpark/,OFFICIAL_PROPERTY,2026-09-10,,,"Pets allowed, $75.00 non-refundable fee, $75 1-4 nights/$125 5+ nights. Two pets maximum. Dogs/cats only.",,charlotte-nc
Hilton Garden Inn Charlotte Uptown,pet-friendly-hotels,508 E Martin Luther King Jr. Blvd,Charlotte,NC,28202,+1 704-347-5972,https://www.hilton.com/en/hotels/cltupgi-hilton-garden-inn-charlotte-uptown/,https://www.hilton.com/en/hotels/cltupgi-hilton-garden-inn-charlotte-uptown/,OFFICIAL_PROPERTY,2026-09-10,,,"Pets allowed, $75.00 non-refundable fee, 50 lbs maximum, $75, (2) pets max per room, dog/cat only",,charlotte-nc
Hilton Garden Inn Charlotte Waverly,pet-friendly-hotels,7415 Waverly Walk Avenue,Charlotte,NC,28277,+1 704-992-9900,https://www.hilton.com/en/hotels/cltcwgi-hilton-garden-inn-charlotte-waverly/,https://www.hilton.com/en/hotels/cltcwgi-hilton-garden-inn-charlotte-waverly/,OFFICIAL_PROPERTY,2026-09-10,,,"Pets allowed, $75.00 non-refundable fee, 75 lbs maximum, $75(1-4n),$150(5+n) 2pets Max,dog/cat",,charlotte-nc
Hilton Garden Inn Gastonia,pet-friendly-hotels,444 Cox Road,Gastonia,NC,28054,+1 704-810-1111,https://www.hilton.com/en/hotels/cltgagi-hilton-garden-inn-gastonia/,https://www.hilton.com/en/hotels/cltgagi-hilton-garden-inn-gastonia/,OFFICIAL_PROPERTY,2026-09-10,,,"Pets allowed, $75.00 non-refundable fee, Guests Staying 1-4 Nights: $75/Stay. Guests Staying 5+ Nights: $125/Stay. Prices are exclusive of applicable taxes.",,charlotte-nc
Hilton Garden Inn Steele Creek Charlotte,pet-friendly-hotels,4936 Trojan Dr.,Charlotte,NC,28278,+1 704-235-3035,https://www.hilton.com/en/hotels/clttdgi-hilton-garden-inn-steele-creek-charlotte/,https://www.hilton.com/en/hotels/clttdgi-hilton-garden-inn-steele-creek-charlotte/,OFFICIAL_PROPERTY,2026-09-10,,,"Pets allowed, $75.00 non-refundable fee, 0 lbs maximum, $75.00 non-refundable fee, Guests Staying 1-4 Nights: $75/Stay. Guests Staying 5+ Nights: $125/Stay. Prices are exclusive of applicable taxes.",,charlotte-nc
Holiday Inn Express & Suites Charlotte Arpt-Belmont by IHG,pet-friendly-hotels,250 Beatty Drive,Belmont,NC,28012,(704) 812-2000,https://www.ihg.com/holidayinnexpress/hotels/us/en/belmont/mthly/hoteldetail,https://www.ihg.com/holidayinnexpress/hotels/us/en/belmont/mthly/hoteldetail,OFFICIAL_PROPERTY,2026-09-10,,,Pets are welcome at Holiday Inn Express & Suites Charlotte Arpt-Belmont.,,charlotte-nc
Holiday Inn Express & Suites Charlotte - Ballantyne,pet-friendly-hotels,15139 Ballancroft Parkway,Charlotte,NC,28277,1-704-5419004,https://www.ihg.com/holidayinnexpress/hotels/us/en/charlotte/cltjr/hoteldetail,https://www.ihg.com/holidayinnexpress/hotels/us/en/charlotte/cltjr/hoteldetail,OFFICIAL_PROPERTY,2026-09-10,,,Pets are welcome at Holiday Inn Express & Suites Charlotte - Ballantyne.,,charlotte-nc
Holiday Inn Express Charlotte West - Gastonia,pet-friendly-hotels,1911 Broadcast St,Gastonia,NC,28052,1-704-8843300,https://www.ihg.com/holidayinnexpress/hotels/us/en/gastonia/gstnc/hoteldetail,https://www.ihg.com/holidayinnexpress/hotels/us/en/gastonia/gstnc/hoteldetail,OFFICIAL_PROPERTY,2026-09-10,,,Pets are welcome at Holiday Inn Express Charlotte West - Gastonia.,,charlotte-nc
Holiday Inn Fort Mill-Amusement Park Area,pet-friendly-hotels,3695 Foothills Way,Fort Mill,SC,29708,1-803-5482400,https://www.ihg.com/holidayinn/hotels/us/en/fort-mill/cltfo/hoteldetail,https://www.ihg.com/holidayinn/hotels/us/en/fort-mill/cltfo/hoteldetail,OFFICIAL_PROPERTY,2026-09-10,,,Pets are welcome at Holiday Inn Fort Mill-Amusement Park Area.,,charlotte-nc
Home2 Suites by Hilton Charlotte Airport,pet-friendly-hotels,4240 Scott Futrell Drive,Charlotte,NC,28214,+1 704-398-2940,https://www.hilton.com/en/hotels/cltaiht-home2-suites-charlotte-airport/,https://www.hilton.com/en/hotels/cltaiht-home2-suites-charlotte-airport/,OFFICIAL_PROPERTY,2026-09-10,,,"Pets allowed, $75.00 non-refundable fee, $75(1-4n),$125(5+n) 2petsMax,dog/cat only",,charlotte-nc
Home2 Suites by Hilton Charlotte Airport Lake Pointe,pet-friendly-hotels,2215 Cascade Pointe Blvd.,Charlotte,NC,28208,+1 980-518-4800,https://www.hilton.com/en/hotels/cltlaht-home2-suites-charlotte-airport-lake-pointe/,https://www.hilton.com/en/hotels/cltlaht-home2-suites-charlotte-airport-lake-pointe/,OFFICIAL_PROPERTY,2026-09-10,,,"Pets allowed, $75.00 non-refundable fee, 50 lbs maximum, $75 (1-4n), $125 (5+n) per pet. 2 pet max, cat/dog only. Additional details available at the front desk",,charlotte-nc
Home2 Suites by Hilton Charlotte Belmont,pet-friendly-hotels,871 Hawley Avenue,Belmont,NC,28012,+1 704-755-1770,https://www.hilton.com/en/hotels/cltbtht-home2-suites-charlotte-belmont/,https://www.hilton.com/en/hotels/cltbtht-home2-suites-charlotte-belmont/,OFFICIAL_PROPERTY,2026-09-10,,,"Pets allowed, $75.00 non-refundable fee, $75 2petsMax,dog/cat only",,charlotte-nc
Home2 Suites by Hilton Charlotte I-77 Tyvola Rd,pet-friendly-hotels,6025 Tyvola Glen Circle,Charlotte,NC,28217,+1 704-405-4000,https://www.hilton.com/en/hotels/clttght-home2-suites-charlotte-i-77-tyvola-rd/,https://www.hilton.com/en/hotels/clttght-home2-suites-charlotte-i-77-tyvola-rd/,OFFICIAL_PROPERTY,2026-09-10,,,"Pets allowed, $75.00 non-refundable fee, $75(1-4n),$125(5+n) 2petsMax,dog/cat only",,charlotte-nc
Home2 Suites by Hilton Charlotte Northlake,pet-friendly-hotels,7227 Smith Corners Blvd,Charlotte,NC,28269,+1 980-585-0100,https://www.hilton.com/en/hotels/cltnoht-home2-suites-charlotte-northlake/,https://www.hilton.com/en/hotels/cltnoht-home2-suites-charlotte-northlake/,OFFICIAL_PROPERTY,2026-09-10,,,"Pets allowed, $50.00 non-refundable fee, $50(1-4n),$75(5+n) 2petsMax,dog/cat only",,charlotte-nc
Home2 Suites by Hilton Charlotte Piper Glen,pet-friendly-hotels,5110 Piper Station Drive,Charlotte,NC,28277,+1 980-215-0055,https://www.hilton.com/en/hotels/cltpght-home2-suites-charlotte-piper-glen/,https://www.hilton.com/en/hotels/cltpght-home2-suites-charlotte-piper-glen/,OFFICIAL_PROPERTY,2026-09-10,,,"Pets allowed, $50.00 non-refundable fee, $50(1-4n),$75(5+n) 2petsMax,dog/cat only",,charlotte-nc
Home2 Suites by Hilton Charlotte University Research Park,pet-friendly-hotels,625 McCullough Drive,Charlotte,NC,28262,+1 704-659-5100,https://www.hilton.com/en/hotels/cltcuht-home2-suites-charlotte-university-research-park/,https://www.hilton.com/en/hotels/cltcuht-home2-suites-charlotte-university-research-park/,OFFICIAL_PROPERTY,2026-09-10,,,"Pets allowed, $75.00 non-refundable fee, 75 lbs maximum, $75(1-4n),$125(5+n) 2petsMax,dog/cat only",,charlotte-nc
Home2 Suites by Hilton Charlotte Uptown,pet-friendly-hotels,610 S. Caldwell Street,Charlotte,NC,28202,+1 980-500-0085,https://www.hilton.com/en/hotels/cltowht-home2-suites-charlotte-uptown/,https://www.hilton.com/en/hotels/cltowht-home2-suites-charlotte-uptown/,OFFICIAL_PROPERTY,2026-09-10,,,"Pets allowed, $75.00 non-refundable fee, 75 lbs maximum, $75.00 1-4 Nights $125.00 5+ Nights. 2 pets Max",,charlotte-nc
Home2 Suites by Hilton Concord Charlotte,pet-friendly-hotels,5355 John Q. Hammons Drive,Concord,NC,28027,+1 704-456-7950,https://www.hilton.com/en/hotels/cltonht-home2-suites-concord-charlotte/,https://www.hilton.com/en/hotels/cltonht-home2-suites-concord-charlotte/,OFFICIAL_PROPERTY,2026-09-10,,,"Pets allowed, $75.00 non-refundable fee, 75 lbs maximum, $75(1-4n), $125(5+n) 2 pets Max, dog/cat",,charlotte-nc
Home2 Suites By Hilton Fort Mill,pet-friendly-hotels,1840 Coltharp Road,Fort Mill,SC,29708,+1 803-547-1111,https://www.hilton.com/en/hotels/cltftht-home2-suites-fort-mill/,https://www.hilton.com/en/hotels/cltftht-home2-suites-fort-mill/,OFFICIAL_PROPERTY,2026-09-10,,,"Pets allowed, $50.00 non-refundable fee, $50(1-4n),$75(5+n) 2petsMax,dog/cat only",,charlotte-nc
"Homewood Suites by Hilton Charlotte/Ayrsley, NC",pet-friendly-hotels,1921 Ayrsley Town Blvd,Charlotte,NC,28273,+1 704-970-5500,https://www.hilton.com/en/hotels/cltalhw-homewood-suites-charlotte-ayrsley-nc/,https://www.hilton.com/en/hotels/cltalhw-homewood-suites-charlotte-ayrsley-nc/,OFFICIAL_PROPERTY,2026-09-10,,,"Pets allowed, $75.00 non-refundable fee, $75(1-4n), $125(5+n) 2 pets Max,dog/cat only",,charlotte-nc
"Homewood Suites by Hilton Charlotte Ballantyne, NC",pet-friendly-hotels,12030 Copper Way,Charlotte,NC,28277,+1 704-544-7902,https://www.hilton.com/en/hotels/cltbahw-homewood-suites-charlotte-ballantyne-nc/,https://www.hilton.com/en/hotels/cltbahw-homewood-suites-charlotte-ballantyne-nc/,OFFICIAL_PROPERTY,2026-09-10,,,"Pets allowed, $75.00 non-refundable fee, $75(1-4n),$125(5+n)2petsMax,dog/cat only",,charlotte-nc
Homewood Suites by Hilton Charlotte/SouthPark,pet-friendly-hotels,4808 Sharon Road,Charlotte,NC,28210,+1 704-442-4050,https://www.hilton.com/en/hotels/cltsohw-homewood-suites-charlotte-southpark/,https://www.hilton.com/en/hotels/cltsohw-homewood-suites-charlotte-southpark/,OFFICIAL_PROPERTY,2026-09-10,,,"Pets allowed, $75.00 non-refundable fee, $75(1-4n),$125(5+n) 2petMax,dog/cat only",,charlotte-nc
Homewood Suites by Hilton Charlotte Uptown First Ward,pet-friendly-hotels,508 N. College St.,Charlotte,NC,28202,+1 704-335-3338,https://www.hilton.com/en/hotels/cltuchw-homewood-suites-charlotte-uptown-first-ward/,https://www.hilton.com/en/hotels/cltuchw-homewood-suites-charlotte-uptown-first-ward/,OFFICIAL_PROPERTY,2026-09-10,,,"Pets allowed, $75.00 non-refundable fee, 50 lbs maximum, $75(1-4 nights),$125(5+ nights). 2 pets Max, dog/cat only with combined weight of 75#",,charlotte-nc
Homewood Suites by Hilton Davidson,pet-friendly-hotels,125 Harbour Place Drive,Davidson,NC,28036,+1 704-987-1818,https://www.hilton.com/en/hotels/cltdshw-homewood-suites-davidson/,https://www.hilton.com/en/hotels/cltdshw-homewood-suites-davidson/,OFFICIAL_PROPERTY,2026-09-10,,,"Pets allowed, $75.00 non-refundable fee, $75(1-4n),$125(5+n)2petsMax,dog/cat only",,charlotte-nc
Independent (SPHC) Concord Suites,pet-friendly-hotels,"7800 Gateway Lane, NW",Concord,NC,28027,(704) 979-3800,https://www.ihg.com/spnd/hotels/us/en/concord/clton/hoteldetail,https://www.ihg.com/spnd/hotels/us/en/concord/clton/hoteldetail,OFFICIAL_PROPERTY,2026-09-10,,,Pets are welcome at Concord Suites.,,charlotte-nc
Kimpton Tryon Park Hotel,pet-friendly-hotels,303 S. Church Street,Charlotte,NC,28202,1-704-4452626,https://www.ihg.com/kimptonhotels/hotels/us/en/tryon-park-hotel-charlotte-nc/cltkm/hoteldetail,https://www.ihg.com/kimptonhotels/hotels/us/en/tryon-park-hotel-charlotte-nc/cltkm/hoteldetail,OFFICIAL_PROPERTY,2026-09-10,,,Pets are welcome at Kimpton Tryon Park Hotel.,,charlotte-nc
Le Meridien Charlotte,pet-friendly-hotels,"555 South McDowell Street, North Tower",Charlotte,NC,28204,+17043729610,https://www.marriott.com/en-us/hotels/cltmd-le-meridien-charlotte/overview/,https://www.marriott.com/en-us/hotels/cltmd-le-meridien-charlotte/overview/,OFFICIAL_PROPERTY,2026-09-10,,,Pets Welcome Non-refundable fee of USD 50 per room per night up to maximum charge of USD 150 Non-Refundable Pet Fee Per Night: $50.00 Maximum Pet Weight: 80.0lbs Maximum Number of Pets in Room: 2,,charlotte-nc
Moxy Charlotte Downtown,pet-friendly-hotels,125 S Brevard St,Charlotte,NC,28202,+19802659950,https://www.marriott.com/en-us/hotels/cltdx-moxy-charlotte-downtown/overview/,https://www.marriott.com/en-us/hotels/cltdx-moxy-charlotte-downtown/overview/,OFFICIAL_PROPERTY,2026-09-10,,,Pets Welcome Non-Refundable Pet Fee Per Night: $50.00 Maximum Pet Weight: 35.0lbs Maximum Number of Pets in Room: 1,,charlotte-nc
Renaissance Charlotte Southpark Hotel,pet-friendly-hotels,5501 Carnegie Blvd,Charlotte,NC,28209,+17045012510,https://www.marriott.com/en-us/hotels/cltrp-renaissance-charlotte-southpark-hotel/overview/,https://www.marriott.com/en-us/hotels/cltrp-renaissance-charlotte-southpark-hotel/overview/,OFFICIAL_PROPERTY,2026-09-10,,,Pets Welcome $150 maximum per stay. Non-Refundable Pet Fee Per Night: $50.00 Maximum Number of Pets in Room: 2,,charlotte-nc
Residence Inn by Marriott Charlotte Airport,pet-friendly-hotels,2220 West Tyvola Road,Charlotte,NC,28217,+19802655544,https://www.marriott.com/en-us/hotels/cltwe-residence-inn-charlotte-airport/overview/,https://www.marriott.com/en-us/hotels/cltwe-residence-inn-charlotte-airport/overview/,OFFICIAL_PROPERTY,2026-09-10,,,Pets Welcome 2 pets 80 pounds max per room with USD 100 non-refundable fee per room per stay Non-Refundable Pet Fee Per Stay: $100.00 Maximum Pet Weight: 80.0lbs Maximum Number of Pets in Room: 2,,charlotte-nc
Residence Inn by Marriott Charlotte City Center,pet-friendly-hotels,"220 East Trade Street, Suite 1400",Charlotte,NC,28202,+17043340709,https://www.marriott.com/en-us/hotels/cltrd-residence-inn-charlotte-city-center/overview/,https://www.marriott.com/en-us/hotels/cltrd-residence-inn-charlotte-city-center/overview/,OFFICIAL_PROPERTY,2026-09-10,,,Pets Welcome Pets welcome with a $100 non-refundable cleaning fee per stay Non-Refundable Pet Fee Per Stay: $100.00 Maximum Pet Weight: 50.0lbs Maximum Number of Pets in Room: 2,,charlotte-nc
Residence Inn by Marriott Charlotte Concord,pet-friendly-hotels,7601 Scott Padgett Parkway,Concord,NC,28027,+17044547862,https://www.marriott.com/en-us/hotels/cltcn-residence-inn-charlotte-concord/overview/,https://www.marriott.com/en-us/hotels/cltcn-residence-inn-charlotte-concord/overview/,OFFICIAL_PROPERTY,2026-09-10,,,Pets Welcome 1-5 nights $100; 5+ nights $150 non-refundable fee per stay Non-Refundable Pet Fee Per Stay: $100.00 Maximum Pet Weight: 35.0lbs Maximum Number of Pets in Room: 2,,charlotte-nc
Residence Inn by Marriott Charlotte Lake Norman,pet-friendly-hotels,16830 Kenton Drive,Huntersville,NC,28078,+17045840000,https://www.marriott.com/en-us/hotels/cltrn-residence-inn-charlotte-lake-norman/overview/,https://www.marriott.com/en-us/hotels/cltrn-residence-inn-charlotte-lake-norman/overview/,OFFICIAL_PROPERTY,2026-09-10,,,"Pets Welcome 1-5 nights $100, 5+ nights $150 non-refundable fee per stay Non-Refundable Pet Fee Per Stay: $100.00 Maximum Pet Weight: 35.0lbs Maximum Number of Pets in Room: 2",,charlotte-nc
Residence Inn by Marriott Charlotte Northlake,pet-friendly-hotels,9110 Harris Corners Parkway,Charlotte,NC,28269,+17047199444,https://www.marriott.com/en-us/hotels/clton-residence-inn-charlotte-northlake/overview/,https://www.marriott.com/en-us/hotels/clton-residence-inn-charlotte-northlake/overview/,OFFICIAL_PROPERTY,2026-09-10,,,Pets Welcome Pets Welcome. Max 2 pets per room. Non-refundable cleaning fee will apply. Non-Refundable Pet Fee Per Stay: $100.00 Maximum Pet Weight: 50.0lbs Maximum Number of Pets in Room: 2,,charlotte-nc
Residence Inn by Marriott Charlotte Piper Glen,pet-friendly-hotels,5115 Piper Station Drive,Charlotte,NC,28277,+17043193900,https://www.marriott.com/en-us/hotels/cltpg-residence-inn-charlotte-piper-glen/overview/,https://www.marriott.com/en-us/hotels/cltpg-residence-inn-charlotte-piper-glen/overview/,OFFICIAL_PROPERTY,2026-09-10,,,Pets Welcome 1-5 nights $100; 5+ nights $150 non-refundable fee per stay Non-Refundable Pet Fee Per Stay: $100.00 Maximum Pet Weight: 35.0lbs Maximum Number of Pets in Room: 2,,charlotte-nc
Residence Inn by Marriott Charlotte SouthPark,pet-friendly-hotels,6030 Piedmont Row Drive South,Charlotte,NC,28210,+17045547001,https://www.marriott.com/en-us/hotels/cltsp-residence-inn-charlotte-southpark/overview/,https://www.marriott.com/en-us/hotels/cltsp-residence-inn-charlotte-southpark/overview/,OFFICIAL_PROPERTY,2026-09-10,,,Pets Welcome Nonrefundable fee does not include tax. Non-Refundable Pet Fee Per Stay: $100.00 Maximum Pet Weight: 40.0lbs Maximum Number of Pets in Room: 2,,charlotte-nc
Residence Inn by Marriott Charlotte Steele Creek,pet-friendly-hotels,5110 Trojan Drive,Charlotte,NC,28278,+17042642000,https://www.marriott.com/en-us/hotels/cltwr-residence-inn-charlotte-steele-creek/overview/,https://www.marriott.com/en-us/hotels/cltwr-residence-inn-charlotte-steele-creek/overview/,OFFICIAL_PROPERTY,2026-09-10,,,Pets Welcome USD100 cleaning fee applies. Max 2 pets per room with 80 pound max weight. Non-Refundable Pet Fee Per Stay: $100.00 Maximum Pet Weight: 80.0lbs Maximum Number of Pets in Room: 2,,charlotte-nc
Residence Inn by Marriott Charlotte Uptown,pet-friendly-hotels,404 S. Mint Street,Charlotte,NC,28202,+17043404000,https://www.marriott.com/en-us/hotels/cltru-residence-inn-charlotte-uptown/overview/,https://www.marriott.com/en-us/hotels/cltru-residence-inn-charlotte-uptown/overview/,OFFICIAL_PROPERTY,2026-09-10,,,Pets Welcome Domestic pets up to 150 pounds allowed with USD 100 non-refundable fee. Non-Refundable Pet Fee Per Stay: $100.00 Maximum Pet Weight: 150.0lbs Maximum Number of Pets in Room: 2,,charlotte-nc
Sheraton Charlotte Airport Hotel,pet-friendly-hotels,3315 Scott Futrell Drive,Charlotte,NC,28208,+17043921200,https://www.marriott.com/en-us/hotels/cltsc-sheraton-charlotte-airport-hotel/overview/,https://www.marriott.com/en-us/hotels/cltsc-sheraton-charlotte-airport-hotel/overview/,OFFICIAL_PROPERTY,2026-09-10,,,Pets Welcome Dogs up to 80 pounds and cats are allowed. Non-Refundable Pet Fee Per Stay: $75.00 Maximum Pet Weight: 80.0lbs Maximum Number of Pets in Room: 2,,charlotte-nc
Sheraton Charlotte Hotel,pet-friendly-hotels,"555 South McDowell Street, South Tower",Charlotte,NC,28204,+17043724100,https://www.marriott.com/en-us/hotels/cltws-sheraton-charlotte-hotel/overview/,https://www.marriott.com/en-us/hotels/cltws-sheraton-charlotte-hotel/overview/,OFFICIAL_PROPERTY,2026-09-10,,,Pets Welcome Non-refundable fee of USD 50 per room per night up to maximum charge of USD 150 Non-Refundable Pet Fee Per Stay: $100.00 Maximum Pet Weight: 80.0lbs Maximum Number of Pets in Room: 2,,charlotte-nc
Spark by Hilton Charlotte Airport North,pet-friendly-hotels,3127 Sloan Drive,Charlotte,NC,28208,+1 704-392-1600,https://www.hilton.com/en/hotels/cltpppe-spark-charlotte-airport-north/,https://www.hilton.com/en/hotels/cltpppe-spark-charlotte-airport-north/,OFFICIAL_PROPERTY,2026-09-10,,,"Pets allowed, $50.00 non-refundable fee, 50 lbs maximum, Metal Dog Crate (Medium) available for Rental $10",,charlotte-nc
Spark by Hilton Charlotte Tyvola I-77,pet-friendly-hotels,6050 Tyvola Glen Circle,Charlotte,NC,28217,+1 704-523-3366,https://www.hilton.com/en/hotels/clttlpe-spark-charlotte-i-77-tyvola/,https://www.hilton.com/en/hotels/clttlpe-spark-charlotte-i-77-tyvola/,OFFICIAL_PROPERTY,2026-09-10,,,"Pets allowed, $75.00 non-refundable fee, 75 lbs maximum, Pets cannot be left unattended in room. Service animals allowed. Pet charge of $75 (1-4 nights), $125 (5+ nights).",,charlotte-nc
SpringHill Suites by Marriott Charlotte Southwest,pet-friendly-hotels,3950 Arco Corporate Drive,Charlotte,NC,28273,+17047020500,https://www.marriott.com/en-us/hotels/cltso-springhill-suites-charlotte-southwest/overview/,https://www.marriott.com/en-us/hotels/cltso-springhill-suites-charlotte-southwest/overview/,OFFICIAL_PROPERTY,2026-09-10,,,Pets Welcome Daily cleaning fee of $5/ day in addition to the one time non-refundable pet fee Non-Refundable Pet Fee Per Stay: $50.00 Non-Refundable Pet Fee Per Night: $5.00 Maximum Number of Pets in Room: 2,,charlotte-nc
Staybridge Suites Charlotte Arpt Area - Tyvola,pet-friendly-hotels,6017 Tyvola Glen Circle,Charlotte,NC,28217,1-980-9380006,https://www.ihg.com/staybridge/hotels/us/en/charlotte/clttg/hoteldetail,https://www.ihg.com/staybridge/hotels/us/en/charlotte/clttg/hoteldetail,OFFICIAL_PROPERTY,2026-09-10,,,"Pets are welcome at Staybridge Suites Charlotte Arpt Area - Tyvola. There is a pet deposit per stay of 75 USD . Our Pet Policy: A nonrefundable fee at check in. Pet fee is 75 dollars per pet plus tax, with a max of 2 pets per room. Pet must be registered at time of checking into the hotel.",,charlotte-nc
Staybridge Suites Charlotte Ballantyne,pet-friendly-hotels,15735 Brixham Hill Avenue,Charlotte,NC,28277,1-704-2485000,https://www.ihg.com/staybridge/hotels/us/en/charlotte/cltcc/hoteldetail,https://www.ihg.com/staybridge/hotels/us/en/charlotte/cltcc/hoteldetail,OFFICIAL_PROPERTY,2026-09-10,,,"Pets are welcome at Staybridge Suites Charlotte Ballantyne. There is a pet deposit per stay of 75 USD . Our Pet Policy: We accept 2 pets max with a total combined weight of 80lbs or less and vaccinated. Pet must be registered at check in and pet policy signed and adhered to. Nonrefundable fees are 75 between 1 to 6 nts, 150 between 7to29 nts, 250 for 30 plus nts.",,charlotte-nc
"The Mecklen Hotel, Charlotte, a Tribute Portfolio Hotel",pet-friendly-hotels,8520 University Executive Park Drive,Charlotte,NC,28262,+17043195188,https://www.marriott.com/en-us/hotels/cltbn-the-mecklen-hotel-charlotte-a-tribute-portfolio-hotel/overview/,https://www.marriott.com/en-us/hotels/cltbn-the-mecklen-hotel-charlotte-a-tribute-portfolio-hotel/overview/,OFFICIAL_PROPERTY,2026-09-10,,,Pets Welcome Pets can be 30 lbs. or less and we have a $150 non refundable pet fee. Maximum Pet Weight: 30.0lbs Maximum Number of Pets in Room: 2,,charlotte-nc
The Westin Charlotte,pet-friendly-hotels,601 South College Street,Charlotte,NC,28202,+17043752600,https://www.marriott.com/en-us/hotels/cltcw-the-westin-charlotte/overview/,https://www.marriott.com/en-us/hotels/cltcw-the-westin-charlotte/overview/,OFFICIAL_PROPERTY,2026-09-10,,,Pets Welcome. Dog snacks included. Dogs maay not be left alone in room. Non-Refundable Pet Fee Per Night: $50.00 Maximum Pet Weight: 50.0lbs Maximum Number of Pets in Room: 2,,charlotte-nc
TownePlace Suites by Marriott Charlotte Fort Mill,pet-friendly-hotels,1047 Red Ventures Drive,Fort Mill,SC,29707,+18035475001,https://www.marriott.com/en-us/hotels/cltmi-towneplace-suites-charlotte-fort-mill/overview/,https://www.marriott.com/en-us/hotels/cltmi-towneplace-suites-charlotte-fort-mill/overview/,OFFICIAL_PROPERTY,2026-09-10,,,Pets Welcome We welcome pets to our hotel. 2 pets up to 75 pounds per room permitted. Non-Refundable Pet Fee Per Stay: $150.00 Maximum Pet Weight: 75.0lbs Maximum Number of Pets in Room: 2,,charlotte-nc
TownePlace Suites by Marriott Charlotte LoSo Airport,pet-friendly-hotels,4920 South Tryon Street,Charlotte,NC,28217,+17045252600,https://www.marriott.com/en-us/hotels/cltst-towneplace-suites-charlotte-loso-airport/overview/,https://www.marriott.com/en-us/hotels/cltst-towneplace-suites-charlotte-loso-airport/overview/,OFFICIAL_PROPERTY,2026-09-10,,,Pets Welcome 1-5 nights $100; 5+ nights $150 non-refundable fee per stay Non-Refundable Pet Fee Per Stay: $100.00 Maximum Pet Weight: 35.0lbs Maximum Number of Pets in Room: 2,,charlotte-nc
TownePlace Suites by Marriott Fort Mill at Carowinds Blvd.,pet-friendly-hotels,3519 Lakemont Boulevard,Fort Mill,SC,29708,+18036506625,https://www.marriott.com/en-us/hotels/clttn-towneplace-suites-fort-mill-at-carowinds-blvd/overview/,https://www.marriott.com/en-us/hotels/clttn-towneplace-suites-fort-mill-at-carowinds-blvd/overview/,OFFICIAL_PROPERTY,2026-09-10,,,"Pets Welcome 100lbs maximum with $30 per day fee, $200 maximum Non-Refundable Pet Fee Per Stay: $150.00 Maximum Pet Weight: 100.0lbs Maximum Number of Pets in Room: 2",,charlotte-nc
Tru by Hilton Charlotte Airport Lake Pointe,pet-friendly-hotels,"2227 Cascade Point Blvd, Suite B",Charlotte,NC,28208,+1 980-312-5600,https://www.hilton.com/en/hotels/cltruru-tru-charlotte-airport-lake-pointe/,https://www.hilton.com/en/hotels/cltruru-tru-charlotte-airport-lake-pointe/,OFFICIAL_PROPERTY,2026-09-10,,,"Pets allowed, $75.00 non-refundable fee, 75 lbs maximum, $75/stay for 1-4 night stays, $125/stay for 5+ night stays 2 pets max dogs or cats only",,charlotte-nc
Tru by Hilton Charlotte Ayrsley,pet-friendly-hotels,9233 Kings Parade Boulevard,Charlotte,NC,28273,+1 704-499-9010,https://www.hilton.com/en/hotels/cltcaru-tru-charlotte-ayrsley/,https://www.hilton.com/en/hotels/cltcaru-tru-charlotte-ayrsley/,OFFICIAL_PROPERTY,2026-09-10,,,"Pets allowed, $50.00 non-refundable fee, $50(1-4n),$75(5+n) 2petsMax,dog/cat only",,charlotte-nc
Tru by Hilton Charlotte Tyvola I-77,pet-friendly-hotels,6125 Nations Ford Road,Charlotte,NC,28217,+1 980-201-9122,https://www.hilton.com/en/hotels/clttvru-tru-charlotte-tyvola-i-77/,https://www.hilton.com/en/hotels/clttvru-tru-charlotte-tyvola-i-77/,OFFICIAL_PROPERTY,2026-09-10,,,"Pets allowed, $50.00 non-refundable fee, 75 lbs maximum",,charlotte-nc
Tru by Hilton Concord Charlotte,pet-friendly-hotels,5355 John Q. Hammons Drive,Concord,NC,28027,+1 704-456-7951,https://www.hilton.com/en/hotels/cltddru-tru-concord-charlotte/,https://www.hilton.com/en/hotels/cltddru-tru-concord-charlotte/,OFFICIAL_PROPERTY,2026-09-10,,,"Pets allowed, $75.00 non-refundable fee, 75 lbs maximum, $75(1-4n), $125(5+n) 2 pets Max, dog/cat",,charlotte-nc
Tru by Hilton Fort Mill,pet-friendly-hotels,120 Crisanto Ave,Fort Mill,SC,29715,+1 803-228-9175,https://www.hilton.com/en/hotels/cltguru-tru-fort-mill/,https://www.hilton.com/en/hotels/cltguru-tru-fort-mill/,OFFICIAL_PROPERTY,2026-09-10,,,"Pets allowed, $75.00 non-refundable fee, 50 lbs maximum, $75 per stay - Non refundable, Maximum 2 pets, dog/cat only",,charlotte-nc
Tru by Hilton Gastonia,pet-friendly-hotels,534 North New Hope Road,Gastonia,NC,28054,+1 704-671-4400,https://www.hilton.com/en/hotels/cltgsru-tru-gastonia/,https://www.hilton.com/en/hotels/cltgsru-tru-gastonia/,OFFICIAL_PROPERTY,2026-09-10,,,"Pets allowed, $75.00 non-refundable fee, Pets allowed, $75.00 non-refundable fee, $75.00 per pet, non-refundable fee for 1-4 nights, $125 for 5+ nights.",,charlotte-nc
Unc Charlotte Marriott Hotel And Conference Center,pet-friendly-hotels,9041 Robert D Snyder Road,Charlotte,NC,28262,+17049788000,https://www.marriott.com/en-us/hotels/cltmu-unc-charlotte-marriott-hotel-and-conference-center/overview/,https://www.marriott.com/en-us/hotels/cltmu-unc-charlotte-marriott-hotel-and-conference-center/overview/,OFFICIAL_PROPERTY,2026-09-10,,,Pets Welcome. One dog per room under 50 lbs. Non-Refundable Pet Fee Per Stay: $150.00 Maximum Pet Weight: 50.0lbs Maximum Number of Pets in Room: 1,,charlotte-nc
Best Western Clermont,pet-friendly-hotels,4004 Williams Dr.,Cincinnati,OH,45255,,https://www.bestwestern.com/en_US/book/hotels-in-cincinnati/best-western-clermont/propertyCode.36135.html,https://www.bestwestern.com/en_US/book/hotels-in-cincinnati/best-western-clermont/propertyCode.36135.html,OFFICIAL_PROPERTY,2026-08-17,,,"PET POLICY
We are Pet Friendly and allow up to two dogs in a limited number of rooms. The size limit for any one dog shall be 80 pounds. Other pet types (e.g., cats) may be allowed upon the hotel’s approval prior to arrival. The Pet Friendly rate is 40 USD per day.",,cincinnati-oh
Best Western Inn Florence,pet-friendly-hotels,7821 Commerce Drive,Florence,KY,41042,8595250090,https://www.bestwestern.com/en_US/book/hotels-in-florence/best-western-inn-florence/propertyCode.18070.html,https://www.bestwestern.com/en_US/book/hotels-in-florence/best-western-inn-florence/propertyCode.18070.html,OFFICIAL_PROPERTY,2026-08-17,,,"PET POLICY
We are Pet Friendly and allow up to two dogs in a limited number of rooms. The size limit for any one dog shall be 80 pounds. Other pet types (e.g., cats) may be allowed upon the hotel’s approval prior to arrival. The Pet Friendly rate is 30 USD per day.",,cincinnati-oh
Best Western Plus Whitewater Inn,pet-friendly-hotels,391 Comfort Dr.,Harrison,OH,45030,5138454970,https://www.bestwestern.com/en_US/book/hotels-in-harrison/best-western-plus-whitewater-inn/propertyCode.36158.html,https://www.bestwestern.com/en_US/book/hotels-in-harrison/best-western-plus-whitewater-inn/propertyCode.36158.html,OFFICIAL_PROPERTY,2026-08-17,,,"PET POLICY
We are Pet Friendly and allow up to two dogs in a limited number of rooms. The size limit for any one dog shall be 80 pounds. Other pet types (e.g., cats) may be allowed upon the hotel’s approval prior to arrival. The Pet Friendly rate is 20 USD per day.",,cincinnati-oh
Extended Stay America Florence Meijer Drive,pet-friendly-hotels,200 Meijer Dr,Florence,KY,41042,8597460172,https://www.extendedstayamerica.com/hotels/oh/cincinnati/florence-meijer-drive,https://www.extendedstayamerica.com/hotels/oh/cincinnati/florence-meijer-drive,OFFICIAL_PROPERTY,2026-08-17,,,"Yes. Extended Stay America Cincinnati - Florence - Meijer Drive offers pet-friendly rooms, so you can bring your furry companion along for your stay.",,cincinnati-oh
Extended Stay America Florence Turfway Road,pet-friendly-hotels,7350 Turfway Road,Florence,KY,41042,8592827829,https://www.extendedstayamerica.com/hotels/oh/cincinnati/florence-turfway-rd,https://www.extendedstayamerica.com/hotels/oh/cincinnati/florence-turfway-rd,OFFICIAL_PROPERTY,2026-08-17,,,"Yes. Extended Stay America Cincinnati - Florence - Turfway Rd. offers pet-friendly rooms, so you can bring your furry companion along for your stay.",,cincinnati-oh
Extended Stay America Suites - Cincinnati - Covington,pet-friendly-hotels,650 West 3rd St,Covington,KY,41011,8595813000,https://www.extendedstayamerica.com/hotels/oh/cincinnati/covington,https://www.extendedstayamerica.com/hotels/oh/cincinnati/covington,OFFICIAL_PROPERTY,2026-08-17,,,"Yes. Extended Stay America Cincinnati - Covington offers pet-friendly rooms, so you can bring your furry companion along for your stay.",,cincinnati-oh
Motel 6 Florence - Commerce Dr.,pet-friendly-hotels,7820 Commerce Drive,Florence,KY,41042,8599801380,https://www.motel6.com/property/motel-florence-kentucky-us-294340/,https://www.motel6.com/property/motel-florence-kentucky-us-294340/,OFFICIAL_PROPERTY,2026-08-17,,,"Amenities
Pets Allowed",,cincinnati-oh
Motel 6 Sharonville,pet-friendly-hotels,11620 Chester Rd.,Sharonville,OH,45246,5137710370,https://www.motel6.com/property/motel-cincinnati-oh-ohio-us-294230/,https://www.motel6.com/property/motel-cincinnati-oh-ohio-us-294230/,OFFICIAL_PROPERTY,2026-08-17,,,"Amenities
Pets Allowed",,cincinnati-oh
Motel 6 Walton/Richwood,pet-friendly-hotels,164 Winning Colors Drive,Richwood,KY,41097,8594852330,https://www.motel6.com/property/motel-walton-kentucky-us-294341/,https://www.motel6.com/property/motel-walton-kentucky-us-294341/,OFFICIAL_PROPERTY,2026-08-17,,,"Amenities
Pets Allowed",,cincinnati-oh
Doubletree by Hilton Cincinnati Airport,pet-friendly-hotels,2826 Terminal Dr.,Hebron,KY,41048,8593716166,https://www.hilton.com/en/hotels/cvghbdt-doubletree-cincinnati-airport/hotel-info/,https://www.hilton.com/en/hotels/cvghbdt-doubletree-cincinnati-airport/hotel-info/,OFFICIAL_PROPERTY,2026-08-17,,,"Pets
Non-refundable fee: $25.00
Max weight: 25 lbs
Max size: Medium",,cincinnati-oh
HomeTowne Studios Florence Cincinnati Airport,pet-friendly-hotels,7810 Commerce Dr.,Florence,KY,41042,8592832030,https://www.redroof.com/extendedstay/hometownestudios/property/ky/florence/hts1360,https://www.redroof.com/extendedstay/hometownestudios/property/ky/florence/hts1360,OFFICIAL_PROPERTY,2026-08-17,,,Pet Policy:  Service animals and Emotional Support Animals (“Assistance Animals”) are welcome at all of our properties and must be declared at check-in. Pets are permitted with a $10.00 fee per night up to $100.00 a month. Service animals and Emotional Support Animals are welcome and must be declared at check-in.,,cincinnati-oh
Red Roof Inn Cincinnati East - Eastgate,pet-friendly-hotels,4035 Mt. Carmel Tobasco Rd.,Cincinnati,OH,45255,,https://www.redroof.com/property/oh/cincinnati/rri080,https://www.redroof.com/property/oh/cincinnati/rri080,OFFICIAL_PROPERTY,2026-08-17,,,"Pet Policy: One, well-behaved domestic pet (cat or dog) Stays Free! Pets must be declared at check-in. Up to 2 pets allowed per room. Second pet $15/ night, not to exceed 7 nights or $105 per pet per stay. Pet not to exceed 80 pounds. Service and emotional support animals are always welcome.",,cincinnati-oh
Red Roof Inn Cincinnati North - Mason,pet-friendly-hotels,8870 Governors Hill Dr.,Cincinnati,OH,45249,5136833086,https://www.redroof.com/property/oh/cincinnati/rri770,https://www.redroof.com/property/oh/cincinnati/rri770,OFFICIAL_PROPERTY,2026-08-17,,,"Pet Policy: One, well-behaved domestic pet (cat or dog) Stays Free! Pets must be declared at check-in. Up to 2 pets allowed per room. Second pet $15/ night, not to exceed 7 nights or $105 per pet per stay. Pet not to exceed 80 pounds. Service and emotional support animals are always welcome.",,cincinnati-oh
Red Roof Inn Greendale,pet-friendly-hotels,515 East Eads Parkway,Greendale,IN,47025,8126457178,https://www.redroof.com/property/in/greendale/rri1301,https://www.redroof.com/property/in/greendale/rri1301,OFFICIAL_PROPERTY,2026-08-17,,,"Pet Policy: One, well-behaved domestic pet (cat or dog) Stays Free! Pets must be declared at check-in. Up to 2 pets allowed per room. Second pet $15/ night, not to exceed 7 nights or $105 per pet per stay. Pet not to exceed 80 pounds. Service and emotional support animals are always welcome.",,cincinnati-oh
Red Roof Inn Richwood,pet-friendly-hotels,11165 Frontage Road,Richwood,KY,41094,8594854123,https://www.redroof.com/property/ky/walton/rri1334,https://www.redroof.com/property/ky/walton/rri1334,OFFICIAL_PROPERTY,2026-08-17,,,"Pet Policy: One, well-behaved domestic pet (cat or dog) Stays Free! Pets must be declared at check-in. Up to 2 pets allowed per room. Second pet $15/ night, not to exceed 7 nights or $105 per pet per stay. Pet not to exceed 80 pounds. Service and emotional support animals are always welcome.",,cincinnati-oh
Sonesta ES Suites Cincinnati-Sharonville East,pet-friendly-hotels,2670 E. Kemper Rd.,Cincinnati,OH,45241,5137728888,https://www.sonesta.com/sonesta-es-suites/oh/cincinnati/sonesta-es-suites-cincinnati-sharonville-east,https://www.sonesta.com/sonesta-es-suites/oh/cincinnati/sonesta-es-suites-cincinnati-sharonville-east,OFFICIAL_PROPERTY,2026-08-17,,,"Sonesta ES Suites Cincinnati - Sharonville East is pet-friendly and welcomes well-mannered pets, with no breed or weight restrictions. One pet is permitted per suite. $75 fee applies for stays up to 7 nights; a $150 fee applies per month for all longer stays.",,cincinnati-oh
Sonesta ES Suites Cincinnati-Sharonville West,pet-friendly-hotels,11689 Chester Rd.,Sharonville,OH,45246,5137712525,https://www.sonesta.com/sonesta-es-suites/oh/cincinnati/sonesta-es-suites-cincinnati-sharonville-west,https://www.sonesta.com/sonesta-es-suites/oh/cincinnati/sonesta-es-suites-cincinnati-sharonville-west,OFFICIAL_PROPERTY,2026-08-17,,,"Sonesta ES Suites Cincinnati - Sharonville West is pet-friendly and welcomes well-mannered pets, with no breed or weight restrictions. Up to two pets are permitted per suite. $75 fee applies for stays up to 7 nights; $150 for all longer stays.",,cincinnati-oh
Baymont by Wyndham Lawrenceburg,pet-friendly-hotels,1000 East Eads Parkway,Lawrenceburg,IN,47025,8125394770,https://www.wyndhamhotels.com/baymont/lawrenceburg-indiana/baymont-inn-suites-lawrenceburg/overview,https://www.wyndhamhotels.com/baymont/lawrenceburg-indiana/baymont-inn-suites-lawrenceburg/overview,OFFICIAL_PROPERTY,2026-08-17,,,"PET & SERVICE ANIMAL POLICY
Service Animals - ADA-defined service animals welcome / Dogs Allowed - 2 pets max. Dogs only. / Fees - 25USD per pet per night. / Other Information - Contact hotel for additional details and availability. ADA-defined service animals welcome.",,cincinnati-oh
Days Inn & Suites by Wyndham Cincinnati North,pet-friendly-hotels,400 Glensprings Dr.,Cincinnati,OH,45246,5138401868,https://www.wyndhamhotels.com/days-inn/cincinnati-ohio/days-inn-and-suites-cincinnati-north/overview,https://www.wyndhamhotels.com/days-inn/cincinnati-ohio/days-inn-and-suites-cincinnati-north/overview,OFFICIAL_PROPERTY,2026-08-17,,,"PET & SERVICE ANIMAL POLICY
Service Animals - ADA-defined service animals welcome. / Pets Allowed. / Fees - 15USD per night. / Other Information - All pets must be registered at the time of check in. Contact hotel for additional details and availability.",,cincinnati-oh
Butler Inn,pet-friendly-hotels,5235 College Corner Pike,Oxford,OH,45056,,https://butlerinnoxford.com/policies,https://butlerinnoxford.com/policies,OFFICIAL_PROPERTY,2026-08-17,,,Pets are allowed. Charges may apply.,,cincinnati-oh
21c Museum Hotel Cincinnati,pet-friendly-hotels,609 Walnut St.,Cincinnati,OH,45202,5135786600,https://21cmuseumhotels.com/cincinnati/experience/,https://21cmuseumhotels.com/cincinnati/experience/,OFFICIAL_PROPERTY,2026-08-17,,,Pet-Friendly Rooms,,cincinnati-oh
countryside inn and suites mount orab,pet-friendly-hotels,100 Leininger St,Mount Orab,OH,45154,+1 (937) 444-6666,https://countrysideinnandsuites.net/,https://countrysideinnandsuites.net/,OFFICIAL_PROPERTY,2026-08-29,,,"We are pet-friendly, but only dogs are allowed as pets.",,cincinnati-oh
red roof inn cincinnati airport florence erlanger,pet-friendly-hotels,599 Donaldson Road,Erlanger,KY,41018,8593427111,https://www.redroof.com/property/ky/erlanger/rri782,https://www.redroof.com/property/ky/erlanger/rri782,OFFICIAL_PROPERTY,2026-08-29,,,"Pet Policy: One, well-behaved domestic pet (cat or dog) Stays Free! Pets must be declared at check-in. Up to 2 pets allowed per room. Second pet $15/ night, not to exceed 7 nights or $105 per pet per stay. Pet not to exceed 80 pounds. Service and emotional support animals are always welcome.",,cincinnati-oh
extended stay americas select suites cincinnati florence airport,pet-friendly-hotels,40 Cavalier Blvd,Florence,KY,41042,8593710611,https://www.extendedstayamerica.com/hotels/oh/cincinnati/florence-airport,https://www.extendedstayamerica.com/hotels/oh/cincinnati/florence-airport,OFFICIAL_PROPERTY,2026-08-29,,,"Yes. Extended Stay America Cincinnati - Florence - Airport offers pet-friendly rooms, so you can bring your furry companion along for your stay.",,cincinnati-oh
doubletree suites by hilton hotel cincinnati blue ash,pet-friendly-hotels,6300 E. Kemper Road,Sharonville,OH,45241,5134893636,https://www.hilton.com/en/hotels/cvgkrdt-doubletree-suites-cincinnati-blue-ash/hotel-info/,https://www.hilton.com/en/hotels/cvgkrdt-doubletree-suites-cincinnati-blue-ash/hotel-info/,OFFICIAL_PROPERTY,2026-08-29,,,"Pets
Non-refundable fee: $75.00
Pet policy: 1-4 nights, $75 per stay. 5+ nights, $125 per stay.",,cincinnati-oh
embassy suites by hilton cincinnati rivercenter,pet-friendly-hotels,10 East Rivercenter Boulevard,Covington,KY,41011,8592618400,https://www.hilton.com/en/hotels/cvgcves-embassy-suites-cincinnati-rivercenter/hotel-info/,https://www.hilton.com/en/hotels/cvgcves-embassy-suites-cincinnati-rivercenter/hotel-info/,OFFICIAL_PROPERTY,2026-08-29,,,"Pets
Non-refundable fee: $75.00
Pet policy: 1-4 night stay $75; 5+ night stay $125; 2 pets max; dog or cat only",,cincinnati-oh
embassy suites cincinnati northeast,pet-friendly-hotels,4554 Lake Forest Drive,Blue Ash,OH,45242,5137338900,https://www.hilton.com/en/hotels/cvgbaes-embassy-suites-cincinnati-northeast-blue-ash/hotel-info/,https://www.hilton.com/en/hotels/cvgbaes-embassy-suites-cincinnati-northeast-blue-ash/hotel-info/,OFFICIAL_PROPERTY,2026-08-29,,,"Pets
Non-refundable fee: $75.00
Pet policy: 1-4 night stay $75; 5+ night stay $125; 2 pets max; dog or cat only",,cincinnati-oh
graduate cincinnati,pet-friendly-hotels,151 Goodman Street,Cincinnati,OH,45219,5134873820,https://www.hilton.com/en/hotels/cvggcgu-graduate-cincinnati/hotel-info/,https://www.hilton.com/en/hotels/cvggcgu-graduate-cincinnati/hotel-info/,OFFICIAL_PROPERTY,2026-08-29,,,"Pet policy: Dogs only. Two pet maximum. A One-time, non-refundable pet fee of $75 per stay per pet will be charged to the guest folio upon check- in.",,cincinnati-oh
hampton inn and suites by hilton cincinnati liberty township,pet-friendly-hotels,7320 Tylers Place Blvd,West Chester,OH,45069,,https://www.hilton.com/en/hotels/cvglthx-hampton-suites-cincinnati-liberty-township/hotel-info/,https://www.hilton.com/en/hotels/cvglthx-hampton-suites-cincinnati-liberty-township/hotel-info/,OFFICIAL_PROPERTY,2026-08-29,,,"PETS
Non-refundable fee: $50.00
Pet policy: 1-4 night stay $50; 5+ night stay $75; 2 pets max; dog or cat only",,cincinnati-oh
hampton inn and suites by hilton mason,pet-friendly-hotels,5232 Bardes Road,Mason,OH,45040,,https://www.hilton.com/en/hotels/cvgbrhx-hampton-suites-cincinnati-mason/hotel-info/,https://www.hilton.com/en/hotels/cvgbrhx-hampton-suites-cincinnati-mason/hotel-info/,OFFICIAL_PROPERTY,2026-08-29,,,"PETS
Non-refundable fee: $75.00
Max weight: 75 lbs
Pet policy: 1-4 night stay $75; 5+ night stay $125; 2 pets max; dog or cat only",,cincinnati-oh
hampton inn and suites cincinnati downtown,pet-friendly-hotels,"617 Vine Street, Suite A",Cincinnati,OH,45202,5133542430,https://www.hilton.com/en/hotels/cvgvihx-hampton-suites-cincinnati-downtown/hotel-info/,https://www.hilton.com/en/hotels/cvgvihx-hampton-suites-cincinnati-downtown/hotel-info/,OFFICIAL_PROPERTY,2026-08-29,,,"PETS
Non-refundable fee: $50.00
Pet policy: 1-4 night stay $50; 5+ night stay $75; 2 pets max; dog or cat only",,cincinnati-oh
hampton inn and suites cincinnati eastgate,pet-friendly-hotels,858 Eastgate North Drive,Cincinnati,OH,45245,,https://www.hilton.com/en/hotels/cvgeghx-hampton-cincinnati-eastgate/hotel-info/,https://www.hilton.com/en/hotels/cvgeghx-hampton-cincinnati-eastgate/hotel-info/,OFFICIAL_PROPERTY,2026-08-29,,,"PETS
Non-refundable fee: $50.00
Pet policy: 1-4 night stay $50; 5+ night stay $75; 2 pets max; dog or cat only",,cincinnati-oh
hampton inn and suites cincinnati union centre,pet-friendly-hotels,9266 Schulze Drive,West Chester,OH,45069,,https://www.hilton.com/en/hotels/cvghshx-hampton-suites-cincinnati-union-centre/hotel-info/,https://www.hilton.com/en/hotels/cvghshx-hampton-suites-cincinnati-union-centre/hotel-info/,OFFICIAL_PROPERTY,2026-08-29,,,"PETS
Non-refundable fee: $75.00
Pet policy: $75(1-4n),$125(5+n) 2petsMax,dog/cat only",,cincinnati-oh
hampton inn and suites springboro,pet-friendly-hotels,25 Greenwood Lane,Springboro,OH,45066,,https://www.hilton.com/en/hotels/sgoohhx-hampton-suites-springboro-dayton-area-south/hotel-info/,https://www.hilton.com/en/hotels/sgoohhx-hampton-suites-springboro-dayton-area-south/hotel-info/,OFFICIAL_PROPERTY,2026-08-29,,,"PETS
Non-refundable fee: $75.00
Max weight: 75 lbs
Max size: Large
Pet policy: 1-4 night stay $75; 5+ night stay $125; 2 pets max; dog or cat only",,cincinnati-oh
hampton inn and suites uptown university area,pet-friendly-hotels,3024 Short Vine Street,Cincinnati,OH,45219,5132812700,https://www.hilton.com/en/hotels/cvguphx-hampton-suites-cincinnati-uptown-university-area/hotel-info/,https://www.hilton.com/en/hotels/cvguphx-hampton-suites-cincinnati-uptown-university-area/hotel-info/,OFFICIAL_PROPERTY,2026-08-29,,,"PETS
Non-refundable fee: $50.00
Pet policy: $50(1-4 nights), $100(5+ nights) 2 pets max, dog or cat only",,cincinnati-oh
hampton inn and suites wilder,pet-friendly-hotels,10 Hampton Lane,Wilder,KY,41076,8594413049,https://www.hilton.com/en/hotels/cvgwihx-hampton-suites-wilder/hotel-info/,https://www.hilton.com/en/hotels/cvgwihx-hampton-suites-wilder/hotel-info/,OFFICIAL_PROPERTY,2026-08-29,,,"PETS
Non-refundable fee: $50.00
Max weight: 80 lbs
Pet policy: 1-4 night stay $50; 5+ night stay $75; 2 pets max; dog or cat only",,cincinnati-oh
hampton inn blue ash cincinnati,pet-friendly-hotels,4761 Creek Road,Blue Ash,OH,45242,5137912822,https://www.hilton.com/en/hotels/cvgcrhx-hampton-blue-ash-cincinnati/hotel-info/,https://www.hilton.com/en/hotels/cvgcrhx-hampton-blue-ash-cincinnati/hotel-info/,OFFICIAL_PROPERTY,2026-08-29,,,"PETS
Non-refundable fee: $75.00
Max weight: 75 lbs
Max size: Large
Pet policy: 1-4 night stay $75; 5+ night stay $125; 2 pets max; dog or cat only",,cincinnati-oh
hampton inn cincinnati airport north,pet-friendly-hotels,755 Petersburg Road,Hebron,KY,41048,8596891960,https://www.hilton.com/en/hotels/cvgflhx-hampton-cincinnati-airport-north/hotel-info/,https://www.hilton.com/en/hotels/cvgflhx-hampton-cincinnati-airport-north/hotel-info/,OFFICIAL_PROPERTY,2026-08-29,,,"PETS
Non-refundable fee: $75.00
Max weight: 50 lbs
Max size: Medium
Pet policy: Pets allowed, $75.00 non-refundable fee, $75/1-4nts, $125/5+ nts. 2 Dogs Max, Total Combined Weight 50lbs. No Cats.",,cincinnati-oh
hampton inn cincinnati airport south,pet-friendly-hotels,7393 Turfway Rd.,Florence,KY,41042,8592831600,https://www.hilton.com/en/hotels/cvgsfhx-hampton-cincinnati-airport-south/hotel-info/,https://www.hilton.com/en/hotels/cvgsfhx-hampton-cincinnati-airport-south/hotel-info/,OFFICIAL_PROPERTY,2026-08-29,,,"PETS
Non-refundable fee: $75.00
Max weight: 75 lbs
Max size: Medium
Pet policy: 1-4 nights fee is $75 per stay 5+ nights is $125 per stay",,cincinnati-oh
hampton inn cincinnati northwest fairfield,pet-friendly-hotels,430 Kolb Drive,Fairfield,OH,45014,,https://www.hilton.com/en/hotels/cvgfdhx-hampton-cincinnati-northwest-fairfield/hotel-info/,https://www.hilton.com/en/hotels/cvgfdhx-hampton-cincinnati-northwest-fairfield/hotel-info/,OFFICIAL_PROPERTY,2026-08-29,,,"PETS
Non-refundable fee: $75.00
Pet policy: $75(1-4n),$75(5+n) 2petsMax,dog/cat only",,cincinnati-oh
hampton inn kings island,pet-friendly-hotels,5323 Beach Blvd.,Mason,OH,45040,,https://www.hilton.com/en/hotels/cvgkihx-hampton-cincinnati-kings-island/hotel-info/,https://www.hilton.com/en/hotels/cvgkihx-hampton-cincinnati-kings-island/hotel-info/,OFFICIAL_PROPERTY,2026-08-29,,,"PETS
Non-refundable fee: $75.00
Max weight: 75 lbs
Pet policy: $75(1-4n),$125(5+n) 2pets Max, dog/cat only",,cincinnati-oh
hampton inn middletown,pet-friendly-hotels,2880 Towne Boulevard,Middletown,OH,45044,,https://www.hilton.com/en/hotels/mwomdhx-hampton-middletown/hotel-info/,https://www.hilton.com/en/hotels/mwomdhx-hampton-middletown/hotel-info/,OFFICIAL_PROPERTY,2026-08-29,,,"PETS
Non-refundable fee: $75.00
Max weight: 75 lbs
Max size: Large
Pet policy: $75(1-4n),$125(5+n) 2petsMax,dog/cat only",,cincinnati-oh
hampton inn oxford miami university area,pet-friendly-hotels,375 S. College Avenue,Oxford,OH,45056,,https://www.hilton.com/en/hotels/oxfuvhx-hampton-oxford-miami-university-area/hotel-info/,https://www.hilton.com/en/hotels/oxfuvhx-hampton-oxford-miami-university-area/hotel-info/,OFFICIAL_PROPERTY,2026-08-29,,,"PETS
Non-refundable fee: $50.00
Pet policy: 1-4 night stay $50; 5+ night stay $75; 2 pets max; dog or cat only",,cincinnati-oh
hilton garden inn blue ash,pet-friendly-hotels,5300 Cornell Road,Blue Ash,OH,45242,5134696900,https://www.hilton.com/en/hotels/cvgbogi-hilton-garden-inn-cincinnati-blue-ash/hotel-info/,https://www.hilton.com/en/hotels/cvgbogi-hilton-garden-inn-cincinnati-blue-ash/hotel-info/,OFFICIAL_PROPERTY,2026-08-29,,,"Pets
Non-refundable fee: $75.00
Max weight: 20 lbs",,cincinnati-oh
hilton garden inn cincinnati northeast,pet-friendly-hotels,6288 Tri Ridge Blvd,Loveland,OH,45140,,https://www.hilton.com/en/hotels/cvgnegi-hilton-garden-inn-cincinnati-northeast/hotel-info/,https://www.hilton.com/en/hotels/cvgnegi-hilton-garden-inn-cincinnati-northeast/hotel-info/,OFFICIAL_PROPERTY,2026-08-29,,,"Pets
Non-refundable fee: $75.00",,cincinnati-oh
hilton garden inn cincinnati sharonville,pet-friendly-hotels,11149 Dowlin Drive,Sharonville,OH,45241,5137722837,https://www.hilton.com/en/hotels/cvgshgi-hilton-garden-inn-cincinnati-sharonville/hotel-info/,https://www.hilton.com/en/hotels/cvgshgi-hilton-garden-inn-cincinnati-sharonville/hotel-info/,OFFICIAL_PROPERTY,2026-08-29,,,"Pets
Non-refundable fee: $75.00
Max weight: 75 lbs
Max size: Medium
Pet policy: 1-4 night stay $75; 5+ night stay $125; 2 pets max; dog or cat only",,cincinnati-oh
hilton garden inn cincinnati west chester,pet-friendly-hotels,9306 Schulze Drive,West Chester,OH,45069,,https://www.hilton.com/en/hotels/cvgmsgi-hilton-garden-inn-cincinnati-west-chester/hotel-info/,https://www.hilton.com/en/hotels/cvgmsgi-hilton-garden-inn-cincinnati-west-chester/hotel-info/,OFFICIAL_PROPERTY,2026-08-29,,,"Pets
Non-refundable fee: $75.00
Max weight: 40 lbs
Max size: Medium
Pet policy: 2 Pet Maximum, Cats and Dogs only.",,cincinnati-oh
hilton garden inn florence cincinnati airport south,pet-friendly-hotels,205 Meijer Drive,Florence,KY,41042,8598170110,https://www.hilton.com/en/hotels/cvgkegi-hilton-garden-inn-florence-cincinnati-airport-south/hotel-info/,https://www.hilton.com/en/hotels/cvgkegi-hilton-garden-inn-florence-cincinnati-airport-south/hotel-info/,OFFICIAL_PROPERTY,2026-08-29,,,"Pets
Non-refundable fee: $75.00
Max weight: 50 lbs
Max size: Medium
Pet policy: $75 (1-4nts), $125 (5+nts), 2 pets max",,cincinnati-oh
hilton garden inn mason,pet-friendly-hotels,5200 Natorp Blvd,Mason,OH,45040,,https://www.hilton.com/en/hotels/cvgcmgi-hilton-garden-inn-cincinnati-mason/hotel-info/,https://www.hilton.com/en/hotels/cvgcmgi-hilton-garden-inn-cincinnati-mason/hotel-info/,OFFICIAL_PROPERTY,2026-08-29,,,"Pets
Non-refundable fee: $75.00
Pet policy: Dogs and cats are welcome, with a maximum of two pets per room. A $125 non-refundable pet fee applies to stays of five nights or longer.",,cincinnati-oh
hilton garden inn midtown,pet-friendly-hotels,2145 Dana Avenue,Cincinnati,OH,45207,5133619800,https://www.hilton.com/en/hotels/cvgmdgi-hilton-garden-inn-cincinnati-midtown/hotel-info/,https://www.hilton.com/en/hotels/cvgmdgi-hilton-garden-inn-cincinnati-midtown/hotel-info/,OFFICIAL_PROPERTY,2026-08-29,,,"Pets
Non-refundable fee: $75.00
Pet policy: $75 2 pets Max, dog/cat only",,cincinnati-oh
home2 suites by hilton blue ash,pet-friendly-hotels,11235 Cornell Park Dr.,Blue Ash,OH,45242,5137912525,https://www.hilton.com/en/hotels/cvgasht-home2-suites-blue-ash-cincinnati/hotel-info/,https://www.hilton.com/en/hotels/cvgasht-home2-suites-blue-ash-cincinnati/hotel-info/,OFFICIAL_PROPERTY,2026-08-29,,,"Pets
Non-refundable fee: $75.00
Max weight: 75 lbs
Max size: Large
Pet policy: $75(1-4n),$125(5+n)2petmax,dog/cat only",,cincinnati-oh
home2 suites by hilton cincinnati eastgate,pet-friendly-hotels,856 Eastgate North Drive,Cincinnati,OH,45245,,https://www.hilton.com/en/hotels/cvgeaht-home2-suites-cincinnati-eastgate/hotel-info/,https://www.hilton.com/en/hotels/cvgeaht-home2-suites-cincinnati-eastgate/hotel-info/,OFFICIAL_PROPERTY,2026-08-29,,,"Pets
Non-refundable fee: $50.00
Pet policy: 1-4 night stay $50; 5+ night stay $75; 2 pets max; dog or cat only",,cincinnati-oh
home2 suites by hilton cincinnati liberty township,pet-friendly-hotels,7145 Liberty Centre Drive,Liberty Township,OH,45069,,https://www.hilton.com/en/hotels/cvglcht-home2-suites-cincinnati-liberty-township/hotel-info/,https://www.hilton.com/en/hotels/cvglcht-home2-suites-cincinnati-liberty-township/hotel-info/,OFFICIAL_PROPERTY,2026-08-29,,,"Pets
Non-refundable fee: $75.00
Pet policy: $75(1-4n),$125(5+n) 2petsMax,dog/cat only",,cincinnati-oh
home2 suites by hilton florence cincinnati airport south,pet-friendly-hotels,7570 Woodspoint Drive,Florence,KY,41042,8597461001,https://www.hilton.com/en/hotels/cvgfcht-home2-suites-florence-cincinnati-airport-south/hotel-info/,https://www.hilton.com/en/hotels/cvgfcht-home2-suites-florence-cincinnati-airport-south/hotel-info/,OFFICIAL_PROPERTY,2026-08-29,,,"Pets
Non-refundable fee: $75.00
Max weight: 75 lbs
Max size: Medium
Pet policy: $75 (1-4 nights), $125 (5+ nights) 2 pets Max, dog/cat only",,cincinnati-oh
home2 suites by hilton west chester,pet-friendly-hotels,9246 Schulze Drive,West Chester,OH,45069,,https://www.hilton.com/en/hotels/cvgceht-home2-suites-west-chester-cincinnati/hotel-info/,https://www.hilton.com/en/hotels/cvgceht-home2-suites-west-chester-cincinnati/hotel-info/,OFFICIAL_PROPERTY,2026-08-29,,,"Pets
Non-refundable fee: $75.00
Max weight: 20 lbs
Max size: Medium",,cincinnati-oh
homewood suites by hilton cincinnati downtown,pet-friendly-hotels,"617 Vine Street, Suite B",Cincinnati,OH,45202,5133542440,https://www.hilton.com/en/hotels/cvgvshw-homewood-suites-cincinnati-downtown/hotel-info/,https://www.hilton.com/en/hotels/cvgvshw-homewood-suites-cincinnati-downtown/hotel-info/,OFFICIAL_PROPERTY,2026-08-29,,,"Pets
Non-refundable fee: $50.00
Pet policy: 1-4 night stay $50; 5+ night stay $75; 2 pets max; dog or cat only",,cincinnati-oh
homewood suites by hilton cincinnati milford,pet-friendly-hotels,600 Chamber Drive,Milford,OH,45150,,https://www.hilton.com/en/hotels/cvgmlhw-homewood-suites-cincinnati-milford/hotel-info/,https://www.hilton.com/en/hotels/cvgmlhw-homewood-suites-cincinnati-milford/hotel-info/,OFFICIAL_PROPERTY,2026-08-29,,,"Pets
Non-refundable fee: $75.00
Pet policy: 1-4 nights, $75. 5+ nights, $125. Per stay, per room. Covers additional cleaning/maintenance. Please inform the hotel in advance if bringing a pet.",,cincinnati-oh
homewood suites by hilton cincinnati west chester,pet-friendly-hotels,9226 Schulze Drive,West Chester,OH,45069,,https://www.hilton.com/en/hotels/cvgsdhw-homewood-suites-cincinnati-west-chester/hotel-info/,https://www.hilton.com/en/hotels/cvgsdhw-homewood-suites-cincinnati-west-chester/hotel-info/,OFFICIAL_PROPERTY,2026-08-29,,,"Pets
Non-refundable fee: $75.00
Max weight: 75 lbs
Pet policy: $125(5+ nights)2 pet max,dogs/cats only",,cincinnati-oh
la quinta inn and suites by wyndham cincinnati ne mason,pet-friendly-hotels,9918 Escort Drive,Mason,OH,45040,,https://www.wyndhamhotels.com/laquinta/mason-ohio/la-quinta-cincinnati-ne-mason/overview,https://www.wyndhamhotels.com/laquinta/mason-ohio/la-quinta-cincinnati-ne-mason/overview,OFFICIAL_PROPERTY,2026-08-29,,,Pet & Service Animal Policy Service Animals - ADA-defined service animals are welcome free of charge. / Pets Allowed - 2 pets max. Cats and dogs only. 75lbs or less per pet. / Fees - Non-refundable 25 USD nightly for up to 2 pets. Max 75 USD per stay. / Other Information - Contact hotel for additional details and availability.,,cincinnati-oh
laquinta inn and suites florence,pet-friendly-hotels,350 Meijer Drive,Florence,KY,41042,8592828212,https://www.wyndhamhotels.com/laquinta/florence-kentucky/la-quinta-cincinnati-airport-florence/overview,https://www.wyndhamhotels.com/laquinta/florence-kentucky/la-quinta-cincinnati-airport-florence/overview,OFFICIAL_PROPERTY,2026-08-29,,,Pet & Service Animal Policy Service Animals - ADA-defined service animals are welcome free of charge. / Pets Allowed - 2 pets max. Cats and dogs only. 75lbs or less per pet. / Fees - Non-refundable 25 USD nightly for up to 2 pets. Max 75 USD per stay. / Other Information - Contact hotel for additional details and availability.,,cincinnati-oh
la quinta inn and suites sharonville,pet-friendly-hotels,11029 Dowlin Dr,Cincinnati,OH,45241,5137710300,https://www.wyndhamhotels.com/laquinta/cincinnati-ohio/la-quinta-cincinnati-sharonville/overview,https://www.wyndhamhotels.com/laquinta/cincinnati-ohio/la-quinta-cincinnati-sharonville/overview,OFFICIAL_PROPERTY,2026-08-29,,,Pet & Service Animal Policy Service Animals - ADA-defined service animals are welcome free of charge. / Pets Allowed - 2 pets max. Cats and dogs only. 75lbs or less per pet. / Fees - Non-refundable 25 USD nightly for up to 2 pets. Max 75 USD per stay. / Other Information - Contact hotel for additional details and availability.,,cincinnati-oh
super 8 florence,pet-friendly-hotels,7937 Dream Street,Florence,KY,41042,8599185524,https://www.wyndhamhotels.com/super-8/florence-kentucky/super-8-florence-ky/overview,https://www.wyndhamhotels.com/super-8/florence-kentucky/super-8-florence-ky/overview,OFFICIAL_PROPERTY,2026-08-29,,,Pet & Service Animal Policy Maximum 1 pets with a max weight of 25 lbs are allowed for a non-refundable charge of 15.00 USD per night. Pet Sanitation Fee is 100.00 USD if applicable. Pets must be declared during check-in. ADA Defined service animals are welcome at this hotel.,,cincinnati-oh
super 8 fort mitchell,pet-friendly-hotels,2350 Royal Drive,Fort Mitchell,KY,41017,8593412090,https://www.wyndhamhotels.com/super-8/fort-mitchell-kentucky/super-8-fort-mitchell-cinci-oh-downtown/overview,https://www.wyndhamhotels.com/super-8/fort-mitchell-kentucky/super-8-fort-mitchell-cinci-oh-downtown/overview,OFFICIAL_PROPERTY,2026-08-29,,,Pet & Service Animal Policy Service Animals - ADA-defined service animals are welcome free of charge. / Pets Allowed - 2 pet max. / Fees - Non-refundable 15USD per pet per night. Pet Sanitation Fee is 100USD if applicable. / Other Information -Please note reservation if guest is travelling with a pet.,,cincinnati-oh
super 8 harrison,pet-friendly-hotels,10900 New Haven Road,Harrison,OH,45030,5133675200,https://www.wyndhamhotels.com/super-8/harrison-ohio/super-8-harrison-oh/overview,https://www.wyndhamhotels.com/super-8/harrison-ohio/super-8-harrison-oh/overview,OFFICIAL_PROPERTY,2026-08-29,,,Pet & Service Animal Policy Service Animals - ADA-defined service animals welcome. / Dogs Allowed. 2 dogs max. 15lbs or less per pet. / Fees - 25USD per pet per night. / Other Information - Hotel only allows dogs in terms of guest pets allowed on property. Contact hotel for additional details and availability.,,cincinnati-oh
ashley quarters hotel cincinnati airport,pet-friendly-hotels,4880 Houston Rd.,Florence,KY,41042,8595259997,https://www.ashleyquartershotel.com/pet-policy/,https://www.ashleyquartershotel.com/pet-policy/,OFFICIAL_PROPERTY,2026-08-29,,,"PET POLICY AND FEES $20 per night per pet, $90 per week, 2 Pets Max per room Cats need Manager Approval",,cincinnati-oh
livinn hotel cincinnati sharonville convention center,pet-friendly-hotels,11385 Chester Rd,Sharonville,OH,45246,5137727877,https://www.livinnsharonville.com/,https://www.livinnsharonville.com/,OFFICIAL_PROPERTY,2026-08-29,,,"Yes. We are a pet-friendly hotel located near Downtown Cincinnati. Furry friends are welcome, we look forward to welcoming the entire family. Pet fee is $50 per day.",,cincinnati-oh
motel beechmont,pet-friendly-hotels,3960 Nine Mile Rd.,Cincinnati,OH,45255,,https://www.motelbeechmont.com/,https://www.motelbeechmont.com/,OFFICIAL_PROPERTY,2026-08-29,,,We are a Pet Friendly hotel. Pets under 25 lbs are allowed with a $10 USD non-refundable pet fee per day. Rooms are limited. Please contact hotel directly for available Pet Friendly rooms.,,cincinnati-oh
red roof inn sharonville,pet-friendly-hotels,2301 E. Sharon Rd.,Sharonville,OH,45241,5137715552,https://www.redroof.com/property/oh/sharonville/rri171,https://www.redroof.com/property/oh/sharonville/rri171,OFFICIAL_PROPERTY,2026-08-29,,,"Pet Policy: One, well-behaved domestic pet (cat or dog) Stays Free! Pets must be declared at check-in. Up to 2 pets allowed per room. Second pet $15/ night, not to exceed 7 nights or $105 per pet per stay. Pet not to exceed 80 pounds. Service and emotional support animals are always welcome.",,cincinnati-oh
hampton inn and suites cincinnati kenwood,pet-friendly-hotels,2000 Ronald Reagan Drive,Cincinnati,OH,45236,5137940700,https://www.hilton.com/en/hotels/cvgckhx-hampton-suites-cincinnati-kenwood/hotel-info/,https://www.hilton.com/en/hotels/cvgckhx-hampton-suites-cincinnati-kenwood/hotel-info/,OFFICIAL_PROPERTY,2026-08-29,,,"PETS
Non-refundable fee: $75.00
Pet policy: $75(1-4n),$125(5+n) 2petsMax,dog/cat onl",,cincinnati-oh
hampton inn and suites newport cincinnati,pet-friendly-hotels,275 Columbia Street,Newport,KY,41071,8594150678,https://www.hilton.com/en/hotels/cvgpohx-hampton-suites-newport-cincinnati/hotel-info/,https://www.hilton.com/en/hotels/cvgpohx-hampton-suites-newport-cincinnati/hotel-info/,OFFICIAL_PROPERTY,2026-08-29,,,"PETS
Non-refundable fee: $75.00
Pet policy: Non-Refundable Fee: $75/1-3nts, $125/4-7nts. 2 Pets Max, *No Cats. Fee Exempts: ADA Service Animals Only. Addl charge for damages may apply",,cincinnati-oh
hilton cincinnati netherland plaza,pet-friendly-hotels,35 West Fifth Street,Cincinnati,OH,45202,5134219100,https://www.hilton.com/en/hotels/cvgnphf-hilton-cincinnati-netherland-plaza/hotel-info/,https://www.hilton.com/en/hotels/cvgnphf-hilton-cincinnati-netherland-plaza/hotel-info/,OFFICIAL_PROPERTY,2026-08-29,,,"Pets
Non-refundable fee: $50.00
Max weight: 25 lbs
Pet policy: 50.00 Non Refundable Pet Deposit",,cincinnati-oh
homewood suites by hilton cincinnati mason,pet-friendly-hotels,5325 Natorp Boulevard,Mason,OH,45040,,https://www.hilton.com/en/hotels/cvgmahw-homewood-suites-cincinnati-mason-oh/hotel-info/,https://www.hilton.com/en/hotels/cvgmahw-homewood-suites-cincinnati-mason-oh/hotel-info/,OFFICIAL_PROPERTY,2026-08-29,,,"Pets
Non-refundable fee: $125.00
Max weight: 75 lbs
Pet policy: $75(1-4n),$125(5+n) dog/cat only",,cincinnati-oh
days inn florence,pet-friendly-hotels,50 Cavalier Blvd.,Florence,KY,41042,8593714800,https://www.wyndhamhotels.com/days-inn/florence-kentucky/days-inn-florence-cincinnati-area/overview,https://www.wyndhamhotels.com/days-inn/florence-kentucky/days-inn-florence-cincinnati-area/overview,OFFICIAL_PROPERTY,2026-08-29,,,Pet & Service Animal Policy Service Animals - ADA-defined service animals welcome. Pets Allowed for max of 5 day stay - 2 pets max. Fees - 25USD per pet per night. Pet Sanitation Fee 200USD if required. Other Information - Limited pet rooms contact front desk for availability.,,cincinnati-oh
woodspring suites cincinnati fairfield,pet-friendly-hotels,6725 Fairfield Business Ctr.,Fairfield,OH,45014,,https://www.woodspring.com/extended-stay-hotels/locations/ohio/cincinnati/woodspring-suites-cincinnati-fairfield,https://www.woodspring.com/extended-stay-hotels/locations/ohio/cincinnati/woodspring-suites-cincinnati-fairfield,OFFICIAL_PROPERTY,2026-08-29,,,"Limit 2 dogs, under 75lbs. per room. No cats. Non-refundable pet cleaning fee of 100USD per pet and daily charge of 25USD for first 6 nights and 10USD per pet per night charge for the duration of the stay.",,cincinnati-oh
avid hotel Cincinnati N - West Chester,pet-friendly-hotels,8957 Lakota Dr. W,West Chester,OH,45069,,https://www.ihg.com/avidhotels/hotels/us/en/west-chester/cvgav/hoteldetail,https://www.ihg.com/avidhotels/hotels/us/en/west-chester/cvgav/hoteldetail,OFFICIAL_PROPERTY,2026-08-29,,,Our pet friendly hotel welcomes pets for a small fee and service animals free of charge. We offer a pet walking area onsite for your convenience. Pets allowed Service animals allowed Pet walking area onsite Pet fee per night: 50 USD,true,cincinnati-oh
Comfort Inn & Suites Greendale,pet-friendly-hotels,1610 Flossie Drive,Greendale,IN,47025,8125393600,https://www.choicehotels.com/indiana/lawrenceburg/comfort-inn-hotels/in171,https://www.choicehotels.com/indiana/lawrenceburg/comfort-inn-hotels/in171,OFFICIAL_PROPERTY,2026-08-29,,,"Pets Allowed: Yes General: Pet Accommodation: 25.00 USD per night per pet. Pet Limit: up to 20 lbs. 2 Pets per room and not more than 5 days at a time, we do not allow pets in our Kitchenette suite or our 2 room suite.. Service animals are permitted, without charge.",true,cincinnati-oh
Comfort Suites Florence,pet-friendly-hotels,5905 Merchants Street,Florence,KY,41042,8594881708,https://www.choicehotels.com/kentucky/florence/comfort-suites-hotels/ky301,https://www.choicehotels.com/kentucky/florence/comfort-suites-hotels/ky301,OFFICIAL_PROPERTY,2026-08-29,,,"Pets Allowed: Yes General: Dogs only. Pet fee of $35. Per night Per Pet. Limit of 40 pounds. maximum of 1 Pet Per room.. Service animals are permitted, without charge.",true,cincinnati-oh
Econo Lodge Erlanger,pet-friendly-hotels,633 Donaldson Road,Erlanger,KY,41018,8593425500,https://www.choicehotels.com/kentucky/erlanger/econo-lodge-hotels/ky077,https://www.choicehotels.com/kentucky/erlanger/econo-lodge-hotels/ky077,OFFICIAL_PROPERTY,2026-08-29,,,"Pets Allowed: Yes General: Pet accommodation: 15.00 USD per night, per pet. Maximum 2 pets per room.. Service animals are permitted, without charge.",true,cincinnati-oh
Holiday Inn Cincinnati-Riverfront,pet-friendly-hotels,600 West 3rd St.,Covington,KY,41011,8592914300,https://www.ihg.com/holidayinn/hotels/us/en/covington/cvgrf/hoteldetail,https://www.ihg.com/holidayinn/hotels/us/en/covington/cvgrf/hoteldetail,OFFICIAL_PROPERTY,2026-08-29,,,Pets are welcome at Holiday Inn Cincinnati-Riverfront. Pet policy description. The hotel allows up to 2 pets in the room for a flat nonrefundable fee of 25 USD per night. No fees for service animals for the disabled. Pet must be kenneled when left unattended. Pet fee per night: 25 USD Pet weight limit: 75 2 pets allowed Pets allowed: Only dogs and cats allowed,true,cincinnati-oh
Quality Hotel Cincinnati Blue Ash,pet-friendly-hotels,5901 Pfeiffer Rd.,Cincinnati,OH,45242,5137934500,https://www.choicehotels.com/ohio/cincinnati/quality-inn-hotels/oh228,https://www.choicehotels.com/ohio/cincinnati/quality-inn-hotels/oh228,OFFICIAL_PROPERTY,2026-08-29,,,"Pets Allowed: Yes General: Pets allowed 25.00 USD per night. Max 50 lbs, 1 pet per room. Kennel available 1 mile away.. Service animals are permitted, without charge.",true,cincinnati-oh
Quality Inn & Suites Florence,pet-friendly-hotels,30 Cavalier Court,Florence,KY,41042,8593710081,https://www.choicehotels.com/kentucky/florence/quality-inn-hotels/ky203,https://www.choicehotels.com/kentucky/florence/quality-inn-hotels/ky203,OFFICIAL_PROPERTY,2026-08-29,,,"Pets Allowed: Yes General: Pets allowed. 25.00 USD per pet, per night and a maximum of 20 pounds per pet.. Service animals are permitted, without charge.",true,cincinnati-oh
Quality Inn & Suites Lawrenceburg,pet-friendly-hotels,765 East Eads Parkway,Lawrenceburg,IN,47025,8125372552,https://www.choicehotels.com/indiana/lawrenceburg/quality-inn-hotels/in492,https://www.choicehotels.com/indiana/lawrenceburg/quality-inn-hotels/in492,OFFICIAL_PROPERTY,2026-08-29,,,"Pets Allowed: Yes General: Only dogs under 25lbs are accepted. 25.00 USD per pet, per night. A limit of 2 pets per room.. Service animals are permitted, without charge.",true,cincinnati-oh
Quality Inn & Suites Middletown,pet-friendly-hotels,6475 Culbertson Rd,Middletown,OH,45005,,https://www.choicehotels.com/ohio/franklin/quality-inn-hotels/oh576,https://www.choicehotels.com/ohio/franklin/quality-inn-hotels/oh576,OFFICIAL_PROPERTY,2026-08-29,,,"Pets Allowed: Yes General: Pets are allowed. The pet accommodation is 25.00 USD per night per pet. A maximum size limit of 20 pounds per pet with a maximum limit of 2 pets per room.. Service animals are permitted, without charge.",true,cincinnati-oh
Holiday Inn Cincinnati Airport,pet-friendly-hotels,1717 Airport Exchange Blvd.,Erlanger,KY,41018,8593712233,https://www.ihg.com/holidayinn/hotels/us/en/erlanger/cvgap/hoteldetail,https://www.ihg.com/holidayinn/hotels/us/en/erlanger/cvgap/hoteldetail,OFFICIAL_PROPERTY,2026-08-29,,,Pets are welcome at Holiday Inn Cincinnati Airport. Pet policy description. Pets are welcome at our hotel for a 75.00 USD per stay in addition to the regular guest room rate. Only 2 total pets are allowed per room. Pet fee per night: 75 USD Pet weight limit: 75 2 pets allowed Pets allowed: Only dogs and cats allowed,true,cincinnati-oh
Candlewood Suites Erlanger - South Cincinnati,pet-friendly-hotels,602 Atlas Air Way,Erlanger,KY,41018,8599009500,https://www.ihg.com/candlewood/hotels/us/en/erlanger/cvger/hoteldetail,https://www.ihg.com/candlewood/hotels/us/en/erlanger/cvger/hoteldetail,OFFICIAL_PROPERTY,2026-08-29,,,"Pets are welcome at Candlewood Suites Erlanger - South Cincinnati. Pet policy description. A nonrefundable pet fee applies. 75 USD for one to six nights, 150 USD for seven or more nights. Up to two pets no more than 80 pounds. A pet agreement must be signed at check in. Pets allowed are dogs only. Pet fee per night: 75 USD Pet weight limit: 80 2 pets allowed Pets allowed: Only dogs allowed",true,cincinnati-oh
Holiday Inn Express Hotel & Suites - Mason,pet-friendly-hotels,5100 Natorp Blvd,Mason,OH,45040,,https://www.ihg.com/holidayinnexpress/hotels/us/en/mason/cvgma/hoteldetail,https://www.ihg.com/holidayinnexpress/hotels/us/en/mason/cvgma/hoteldetail,OFFICIAL_PROPERTY,2026-08-29,,,Pets are welcome at Holiday Inn Express & Suites Cincinnati - Mason. Pet policy description. Both pets and service animals are welcome. 75 Pet Fee: 1 to 4 Nights 125 Pet Fee: 5 or more Nights Pet fee per night: 125 USD Pet damage deposit: 75 USD Pet weight limit: No weight limit per pet 2 pets allowed Pets allowed: Only dogs and cats allowed,true,cincinnati-oh
Candlewood Suites Cincinnati Northeast-Mason,pet-friendly-hotels,5070 Natorp Blvd,Mason,OH,45040,,https://www.ihg.com/candlewood/hotels/us/en/mason/cvgsn/hoteldetail,https://www.ihg.com/candlewood/hotels/us/en/mason/cvgsn/hoteldetail,OFFICIAL_PROPERTY,2026-08-29,,,"Pets are welcome at Candlewood Suites Cincinnati Northeast - Mason. Pet policy description. Max 2 dogs per room; must not be left unattended. Each dog must be 50 lbs or less; if two dogs, combined weight must not exceed 75 lbs. 75 USD nonrefundable fee applies for 1 to 6 nights; stays of 7 to 30 nights incur an additional 100 USD cleaning fee. Pet damage deposit: 75 USD Pet weight limit: 50 2 pets allowed Pets allowed: Only dogs allowed",true,cincinnati-oh
Holiday Inn Express Cincinnati West,pet-friendly-hotels,5505 Rybolt Rd.,Cincinnati,OH,45248,5135746000,https://www.ihg.com/holidayinnexpress/hotels/us/en/cincinnati/cvgrr/hoteldetail,https://www.ihg.com/holidayinnexpress/hotels/us/en/cincinnati/cvgrr/hoteldetail,OFFICIAL_PROPERTY,2026-08-29,,,"Pets are welcome at Holiday Inn Express Cincinnati West. Pet policy description. Pets under 40 pounds are permitted. 1 to 3 nights 75 USD, 4 to 7 nights 125 USD. 8 plus nights requires a 500 USD deposit. Pet deposit is nonrefundable. Please contact hotel directly for further information. Pet damage deposit: 75 USD Pet weight limit: 40 2 pets allowed Pets allowed: Only dogs and cats allowed",true,cincinnati-oh
Staybridge Suites Cincinnati North,pet-friendly-hotels,8955 Lakota Dr. West,West Chester,OH,45069,,https://www.ihg.com/staybridge/hotels/us/en/west-chester/cvgnw/hoteldetail,https://www.ihg.com/staybridge/hotels/us/en/west-chester/cvgnw/hoteldetail,OFFICIAL_PROPERTY,2026-08-29,,,Pets are welcome at Staybridge Suites Cincinnati North. Our Pet Policy: Pets allowed. We have a non refundable pet fee of 50 dollars per week. Pet agreement must be signed at check in. Call hotel for details. Record of complete and up to date vaccinations required.,true,cincinnati-oh
Staybridge Suites - Milford,pet-friendly-hotels,401 Chamber Dr.,Milford,OH,45150,,https://www.ihg.com/staybridge/hotels/us/en/milford/cvgml/hoteldetail,https://www.ihg.com/staybridge/hotels/us/en/milford/cvgml/hoteldetail,OFFICIAL_PROPERTY,2026-08-29,,,Pets are welcome at Staybridge Suites Cincinnati East - Milford. Our Pet Policy: Guests must have a crate to put their animal in when leaving the premises. All pets must be up to date on mandatory vaccinations. We have a nonrefundable pet fee of 50 dollars per week. Minimum Fee is 50 dollars. Pet agreement must be signed at check in.,true,cincinnati-oh
Staybridge Suites Florence,pet-friendly-hotels,3255 Ted Bushelman Blvd,Florence,KY,41042,8596893800,https://www.ihg.com/staybridge/hotels/us/en/florence/cvgfo/hoteldetail,https://www.ihg.com/staybridge/hotels/us/en/florence/cvgfo/hoteldetail,OFFICIAL_PROPERTY,2026-08-29,,,"Pets are welcome at Staybridge Suites Florence - Cincinnati South. Our Pet Policy: Max 1 dog permitted up to 40lbs with a nonrefundable fee of 75 for stays between 1 to 6 days, 150 between 7 to 29 days, and 250 of 30 days. Pet Policy must be signed upon arrival. No fee for service animals. Emotion support animals do not qualify.No cats.",true,cincinnati-oh
Country Inn & Suites Erlanger,pet-friendly-hotels,630 Donaldson Ave.,Erlanger,KY,41018,8597273400,https://www.choicehotels.com/kentucky/erlanger/country-inn-suites-hotels/ky069,https://www.choicehotels.com/kentucky/erlanger/country-inn-suites-hotels/ky069,OFFICIAL_PROPERTY,2026-08-30,,,"Pets Allowed: Yes General: Pets Allowed. Pet Charge 25.00 USD Per Pet, Per Night. Refundable deposit of 100.00 USD is required Per Stay. Pet limit 2 Pet Per Room. No Pets in Suites and the pet should not be unattended at any time.. Service animals are permitted, without charge.",true,cincinnati-oh
Drury Inn & Suites Cincinnati Northeast Mason,pet-friendly-hotels,9956 Escort Dr,Mason,OH,45040,,https://www.druryhotels.com/locations/cincinnati-oh/drury-inn-and-suites-cincinnati-northeast-mason,https://www.druryhotels.com/locations/cincinnati-oh/drury-inn-and-suites-cincinnati-northeast-mason,OFFICIAL_PROPERTY,2026-08-30,,,Pet Policy: Dogs and cats accepted. Rooms with pets will be charged a daily fee of $50 per room plus tax. Service animals are free of charge. Limit of two pets per room with a combined weight of 80 pounds.,true,cincinnati-oh
Drury Inn & Suites Cincinnati Sharonville,pet-friendly-hotels,2265 Sharon Rd.,Cincinnati,OH,45241,5137715601,https://www.druryhotels.com/locations/cincinnati-oh/drury-inn-and-suites-cincinnati-sharonville,https://www.druryhotels.com/locations/cincinnati-oh/drury-inn-and-suites-cincinnati-sharonville,OFFICIAL_PROPERTY,2026-08-30,,,Pet Policy: Dogs and cats accepted. Rooms with pets will be charged a daily fee of $50 per room plus tax. Service animals are free of charge. Limit of two pets per room with a combined weight of 80 pounds.,true,cincinnati-oh
Drury Inn & Suites Middletown Franklin,pet-friendly-hotels,3320 Village Dr,Franklin,OH,45005,,https://www.druryhotels.com/locations/middletown-oh/drury-inn-and-suites-middletown-franklin,https://www.druryhotels.com/locations/middletown-oh/drury-inn-and-suites-middletown-franklin,OFFICIAL_PROPERTY,2026-08-30,,,Pet Policy: Dogs and cats accepted. Rooms with pets will be charged a daily fee of $50 per room plus tax. Service animals are free of charge. Limit of two pets per room with a combined weight of 80 pounds.,true,cincinnati-oh
Drury Plaza Hotel Cincinnati Florence,pet-friendly-hotels,7915 U.S. Highway 42,Florence,KY,41042,8594889101,https://www.druryhotels.com/locations/cincinnati-oh/drury-plaza-hotel-cincinnati-florence,https://www.druryhotels.com/locations/cincinnati-oh/drury-plaza-hotel-cincinnati-florence,OFFICIAL_PROPERTY,2026-08-30,,,Pet Policy: Dogs and cats accepted. Rooms with pets will be charged a daily fee of $50 per room plus tax. Service animals are free of charge. Limit of two pets per room with a combined weight of 80 pounds.,true,cincinnati-oh
The Warehouse Hotel at Champion Mill,pet-friendly-hotels,600 North B St.,Hamilton,OH,45013,,https://www.warehousehotel.com/hamilton/stay,https://www.warehousehotel.com/hamilton/stay,OFFICIAL_PROPERTY,2026-08-30,,,"DO YOU HAVE ANY PET-FRIENDLY ROOMS? Yes, we are now a pet-friendly hotel! A huge thank you to our sponsor at PetSuites for helping us stay a pet-friendly hotel. Cats & Dogs ONLY - 2 pets max, 60 lb weight limit. Limited to Standard Room types (King Sofa & 2 Queen Bed) There will be a fee of $50 per stay, any stay longer than 3 nights will require an additional $10/night.",true,cincinnati-oh
Wildwood Inn,pet-friendly-hotels,7809 U. S. 42,Florence,KY,41042,8593716300,https://wildwoodinnky.com/,https://wildwoodinnky.com/,OFFICIAL_PROPERTY,2026-08-30,,,"Explore the world at the Wildwood Inn! With African Safari style huts, 13 uniquely themed suites (including the Grand Canyon, Treehouse, Rome, and our Vintage Cars suites), 14 family style suites and an assortment of pet friendly rooms, you can experience something new every time.",true,cincinnati-oh
The Summit Hotel,pet-friendly-hotels,5345 Medpace Way,Cincinnati,OH,45227,5135279900,https://www.thesummithotel.com/,https://www.thesummithotel.com/,OFFICIAL_PROPERTY,2026-08-30,,,DOG-FRIENDLY The Summit welcomes dogs under 50 pounds. Pets must be declared upon check-in. Maximum (2) dogs per room. A non-refundable $50 fee applies. An additional $50 fee applies for One Bedroom Suites and the Presidential Suite. Fees do not apply for ADA service animals. Please note we do not accept pets other than dogs.,true,cincinnati-oh
AC Hotel by Marriott Cincinnati at The Banks,pet-friendly-hotels,135 Joe Nuxhall Way,Cincinnati,OH,45202,5137449900,https://www.marriott.com/en-us/hotels/cvgbc-ac-hotel-cincinnati-at-the-banks/overview/,https://www.marriott.com/en-us/hotels/cvgbc-ac-hotel-cincinnati-at-the-banks/overview/,OFFICIAL_PROPERTY,2026-09-05,,,pets are welcome,,cincinnati-oh
Aloft Newport on the Levee,pet-friendly-hotels,201 E. 3rd St.,Newport,KY,41071,8599165306,https://www.marriott.com/en-us/hotels/cvgpl-aloft-newport-on-the-levee/overview/,https://www.marriott.com/en-us/hotels/cvgpl-aloft-newport-on-the-levee/overview/,OFFICIAL_PROPERTY,2026-09-05,,,Pets Welcome,,cincinnati-oh
Aloft West Chester,pet-friendly-hotels,9183 Centre Pointe Drive,West Chester,OH,45069,,https://www.marriott.com/en-us/hotels/cvgaw-aloft-cincinnati-west-chester/overview/,https://www.marriott.com/en-us/hotels/cvgaw-aloft-cincinnati-west-chester/overview/,OFFICIAL_PROPERTY,2026-09-05,,,pets are welcome,,cincinnati-oh
Courtyard by Marriott Cincinnati Blue Ash,pet-friendly-hotels,4625 Lake Forest Dr.,Cincinnati,OH,45242,5137334334,https://www.marriott.com/en-us/hotels/cvgba-courtyard-cincinnati-blue-ash/overview/,https://www.marriott.com/en-us/hotels/cvgba-courtyard-cincinnati-blue-ash/overview/,OFFICIAL_PROPERTY,2026-09-05,,,pets are welcome,,cincinnati-oh
Fairfield Inn Middletown Monroe,pet-friendly-hotels,6750 Roosevelt Pkwy,Middletown,OH,45044,,https://www.marriott.com/en-us/hotels/mwdfi-fairfield-inn-middletown-monroe/overview/,https://www.marriott.com/en-us/hotels/mwdfi-fairfield-inn-middletown-monroe/overview/,OFFICIAL_PROPERTY,2026-09-05,,,pets are welcome,,cincinnati-oh
"Hotel Celare, a Marriott Tribute Portfolio Hotel",pet-friendly-hotels,310 Straight St,Cincinnati,OH,45219,5139306580,https://www.marriott.com/en-us/hotels/cvgmb-hotel-celare-cincinnati-midtown-a-tribute-portfolio-hotel/overview/,https://www.marriott.com/en-us/hotels/cvgmb-hotel-celare-cincinnati-midtown-a-tribute-portfolio-hotel/overview/,OFFICIAL_PROPERTY,2026-09-05,,,pets are welcome,,cincinnati-oh
Residence Inn by Marriott Cincinnati Airport,pet-friendly-hotels,2811 Circleport Dr.,Erlanger,KY,41018,8592827400,https://www.marriott.com/en-us/hotels/cvgap-residence-inn-cincinnati-airport/overview/,https://www.marriott.com/en-us/hotels/cvgap-residence-inn-cincinnati-airport/overview/,OFFICIAL_PROPERTY,2026-09-05,,,pets are welcome,,cincinnati-oh
Residence Inn Cincinnati Midtown/Rookwood,pet-friendly-hotels,3815 Edwards Rd.,Cincinnati,OH,45209,5138732400,https://www.marriott.com/en-us/hotels/cvges-residence-inn-cincinnati-midtown-rookwood/overview/,https://www.marriott.com/en-us/hotels/cvges-residence-inn-cincinnati-midtown-rookwood/overview/,OFFICIAL_PROPERTY,2026-09-05,,,Pets Welcome,,cincinnati-oh
"The Lytle Park Hotel, Autograph Collection",pet-friendly-hotels,311 Pike Street,Cincinnati,OH,45202,5136214500,https://www.marriott.com/en-us/hotels/cvgak-the-lytle-park-hotel-autograph-collection/overview/,https://www.marriott.com/en-us/hotels/cvgak-the-lytle-park-hotel-autograph-collection/overview/,OFFICIAL_PROPERTY,2026-09-05,,,pets are welcome,,cincinnati-oh
The Westin Cincinnati,pet-friendly-hotels,21 E. Fifth Street,Cincinnati,OH,45202,5136217700,https://www.marriott.com/en-us/hotels/cvgwi-the-westin-cincinnati/overview/,https://www.marriott.com/en-us/hotels/cvgwi-the-westin-cincinnati/overview/,OFFICIAL_PROPERTY,2026-09-05,,,pets are welcome,,cincinnati-oh
TownePlace Suites by Marriott Cincinnati Fairfield,pet-friendly-hotels,6705 Fairfield Business Center Drive,Fairfield,OH,45014,,https://www.marriott.com/en-us/hotels/cvgti-towneplace-suites-cincinnati-fairfield/overview/,https://www.marriott.com/en-us/hotels/cvgti-towneplace-suites-cincinnati-fairfield/overview/,OFFICIAL_PROPERTY,2026-09-05,,,Pets Welcome,,cincinnati-oh
Holiday Inn Cincinnati - Liberty Way,pet-friendly-hotels,7500 Tylers Place Blvd,West Chester,OH,45069,,https://www.ihg.com/holidayinn/hotels/us/en/west-chester/cvgwe/hoteldetail,https://www.ihg.com/holidayinn/hotels/us/en/west-chester/cvgwe/hoteldetail,OFFICIAL_PROPERTY,2026-09-05,,,pet permitted,,cincinnati-oh
Courtyard by Marriott Hamilton,pet-friendly-hotels,1 Riverfront Plz.,Hamilton,OH,45011,,https://www.marriott.com/en-us/hotels/cvgha-courtyard-hamilton/overview/,https://www.marriott.com/en-us/hotels/cvgha-courtyard-hamilton/overview/,OFFICIAL_PROPERTY,2026-09-05,,,Pets Welcome,,cincinnati-oh
Courtyard Cincinnati Covington,pet-friendly-hotels,500 W. 3rd St.,Covington,KY,41011,8472325330,https://www.marriott.com/en-us/hotels/cvgcy-courtyard-cincinnati-covington/overview/,https://www.marriott.com/en-us/hotels/cvgcy-courtyard-cincinnati-covington/overview/,OFFICIAL_PROPERTY,2026-09-05,,,Pets Welcome,,cincinnati-oh
"Kinley, Cincinnati Downtown, A Tribute Portfolio Hotel",pet-friendly-hotels,636 Race Street,Cincinnati,OH,45202,5133811100,https://www.marriott.com/en-us/hotels/cvgtx-kinley-cincinnati-downtown-a-tribute-portfolio-hotel/overview/,https://www.marriott.com/en-us/hotels/cvgtx-kinley-cincinnati-downtown-a-tribute-portfolio-hotel/overview/,OFFICIAL_PROPERTY,2026-09-05,,,Pets Welcome,,cincinnati-oh
Residence Inn Cincinnati Downtown/The Phelps,pet-friendly-hotels,506 E. 4th St.,Cincinnati,OH,45202,5136511234,https://www.marriott.com/en-us/hotels/cvgcd-residence-inn-cincinnati-downtown-the-phelps/overview/,https://www.marriott.com/en-us/hotels/cvgcd-residence-inn-cincinnati-downtown-the-phelps/overview/,OFFICIAL_PROPERTY,2026-09-05,,,Pets Welcome,,cincinnati-oh
Residence Inn Cincinnati North / West Chester,pet-friendly-hotels,6240 Muhlhauser Rd.,West Chester,OH,45069,,https://www.marriott.com/en-us/hotels/cvgrw-residence-inn-cincinnati-north-west-chester/overview/,https://www.marriott.com/en-us/hotels/cvgrw-residence-inn-cincinnati-north-west-chester/overview/,OFFICIAL_PROPERTY,2026-09-05,,,Pets Welcome,,cincinnati-oh
Residence Inn Cincinnati Northeast/Mason,pet-friendly-hotels,2511 Kings Center Ct,Mason,OH,45040,,https://www.marriott.com/en-us/hotels/cvgre-residence-inn-cincinnati-northeast-mason/overview/,https://www.marriott.com/en-us/hotels/cvgre-residence-inn-cincinnati-northeast-mason/overview/,OFFICIAL_PROPERTY,2026-09-05,,,Pets Welcome,,cincinnati-oh
SpringHill Suites Cincinnati North/Forest Park,pet-friendly-hotels,12001 Chase Plaza Dr.,Forest Park,OH,45240,5138259035,https://www.marriott.com/en-us/hotels/cvgfp-springhill-suites-cincinnati-north-forest-park/overview/,https://www.marriott.com/en-us/hotels/cvgfp-springhill-suites-cincinnati-north-forest-park/overview/,OFFICIAL_PROPERTY,2026-09-05,,,Pets Welcome,,cincinnati-oh
TownePlace Suites Cincinnati Aiport South,pet-friendly-hotels,7488 Turfway Road,Florence,KY,41042,8598693700,https://www.marriott.com/en-us/hotels/cvgtf-towneplace-suites-cincinnati-airport-south/overview/,https://www.marriott.com/en-us/hotels/cvgtf-towneplace-suites-cincinnati-airport-south/overview/,OFFICIAL_PROPERTY,2026-09-05,,,Pets Welcome,,cincinnati-oh
Homewood Suites Cincinnati Midtown,pet-friendly-hotels,4605 Factory Colony Lane,Cincinnati,OH,45209,5139751800,https://www.hilton.com/en/hotels/cvgmthw-homewood-suites-cincinnati-midtown/,https://www.hilton.com/en/hotels/cvgmthw-homewood-suites-cincinnati-midtown/,OFFICIAL_PROPERTY,2026-09-05,,,Pets allowed,,cincinnati-oh
Spark by Hilton Cincinnati Airport South,pet-friendly-hotels,7454 Turfway Road,Florence,KY,41042,8596472700,https://www.hilton.com/en/hotels/cvgfrpe-spark-cincinnati-airport-south/,https://www.hilton.com/en/hotels/cvgfrpe-spark-cincinnati-airport-south/,OFFICIAL_PROPERTY,2026-09-05,,,Pets allowed,,cincinnati-oh
Tru by Hilton Florence,pet-friendly-hotels,1080 Vandercar Way,Florence,KY,41042,8592833000,https://www.hilton.com/en/hotels/cvgafru-tru-cincinnati-airport-south-florence/,https://www.hilton.com/en/hotels/cvgafru-tru-cincinnati-airport-south-florence/,OFFICIAL_PROPERTY,2026-09-05,,,Pets allowed,,cincinnati-oh
Tru by Hilton Mason Kings Island,pet-friendly-hotels,2720 Waterpark Dr,Mason,OH,45040,,https://www.hilton.com/en/hotels/cvgmkru-tru-mason-kings-island/,https://www.hilton.com/en/hotels/cvgmkru-tru-mason-kings-island/,OFFICIAL_PROPERTY,2026-09-05,,,Pets allowed,,cincinnati-oh
Tru by Hilton - Milford,pet-friendly-hotels,951 Chamber Dr.,Milford,OH,45150,,https://www.hilton.com/en/hotels/cvgmfru-tru-milford-cincinnati/,https://www.hilton.com/en/hotels/cvgmfru-tru-milford-cincinnati/,OFFICIAL_PROPERTY,2026-09-05,,,Pets allowed,,cincinnati-oh
Tru by Hilton Monroe,pet-friendly-hotels,300 Orton Dr,Monroe,OH,45050,,https://www.hilton.com/en/hotels/cvgjpru-tru-monroe-oh/,https://www.hilton.com/en/hotels/cvgjpru-tru-monroe-oh/,OFFICIAL_PROPERTY,2026-09-05,,,Pets allowed,,cincinnati-oh
Tru by Hilton Sharonville,pet-friendly-hotels,11155 Dowlin Dr.,Sharonville,OH,45241,5134934200,https://www.hilton.com/en/hotels/lkushru-tru-sharonville-cincinnati/,https://www.hilton.com/en/hotels/lkushru-tru-sharonville-cincinnati/,OFFICIAL_PROPERTY,2026-09-05,,,Pets allowed,,cincinnati-oh
Hyatt Place Cincinnati Airport,pet-friendly-hotels,300 Meijer Dr.,Florence,KY,41042,8596471170,https://www.hyatt.com/hyatt-place/en-US/cinza-hyatt-place-cincinnati-airport-florence/hotel-info,https://www.hyatt.com/hyatt-place/en-US/cinza-hyatt-place-cincinnati-airport-florence/hotel-info,OFFICIAL_PROPERTY,2026-09-05,,,Pet Policy Dogs are welcome,,cincinnati-oh
Hyatt Place Cincinnati/Blue Ash,pet-friendly-hotels,11435 Reed Hartman Highway,Cincinnati,OH,45241,5134893666,https://www.hyatt.com/hyatt-place/en-US/cinzb-hyatt-place-cincinnati-blue-ash/hotel-info,https://www.hyatt.com/hyatt-place/en-US/cinzb-hyatt-place-cincinnati-blue-ash/hotel-info,OFFICIAL_PROPERTY,2026-09-05,,,Pets are welcome,,cincinnati-oh
Hyatt Place Cincinnati/Sharonville Convention Center,pet-friendly-hotels,11345 Chester Rd.,Cincinnati,OH,45246,5137711718,https://www.hyatt.com/hyatt-place/en-US/cvgzs-hyatt-place-cincinnati-sharonville-convention-center/hotel-info,https://www.hyatt.com/hyatt-place/en-US/cvgzs-hyatt-place-cincinnati-sharonville-convention-center/hotel-info,OFFICIAL_PROPERTY,2026-09-05,,,Pets are welcome,,cincinnati-oh
Holiday Inn Express Fairfield,pet-friendly-hotels,6755 Fairfield Business Dr.,Fairfield,OH,45014,,https://www.ihg.com/holidayinnexpress/hotels/us/en/fairfield/ffloh/hoteldetail,https://www.ihg.com/holidayinnexpress/hotels/us/en/fairfield/ffloh/hoteldetail,OFFICIAL_PROPERTY,2026-09-05,,,Pets are welcome,,cincinnati-oh
AC Hotel Cleveland Beachwood,pet-friendly-hotels,300 Park Ave.,Orange Village,OH,44122,216.831.1108,https://www.marriott.com/en-us/hotels/cleac-ac-hotel-cleveland-beachwood/overview/,https://www.marriott.com/en-us/hotels/cleac-ac-hotel-cleveland-beachwood/overview/,OFFICIAL_PROPERTY,2026-08-10,,,Pet Policy Pets Welcome $150.00 Non Refundable Pet Fee per stay Maximum Pet Weight: 35.0lbs Maximum Number of Pets in Room: 1,,cleveland-akron-canton-oh
Cleveland Marriott Downtown at Key Tower,pet-friendly-hotels,1360 West Mall Dr.,Cleveland,OH,44114,216.696.9200,https://www.marriott.com/en-us/hotels/clesc-cleveland-marriott-downtown-at-key-tower/overview/,https://www.marriott.com/en-us/hotels/clesc-cleveland-marriott-downtown-at-key-tower/overview/,OFFICIAL_PROPERTY,2026-08-10,,,Pet Policy Pets Welcome Dogs & service animals only Non-Refundable Pet Fee Per Stay: $100.00 Maximum Pet Weight: 40.0lbs Maximum Number of Pets in Room: 1,,cleveland-akron-canton-oh
Comfort Inn Mayfield Heights Cleveland East,pet-friendly-hotels,1421 Golden Gate Blvd.,Mayfield Heights,OH,44124,440.442.8400,https://www.choicehotels.com/ohio/mayfield-heights/comfort-inn-hotels/oh502,https://www.choicehotels.com/ohio/mayfield-heights/comfort-inn-hotels/oh502,OFFICIAL_PROPERTY,2026-08-10,,,"Pets Pets Allowed: Yes General: We only allow dogs, 25.00 USD per night. Limit 40 pounds and only 2 per room.. Service animals are permitted, without charge. Good to know Hotel alerts This is a smoke-free hotel has much to offer including all new remodeled rooms. Daily housekeeping service is not available. We only allow dogs, 25.00 USD per night. Limit 40 pounds and only 2 per room. Service animals are permitted, without charge. LIMITED TIME OFFER Earn 60,000 bonus points after qualifying purchases. Terms apply. Learn more UNIQUE DEALS Packages & Offers (3) EXTRA POINTS Choice Privileges",,cleveland-akron-canton-oh
Courtyard by Marriott Airport North,pet-friendly-hotels,24901 Country Club Blvd.,North Olmsted,OH,44070,440.716.9977,https://www.marriott.com/en-us/hotels/cleno-courtyard-cleveland-airport-north/overview/,https://www.marriott.com/en-us/hotels/cleno-courtyard-cleveland-airport-north/overview/,OFFICIAL_PROPERTY,2026-08-10,,,Pet Policy Pets Welcome Pet fee $20/day with $100/stay nonrefundable clean fee excludes Service Animals Non-Refundable Pet Fee Per Stay: $100.00 Non-Refundable Pet Fee Per Night: $20.00 Maximum Pet Weight: 75.0lbs Maximum Number of Pets in Room: 1,,cleveland-akron-canton-oh
Embassy Suites Beachwood,pet-friendly-hotels,3775 Park East Dr.,Beachwood,OH,44122,216.765.8066,https://www.hilton.com/en/hotels/clebhes-embassy-suites-cleveland-beachwood/,https://www.hilton.com/en/hotels/clebhes-embassy-suites-cleveland-beachwood/,OFFICIAL_PROPERTY,2026-08-10,,,Pets Smoking WiFi Pets allowed Yes Deposit Yes. $75.00 Non-refundable Fee Other pet information 1-4 night stay $75; 5+ night stay $125; 2 pets max; dog or cat only,,cleveland-akron-canton-oh
Embassy Suites Rockside - Independence,pet-friendly-hotels,5800 Rockside Woods Blvd.,Independence,OH,44131,216.986.9900,https://www.hilton.com/en/hotels/cleines-embassy-suites-cleveland-rockside/,https://www.hilton.com/en/hotels/cleines-embassy-suites-cleveland-rockside/,OFFICIAL_PROPERTY,2026-08-10,,,Pets Smoking WiFi Pets allowed Yes Deposit Yes. $75.00 Non-refundable Fee Other pet information 1-4 night stay $75; 5+ night stay $125; 2 pets max; dog or cat only,,cleveland-akron-canton-oh
Hampton Inn & Suites Streetsboro,pet-friendly-hotels,800 Mondial Parkway,Streetsboro,OH,44241,330.422.0500,https://www.hilton.com/en/hotels/stbohhx-hampton-suites-cleveland-southeast-streetsboro/,https://www.hilton.com/en/hotels/stbohhx-hampton-suites-cleveland-southeast-streetsboro/,OFFICIAL_PROPERTY,2026-08-10,,,"Pets Smoking WiFi Pets allowed Yes Deposit Yes. $75.00 Non-refundable Fee Other pet information $75(1-4n)$125(5+n) 2petsMax,dog/cat only",,cleveland-akron-canton-oh
Holiday Inn Express & Suites,pet-friendly-hotels,30500 Clemens Rd.,Westlake,OH,44145,440.808.0500,https://www.ihg.com/holidayinnexpress/hotels/us/en/westlake/clelw/hoteldetail,https://www.ihg.com/holidayinnexpress/hotels/us/en/westlake/clelw/hoteldetail,OFFICIAL_PROPERTY,2026-08-10,,,"Can I bring my pet to Holiday Inn Express & Suites Cleveland West - Westlake? Pets are welcome at Holiday Inn Express & Suites Cleveland West - Westlake. Pet policy description. 75.00 for 1 to 4 nights. 125 for 5 or more nights. Per stay,up to 2 pets max. Pet fee per night: 75 USD Pet weight limit: 75 2 pets allowed Pets allowed: Only dogs allowed Pet policy Can I cancel my booking at Holiday Inn Express & Suites Cleveland West - Westlake for a full refund? Does Holiday Inn Express & Suites Cleveland West - Westlake have a restaurant on site? Is there free breakfast available at Holiday",,cleveland-akron-canton-oh
Home2 Suites by Hilton Cleveland Beachwood,pet-friendly-hotels,3589 Park E Dr.,Beachwood,OH,44122,216.755.7310,https://www.hilton.com/en/hotels/clehtht-home2-suites-cleveland-beachwood/,https://www.hilton.com/en/hotels/clehtht-home2-suites-cleveland-beachwood/,OFFICIAL_PROPERTY,2026-08-10,,,"Pets Smoking WiFi Pets allowed Yes Deposit Yes. $50.00 Non-refundable Fee Max weight 75 lbs Other pet information $50 for one pet $75 2petsMax,dog/cat only",,cleveland-akron-canton-oh
Hotel Indigo Cleveland-Beachwood,pet-friendly-hotels,3581 Park E Dr.,Beachwood,OH,44122,216.454.8000,https://www.ihg.com/hotelindigo/hotels/us/en/beachwood/clebd/hoteldetail,https://www.ihg.com/hotelindigo/hotels/us/en/beachwood/clebd/hoteldetail,OFFICIAL_PROPERTY,2026-08-10,,,"Can I bring my pet to Hotel Indigo Cleveland-Beachwood? Pets are welcome at Hotel Indigo Cleveland-Beachwood. Pet policy description. Pets under 75lbs are welcome. A 100 dollar non refundable fee per stay. There is a 2 pet per room maximum and a signed pet policy agreement required. Required vaccination records showing up to date rabies, distemper, parvovirus and bordetella. Pet fee per night: 100 USD Pet damage deposit: 100 USD Pet weight limit: 75 2 pets allowed Pets allowed: Only dogs allowed Pet policy Can I cancel my booking at Hotel Indigo Cleveland-Beachwood for a full refund? D",,cleveland-akron-canton-oh
Hotel Indigo Cleveland Downtown,pet-friendly-hotels,651 Huron Rd.,Cleveland,OH,44115,216.377.9000,https://www.ihg.com/hotelindigo/hotels/us/en/cleveland/clehr/hoteldetail,https://www.ihg.com/hotelindigo/hotels/us/en/cleveland/clehr/hoteldetail,OFFICIAL_PROPERTY,2026-08-10,,,"Can I bring my pet to Hotel Indigo Cleveland Downtown? Pets are welcome at Hotel Indigo Cleveland Downtown. Pet policy description. Non refundable pet fee 75 USD, not applicable to service animals. Maximum weight 40 lbs., limit 2 per room. No relief area on site, 1 min walk. Pets and service animals not permitted to be left unattended. Pet fee per night: 75 USD Pet weight limit: 40 2 pets allowed Pets allowed: Only dogs allowed Pet policy Can I cancel my booking at Hotel Indigo Cleveland Downtown for a full refund? Does Hotel Indigo Cleveland Downtown have a restaurant on site? Is there",,cleveland-akron-canton-oh
Residence Inn by Marriott Cleveland Avon At The Emerald Event Center,pet-friendly-hotels,33040 Just Imagine Dr.,Avon,OH,44011,440.937.0909,https://www.marriott.com/en-us/hotels/cleab-residence-inn-cleveland-avon-at-the-emerald-event-center/overview/,https://www.marriott.com/en-us/hotels/cleab-residence-inn-cleveland-avon-at-the-emerald-event-center/overview/,OFFICIAL_PROPERTY,2026-08-10,,,Pet Policy Pets Welcome Pets 50 pounds or less welcome with USD 100 non-refundable fee per room per stay Non-Refundable Pet Fee Per Stay: $100.00 Maximum Pet Weight: 50.0lbs Maximum Number of Pets in Room: 2,,cleveland-akron-canton-oh
Residence Inn by Marriott Cleveland Downtown,pet-friendly-hotels,527 Prospect Ave. East,Cleveland,OH,44115,216.443.9043,https://www.marriott.com/en-us/hotels/cleri-residence-inn-cleveland-downtown/overview/,https://www.marriott.com/en-us/hotels/cleri-residence-inn-cleveland-downtown/overview/,OFFICIAL_PROPERTY,2026-08-10,,,Pet Policy Pets Welcome One cat or dog / USD 100 fee Non-Refundable Pet Fee Per Stay: $100.00 Maximum Number of Pets in Room: 1,,cleveland-akron-canton-oh
Residence Inn by Marriott Independence,pet-friendly-hotels,5101 W Creek Rd.,Independence,OH,44131,216.520.1450,https://www.marriott.com/en-us/hotels/clein-residence-inn-cleveland-independence/overview/,https://www.marriott.com/en-us/hotels/clein-residence-inn-cleveland-independence/overview/,OFFICIAL_PROPERTY,2026-08-10,,,"Pet Policy Pets Welcome Dogs Only, No Cats Non-Refundable Pet Fee Per Stay: $100.00 Non-Refundable Pet Fee Per Night: $5.00 Maximum Pet Weight: 50.0lbs Maximum Number of Pets in Room: 2",,cleveland-akron-canton-oh
Residence Inn Cleveland Airport Middleburg Heights,pet-friendly-hotels,19149 East Bagley Rd.,Middleburg Hts,OH,44130,440.637.5856,https://www.marriott.com/en-us/hotels/clemb-residence-inn-cleveland-airport-middleburg-heights/overview/,https://www.marriott.com/en-us/hotels/clemb-residence-inn-cleveland-airport-middleburg-heights/overview/,OFFICIAL_PROPERTY,2026-08-10,,,Pet Policy Pets Welcome Pets Allowed with $100 USD Non Refundable fee per stay. Maximum Number of Pets in Room: 2,,cleveland-akron-canton-oh
Residence Inn Cleveland Beachwood,pet-friendly-hotels,3628 Park E Dr.,Beachwood,OH,44122,216.831.3030,https://www.marriott.com/en-us/hotels/clebd-residence-inn-cleveland-beachwood/overview/,https://www.marriott.com/en-us/hotels/clebd-residence-inn-cleveland-beachwood/overview/,OFFICIAL_PROPERTY,2026-08-10,,,Pet Policy Pets Welcome Dogs only; no cats allowed Non-Refundable Pet Fee Per Stay: $100.00 Non-Refundable Pet Fee Per Night: $5.00 Maximum Pet Weight: 50.0lbs Maximum Number of Pets in Room: 2,,cleveland-akron-canton-oh
The Westin,pet-friendly-hotels,777 St. Clair Ave. NE,Cleveland,OH,44114,216.771.7700,https://www.marriott.com/en-us/hotels/clewi-the-westin-cleveland-downtown/overview/,https://www.marriott.com/en-us/hotels/clewi-the-westin-cleveland-downtown/overview/,OFFICIAL_PROPERTY,2026-08-10,,,"Pet Policy Pets Welcome 2 dogs, 75lb maximum per dog. Leashed or caged in public areas, fee applies Non-Refundable Pet Fee Per Night: $50.00 Maximum Pet Weight: 75.0lbs Maximum Number of Pets in Room: 2",,cleveland-akron-canton-oh
Tru by Hilton,pet-friendly-hotels,6955 Euclid Ave.,Cleveland,OH,44103,216.361.1004,https://www.hilton.com/en/hotels/clemtru-tru-cleveland-midtown/,https://www.hilton.com/en/hotels/clemtru-tru-cleveland-midtown/,OFFICIAL_PROPERTY,2026-08-10,,,Pets Smoking WiFi Pets allowed Yes Deposit Yes. $50.00 Non-refundable Fee Other pet information 1-4 night stay $50; 5+ night stay $75; 2 pets max; dog or cat only,,cleveland-akron-canton-oh
Wyndham Independence,pet-friendly-hotels,6200 Quarry Lane,Independence,OH,44131,216.447.1300,https://www.wyndhamhotels.com/wyndham/independence-ohio/wyndham-independence/overview,https://www.wyndhamhotels.com/wyndham/independence-ohio/wyndham-independence/overview,OFFICIAL_PROPERTY,2026-08-10,,,"Service Animals - ADA-defined service animals welcome. / Pets Allowed - 2 pets max. Dogs only. 40lbs or less per pet. / Fees - 75USD per stay for 1 or 2 dogs per room. / Pet Sanitation Fee 250USD if required. SMOKING POLICY This is a non-smoking hotel. GENERAL INFORMATION A 100.00 USD per stay deposit is required at check-in for incidentals. We thank you for your understanding. The Ideal Independence Retreat Dog-friendly hotel near downtown Cleveland and CLE® Airport Whether in the Cleveland area for work, to catch a Cavs game, or to celebrate an important occasion, you’ll appreciate the thou",,cleveland-akron-canton-oh
Drury Inn & Suites Beachwood,pet-friendly-hotels,4100 Orange Pl.,Orange Village,OH,44122,216.292.9980,https://www.druryhotels.com/locations/cleveland-oh/drury-inn-and-suites-cleveland-beachwood,https://www.druryhotels.com/locations/cleveland-oh/drury-inn-and-suites-cleveland-beachwood,OFFICIAL_PROPERTY,2026-08-11,,,Pet Policy Dogs and cats accepted. Rooms with pets will be charged a daily fee of $50 per room plus tax. Service animals are free of charge. Limit of two pets per room with a combined weight of 80 pounds.,,cleveland-akron-canton-oh
Drury Plaza Hotel,pet-friendly-hotels,1380 E. Sixth St.,Cleveland,OH,44114,216.357.3100,https://www.druryhotels.com/locations/cleveland-oh/drury-plaza-hotel-cleveland-downtown,https://www.druryhotels.com/locations/cleveland-oh/drury-plaza-hotel-cleveland-downtown,OFFICIAL_PROPERTY,2026-08-11,,,Pet Policy Dogs and cats accepted. Rooms with pets will be charged a daily fee of $50 per room plus tax. Service animals are free of charge. Limit of two pets per room with a combined weight of 80 pounds.,,cleveland-akron-canton-oh
Comfort Inn Alliance,pet-friendly-hotels,2500 W. State St.,Alliance,OH,44601,(330) 821-5555,https://www.choicehotels.com/ohio/alliance/comfort-inn-hotels/oh082,https://www.choicehotels.com/ohio/alliance/comfort-inn-hotels/oh082,OFFICIAL_PROPERTY,2026-08-15,,,"Pets Allowed: Yes General: Pets are allowed. Pet charge is 50 USD per night per pet. A maximum of 40 pounds per pet and a maximum of 2 pets per room.. Service animals are permitted, without charge.",,cleveland-akron-canton-oh
Comfort Inn Canton,pet-friendly-hotels,5345 Broadmoor Cir. NW,Canton,OH,44709,(330) 492-1331,https://www.choicehotels.com/ohio/canton/comfort-inn-hotels/oh440,https://www.choicehotels.com/ohio/canton/comfort-inn-hotels/oh440,OFFICIAL_PROPERTY,2026-08-15,,,"Pets Allowed: Yes General: Pets are Allowed. 25.00 USD Per Pet per night. 100.00 USD refundable deposit required. A maximum of 30 pounds per Pet and 2 Pets per room.. Service animals are permitted, without charge. […] A 200.00 USD penalty for pets that are not declared and properly registered upon arrival at check in.",,cleveland-akron-canton-oh
Econo Lodge Akron Copley Northwest,pet-friendly-hotels,79 Rothrock Rd,Copley Township,OH,44321,(330) 666-8887,https://www.choicehotels.com/ohio/akron/econo-lodge-hotels/oh541,https://www.choicehotels.com/ohio/akron/econo-lodge-hotels/oh541,OFFICIAL_PROPERTY,2026-08-15,,,"Pets Allowed: Yes General: We are a pet friendly property. There is a 10 USD charge per night and pets must be 50 lbs or less.. Service animals are permitted, without charge.",,cleveland-akron-canton-oh
Courtyard by Marriott Akron Downtown,pet-friendly-hotels,41 Furnace St,Akron,OH,44308,(330) 252-9228,https://www.marriott.com/en-us/hotels/cakdt-courtyard-akron-downtown/overview/,https://www.marriott.com/en-us/hotels/cakdt-courtyard-akron-downtown/overview/,OFFICIAL_PROPERTY,2026-08-15,,,"Pet Policy Pets Welcome Pet Fee applies. Dogs only. Max of 2 dogs per room. Must be under 40 lbs Maximum Pet Weight: 40.0lbs Maximum Number of Pets in Room: 2 […] Yes, pets are welcome at Courtyard by Marriott Akron Downtown. Up to 2 pets are allowed per room. Each pet may weigh up to 40.0 lbs.",,cleveland-akron-canton-oh
Residence Inn by Marriott Akron South/Green,pet-friendly-hotels,897 Arlington Ridge E,Akron,OH,44312,(330) 644-2111,https://www.marriott.com/en-us/hotels/cakri-residence-inn-akron-south-green/overview/,https://www.marriott.com/en-us/hotels/cakri-residence-inn-akron-south-green/overview/,OFFICIAL_PROPERTY,2026-08-15,,,Pet Policy Pets Welcome Pets 25 pounds or less allowed with USD 100 non-refundable deposit Non-Refundable Pet Fee Per Stay: $100.00 Maximum Pet Weight: 25.0lbs Maximum Number of Pets in Room: 2 […] Up to 2 pets are allowed per room. Each pet may weigh up to 25.0 lbs. A non-refundable pet fee of $100.00 per stay applies.,,cleveland-akron-canton-oh
Aloft Beachwood,pet-friendly-hotels,1010 Eaton Blvd.,Beachwood,OH,44122,216.595.0900,https://www.marriott.com/en-us/hotels/clebe-aloft-cleveland-beachwood/overview/,https://www.marriott.com/en-us/hotels/clebe-aloft-cleveland-beachwood/overview/,OFFICIAL_PROPERTY,2026-08-15,,,"Pet Policy Pets Welcome Dogs only- no cats, no birds, no reptiles. Maximum Pet Weight: 60.0lbs Maximum Number of Pets in Room: 2 […] Each pet may weigh up to 60.0 lbs.",,cleveland-akron-canton-oh
Courtyard by Marriott Canton,pet-friendly-hotels,4375 Metro Cir NW,Canton,OH,44720,(330) 494-6494,https://www.marriott.com/en-us/hotels/cakcc-courtyard-canton/overview/,https://www.marriott.com/en-us/hotels/cakcc-courtyard-canton/overview/,OFFICIAL_PROPERTY,2026-08-15,,,"Pet Policy Pets Welcome 75.00 pet fee, pets can not be left unattended-not allowed in public areas Maximum Number of Pets in Room: 2",,cleveland-akron-canton-oh
Residence Inn by Marriott Canton,pet-friendly-hotels,5280 Broadmoor Cir NW,Canton,OH,44709,(330) 493-0004,https://www.marriott.com/en-us/hotels/cakct-residence-inn-canton/overview/,https://www.marriott.com/en-us/hotels/cakct-residence-inn-canton/overview/,OFFICIAL_PROPERTY,2026-08-15,,,Pet Policy Pets Welcome Dogs are allowed with a non-refundable fee of USD 75 per room per stay Non-Refundable Pet Fee Per Stay: $75.00 Maximum Pet Weight: 50.0lbs Maximum Number of Pets in Room: 2 […] Each pet may weigh up to 50.0 lbs.,,cleveland-akron-canton-oh
Aloft Cleveland Downtown,pet-friendly-hotels,1111 West 10th St.,Cleveland,OH,44113,216.400.6469,https://www.marriott.com/en-us/hotels/cleal-aloft-cleveland-downtown/overview/,https://www.marriott.com/en-us/hotels/cleal-aloft-cleveland-downtown/overview/,OFFICIAL_PROPERTY,2026-08-15,,,Pet Policy Pets Welcome We do not require a deposit Maximum Number of Pets in Room: 2,,cleveland-akron-canton-oh
Sheraton Suites Akron Cuyahoga Falls,pet-friendly-hotels,1989 Front St,Cuyahoga Falls,OH,44221,(330) 929-3000,https://www.marriott.com/en-us/hotels/caksi-sheraton-suites-akron-cuyahoga-falls/overview/,https://www.marriott.com/en-us/hotels/caksi-sheraton-suites-akron-cuyahoga-falls/overview/,OFFICIAL_PROPERTY,2026-08-15,,,Pet Policy Pets Welcome 2 pets 40 lbs max per room with USD 50 fee per room per stay and signed waiver Non-Refundable Pet Fee Per Stay: $50.00 Maximum Pet Weight: 40.0lbs Maximum Number of Pets in Room: 2 […] Each pet may weigh up to 40.0 lbs.,,cleveland-akron-canton-oh
Residence Inn by Marriott Akron Fairlawn,pet-friendly-hotels,4080 Embassy Pkwy,Fairlawn,OH,44333,(330) 664-7800,https://www.marriott.com/en-us/hotels/cakfl-residence-inn-akron-fairlawn/overview/,https://www.marriott.com/en-us/hotels/cakfl-residence-inn-akron-fairlawn/overview/,OFFICIAL_PROPERTY,2026-08-15,,,Pet Policy Pets Welcome Additional fees may apply based on length of stay. Contact hotel for details. Non-Refundable Pet Fee Per Stay: $100.00 Maximum Number of Pets in Room: 2,,cleveland-akron-canton-oh
Residence Inn - Mentor,pet-friendly-hotels,5660 Emerald Ct.,Mentor,OH,44060,440.223.1392,https://www.marriott.com/en-us/hotels/clemt-residence-inn-cleveland-mentor/overview/,https://www.marriott.com/en-us/hotels/clemt-residence-inn-cleveland-mentor/overview/,OFFICIAL_PROPERTY,2026-08-15,,,Pet Policy Pets Welcome Non-Refundable Pet Fee Per Stay: $100.00 Non-Refundable Pet Fee Per Night: $5.00,,cleveland-akron-canton-oh
Aloft Cleveland Airport,pet-friendly-hotels,5550 Great Northern Blvd.,North Olmsted,OH,44070,440.772.4300,https://www.marriott.com/en-us/hotels/cleaa-aloft-cleveland-airport/overview/,https://www.marriott.com/en-us/hotels/cleaa-aloft-cleveland-airport/overview/,OFFICIAL_PROPERTY,2026-08-15,,,Pet Policy Pets Welcome 2 pets per room Maximum Pet Weight: 40.0lbs Maximum Number of Pets in Room: 2 […] Each pet may weigh up to 40.0 lbs.,,cleveland-akron-canton-oh
Red Roof Inn North Canton,pet-friendly-hotels,5353 Inn Circle NW,North Canton,OH,44720,(330) 499-1970,https://www.redroof.com/property/oh/canton/rri019,https://www.redroof.com/property/oh/canton/rri019,OFFICIAL_PROPERTY,2026-08-15,,,"Pet Policy: One, well-behaved domestic pet (cat or dog) Stays Free! Pets must be declared at check-in. Up to 2 pets allowed per room. Second pet $15/ night, not to exceed 7 nights or $105 per pet per stay. Pet not to exceed 80 pounds. Service and emotional support animals are always welcome.",,cleveland-akron-canton-oh
America’s Best Value Inn — Alliance,pet-friendly-hotels,2330 W. State St.,Alliance,OH,44601,(330) 821-5688,https://www.sonesta.com/americas-best-value-inn/oh/alliance/americas-best-value-inn-alliance,https://www.sonesta.com/americas-best-value-inn/oh/alliance/americas-best-value-inn-alliance,OFFICIAL_PROPERTY,2026-08-15,,,Policies: Pets are welcome for a charge of $10 per pet per night,,cleveland-akron-canton-oh
Extended Stay America Select Suites Akron South,pet-friendly-hotels,3325 Fortuna Dr,Akron,OH,44312,(330) 245-0600,https://www.extendedstayamerica.com/hotels/oh/akron/south,https://www.extendedstayamerica.com/hotels/oh/akron/south,OFFICIAL_PROPERTY,2026-08-15,,,"A maximum of two pets are allowed in each suite. Height and length restrictions apply-- pets can be no longer than 36 inches and no taller than 36 inches. Larger animals or more than two pets requires property manager’s approval. Please contact the property for questions. There will be up to a $25 (+ tax) per day non-refundable cleaning fee for the first six (6) nights, per pet. Each day thereafter there is a pet cleaning fee not to exceed $15 non-refundable fee (+tax) per day, per pet.",,cleveland-akron-canton-oh
Motel 6 Richfield,pet-friendly-hotels,5171 Brecksville Rd,Richfield,OH,44286,(330) 293-3647,https://www.motel6.com/property/motel-richfield-ohio-us-293697/,https://www.motel6.com/property/motel-richfield-ohio-us-293697/,OFFICIAL_PROPERTY,2026-08-15,,,Amenities Pets Allowed […] Pets Stay Free,,cleveland-akron-canton-oh
Super 8 by Wyndham Copley Akron,pet-friendly-hotels,130 Montrose W Ave,Akron,OH,44321,(330) 835-6584,https://www.wyndhamhotels.com/super-8/copley-ohio/super-8-copley-akron/overview,https://www.wyndhamhotels.com/super-8/copley-ohio/super-8-copley-akron/overview,OFFICIAL_PROPERTY,2026-08-15,,,PET & SERVICE ANIMAL POLICY Service Animals - ADA-defined service animals welcome. / Pets Allowed - Dogs only - 2 Dogs max. / Fees - Non-refundable 25USD per pet per night. /Contact hotel for additional details and availability.,,cleveland-akron-canton-oh
Baymont by Wyndham Copley Akron,pet-friendly-hotels,"130 Montrose W Ave, Building A",Copley Township,OH,44321,(330) 576-5723,https://www.wyndhamhotels.com/baymont/copley-ohio/baymont-inn-and-suites-copley-akron/overview,https://www.wyndhamhotels.com/baymont/copley-ohio/baymont-inn-and-suites-copley-akron/overview,OFFICIAL_PROPERTY,2026-08-15,,,PET & SERVICE ANIMAL POLICY Service Animals - ADA-defined service animals welcome. / Dogs Allowed - 2 pets max. Dogs only. / Fees - 25USD per pet per night. / Other Information - Contact hotel for additional details and availability.,,cleveland-akron-canton-oh
Days Inn Lakewood,pet-friendly-hotels,12019 Lake Ave.,Lakewood,OH,44107,216.226.4800,https://www.wyndhamhotels.com/days-inn/cleveland-ohio/days-inn-cleveland-lakewood/overview,https://www.wyndhamhotels.com/days-inn/cleveland-ohio/days-inn-cleveland-lakewood/overview,OFFICIAL_PROPERTY,2026-08-15,,,PET & SERVICE ANIMAL POLICY Pets are allowed at a 10 USD per day charge. There is no deposit required. Local city ordinance forbids pit bulls. ADA defined service animals are also welcome at this hotel.,,cleveland-akron-canton-oh
Emerald Necklace Inn Bed & Breakfast and Tea Room,pet-friendly-hotels,18840 Lorain Rd,Cleveland,OH,44126,440.333.9100,https://www.emeraldnecklaceinn.com/policy/,https://www.emeraldnecklaceinn.com/policy/,OFFICIAL_PROPERTY,2026-08-16,,,We welcome your pets at our Inn. Only in Parkview Suite. There is a $25.00 service charge per visit. Please do not leave pets unattended in your room. Pets are not permitted in dining areas. All pets must be leashed outside of guest suite. Guests are responsible for damages incurred by pets or any additional cleaning required due to pets stay.,,cleveland-akron-canton-oh
Fidelity Hotel,pet-friendly-hotels,1940 E 6th St,Cleveland,OH,44114,440.568.3200,https://www.fidelityhotels.com/cleveland/faq/,https://www.fidelityhotels.com/cleveland/faq/,OFFICIAL_PROPERTY,2026-08-16,,,"Is the Fidelity Hotel pet-friendly? Yes, Cleveland’s Fidelity Hotel is proud to be pet friendly, offering amenities for our furry guests. No pet fees.",,cleveland-akron-canton-oh
Kimpton Schofield Hotel,pet-friendly-hotels,2000 East 9th St.,Cleveland,OH,44115,216.357.3250,https://www.theschofieldhotel.com/cleveland-downtown-hotels/pet-friendly/,https://www.theschofieldhotel.com/cleveland-downtown-hotels/pet-friendly/,OFFICIAL_PROPERTY,2026-08-16,,,Our Pet Friendly Hotel in Cleveland welcomes your pet with: Courtesy bags for walking your dog No size/weight limit No limit on number of pets allowed No deposit or cleaning fees charged,,cleveland-akron-canton-oh
Punderson Manor Lodge & Conference Center,pet-friendly-hotels,11755 Kinsman Rd.,Newbury,OH,44065,440.564.9144,https://www.pundersonmanor.com/cabins/pet-friendly-cabins,https://www.pundersonmanor.com/cabins/pet-friendly-cabins,OFFICIAL_PROPERTY,2026-08-16,,,"we love welcoming pets into our select pet-friendly cabins. Just pack the treats, grab the leash, and get ready for some quality time together! Pet fee is included in the rate per night on reservations.",,cleveland-akron-canton-oh
Roost Cleveland - Apartment Hotel,pet-friendly-hotels,"105 Prospect Ave., E.",Cleveland,OH,44115,216.877.0500,https://www.myroost.com/extended-stay-hotel-cleveland-ohio/faq,https://www.myroost.com/extended-stay-hotel-cleveland-ohio/faq,OFFICIAL_PROPERTY,2026-08-16,,,"Is Roost pet friendly? Yes! We love pets! In the interest of the security and safety of all our guests, we do not allow pets above 40 lbs. We only allow dogs and cats. We charge a cleaning fee up to $350 pet for all pets (depending on length of stay). Breed restrictions are enforced, please call for more information.",,cleveland-akron-canton-oh
Sonesta ES Suites Cleveland Airport,pet-friendly-hotels,17525 Rosbough Blvd.,Middleburg Heights,OH,44130,440.234.6688,https://www.sonesta.com/sonesta-simply-suites/oh/middleburg-heights/sonesta-simply-suites-cleveland-airport,https://www.sonesta.com/sonesta-simply-suites/oh/middleburg-heights/sonesta-simply-suites-cleveland-airport,OFFICIAL_PROPERTY,2026-08-16,,,"We love your furry friends as much as you do. Sonesta Simply Suites Cleveland Airport hotel is pet friendly and welcomes well-mannered pets. Up to two pets are permitted per suite, weighing up to 50lbs each. A $5 fee applies per pet, per stay, along with a $50 deposit.",,cleveland-akron-canton-oh
The Hotel at Oberlin,pet-friendly-hotels,10 East College St.,Oberlin,OH,44074,440.775.7001,https://thehotelatoberlin.com/about/pet-friendly/,https://thehotelatoberlin.com/about/pet-friendly/,OFFICIAL_PROPERTY,2026-08-16,,,"we're delighted to welcome dogs to our eco-friendly oasis in the heart of Oberlin, Ohio. For just $75 per stay, you can bring one dog along on your next trip to Oberlin!",,cleveland-akron-canton-oh
Doubletree by Hilton Akron/ Fairlawn,pet-friendly-hotels,3180 W Market St,Akron,OH,44333,(330) 867-5000,https://www.hilton.com/en/hotels/cakdtdt-doubletree-akron-fairlawn/,https://www.hilton.com/en/hotels/cakdtdt-doubletree-akron-fairlawn/,OFFICIAL_PROPERTY,2026-08-16,,,Pets allowed Yes Deposit Yes. $100.00 Non-refundable Fee Max weight 50 lbs Other pet information Dogs only accepted. Note the $100 fee is per dog All Policies,,cleveland-akron-canton-oh
Extended Stay America Hotel Akron/Copley East,pet-friendly-hotels,185 Montrose W Ave,Akron,OH,44321,(330) 668-9818,https://www.extendedstayamerica.com/hotels/oh/akron/copley-east,https://www.extendedstayamerica.com/hotels/oh/akron/copley-east,OFFICIAL_PROPERTY,2026-08-16,,,"A maximum of two pets are allowed in each suite. […] Height and length restrictions apply-- pets can be no longer than 36 inches and no taller than 36 inches. […] pets can be no longer than 36 inches and no taller than 36 inches […] There will be up to a $25 (+ tax) per day non-refundable cleaning fee for the first six (6) nights, per pet. […] Each day thereafter there is a pet cleaning fee not to exceed $15 non-refundable fee (+tax) per day, per pet.",,cleveland-akron-canton-oh
Hampton Inn Akron Fairlawn,pet-friendly-hotels,80 Springside Dr,Akron,OH,44333,(330) 666-7361,https://www.hilton.com/en/hotels/cakohhx-hampton-akron-fairlawn/,https://www.hilton.com/en/hotels/cakohhx-hampton-akron-fairlawn/,OFFICIAL_PROPERTY,2026-08-16,,,Pets allowed Yes Deposit Yes. $75.00 Non-refundable Fee Max weight 0 lbs Other pet information 1-4 night stay $75; 5+ night stay $125; 2 pets max; dog or cat only All Policies,,cleveland-akron-canton-oh
Hampton Inn Akron/South,pet-friendly-hotels,880 Arlington Ridge E,Akron,OH,44312,(330) 644-6579,https://www.hilton.com/en/hotels/caksohx-hampton-akron-south/,https://www.hilton.com/en/hotels/caksohx-hampton-akron-south/,OFFICIAL_PROPERTY,2026-08-16,,,Pets allowed Yes Deposit Yes. $125.00 Non-refundable Fee Max weight 75 lbs All Policies,,cleveland-akron-canton-oh
Hampton Inn & Suites — Alliance,pet-friendly-hotels,1831 W. State St.,Alliance,OH,44601,(330) 680-4052,https://www.hilton.com/en/hotels/cakalhx-hampton-suites-alliance/,https://www.hilton.com/en/hotels/cakalhx-hampton-suites-alliance/,OFFICIAL_PROPERTY,2026-08-16,,,Pets allowed Yes Deposit Yes. $75.00 Non-refundable Fee Max weight 75 lbs Max size Large Other pet information 1-4 night stay $75; 5+ night stay $125; 2 pets max; dog or cat only All Policies,,cleveland-akron-canton-oh
Hampton Inn & Suites Beachwood,pet-friendly-hotels,3840 Orange Pl.,Beachwood,OH,44122,216.831.3735,https://www.hilton.com/en/hotels/clebwhx-hampton-suites-cleveland-beachwood/,https://www.hilton.com/en/hotels/clebwhx-hampton-suites-cleveland-beachwood/,OFFICIAL_PROPERTY,2026-08-16,,,Pets allowed Yes Deposit Yes. $75.00 Non-refundable Fee Max weight 75 lbs Max size Large Other pet information 1-4 night stay $75 5+ night stay $125 2 pets max dog or cat only All Policies,,cleveland-akron-canton-oh
Hampton Inn & Suites By Hilton Canton,pet-friendly-hotels,5256 Broadmoor Circle,Canton,OH,44709,(330) 491-4335,https://www.hilton.com/en/hotels/cakbmhx-hampton-suites-canton/,https://www.hilton.com/en/hotels/cakbmhx-hampton-suites-canton/,OFFICIAL_PROPERTY,2026-08-16,,,Pets allowed Yes Deposit Yes. $75.00 Non-refundable Fee Other pet information $75 1-4 nights / $125 5 or more nights All Policies,,cleveland-akron-canton-oh
Hampton Inn & Suites Cleveland Airport,pet-friendly-hotels,7074 Engle Rd.,Middleburg Heights,OH,44130,440.234.0206,https://www.hilton.com/en/hotels/clemhhx-hampton-suites-cleveland-airport-middleburg-heights/,https://www.hilton.com/en/hotels/clemhhx-hampton-suites-cleveland-airport-middleburg-heights/,OFFICIAL_PROPERTY,2026-08-16,,,"Pets allowed Yes Deposit Yes. $75.00 Non-refundable Fee Max weight 75 lbs Other pet information $75(1-4n),$125(5+n) 2pets Max/dog or cat only All Policies",,cleveland-akron-canton-oh
Hampton Inn & Suites Cleveland Independence,pet-friendly-hotels,6020 Jefferson Dr.,Independence,OH,44131,216.520.2020,https://www.hilton.com/en/hotels/cleiphx-hampton-suites-cleveland-independence/,https://www.hilton.com/en/hotels/cleiphx-hampton-suites-cleveland-independence/,OFFICIAL_PROPERTY,2026-08-16,,,Pets allowed Yes Deposit Yes. $75.00 Non-refundable Fee Max weight 75 lbs Max size Medium Other pet information 1-4 night stay $75; 5+ night stay $125; 2 pets max; dog or cat only All Policies,,cleveland-akron-canton-oh
Hampton Inn Cleveland Airport Brooklyn Oh,pet-friendly-hotels,10305 Cascade Crossing,Brooklyn,OH,44144,216.929.8400,https://www.hilton.com/en/hotels/clecchx-hampton-cleveland-airport-tiedeman-rd/,https://www.hilton.com/en/hotels/clecchx-hampton-cleveland-airport-tiedeman-rd/,OFFICIAL_PROPERTY,2026-08-16,,,"Pets allowed Yes Deposit Yes. $75.00 Non-refundable Fee Max weight 75 lbs Max size Medium Other pet information $75(1-4n),$125(5+n) 2petsMax,dog/cat only. 75 lb COMBINED weight limit All Policies",,cleveland-akron-canton-oh
Hampton Inn Cleveland Downtown,pet-friendly-hotels,1460 East Ninth St.,Cleveland,OH,44114,216.241.6600,https://www.hilton.com/en/hotels/cledthx-hampton-cleveland-downtown/,https://www.hilton.com/en/hotels/cledthx-hampton-cleveland-downtown/,OFFICIAL_PROPERTY,2026-08-16,,,Pets allowed Yes Deposit Yes. $75.00 Non-refundable Fee Max weight 60 lbs Max size Medium All Policies,,cleveland-akron-canton-oh
Hampton Inn Massillon,pet-friendly-hotels,44 1st St SW,Massillon,OH,44647,(330) 834-1144,https://www.hilton.com/en/hotels/mslohhx-hampton-massillon/,https://www.hilton.com/en/hotels/mslohhx-hampton-massillon/,OFFICIAL_PROPERTY,2026-08-16,,,"Pets allowed Yes Deposit Yes. $75.00 Non-refundable Fee Max weight 75 lbs Other pet information $75(1-4n),$125(5+n) 2petsMax,dog/cat onl All Policies",,cleveland-akron-canton-oh
Hampton Inn North Olmsted Cleveland Airport,pet-friendly-hotels,24601 Country Club Boulevard,North Olmsted,OH,44070,440.617.6306,https://www.hilton.com/en/hotels/cleomhx-hampton-north-olmsted-cleveland-airport/,https://www.hilton.com/en/hotels/cleomhx-hampton-north-olmsted-cleveland-airport/,OFFICIAL_PROPERTY,2026-08-16,,,Pets allowed Yes Deposit Yes. $75.00 Non-refundable Fee Max weight 75 lbs All Policies,,cleveland-akron-canton-oh
Hampton Inn Stow,pet-friendly-hotels,4331 Lakepointe Corporate Dr,Stow,OH,44224,(330) 945-4160,https://www.hilton.com/en/hotels/stoohhx-hampton-stow/,https://www.hilton.com/en/hotels/stoohhx-hampton-stow/,OFFICIAL_PROPERTY,2026-08-16,,,"Pets allowed Yes Deposit Yes. $75.00 Non-refundable Fee Max weight 75 lbs Other pet information Pet fee $75/night 1-4 nights, $125/night 5+ nights. 2 pet max, dogs and cats only. All Policies",,cleveland-akron-canton-oh
Hampton Inn Westlake,pet-friendly-hotels,29690 Detroit Rd.,Westlake,OH,44145,440.892.0333,https://www.hilton.com/en/hotels/cledrhx-hampton-cleveland-westlake/,https://www.hilton.com/en/hotels/cledrhx-hampton-cleveland-westlake/,OFFICIAL_PROPERTY,2026-08-16,,,Pets allowed Yes Deposit Yes. $75.00 Non-refundable Fee Other pet information 1-4 night stay $75; 5+ night stay $125; 2 pets max; dog or cat only All Policies,,cleveland-akron-canton-oh
Hilton Cleveland Downtown,pet-friendly-hotels,100 Lakeside Ave. East,Cleveland,OH,44114,216.413.5000,https://www.hilton.com/en/hotels/cledohh-hilton-cleveland-downtown/,https://www.hilton.com/en/hotels/cledohh-hilton-cleveland-downtown/,OFFICIAL_PROPERTY,2026-08-16,,,"Pets allowed Yes Deposit Yes. $75.00 Non-refundable Fee Max weight 125 lbs Max size Large Other pet information $81 (1-4 night stays), $135 (5+ night stays). 2 pets max. Dog/cat only. All Policies",,cleveland-akron-canton-oh
Hilton Garden Inn Akron,pet-friendly-hotels,1307 E Market St,Akron,OH,44305,(330) 733-2900,https://www.hilton.com/en/hotels/cakemgi-hilton-garden-inn-akron/,https://www.hilton.com/en/hotels/cakemgi-hilton-garden-inn-akron/,OFFICIAL_PROPERTY,2026-08-16,,,"Pets allowed Yes Deposit Yes. $75.00 Non-refundable Fee Max weight 75 lbs Other pet information 1-4 night $75, 5+ night $125, pet fee charged upon check in, up to 2 pets, Dogs and cats All Policies",,cleveland-akron-canton-oh
Hilton Garden Inn Cleveland Airport,pet-friendly-hotels,"4900 Emerald Court, SW",Cleveland,OH,44135,216.898.1898,https://www.hilton.com/en/hotels/cleahgi-hilton-garden-inn-cleveland-airport/,https://www.hilton.com/en/hotels/cleahgi-hilton-garden-inn-cleveland-airport/,OFFICIAL_PROPERTY,2026-08-16,,,Pets allowed Yes Deposit Yes. $50.00 Non-refundable Fee Other pet information 1-4 night stay $50; 5+ night stay $75; 2 pets max; dog or cat only All Policies,,cleveland-akron-canton-oh
Hilton Garden Inn Cleveland East Mayfield Village,pet-friendly-hotels,700 Beta Dr.,Mayfield Village,OH,44143,440.646.1777,https://www.hilton.com/en/hotels/cleemgi-hilton-garden-inn-cleveland-east-mayfield-village/,https://www.hilton.com/en/hotels/cleemgi-hilton-garden-inn-cleveland-east-mayfield-village/,OFFICIAL_PROPERTY,2026-08-16,,,"Pets allowed Yes Deposit Yes. $75.00 Non-refundable Fee Max weight 75 lbs Other pet information Max 2 Pets, Cats and Dogs Only. $75 per 1-4 Nights, $125 for 5+ Nights. All Policies",,cleveland-akron-canton-oh
Hilton Garden Inn Cleveland Twinsburg,pet-friendly-hotels,8971 Wilcox Dr.,Twinsburg,OH,44087,330.405.4488,https://www.hilton.com/en/hotels/clethgi-hilton-garden-inn-cleveland-twinsburg/,https://www.hilton.com/en/hotels/clethgi-hilton-garden-inn-cleveland-twinsburg/,OFFICIAL_PROPERTY,2026-08-16,,,Pets allowed Yes Deposit Yes. $75.00 Non-refundable Fee Other pet information $75 1-4 nights/$125 5+ nights 2 pets max All Policies,,cleveland-akron-canton-oh
Hilton Garden Inn Downtown Cleveland,pet-friendly-hotels,1100 Carnegie Ave,Cleveland,OH,44115,216.658.6400,https://www.hilton.com/en/hotels/clegwgi-hilton-garden-inn-cleveland-downtown/,https://www.hilton.com/en/hotels/clegwgi-hilton-garden-inn-cleveland-downtown/,OFFICIAL_PROPERTY,2026-08-16,,,Pets allowed Yes Deposit Yes. $75.00 Non-refundable Fee Max weight 75 lbs Other pet information No more than (2) Cats/Dogs permitted. All Policies,,cleveland-akron-canton-oh
Home2 Suites by Hilton Canton,pet-friendly-hotels,5244 Broadmoor Circle NW,Canton,OH,44709,(330) 491-9714,https://www.hilton.com/en/hotels/cakncht-home2-suites-canton/,https://www.hilton.com/en/hotels/cakncht-home2-suites-canton/,OFFICIAL_PROPERTY,2026-08-16,,,"Pets allowed Yes Deposit Yes. $75.00 Non-refundable Fee Other pet information $75(1-4n), $125(5+n) 2pets Max, dog/cat only All Policies",,cleveland-akron-canton-oh
Home2 Suites by Hilton Stow Akron,pet-friendly-hotels,4097 Bridgewater Pkwy,Stow,OH,44224,(330) 835-6400,https://www.hilton.com/en/hotels/cakstht-home2-suites-stow-akron/,https://www.hilton.com/en/hotels/cakstht-home2-suites-stow-akron/,OFFICIAL_PROPERTY,2026-08-16,,,Pets allowed Yes Deposit Yes. $125.00 Non-refundable Fee Max weight 75 lbs Max size Large Other pet information 1-4 night stay $75; 5+ night stay $125; 2 pets max; dog or cat only All Policies,,cleveland-akron-canton-oh
Homewood Suites by Hilton,pet-friendly-hotels,6085 Enterprise Pkwy.,Solon,OH,44139,440.519.9500,https://www.hilton.com/en/hotels/clehwhw-homewood-suites-cleveland-solon/,https://www.hilton.com/en/hotels/clehwhw-homewood-suites-cleveland-solon/,OFFICIAL_PROPERTY,2026-08-16,,,"Pets allowed Yes Deposit Yes. $125.00 Non-refundable Fee Other pet information $75(1-4n)$125(5+n) 2petsMax,dog/cat only All Policies",,cleveland-akron-canton-oh
Homewood Suites by Hilton Akron/Fairlawn,pet-friendly-hotels,210 Springside Dr,Akron,OH,44333,(330) 664-6000,https://www.hilton.com/en/hotels/cakfahw-homewood-suites-akron-fairlawn-oh/,https://www.hilton.com/en/hotels/cakfahw-homewood-suites-akron-fairlawn-oh/,OFFICIAL_PROPERTY,2026-08-16,,,"Pets allowed Yes Deposit Yes. $75.00 Non-refundable Fee Max weight 75 lbs Other pet information $75(1-4n), $125(5+n) 2petsMax, dog/cat only All Policies",,cleveland-akron-canton-oh
Homewood Suites by Hilton Cleveland-Beachwood,pet-friendly-hotels,25725 Central Pkwy.,Beachwood,OH,44122,216.464.9600,https://www.hilton.com/en/hotels/clebdhw-homewood-suites-cleveland-beachwood/,https://www.hilton.com/en/hotels/clebdhw-homewood-suites-cleveland-beachwood/,OFFICIAL_PROPERTY,2026-08-16,,,Pets allowed Yes Deposit Yes. $75.00 Non-refundable Fee Max weight 75 lbs Max size Large Other pet information 1-4 night stay $75; 5+ night stay $125; 2 pets max; dog or cat only All Policies,,cleveland-akron-canton-oh
Knights Inn Cleveland/Macedonia,pet-friendly-hotels,240 E Highland Rd,Macedonia,OH,44056,(330) 467-1981,https://www.knightsinn.com/us/oh/macedonia/knights-inn-macedonia,https://www.knightsinn.com/us/oh/macedonia/knights-inn-macedonia,OFFICIAL_PROPERTY,2026-08-16,,,Pet Friendly,,cleveland-akron-canton-oh
La Quinta Inn Cleveland Independence,pet-friendly-hotels,6161 Quarry Lane,Independence,OH,44131,216.447.1133,https://www.wyndhamhotels.com/laquinta/independence-ohio/la-quinta-inn-cleveland-independence/overview,https://www.wyndhamhotels.com/laquinta/independence-ohio/la-quinta-inn-cleveland-independence/overview,OFFICIAL_PROPERTY,2026-08-16,,,PET & SERVICE ANIMAL POLICY Service Animals - ADA-defined service animals are welcome free of charge. / Pets Allowed - 2 pets max. Cats and dogs only. 75lbs or less per pet. / Fees - Non-refundable 25 USD nightly for up to 2 pets. Max 75 USD per stay. / Other Information - Contact hotel for additional details and availability.,,cleveland-akron-canton-oh
Staybridge Suites Akron Stow Cuyahoga Falls,pet-friendly-hotels,4351 Steels Pointe Dr,Stow,OH,44224,(330) 945-4180,https://www.ihg.com/staybridge/hotels/us/en/stow/stwoh/hoteldetail,https://www.ihg.com/staybridge/hotels/us/en/stow/stwoh/hoteldetail,OFFICIAL_PROPERTY,2026-08-16,,,Pets are welcome at Staybridge Suites Akron-Stow-Cuyahoga Falls. […] Each pet must weigh less than 80lbs. […] 75 dollar fee for 1 to 6 nights […] Pet agreement must be signed at check in. […] Record of complete and up to date vaccinations required. […] 150 dollar fee for more than 7 nights […] There is a pet deposit per stay of 75 USD,,cleveland-akron-canton-oh
Staybridge Suites Canton,pet-friendly-hotels,3879 Everhard Rd NW,Canton,OH,44709,(330) 966-6620,https://www.ihg.com/staybridge/hotels/us/en/canton/caker/hoteldetail,https://www.ihg.com/staybridge/hotels/us/en/canton/caker/hoteldetail,OFFICIAL_PROPERTY,2026-08-16,,,Pets are welcome at Staybridge Suites Canton. […] Each pet must weigh less than 80lbs. […] Pets fee is nonrefundable 125 for 1 to 6 nights […] Pet agreement must be signed at check in. […] Record of complete up to date vaccinations required. […] 200.00 for 7 nights,,cleveland-akron-canton-oh
Staybridge Suites Mayfield Heights,pet-friendly-hotels,6103 Landerhaven Dr.,Mayfield Heights,OH,44124,440.442.9200,https://www.ihg.com/staybridge/hotels/us/en/mayfield-heights/clelc/hoteldetail,https://www.ihg.com/staybridge/hotels/us/en/mayfield-heights/clelc/hoteldetail,OFFICIAL_PROPERTY,2026-08-16,,,Pets are welcome at Staybridge Suites Cleveland Mayfield Hts Beachwd. […] A pet agreement must be signed at check in […] a non refundable pet fee of 75.00 dollars for under 6 nights and 150.00 dollars for 7 or more nights […] There is a pet deposit per stay of 75 USD,,cleveland-akron-canton-oh
Super 8 by Wyndham Akron South/Green/Uniontown,pet-friendly-hotels,1605 Corporate Woods Pkwy,Uniontown,OH,44685,(330) 776-5350,https://www.wyndhamhotels.com/super-8/uniontown-ohio/super-8-akron-s-green-uniontown-oh/overview,https://www.wyndhamhotels.com/super-8/uniontown-ohio/super-8-akron-s-green-uniontown-oh/overview,OFFICIAL_PROPERTY,2026-08-16,,,PET POLICY 2 Pets allowed at a non-refundable charge of 20.00 USD per night. Maximum weight 20 LBS. Pet must be crated if left unattended in room. 200.00 USD pet sanitation fee if applicable. Sorry no cats are allowed. ADA defined service animals are also welcome at this hotel.,,cleveland-akron-canton-oh
Super 8 by Wyndham Richfield/Cleveland,pet-friendly-hotels,4845 Brecksville Rd,Richfield,OH,44286,(330) 659-6888,https://www.wyndhamhotels.com/super-8/richfield-ohio/super-8-richfield-cleveland/overview,https://www.wyndhamhotels.com/super-8/richfield-ohio/super-8-richfield-cleveland/overview,OFFICIAL_PROPERTY,2026-08-16,,,PET & SERVICE ANIMAL POLICY Service Animals - ADA-defined service animals welcome. / Pets Allowed. 2 pets max. / Fees - 15USD per pet per night. / Other Information - hotel does not charge a pet sanitation fee and there is no maximum weight limit. Contact hotel for additional details and availability.,,cleveland-akron-canton-oh
Comfort Suites Hartville,pet-friendly-hotels,953 Edison ST. NW,Hartville,OH,44632,(330) 587-4347,https://www.choicehotels.com/ohio/hartville/comfort-suites-hotels/oh596,https://www.choicehotels.com/ohio/hartville/comfort-suites-hotels/oh596,OFFICIAL_PROPERTY,2026-08-17,,,"Service animals are permitted, without charge. 42 inch TV Desk with Ergonomic Chair Room Details Strikethrough Rate: $139 Discounted rate: $125 USD /night Member Rate View estimated total details $144 total Book Now 1 ROOM LEFT AT THIS RATE IMAGE COMING SOON 1 ROOM LEFT AT THIS RATE ACCESSIBLE 1 King Bed, Mobility Accessible 2 Guests No Smoking Accessible Mobility Accessible Roll-In Shower Visual Alarm Alert Visual Doorbell Alert Visual Telephone Alert 1 Room Suite Room Details Strikethrough Rate: $139 Discounted rate: $125 USD /night Member Rate View estimated total details $144 total Book Now 1 ROOM LEFT AT THIS RATE 6 1 ROOM LEFT AT THIS RATE 1 King Bed, 1 Room Suite, Sofa Bed 2 Guests No Smoking No Pets Allowed 1 Room Suite Sofa Bed Partial Room Divider Larger Room No Pets Allowed Only service animals are permitted, free of charge. 42 inch TV Room Details Virtual Tour Strikethrough Rate: $149 Discounted rate: $134 USD /night Member Rate View estimated total details $155 total Book Now 2 ROOMS LEFT AT THIS RATE 2 2 ROOMS LEFT AT THIS RATE 2 Queen Beds, 1 Room Suite, Sofa Bed 6 Guests No Smoking No Pets Allowed 1 Room Suite Sofa Bed Partial Room Divider Larger Room No Pets Allowed Only service animals are permitted, free of charge. 42 inch TV Room Details Virtual Tour Strikethrough Rate: $159 Discounted rate: $143 USD /night Member Rate View estimated total details $165 total Book Now 1 ROOM LEFT AT THIS RATE 2 1 ROOM LEFT AT THIS RATE 2 King Beds, 2 Bedroom Suite, Family Room 6 Guests No Smoking No Pets Allowed 2 Bedroom Suite Sofa Bed Partial Room Divider Family Room No Pets Allowed Only service animals are permitted, free of charge. Desk with Ergonomic Chair Room Details Strikethrough Rate: $239 Discounted rate: $215 USD /night Member Rate View estimated total details $248 total Book Now Amenities Featured Amenities(24) Premium Free WiFi Indoor Heated Pool Free WiFi Pet Friendly* Free Hot Breakfast Indoor Whirlpool/Hot Tub View all amenities *May require an additional cost Info Essential details Check-In 3:00 PM Check-Out 11:00 AM No Smoking 100% Smoke Free Hotel Phone Number (330) 587-4347 Children Anyone aged 18 and under, at time of booking, stay for free Fax (330) 587-4390 Pets Pets Allowed: Yes General: Dogs Only. 45.00 USD per night. Pet limit maximum of 2 dogs per room. Dogs permitted in designated pet friendly rooms only.",,cleveland-akron-canton-oh
Comfort Suites Twinsburg,pet-friendly-hotels,2715 Creekside Dr,Cleveland,OH,44087,330.963.5909,https://www.choicehotels.com/ohio/twinsburg/comfort-suites-hotels/oh271,https://www.choicehotels.com/ohio/twinsburg/comfort-suites-hotels/oh271,OFFICIAL_PROPERTY,2026-08-17,,,"Pets Allowed: Yes General: Pets Are Allowed: 25.00 USD Per Night, Per Pet for 1st night, 5.00 USD for each additional night during same stay. Dogs only.. Service animals are permitted, without charge. Good to know Hotel alerts No pets are allowed in pool area and inside the pool.",,cleveland-akron-canton-oh
Crowne Plaza Cleveland Airport,pet-friendly-hotels,7230 Engle Rd.,Middleburg Heights,OH,44130,440.243.4040,https://www.ihg.com/crowneplaza/hotels/us/en/middleburg-heights/clemh/hoteldetail,https://www.ihg.com/crowneplaza/hotels/us/en/middleburg-heights/clemh/hoteldetail,OFFICIAL_PROPERTY,2026-08-17,,,Pets are welcome at Crowne Plaza Cleveland Airport. Pet policy description. We love our furry friends. Please bring the appropriate items needed to maintain your four legged companion while staying at the hotel. Pet fee per night: 75 USD Pet damage deposit: 75 USD Pet weight limit: 30 2 pets allowed Pets allowed: Only dogs and cats allowed,,cleveland-akron-canton-oh
Embassy Suites by Hilton Akron Canton Airport,pet-friendly-hotels,7883 Freedom Avenue NW,North Canton,OH,44720,(330) 305-0500,https://www.hilton.com/en/hotels/caknaes-embassy-suites-akron-canton-airport/,https://www.hilton.com/en/hotels/caknaes-embassy-suites-akron-canton-airport/,OFFICIAL_PROPERTY,2026-08-17,,,"Pets allowed Yes Deposit Yes. $75.00 Non-refundable Fee Other pet information $75 (14 nights), $125 (5+ nights) 2 pets max dogs & cats only",,cleveland-akron-canton-oh
Extended Stay America Premier Suites,pet-friendly-hotels,6025 Jefferson Dr.,Independence,OH,44131,216.328.1060,https://www.extendedstayamerica.com/hotels/oh/cleveland/independence,https://www.extendedstayamerica.com/hotels/oh/cleveland/independence,OFFICIAL_PROPERTY,2026-08-17,,,"A maximum of two pets are allowed in each suite. Height and length restrictions apply-- pets can be no longer than 36 inches and no taller than 36 inches. Larger animals or more than two pets requires property manager’s approval. Please contact the property for questions. There will be up to a $25 (+ tax) per day non-refundable cleaning fee for the first six (6) nights, per pet. Each day thereafter there is a pet cleaning fee not to exceed $15 non-refundable fee (+tax) per day, per pet.",,cleveland-akron-canton-oh
Hilton Garden Inn Akron-Canton Airport,pet-friendly-hotels,5251 Landmark Blvd,N. Canton,OH,44720,(330) 966-4907,https://www.hilton.com/en/hotels/cakapgi-hilton-garden-inn-akron-canton-airport/,https://www.hilton.com/en/hotels/cakapgi-hilton-garden-inn-akron-canton-airport/,OFFICIAL_PROPERTY,2026-08-17,,,"Pets allowed Yes Deposit Yes. $75.00 Non-refundable Fee Max weight 75 lbs Other pet information $75(1-4n) $125(5+) 2petsMax,dog/cat",,cleveland-akron-canton-oh
La Quinta Inn & Suites Cleveland Airport North,pet-friendly-hotels,4222 West 150th St.,Cleveland,OH,44135,216.251.8500,https://www.wyndhamhotels.com/laquinta/cleveland-ohio/la-quinta-cleveland-airport-north/overview,https://www.wyndhamhotels.com/laquinta/cleveland-ohio/la-quinta-cleveland-airport-north/overview,OFFICIAL_PROPERTY,2026-08-17,,,Service Animals - ADA-defined service animals are welcome free of charge. / Pets Allowed - 2 pets max. Cats and dogs only. 75lbs or less per pet. / Fees - Non-refundable 25 USD nightly for up to 2 pets. Max 75 USD per stay.,,cleveland-akron-canton-oh
Quality Inn & Suites Richfield,pet-friendly-hotels,4742 Brecksville Rd,Richfield,OH,44286,330.659.6151,https://www.choicehotels.com/ohio/richfield/quality-inn-hotels/oh330,https://www.choicehotels.com/ohio/richfield/quality-inn-hotels/oh330,OFFICIAL_PROPERTY,2026-08-17,,,"Service animals are permitted, without charge. Flat Screen TV Desk with Ergonomic Chair Hair Dryer Iron and Ironing Board Microwave Room Details Strikethrough Rate: $99 Discounted rate: $92 USD /night Member Rate View estimated total details $106 total Book Now 3 ROOMS LEFT AT THIS RATE IMAGE COMING SOON 3 ROOMS LEFT AT THIS RATE 2 Double Beds, Top Floor 4 Guests No Smoking No Pets Allowed No Pets Allowed Only service animals are permitted, free of charge. Top Floor Flat Screen TV Desk with Ergonomic Chair Hair Dryer Iron and Ironing Board Room Details Strikethrough Rate: $109 Discounted rate: $101 USD /night Member Rate View estimated total details $117 total Book Now 1 King Bed, Suite, Sofa Bed 4 Guests No Smoking No Pets Allowed Sofa Bed Sitting Area No Pets Allowed Only service animals are permitted, free of charge. Flat Screen TV Desk with Ergonomic Chair Hair Dryer Room Details Strikethrough Rate: $109 Discounted rate: $101 USD /night Member Rate View estimated total details $117 total Book Now 1 King Bed, Suite, Sofa Bed 4 Guests No Smoking No Pets Allowed Sofa Bed Partial Room Divider No Pets Allowed Only service animals are permitted, free of charge. Desk with Ergonomic Chair Hair Dryer Iron and Ironing Board Room Details Strikethrough Rate: $109 Discounted rate: $101 USD /night Member Rate View estimated total details $117 total Book Now PET FRIENDLY 2 Double Beds, Poolside Room 4 Guests No Smoking Pet Friendly Pet-Friendly Room Service animals are permitted, without charge. Ground Floor Poolside Room Atrium View Flat Screen TV Desk with Ergonomic Chair Room Details Strikethrough Rate: $119 Discounted rate: $111 USD /night Member Rate View estimated total details $128 total Book Now IMAGE COMING SOON PET FRIENDLY 2 Double Beds, Atrium View 4 Guests No Smoking Pet Friendly Balcony Pet-Friendly Room Service animals are permitted, without charge. Atrium View Flat Screen TV Desk with Ergonomic Chair Hair Dryer Room Details Strikethrough Rate: $129 Discounted rate: $120 USD /night Member Rate View estimated total details $138 total Book Now Amenities Featured Amenities(24) Premium Free WiFi Breakfast Included Indoor Pool Pet Friendly* Free Hot Breakfast Truck Parking View all amenities *May require an additional cost Info Essential details Check-In 4:00 PM Check-Out 11:00 AM No Smoking 100% Smoke Free Hotel Phone Number (330) 523-5329 Children Anyone aged 18 and under, at time of booking, stay for free Fax (330) 650-3819 Pets Pets Allowed: Yes General: Pets permitted. 50.00 per stay. Maximum of two pets per room. Maximum 50 pounds each. Pets must be registered at front desk upon arrival and stay in Pet Friendly designated rooms",,cleveland-akron-canton-oh
Radisson Hotel Akron/Fairlawn,pet-friendly-hotels,200 Montrose W Ave,Akron,OH,44321,(330) 666-9300,https://www.choicehotels.com/ohio/akron/radisson-hotels/oh557,https://www.choicehotels.com/ohio/akron/radisson-hotels/oh557,OFFICIAL_PROPERTY,2026-08-17,,,"Service animals are permitted, without charge. Dog-Friendly Room Flat Screen TV Desk Refrigerator Hair Dryer Room Details Strikethrough Rate: $104 Discounted rate: $94 USD /night Member Rate View estimated total details $108 total Book Now Amenities Featured Amenities(58) Premium Free WiFi Weekly Rates* Recreational Vehicle Parking Indoor Heated Pool Accessible Parking* Family Friendly View all amenities *May require an additional cost Info Essential details Check-In 3:00 PM Check-Out 12:00 PM No Smoking 100% Smoke Free Hotel Phone Number (330) 666-9300 Children Anyone aged 18 and under, at time of booking, stay for free Fax (330) 668-2270 Office Hours 24/7 Pets Pets Allowed: Yes General: Pets Allowed. Pet Charge 10.00 USD Per Pet, Per Night. Pet limit 2 Pet Per Room. Max 40 Pounds.",,cleveland-akron-canton-oh
Red Roof Inn Cleveland East,pet-friendly-hotels,4166 State Route 306,Willoughby,OH,44094,440.946.9872,https://www.redroof.com/property/oh/willoughby/rri053,https://www.redroof.com/property/oh/willoughby/rri053,OFFICIAL_PROPERTY,2026-08-17,,,"One, well-behaved domestic pet (cat or dog) Stays Free! Pets must be declared at check-in. Up to 2 pets allowed per room. Second pet $15/ night, not to exceed 7 nights or $105 per pet per stay. Pet not to exceed 80 pounds. Service and emotional support animals are always welcome.",,cleveland-akron-canton-oh
Red Roof Inn Independence,pet-friendly-hotels,6020 Quarry Lane,Independence,OH,44131,216.447.0030,https://www.redroof.com/property/oh/independence/rri028,https://www.redroof.com/property/oh/independence/rri028,OFFICIAL_PROPERTY,2026-08-17,,,"One, well-behaved domestic pet (cat or dog) Stays Free! Pets must be declared at check-in. Up to 2 pets allowed per room. Second pet $15/ night, not to exceed 7 nights or $105 per pet per stay. Pet not to exceed 80 pounds. Service and emotional support animals are always welcome.",,cleveland-akron-canton-oh
Red Roof Inn Middleburg Heights,pet-friendly-hotels,17555 Bagley Rd.,Middleburg Heights,OH,44130,440.243.2441,https://www.redroof.com/property/oh/cleveland/rri060,https://www.redroof.com/property/oh/cleveland/rri060,OFFICIAL_PROPERTY,2026-08-17,,,"One, well-behaved domestic pet (cat or dog) Stays Free! Up to 2 pets allowed per room. Second pet $15/ night, not to exceed 7 nights or $105 per pet per stay. Pets must be declared at check-in. Pet not to exceed 80 pounds. Please keep your animal on a leash when outside your room. In consideration of all Red Roof guests, pets must never be left unattended in the guestroom. When you walk your pet on property, please be considerate and clean up after your pet. Service and emotional support animals are always welcome.",,cleveland-akron-canton-oh
Red Roof Inn Westlake,pet-friendly-hotels,29595 Clemens Rd.,Westlake,OH,44145,440.892.7920,https://www.redroof.com/property/oh/westlake/rri094,https://www.redroof.com/property/oh/westlake/rri094,OFFICIAL_PROPERTY,2026-08-17,,,"One, well-behaved domestic pet (cat or dog) Stays Free! Pets must be declared at check-in. Up to 2 pets allowed per room. Second pet $15/ night, not to exceed 7 nights or $105 per pet per stay. Pet not to exceed 80 pounds. Service and emotional support animals are always welcome. Read Full Pet Policy Deposit Policy: A $100 refundable deposit is required at check-in for all guests.",,cleveland-akron-canton-oh
Residence Inn by Marriott Cleveland University Circle Medical Center,pet-friendly-hotels,1914 E. 101 St.,Cleveland,OH,44106,216.249.9090,https://www.marriott.com/en-us/hotels/cleuv-residence-inn-cleveland-university-circle-medical-center/overview/,https://www.marriott.com/en-us/hotels/cleuv-residence-inn-cleveland-university-circle-medical-center/overview/,OFFICIAL_PROPERTY,2026-08-17,,,Pet Policy Pets Welcome 1 pet 50 pounds max per room with USD 150 non-refundable fee per room per stay Non-Refundable Pet Fee Per Stay: $150.00 Maximum Pet Weight: 50.0lbs Maximum Number of Pets in Room: 1,,cleveland-akron-canton-oh
Sonesta ES Suites Cleveland Westlake,pet-friendly-hotels,30100 Clemens Rd.,Westlake,OH,44145,440.892.2254,https://www.sonesta.com/sonesta-simply-suites/oh/westlake/sonesta-simply-suites-cleveland-westlake,https://www.sonesta.com/sonesta-simply-suites/oh/westlake/sonesta-simply-suites-cleveland-westlake,OFFICIAL_PROPERTY,2026-08-17,,,"Sonesta Simply Suites Cleveland Westlake hotel is dog-friendly and welcomes well-mannered canine pets. Up to two pets are permitted per suite, weighing up to 60 lbs each. A $5 fee applies per pet, per night, with a $50 deposit",,cleveland-akron-canton-oh
SpringHill Suites Solon,pet-friendly-hotels,30100 Aurora Rd.,Solon,OH,44139,440.248.9600,https://www.marriott.com/en-us/hotels/clesh-springhill-suites-cleveland-solon/overview/,https://www.marriott.com/en-us/hotels/clesh-springhill-suites-cleveland-solon/overview/,OFFICIAL_PROPERTY,2026-08-17,,,"Pet Policy Pets Welcome $75 (1-4 nights), $125 (5+ nights) Non-Refundable Pet Fee Per Stay: $75.00 Maximum Pet Weight: 75.0lbs Maximum Number of Pets in Room: 2",,cleveland-akron-canton-oh
TownePlace Suites by Marriott,pet-friendly-hotels,6040 Enterprise Pkwy.,Solon,OH,44139,440.394.1270,https://www.marriott.com/en-us/hotels/cleto-towneplace-suites-cleveland-solon/overview/,https://www.marriott.com/en-us/hotels/cleto-towneplace-suites-cleveland-solon/overview/,OFFICIAL_PROPERTY,2026-08-17,,,Pet Policy Pets Welcome Pets allowed. Non-refundable fee of $50 per stay. Non-Refundable Pet Fee Per Stay: $50.00 Maximum Number of Pets in Room: 1,,cleveland-akron-canton-oh
Wyndham Garden Westlake,pet-friendly-hotels,1100 Crocker Rd.,Westlake,OH,44145,440.871.6000,https://www.wyndhamhotels.com/wyndham-garden/westlake-ohio/wyndham-garden-westlake/overview,https://www.wyndhamhotels.com/wyndham-garden/westlake-ohio/wyndham-garden-westlake/overview,OFFICIAL_PROPERTY,2026-08-17,,,Dogs only allowed. 2 dogs max per rm. Fee is 50USD per dog per stay. Pet sanitation fee is 150USD and can be charged to a guest at hotel managements discretion for excessive dirtiness or damage to hotel property. Dog relief area located at the back of the hotel. Waiver must be signed at check-in.,,cleveland-akron-canton-oh
Suburban Studios Mentor - Cleveland Northeast,pet-friendly-hotels,7677 Reynolds Road,Mentor,OH,44060,4402998653,https://www.choicehotels.com/ohio/mentor/suburban-hotels/oh196,https://www.choicehotels.com/ohio/mentor/suburban-hotels/oh196,OFFICIAL_PROPERTY,2026-09-01,,,pets allowed,,cleveland-akron-canton-oh
TownePlace Suites by Marriott Cleveland Westlake,pet-friendly-hotels,25052 Sperry Drive,Westlake,OH,44145,14408924275,https://www.marriott.com/en-us/hotels/clets-towneplace-suites-cleveland-westlake/overview/,https://www.marriott.com/en-us/hotels/clets-towneplace-suites-cleveland-westlake/overview/,OFFICIAL_PROPERTY,2026-09-01,,,pets allowed,,cleveland-akron-canton-oh
"The Ritz-Carlton, Cleveland",pet-friendly-hotels,1515 West Third Street,Cleveland,OH,44113,12166231300,https://www.ritzcarlton.com/en/hotels/clerz-the-ritz-carlton-cleveland/overview/,https://www.ritzcarlton.com/en/hotels/clerz-the-ritz-carlton-cleveland/overview/,OFFICIAL_PROPERTY,2026-09-01,,,pets allowed,,cleveland-akron-canton-oh
TownePlace Suites by Marriott Painesville Mentor,pet-friendly-hotels,1000 Parkside Drive,Painesville,OH,44077,14407098500,https://www.marriott.com/en-us/hotels/cletm-towneplace-suites-painesville-mentor/overview/,https://www.marriott.com/en-us/hotels/cletm-towneplace-suites-painesville-mentor/overview/,OFFICIAL_PROPERTY,2026-09-01,,,pets allowed,,cleveland-akron-canton-oh
Extended Stay America Suites Cleveland - Airport - North Olmsted,pet-friendly-hotels,24851 Country Club Blvd.,North Olmsted,OH,44070,,https://www.extendedstayamerica.com/hotels/oh/cleveland/airport-north-olmsted,https://www.extendedstayamerica.com/hotels/oh/cleveland/airport-north-olmsted,OFFICIAL_PROPERTY,2026-09-01,,,pets allowed,,cleveland-akron-canton-oh
Ramada by Wyndham Cleveland Airport West,pet-friendly-hotels,22115 Brookpark Rd,Fairview Park,OH,44126,14407344500,https://www.wyndhamhotels.com/ramada/fairview-park-ohio/ramada-cleveland-airport-west/overview,https://www.wyndhamhotels.com/ramada/fairview-park-ohio/ramada-cleveland-airport-west/overview,OFFICIAL_PROPERTY,2026-09-01,,,pets allowed,,cleveland-akron-canton-oh
Best Western Plus Mentor-Cleveland Northeast,pet-friendly-hotels,8434 Mentor Avenue,Mentor,OH,44060,14402057378,https://www.bestwestern.com/en_US/book/hotels-in-mentor/best-western-plus-lawnfield-inn-suites/propertyCode.36124.html,https://www.bestwestern.com/en_US/book/hotels-in-mentor/best-western-plus-lawnfield-inn-suites/propertyCode.36124.html,OFFICIAL_PROPERTY,2026-09-01,,,pets allowed,,cleveland-akron-canton-oh
Extended Stay America Suites Cleveland - Westlake,pet-friendly-hotels,30360 Clemens Rd.,Westlake,OH,44145,,https://www.extendedstayamerica.com/hotels/oh/cleveland/westlake,https://www.extendedstayamerica.com/hotels/oh/cleveland/westlake,OFFICIAL_PROPERTY,2026-09-01,,,pets allowed,,cleveland-akron-canton-oh
Sonesta Simply Suites Cleveland North Olmsted Airport,pet-friendly-hotels,24741 Country Club Blvd.,North Olmsted,OH,44070,4407160584,https://www.sonesta.com/sonesta-simply-suites/oh/north-olmsted/sonesta-simply-suites-cleveland-north-olmsted-airport,https://www.sonesta.com/sonesta-simply-suites/oh/north-olmsted/sonesta-simply-suites-cleveland-north-olmsted-airport,OFFICIAL_PROPERTY,2026-09-01,,,pets allowed,,cleveland-akron-canton-oh
La Quinta Inn & Suites by Wyndham Cleveland Airport West,pet-friendly-hotels,25105 Ctry Club Blvd.,North Olmsted,OH,44070,14407344477,https://www.wyndhamhotels.com/laquinta/north-olmsted-ohio/la-quinta-cleveland-airport-west/overview,https://www.wyndhamhotels.com/laquinta/north-olmsted-ohio/la-quinta-cleveland-airport-west/overview,OFFICIAL_PROPERTY,2026-08-16,,,pets allowed,,cleveland-akron-canton-oh
La Quinta Inn & Suites by Wyndham Cleveland Macedonia,pet-friendly-hotels,268 E. Highland Road,Macedonia,OH,44056,13304685400,https://www.wyndhamhotels.com/laquinta/macedonia-ohio/la-quinta-cleveland-macedonia/overview,https://www.wyndhamhotels.com/laquinta/macedonia-ohio/la-quinta-cleveland-macedonia/overview,OFFICIAL_PROPERTY,2026-09-01,,,pets allowed,,cleveland-akron-canton-oh
Extended Stay America Suites Cleveland - Beachwood - Orange Place - South,pet-friendly-hotels,3820 Orange Pl.,Beachwood,OH,44122,,https://www.extendedstayamerica.com/hotels/oh/cleveland/beachwood-orange-place-south,https://www.extendedstayamerica.com/hotels/oh/cleveland/beachwood-orange-place-south,OFFICIAL_PROPERTY,2026-09-01,,,pets allowed,,cleveland-akron-canton-oh
Super 8 by Wyndham Twinsburg/Cleveland Area,pet-friendly-hotels,8848 Twin Hills Parkway,Twinsburg,OH,44087,13307697280,https://www.wyndhamhotels.com/super-8/twinsburg-ohio/super-8-twinsburg-cleveland-area/overview,https://www.wyndhamhotels.com/super-8/twinsburg-ohio/super-8-twinsburg-cleveland-area/overview,OFFICIAL_PROPERTY,2026-09-01,,,pets allowed,,cleveland-akron-canton-oh
Super 8 by Wyndham Mentor/Cleveland Area,pet-friendly-hotels,7325 Palisades Parkway,Mentor,OH,44060,14409518558,https://www.wyndhamhotels.com/super-8/mentor-ohio/super-8-mentor-cleveland-area/overview,https://www.wyndhamhotels.com/super-8/mentor-ohio/super-8-mentor-cleveland-area/overview,OFFICIAL_PROPERTY,2026-09-01,,,pets allowed,,cleveland-akron-canton-oh
Extended Stay America Suites Cleveland - Brooklyn,pet-friendly-hotels,10300 Cascade Crossing,Brooklyn,OH,44144,,https://www.extendedstayamerica.com/hotels/oh/cleveland/brooklyn,https://www.extendedstayamerica.com/hotels/oh/cleveland/brooklyn,OFFICIAL_PROPERTY,2026-09-01,,,pets allowed,,cleveland-akron-canton-oh
Extended Stay America Select Suites Cleveland - Mentor,pet-friendly-hotels,5650 Emerald Ct,Mentor,OH,44060,,https://www.extendedstayamerica.com/hotels/oh/cleveland/mentor,https://www.extendedstayamerica.com/hotels/oh/cleveland/mentor,OFFICIAL_PROPERTY,2026-09-01,,,pets allowed,,cleveland-akron-canton-oh
Extended Stay America Suites Cleveland - Great Northern Mall,pet-friendly-hotels,25801 Country Club Blvd.,North Olmsted,OH,44070,,https://www.extendedstayamerica.com/hotels/oh/cleveland/great-northern-mall,https://www.extendedstayamerica.com/hotels/oh/cleveland/great-northern-mall,OFFICIAL_PROPERTY,2026-09-01,,,pets allowed,,cleveland-akron-canton-oh
Extended Stay America Suites Cleveland - Middleburg Heights,pet-friendly-hotels,17552 Rosbough Dr.,Middleburg Heights,OH,44130,,https://www.extendedstayamerica.com/hotels/oh/cleveland/middleburg-heights,https://www.extendedstayamerica.com/hotels/oh/cleveland/middleburg-heights,OFFICIAL_PROPERTY,2026-09-01,,,pets allowed,,cleveland-akron-canton-oh
Comfort Inn Cleveland Airport,pet-friendly-hotels,17550 Rosbough Dr.,Middleburg Heights,OH,44130,,https://www.choicehotels.com/ohio/middleburg-heights/comfort-inn-hotels/oh439,https://www.choicehotels.com/ohio/middleburg-heights/comfort-inn-hotels/oh439,OFFICIAL_PROPERTY,2026-09-01,,,pets allowed,,cleveland-akron-canton-oh
MainStay Suites Middleburg Heights Cleveland Airport,pet-friendly-hotels,7325 Engle Rd,Middleburg Heights,OH,44130,,https://www.choicehotels.com/ohio/middleburg-heights/mainstay-hotels/oh837,https://www.choicehotels.com/ohio/middleburg-heights/mainstay-hotels/oh837,OFFICIAL_PROPERTY,2026-09-01,,,pets allowed,,cleveland-akron-canton-oh
Red Roof Inn Akron,pet-friendly-hotels,2939 S Arlington Rd,Akron,OH,44312,,https://www.redroof.com/property/oh/akron/rri207,https://www.redroof.com/property/oh/akron/rri207,OFFICIAL_PROPERTY,2026-09-01,,,pets allowed,,cleveland-akron-canton-oh
Drury Inn & Suites Columbus Polaris,pet-friendly-hotels,8805 Orion Place,Columbus,OH,43240,614-854-0216,https://www.druryhotels.com/locations/columbus-oh/drury-inn-and-suites-columbus-polaris,https://www.druryhotels.com/locations/columbus-oh/drury-inn-and-suites-columbus-polaris,OFFICIAL_PROPERTY,2026-07-15,,,Dogs and cats accepted; $50 per room per night fee plus tax; limit two pets per room with a combined weight of 80 pounds; service animals free of charge,,columbus-oh
Drury Plaza Hotel Columbus Downtown,pet-friendly-hotels,88 East Nationwide Blvd,Columbus,OH,43215,614-221-7008,https://www.druryhotels.com/locations/columbus-oh/drury-plaza-hotel-columbus-downtown,https://www.druryhotels.com/locations/columbus-oh/drury-plaza-hotel-columbus-downtown,OFFICIAL_PROPERTY,2026-07-15,,,Dogs and cats accepted; $50 per room per night fee plus tax; limit two pets per room with a combined weight of 80 pounds; service animals free of charge,,columbus-oh
Drury Inn & Suites Columbus Dublin,pet-friendly-hotels,6170 Parkcenter Circle,Dublin,OH,43017,614-798-8802,https://www.druryhotels.com/locations/columbus-oh/drury-inn-and-suites-columbus-dublin,https://www.druryhotels.com/locations/columbus-oh/drury-inn-and-suites-columbus-dublin,OFFICIAL_PROPERTY,2026-07-15,,,Dogs and cats accepted; $50 per room per night fee plus tax; limit two pets per room with a combined weight of 80 pounds; service animals free of charge,,columbus-oh
Sonesta Simply Suites Dublin Columbus,pet-friendly-hotels,435 Metro Place South,Dublin,OH,43017,614-791-0403,https://www.sonesta.com/sonesta-simply-suites/oh/dublin/sonesta-simply-suites-dublin-columbus,https://www.sonesta.com/sonesta-simply-suites/oh/dublin/sonesta-simply-suites-dublin-columbus,OFFICIAL_PROPERTY,2026-08-02,,,"Sonesta Simply Suites Dublin Columbus is pet-friendly and welcomes well-mannered pets, with no breed or weight restrictions. Up to two pets are permitted per suite. We apologize as cats are not permitted. $75 fee, per pet, applies for stays up to 7 nights; $150 for all longer stays.",,columbus-oh
Extended Stay America Suites Columbus Dublin,pet-friendly-hotels,450 Metro Place North,Dublin,OH,43017,614-760-0053,https://www.extendedstayamerica.com/hotels/oh/columbus/dublin,https://www.extendedstayamerica.com/hotels/oh/columbus/dublin,OFFICIAL_PROPERTY,2026-07-15,,,"A maximum of two pets per suite (no longer or taller than 36 inches); non-refundable pet cleaning fee of up to $25 plus tax per day per pet for the first six nights, then up to $15 per day; service animals exempt",,columbus-oh
Red Roof PLUS+ Columbus Dublin,pet-friendly-hotels,5125 Post Rd,Dublin,OH,43017,614-764-3993,https://www.redroof.com/property/oh/dublin/rri127,https://www.redroof.com/why-red-roof/pet-policy,OFFICIAL_BRAND,2026-07-15,,,"Up to two well-behaved domestic pets (cat or dog, up to 80 pounds each) per room; first pet stays free; $15 per night for a second pet, capped at $105 per pet for stays of 7 or more nights; pets must be declared at check-in",,columbus-oh
Red Roof PLUS+ Columbus Downtown Convention Center,pet-friendly-hotels,111 East Nationwide Blvd,Columbus,OH,43215,614-224-6539,https://www.redroof.com/property/oh/columbus/rri262,https://www.redroof.com/why-red-roof/pet-policy,OFFICIAL_BRAND,2026-07-15,,,"Up to two well-behaved domestic pets (cat or dog, up to 80 pounds each) per room; first pet stays free; $15 per night for a second pet, capped at $105 per pet for stays of 7 or more nights; pets must be declared at check-in",,columbus-oh
Red Roof PLUS+ Columbus Worthington,pet-friendly-hotels,7480 North High St,Columbus,OH,43235,614-846-4907,https://www.redroof.com/property/oh/columbus/rri310,https://www.redroof.com/why-red-roof/pet-policy,OFFICIAL_BRAND,2026-07-15,,,"Up to two well-behaved domestic pets (cat or dog, up to 80 pounds each) per room; first pet stays free; $15 per night for a second pet, capped at $105 per pet for stays of 7 or more nights; pets must be declared at check-in",,columbus-oh
Red Roof Inn Columbus West Hilliard,pet-friendly-hotels,5001 Renner Rd,Columbus,OH,43228,,https://www.redroof.com/property/oh/columbus/rri009,https://www.redroof.com/why-red-roof/pet-policy,OFFICIAL_BRAND,2026-07-15,,,"Up to two well-behaved domestic pets (cat or dog, up to 80 pounds each) per room; first pet stays free; $15 per night for a second pet, capped at $105 per pet for stays of 7 or more nights; pets must be declared at check-in",,columbus-oh
Hyatt Regency Columbus,pet-friendly-hotels,350 North High St,Columbus,OH,43215,614-463-1234,https://www.hyatt.com/hyatt-regency/en-US/cmhrc-hyatt-regency-columbus,https://www.hyatt.com/hyatt-regency/en-US/cmhrc-hyatt-regency-columbus/policies,OFFICIAL_PROPERTY,2026-08-09,,,"Dogs are welcome, with up to 2 pets per room. A pet fee of $50 per stay applies for stays of up to 6 nights, and an additional $100 per stay applies for stays of 7-30 nights. For stays of 30 or more nights a fee is charged at the hotel's discretion. Each pet may weigh up to 50 pounds, with a combined limit of 75 pounds for 2 pets.",,columbus-oh
Hyatt Place Columbus OSU,pet-friendly-hotels,795 Yard St,Columbus,OH,43212,614-280-1234,https://www.hyatt.com/hyatt-place/en-US/cmhzg-hyatt-place-columbus-osu,https://www.hyatt.com/hyatt-place/en-US/cmhzg-hyatt-place-columbus-osu/policies,OFFICIAL_PROPERTY,2026-08-09,,,"Dogs are welcome, with up to 2 pets per room. A non-refundable pet fee of $100 per stay applies for stays of 1-6 nights, and an additional $200 per stay applies for stays of 7-30 nights. Each pet may weigh up to 50 pounds, with a combined limit of 75 pounds for 2 pets.",,columbus-oh
Hyatt House Columbus OSU Short North,pet-friendly-hotels,633 West 5th Ave,Columbus,OH,43201,614-298-1299,https://www.hyatt.com/hyatt-house/en-US/cmhxo-hyatt-house-columbus-osu-short-north,https://www.hyatt.com/hyatt-house/en-US/cmhxo-hyatt-house-columbus-osu-short-north/policies,OFFICIAL_PROPERTY,2026-08-09,,,"Dogs are welcome, with up to 2 pets per room. A pet fee of $75 per stay applies for stays of 1-6 nights, and $175 per stay, including the cleaning fee, applies for stays of 7-30 nights. For stays of 30 or more nights a fee is charged at the hotel's discretion. Each pet may weigh up to 50 pounds, with a combined limit of 75 pounds for 2 pets.",,columbus-oh
TownePlace Suites Columbus Dublin,pet-friendly-hotels,5155 Upper Metro Place,Dublin,OH,43017,614-689-2900,https://www.marriott.com/en-us/hotels/cmhtd-towneplace-suites-columbus-dublin/overview/,https://www.marriott.com/en-us/hotels/cmhtd-towneplace-suites-columbus-dublin/overview/,OFFICIAL_PROPERTY,2026-07-15,,,"Pets welcome, up to two pets per room. Confirm current pet fees and weight limits directly with the hotel",,columbus-oh
Homewood Suites by Hilton Columbus Dublin,pet-friendly-hotels,5300 Parkcenter Ave,Dublin,OH,43017,614-791-8675,https://www.hilton.com/en/hotels/cmhduhw-homewood-suites-columbus-dublin/,https://www.hilton.com/en/hotels/cmhduhw-homewood-suites-columbus-dublin/hotel-info/,OFFICIAL_PROPERTY,2026-07-15,,,Property identifies itself as pet-friendly on its official page. Confirm current fees and restrictions directly with the hotel,,columbus-oh
Home2 Suites by Hilton Columbus Dublin,pet-friendly-hotels,5000 Upper Metro Place,Dublin,OH,43017,614-889-7540,https://www.hilton.com/en/hotels/cmhdbht-home2-suites-columbus-dublin/,https://www.hilton.com/en/hotels/cmhdbht-home2-suites-columbus-dublin/,OFFICIAL_PROPERTY,2026-07-15,,,Pets accepted with a $75 non-refundable pet fee. Confirm current restrictions directly with the hotel,,columbus-oh
Hampton Inn Columbus Dublin,pet-friendly-hotels,3920 Tuller Rd,Dublin,OH,43017,614-889-0573,https://www.hilton.com/en/hotels/cmhnwhx-hampton-columbus-dublin/,https://www.hilton.com/en/locations/usa/ohio/dublin/pet-friendly/,OFFICIAL_BRAND,2026-07-15,,,Listed as pet-friendly on the brand's official pet-friendly hotel pages. Confirm current fees and restrictions directly with the hotel,,columbus-oh
Staybridge Suites Columbus Dublin,pet-friendly-hotels,6095 Emerald Parkway,Dublin,OH,43016,614-734-9882,https://www.ihg.com/staybridge/hotels/us/en/dublin/cmhtc/hoteldetail,https://www.ihg.com/staybridge/hotels/us/en/dublin/cmhtc/hoteldetail,OFFICIAL_PROPERTY,2026-07-15,,,Pets welcome with a non-refundable fee of $75 plus tax for stays of 1 to 7 nights or $150 plus tax for 8 or more nights; each pet must weigh less than 80 pounds; pet vaccination records should be readily available,,columbus-oh
La Quinta Inn by Wyndham Columbus Dublin,pet-friendly-hotels,6145 Park Center Circle,Dublin,OH,43017,614-792-8300,https://www.wyndhamhotels.com/laquinta/dublin-ohio/la-quinta-inn-columbus-dublin/overview,https://www.wyndhamhotels.com/laquinta/about-us/pet-friendly,OFFICIAL_BRAND,2026-07-15,,,Dogs and cats welcome in pet-friendly rooms; no more than two domestic pets per room; an optional pet fee of $25 per night (up to $75 per room per stay) may be charged at check-in,,columbus-oh
The Westin Great Southern Columbus,pet-friendly-hotels,310 South High St,Columbus,OH,43215,,https://www.marriott.com/en-us/hotels/cmhwi-the-westin-great-southern-columbus/overview/,https://www.marriott.com/en-us/hotels/cmhwi-the-westin-great-southern-columbus/overview/,OFFICIAL_PROPERTY,2026-07-15,,,"Up to two pets per room, each up to 40 pounds; pets may not be left unattended",,columbus-oh
Aloft Columbus University District,pet-friendly-hotels,1295 Olentangy River Rd,Columbus,OH,43212,614-294-7500,https://www.marriott.com/en-us/hotels/cmhco-aloft-columbus-university-district/overview/,https://www.marriott.com/en-us/hotels/cmhco-aloft-columbus-university-district/overview/,OFFICIAL_PROPERTY,2026-07-15,,,"Up to two pets per room (50 pounds maximum); non-refundable pet fee of $50 per night, up to $150 per stay",,columbus-oh
Big Walnut Dog Park,pet-friendly-parks,5000 E Livingston Ave,Columbus,OH,43227,,https://columbusrecparks.com/facilities/dog-parks/,https://columbusrecparks.com/facilities/dog-parks/,OFFICIAL_PARKS_DEPARTMENT,2026-07-15,,,City of Columbus dog park with a designated off-the-leash area where dogs can play off leash,,columbus-oh
Godown Dog Park,pet-friendly-parks,6099 Godown Rd,Columbus,OH,43235,,https://columbusrecparks.com/facilities/dog-parks/,https://columbusrecparks.com/facilities/dog-parks/,OFFICIAL_PARKS_DEPARTMENT,2026-07-15,,,City of Columbus dog park with a designated off-the-leash area where dogs can play off leash,,columbus-oh
Spindler Road Dog Park,pet-friendly-parks,2121 Spindler Rd,Hilliard,OH,43026,,https://columbusrecparks.com/facilities/dog-parks/,https://columbusrecparks.com/facilities/dog-parks/,OFFICIAL_PARKS_DEPARTMENT,2026-07-15,,,City of Columbus dog park with a designated off-the-leash area where dogs can play off leash,,columbus-oh
Three Creeks Dog Park,pet-friendly-parks,2748 Spangler Rd,Columbus,OH,43207,,https://columbusrecparks.com/facilities/dog-parks/,https://columbusrecparks.com/facilities/dog-parks/,OFFICIAL_PARKS_DEPARTMENT,2026-07-15,,,City of Columbus dog park with a designated off-the-leash area where dogs can play off leash,,columbus-oh
Wheeler Memorial Dog Park,pet-friendly-parks,725 Thurber Drive West,Columbus,OH,43215,,https://columbusrecparks.com/facilities/dog-parks/,https://columbusrecparks.com/facilities/dog-parks/,OFFICIAL_PARKS_DEPARTMENT,2026-07-15,,,City of Columbus dog park with a designated off-the-leash area where dogs can play off leash,,columbus-oh
Scioto Audubon Metro Park,pet-friendly-parks,400 W Whittier St,Columbus,OH,43215,,https://www.metroparks.net/parks-and-trails/scioto-audubon/,https://www.metroparks.net/parks-and-trails/scioto-audubon/,OFFICIAL_METRO_PARKS,2026-07-15,,,"Fenced dog park with separate areas for large dogs and small dogs, artificial-turf surfacing and obstacle stations including balance beams and a play tunnel; elsewhere pets are welcome on designated pet trails on a leash no longer than 6 feet",,columbus-oh
Rocky Fork Metro Park,pet-friendly-parks,7180 E Walnut St,Westerville,OH,43081,,https://www.metroparks.net/parks-and-trails/rocky-fork/,https://www.metroparks.net/parks-and-trails/rocky-fork/,OFFICIAL_METRO_PARKS,2026-07-15,,,Fenced 1.8-acre dog park and a 0.3-mile off-leash dog trail; on other designated pet trails and in picnic areas pets must be on a leash no longer than 6 feet,,columbus-oh
Glacier Ridge Metro Park,pet-friendly-parks,9801 Hyland Croy Rd,Plain City,OH,43064,,https://www.metroparks.net/parks-and-trails/glacier-ridge/,https://www.metroparks.net/parks-and-trails/glacier-ridge/,OFFICIAL_METRO_PARKS,2026-07-15,,,"2.5-acre dog park open to dogs of all sizes with an open field, drinking fountains, paved path and wooded area; pets are welcome on the Ironweed and Marsh Hawk trails on a leash no longer than 6 feet",,columbus-oh
Walnut Woods Metro Park,pet-friendly-parks,6716 Lithopolis Rd,Groveport,OH,,,https://www.metroparks.net/parks-and-trails/walnut-woods/,https://www.metroparks.net/parks-and-trails/walnut-woods/,OFFICIAL_METRO_PARKS,2026-07-15,,,3-acre dog park for large dogs (20 pounds and over) plus a 1-acre dog park for small dogs in the Buckeye Area; pets are welcome on four designated pet trails on a leash no longer than 6 feet,,columbus-oh
Heritage Trail Park,pet-friendly-parks,7262 Hayden Run Rd,Hilliard,OH,43026,,https://www.metroparks.net/parks-and-trails/heritage-trail-park/,https://www.metroparks.net/parks-and-trails/heritage-trail-park/,OFFICIAL_METRO_PARKS,2026-07-15,,,"Fenced 4-acre dog park managed jointly by Metro Parks and the City of Hilliard, with separate sections for active and less active dogs, dog splash-and-sprinkle water pads and activity equipment; pets are welcome on the adjacent multiuse trail",,columbus-oh
Prairie Oaks Metro Park,pet-friendly-parks,2755 Amity Rd,Hilliard,OH,,,https://www.metroparks.net/parks-and-trails/prairie-oaks/,https://www.metroparks.net/parks-and-trails/prairie-oaks/,OFFICIAL_METRO_PARKS,2026-07-15,,,Dogs may swim at the off-leash doggie beach in the Darby Bend Lakes area; pets are welcome on six designated pet trails on a leash no longer than 6 feet,,columbus-oh
Highbanks Metro Park,pet-friendly-parks,9466 Columbus Pike,Lewis Center,OH,43035,,https://www.metroparks.net/parks-and-trails/highbanks/,https://www.metroparks.net/parks-and-trails/highbanks/,OFFICIAL_METRO_PARKS,2026-07-15,,,Pets are welcome on five designated pet trails including the 3.5-mile Coyote Run Trail; pets must be on a leash no longer than 6 feet,,columbus-oh
Blendon Woods Metro Park,pet-friendly-parks,4265 E Dublin Granville Rd,Columbus,OH,43081,,https://www.metroparks.net/parks-and-trails/blendon-woods/,https://www.metroparks.net/parks-and-trails/blendon-woods/,OFFICIAL_METRO_PARKS,2026-07-15,,,Pets are welcome on the Goldenrod and Butterfly pet trails and in picnic areas; pets must be on a leash no longer than 6 feet,,columbus-oh
Nando Dog Park at Darree Fields,pet-friendly-parks,6259 Cosgray Rd,Dublin,OH,43016,,https://dublinohiousa.gov/flip/parks-master-plan/files/assets/seo/page283.html,https://dublinohiousa.gov/flip/parks-master-plan/files/assets/seo/page283.html,OFFICIAL_CITY,2026-07-15,,,One-acre off-leash dog park with separated play spaces for big and small dogs inside Darree Fields Park; elsewhere in Dublin parks animals must be leashed or otherwise restrained under city code,,columbus-oh
Land-Grant Brewing Company,pet-friendly-restaurants,424 W Town St,Columbus,OH,43215,,https://landgrantbrewing.com/,https://landgrantbrewing.com/faq/,OFFICIAL_BREWERY,2026-07-15,,,Well-behaved dogs are welcome in the beer garden and on the patio; dogs must be leashed and under direct control at all times; water bowls and treats are available at the bar; dogs are not permitted in the Wintergarden igloos or on the ice rinks,,columbus-oh
Wolf's Ridge Brewing,pet-friendly-restaurants,215 N 4th St,Columbus,OH,43215,,https://www.wolfsridgebrewing.com/,https://www.wolfsridgebrewing.com/taproom-main,OFFICIAL_BREWERY,2026-07-15,,,Pets are welcome on the patio only; pets are not permitted inside the taproom or dining room,,columbus-oh
Endeavor Brewing and Spirits,pet-friendly-restaurants,909 W 5th Ave,Columbus,OH,43212,,https://www.endeavorbrewing.com/,https://www.endeavorbrewing.com/location/,OFFICIAL_BREWERY,2026-07-15,,,Dogs are welcome at the taproom; locally crafted dog biscuits made with spent brewing grains are offered,,columbus-oh
BrewDog DogTap Columbus,pet-friendly-restaurants,96 Gender Rd,Canal Winchester,OH,43110,,https://usa.brewdog.com/pages/bars/dog-tap-columbus,https://usa.brewdog.com/pages/bars/dog-tap-columbus,OFFICIAL_BREWERY,2026-07-15,,,"Taproom officially identified as dog friendly, with outdoor patios and a full kitchen. Confirm current indoor and patio pet rules directly with the venue",,columbus-oh
Hofbrauhaus Columbus,pet-friendly-restaurants,800 Goodale Blvd,Columbus,OH,43212,,https://www.hofbrauhauscolumbus.com/,https://www.hofbrauhauscolumbus.com/two-paws-up-for-the-biergarten/,OFFICIAL_RESTAURANT,2026-07-15,,,All well-behaved leashed dogs and their humans are welcome in the Biergarten; a complimentary water dish and a treat are provided,,columbus-oh
Condado Tacos Short North,pet-friendly-restaurants,1227 N High St,Columbus,OH,43201,,https://locations.condadotacos.com/oh/1227-n-high-st,https://locations.condadotacos.com/oh/1227-n-high-st,OFFICIAL_GROUP,2026-07-15,,,Dog-friendly patio is listed among the location's official amenities; outdoor patio seating available,,columbus-oh
Condado Tacos Downtown Columbus Commons,pet-friendly-restaurants,132 S High St,Columbus,OH,43215,,https://locations.condadotacos.com/oh/132-s-high-st,https://locations.condadotacos.com/oh/132-s-high-st,OFFICIAL_GROUP,2026-07-15,,,Dog-friendly patio is listed among the location's official amenities; outdoor patio seating available,,columbus-oh
Condado Tacos Dublin,pet-friendly-restaurants,102 N High St,Dublin,OH,43017,,https://locations.condadotacos.com/oh/102-n-high-st,https://locations.condadotacos.com/oh/102-n-high-st,OFFICIAL_GROUP,2026-07-15,,,Dog-friendly patio is listed among the location's official amenities; outdoor patio seating available,,columbus-oh
Condado Tacos Easton,pet-friendly-restaurants,4077 Fenlon St,Columbus,OH,43219,,https://locations.condadotacos.com/oh/4077-fenlon-st,https://locations.condadotacos.com/oh/4077-fenlon-st,OFFICIAL_GROUP,2026-07-15,,,Dog-friendly patio is listed among the location's official amenities; outdoor patio seating available,,columbus-oh
Condado Tacos Polaris,pet-friendly-restaurants,8958 Lyra Dr,Columbus,OH,43240,,https://locations.condadotacos.com/oh/8958-lyra-dr,https://locations.condadotacos.com/oh/8958-lyra-dr,OFFICIAL_GROUP,2026-07-15,,,Dog-friendly patio is listed among the location's official amenities; outdoor patio seating available,,columbus-oh
Local Cantina Grandview,pet-friendly-restaurants,1423 Grandview Ave,Columbus,OH,43212,,https://www.localcantina.com/grandview,https://www.localcantina.com/grandview,OFFICIAL_GROUP,2026-07-15,,,"Dog-friendly patio, weather permitting; well-behaved pups are welcome outside as long as they remain leashed and under control",,columbus-oh
Local Cantina Trolley Barn,pet-friendly-restaurants,1644 Oak St,Columbus,OH,43205,,https://www.localcantina.com/trolley-barn,https://www.localcantina.com/trolley-barn,OFFICIAL_GROUP,2026-07-15,,,Pet-friendly patio; well-behaved pups are welcome outdoors when weather allows and must remain leashed and under control,,columbus-oh
Local Cantina Upper Arlington,pet-friendly-restaurants,1670 W Lane Ave Suite 150,Columbus,OH,43221,,https://www.localcantina.com/upper-arlington,https://www.localcantina.com/upper-arlington,OFFICIAL_GROUP,2026-07-15,,,"Pet-friendly sidewalk-facing patio, weather permitting; pups must stay leashed, relaxed and under control",,columbus-oh
Days Inn by Wyndham Grove City Columbus South,pet-friendly-hotels,1849 Stringtown Rd,Grove City,OH,43123,614-871-0440,https://www.daysinncolumbusohio.com,https://www.daysinncolumbusohio.com,OFFICIAL_PROPERTY,2026-07-18,,,The property identifies itself as pet-friendly. Confirm current fees and restrictions directly with the business.,,columbus-oh
Drury Inn & Suites Columbus Grove City,pet-friendly-hotels,4109 Parkway Centre Drive,Grove City,OH,43123,614-875-7000,https://www.druryhotels.com/locations/columbus-oh/drury-inn-and-suites-columbus-grove-city?utm_campaign=gmb&utm_medium=organic&utm_source=local2,https://www.druryhotels.com/locations/columbus-oh/drury-inn-and-suites-columbus-grove-city?utm_campaign=gmb&utm_medium=organic&utm_source=local2,OFFICIAL_PROPERTY,2026-07-18,,,Dogs and cats are accepted. A $50 fee applies per room per day. A maximum of 2 pets is allowed. Pets may not exceed 80 lb.,,columbus-oh
The Plaza Hotel Columbus at Capitol Square,pet-friendly-hotels,75 East State Street,Columbus,OH,43215,614-365-4500,https://www.plazahotelcolumbus.com/,https://www.plazahotelcolumbus.com,OFFICIAL_PROPERTY,2026-07-18,,,The property identifies itself as pet-friendly. Confirm current fees and restrictions directly with the business.,,columbus-oh
La Quinta Inn by Wyndham Columbus I-70E/Reynoldsburg,pet-friendly-hotels,2447 Brice Road,Reynoldsburg,OH,43068,614-866-6456,https://www.wyndhamhotels.com/laquinta/reynoldsburg-ohio/la-quinta-inn-columbus-i-70e-reynoldsburg/overview?CID=LC:6ysy27krtpcrqev:52991&iata=00093796,https://www.wyndhamhotels.com/laquinta/reynoldsburg-ohio/la-quinta-inn-columbus-i-70e-reynoldsburg/overview?CID=LC:6ysy27krtpcrqev:52991&iata=00093796,OFFICIAL_PROPERTY,2026-07-18,,,Dogs and cats are accepted. Confirm current fees and restrictions directly with the business.,,columbus-oh
Sonesta Columbus Downtown,pet-friendly-hotels,33 East Nationwide Blvd,Columbus,OH,43215,614-461-4100,https://www.sonesta.com/sonesta-hotels-resorts/oh/columbus/sonesta-columbus-downtown,https://www.sonesta.com/sonesta-hotels-resorts/oh/columbus/sonesta-columbus-downtown?utm_source=google&utm_medium=organic&utm_campaign=gmb,OFFICIAL_PROPERTY,2026-07-18,,,A $75 fee applies per stay. A maximum of 2 pets is allowed. Guests must be 21 years of age or older to check into the hotel.,,columbus-oh
Hilton Columbus at Easton,pet-friendly-hotels,3900 Chagrin Dr,Columbus,OH,43219,614-414-5000,https://www.hilton.com/en/hotels/cmhchhf-hilton-columbus-at-easton/,https://www.hilton.com/en/hotels/cmhchhf-hilton-columbus-at-easton/,OFFICIAL_PROPERTY,2026-07-28,,,Pets Non-refundable fee: $100.00 Max weight: 75 lbs Max size: medium Pet policy: Pet liability release form required,,columbus-oh
Aloft Columbus Easton,pet-friendly-hotels,4176 Brighton Rose Way,Columbus,OH,43219,614-762-9162,https://www.marriott.com/en-us/hotels/cmhea-aloft-columbus-easton/overview/,https://www.marriott.com/en-us/hotels/cmhea-aloft-columbus-easton/overview/,OFFICIAL_PROPERTY,2026-07-28,,,Pet Policy Pets Welcome A signed policy is required at check in Non-Refundable Pet Fee Per Night: $50.00 Maximum Pet Weight: 40.0lbs Maximum Number of Pets in Room: 2,,columbus-oh
Home2 Suites by Hilton Columbus Easton,pet-friendly-hotels,3035 Stelzer Rd,Columbus,OH,43219,614-339-6900,https://www.hilton.com/en/hotels/cmhcsht-home2-suites-columbus-easton/,https://www.hilton.com/en/hotels/cmhcsht-home2-suites-columbus-easton/,OFFICIAL_PROPERTY,2026-07-28,,,Pets allowed Yes Deposit Yes. $75.00 Non-refundable Fee Max weight 50 lbs Max size medium A fee of up to 250 USD will be assessed for smoking in a non-smoking room. Please ask the,,columbus-oh
Hilton Garden Inn Columbus Airport,pet-friendly-hotels,4265 Sawyer Rd,Columbus,OH,43219,614-231-2869,https://www.hilton.com/en/hotels/cmhcagi-hilton-garden-inn-columbus-airport/,https://www.hilton.com/en/hotels/cmhcagi-hilton-garden-inn-columbus-airport/,OFFICIAL_PROPERTY,2026-07-28,,,Pets allowed Yes Deposit Yes. $75.00 Non-refundable Fee Max weight 75 lbs Max size medium Other pet information $75(1-4n)$125(5+n)2pet Max dog/cat only A fee of up to 250 USD will be assessed for smoking in a non-smoking room. Please ask the,,columbus-oh
Hampton Inn Columbus Airport,pet-friendly-hotels,4280 International Gateway,Columbus,OH,43219,614-235-0717,https://www.hilton.com/en/hotels/cmhaphx-hampton-columbus-airport/,https://www.hilton.com/en/hotels/cmhaphx-hampton-columbus-airport/,OFFICIAL_PROPERTY,2026-07-28,,,Pets allowed Yes Deposit Yes. $75.00 Non-refundable Fee Max weight 75 lbs Max size medium Other pet information $75(1-4n)$125(5+n)2pet Max dog/cat only A fee of up to 250 USD will be assessed for smoking in a non-smoking room. Please ask the,,columbus-oh
TownePlace Suites Columbus Airport Gahanna,pet-friendly-hotels,695 Taylor Rd,Columbus,OH,43230,614-861-1400,https://www.marriott.com/en-us/hotels/cmhta-towneplace-suites-columbus-airport-gahanna/overview/,https://www.marriott.com/en-us/hotels/cmhta-towneplace-suites-columbus-airport-gahanna/overview/,OFFICIAL_PROPERTY,2026-07-28,,,Pet Policy Pets Welcome Pets allowed with USD 100 non-refundable fee per stay plus tax Non-Refundable Pet Fee Per Stay: $100.00 Maximum Pet Weight: 60.0lbs Maximum Number of Pets in Room: 2,,columbus-oh
Home2 Suites New Albany Columbus,pet-friendly-hotels,5095 Forest Dr,New Albany,OH,43054,614-305-4257,https://www.hilton.com/en/hotels/cmhncht-home2-suites-new-albany-columbus/,https://www.hilton.com/en/hotels/cmhncht-home2-suites-new-albany-columbus/,OFFICIAL_PROPERTY,2026-07-28,,,Pets allowed Yes Deposit Yes. $50.00 Non-refundable Fee Other pet information 1-4 night stay $50; 5+ night stay $75; 2 pets max; dog or cat only A fee of up to 250 USD will be assessed for smoking in a non-smoking room. Please ask the,,columbus-oh
La Quinta Columbus West-Hilliard,pet-friendly-hotels,5510 Trabue Rd,Columbus,OH,43228,614-878-8844,https://www.wyndhamhotels.com/laquinta/columbus-ohio/la-quinta-columbus-west-hilliard/overview,https://www.wyndhamhotels.com/laquinta/columbus-ohio/la-quinta-columbus-west-hilliard/overview,OFFICIAL_PROPERTY,2026-07-28,,,Pet-friendly rooms are available for an extra nightly fee.,,columbus-oh
Columbus Airport Marriott,pet-friendly-hotels,1375 N Cassady Avenue,Columbus,OH,43219,614-475-7551,https://www.marriott.com/en-us/hotels/cmham-columbus-airport-marriott/overview/,https://www.marriott.com/en-us/hotels/cmham-columbus-airport-marriott/overview/,OFFICIAL_PROPERTY,2026-07-29,,,"Pet Policy Pets Welcome We love pets and welcome them, just as we welcome you. Non-Refundable Pet Fee Per Stay: $75.00 Maximum Number of Pets in Room: 2",,columbus-oh
Courtyard Columbus Easton,pet-friendly-hotels,3900 Morse Crossing,Columbus,OH,43219,614-416-8000,https://www.marriott.com/en-us/hotels/cmhce-courtyard-columbus-easton/overview/,https://www.marriott.com/en-us/hotels/cmhce-courtyard-columbus-easton/overview/,OFFICIAL_PROPERTY,2026-07-29,,,Pet Policy Pets Welcome Pets are allowed at this property. There is $50 dollar per night up to $150 fee Non-Refundable Pet Fee Per Stay: $50.00 Maximum Pet Weight: 100.0lbs Maximum Number of Pets in Room: 2,,columbus-oh
Courtyard Columbus Worthington,pet-friendly-hotels,7411 Vantage Drive,Columbus,OH,43235,614-436-7070,https://www.marriott.com/en-us/hotels/cmhcw-courtyard-columbus-worthington/overview/,https://www.marriott.com/en-us/hotels/cmhcw-courtyard-columbus-worthington/overview/,OFFICIAL_PROPERTY,2026-07-29,,,Pet Policy Pets Welcome Welcome to our pet-friendly hotel! Non-Refundable Pet Fee Per Stay: $50.00 Maximum Pet Weight: 100.0lbs Maximum Number of Pets in Room: 2,,columbus-oh
Fairfield Inn & Suites Columbus New Albany,pet-friendly-hotels,4976 East Dublin Granville Road,Columbus,OH,43081,614-855-9766,https://www.marriott.com/en-us/hotels/cmhfb-fairfield-inn-and-suites-columbus-new-albany/overview/,https://www.marriott.com/en-us/hotels/cmhfb-fairfield-inn-and-suites-columbus-new-albany/overview/,OFFICIAL_PROPERTY,2026-07-29,,,Pet Policy Pets Welcome Up to 2 dogs per room with 40lbs maximum. 65USD non Refundable fee per stay Non-Refundable Pet Fee Per Stay: $65.00 Maximum Pet Weight: 40.0lbs Maximum Number of Pets in Room: 2,,columbus-oh
Residence Inn Columbus Easton,pet-friendly-hotels,3999 Easton Loop West,Columbus,OH,43219,614-414-1000,https://www.marriott.com/en-us/hotels/cmhne-residence-inn-columbus-easton/overview/,https://www.marriott.com/en-us/hotels/cmhne-residence-inn-columbus-easton/overview/,OFFICIAL_PROPERTY,2026-07-29,,,Pet Policy Pets Welcome Pets are allowed at this property. There is $50 dollar per night up to $150 fee Non-Refundable Pet Fee Per Night: $50.00 Maximum Pet Weight: 50.0lbs Maximum Number of Pets in Room: 2,,columbus-oh
Residence Inn Columbus OSU,pet-friendly-hotels,3100 Olentangy River Road,Columbus,OH,43202,614-261-7994,https://www.marriott.com/en-us/hotels/cmhrn-residence-inn-columbus-osu/overview/,https://www.marriott.com/en-us/hotels/cmhrn-residence-inn-columbus-osu/overview/,OFFICIAL_PROPERTY,2026-07-29,,,Pet Policy Pets Welcome $100 USD non-refundable pet fee per stay for max. of 2 pets Non-Refundable Pet Fee Per Stay: $100.00 Maximum Number of Pets in Room: 2,,columbus-oh
Residence Inn Columbus Airport,pet-friendly-hotels,4294 International Gateway,Columbus,OH,43219,614-236-1000,https://www.marriott.com/en-us/hotels/cmhra-residence-inn-columbus-airport/overview/,https://www.marriott.com/en-us/hotels/cmhra-residence-inn-columbus-airport/overview/,OFFICIAL_PROPERTY,2026-07-29,,,Pet Policy Pets Welcome 2 pets per room with 100USD Non Refundable fee per room per stay Non-Refundable Pet Fee Per Stay: $100.00 Maximum Number of Pets in Room: 2,,columbus-oh
Sheraton Suites Columbus Worthington,pet-friendly-hotels,201 Hutchinson Avenue,Columbus,OH,43235,614-436-0004,https://www.marriott.com/en-us/hotels/cmhsi-sheraton-suites-columbus-worthington/overview/,https://www.marriott.com/en-us/hotels/cmhsi-sheraton-suites-columbus-worthington/overview/,OFFICIAL_PROPERTY,2026-07-29,,,Pet Policy Pets Welcome Small pets under 50 lbs are welcome. $75 nonrefundable fees charged per pet. Non-Refundable Pet Fee Per Stay: $75.00 Maximum Pet Weight: 50.0lbs Maximum Number of Pets in Room: 2,,columbus-oh
Fairfield Inn & Suites Columbus OSU,pet-friendly-hotels,3031 Olentangy River Road,Columbus,OH,43202,614-267-1111,https://www.marriott.com/en-us/hotels/cmhsu-fairfield-inn-and-suites-columbus-osu/overview/,https://www.marriott.com/en-us/hotels/cmhsu-fairfield-inn-and-suites-columbus-osu/overview/,OFFICIAL_PROPERTY,2026-07-29,,,Pet Policy Pets Welcome $45 Non-Refundable Pet Fee Every 3 Nights Maximum Number of Pets in Room: 2,,columbus-oh
TownePlace Suites Columbus Easton Area,pet-friendly-hotels,4048 Morse Road,Columbus,OH,43230,614-471-6300,https://www.marriott.com/en-us/hotels/cmhte-towneplace-suites-columbus-easton-area/overview/,https://www.marriott.com/en-us/hotels/cmhte-towneplace-suites-columbus-easton-area/overview/,OFFICIAL_PROPERTY,2026-07-29,,,Pet Policy Pets Welcome Pets allowed with 100USD non refundable fee per stay Non-Refundable Pet Fee Per Stay: $100.00 Maximum Number of Pets in Room: 2,,columbus-oh
Candlewood Suites Columbus North - Polaris by IHG,pet-friendly-hotels,8515 Lyra Dr,Columbus,OH,43240,614-505-1010,https://www.ihg.com/candlewood/hotels/us/en/columbus/cmhpp/hoteldetail,https://www.ihg.com/candlewood/hotels/us/en/columbus/cmhpp/hoteldetail,OFFICIAL_PROPERTY,2026-08-04,,,"Dogs and cats are accepted. A $25 non-refundable fee applies per night. A maximum of $75 applies for stays of 1–6 nights, and $150 for stays of 7 or more nights. Up to 2 pets permitted per room.",,columbus-oh
Days Inn by Wyndham Columbus Airport,pet-friendly-hotels,750 Stelzer Rd,Columbus,OH,43219,614-238-9010,https://www.wyndhamhotels.com/days-inn/columbus-ohio/days-inn-columbus-airport/overview,https://www.wyndhamhotels.com/days-inn/columbus-ohio/days-inn-columbus-airport/overview,OFFICIAL_PROPERTY,2026-08-04,,,"Pets are welcome. A $50 fee applies per stay. Maximum pet weight is 20 pounds, with up to 2 pets permitted per room. A separate refundable pet deposit of $150 is also stated.",,columbus-oh
Embassy Suites by Hilton Columbus Airport,pet-friendly-hotels,2886 Airport Dr,Columbus,OH,43219,614-536-0500,https://www.hilton.com/en/hotels/cmhates-embassy-suites-columbus-airport/,https://www.hilton.com/en/hotels/cmhates-embassy-suites-columbus-airport/,OFFICIAL_PROPERTY,2026-08-04,,,"Dogs and cats are accepted. A $50 non-refundable fee applies. Maximum pet weight is 75 pounds, with up to 2 pets permitted per room.",,columbus-oh
Fairfield by Marriott Inn & Suites Columbus East,pet-friendly-hotels,2826 Taylor Rd Ext,Reynoldsburg,OH,43068,614-864-4555,https://www.marriott.com/en-us/hotels/cmhry-fairfield-inn-and-suites-columbus-east/overview/,https://www.marriott.com/en-us/hotels/cmhry-fairfield-inn-and-suites-columbus-east/overview/,OFFICIAL_PROPERTY,2026-08-04,,,"Pets are welcome. A $75 non-refundable fee applies per stay. Maximum pet weight is 30 pounds, with up to 2 pets permitted per room.",,columbus-oh
Four Points by Sheraton Columbus - Polaris,pet-friendly-hotels,8505 Pulsar Pl,Columbus,OH,43240,614-844-5888,https://www.marriott.com/en-us/hotels/cmhpf-four-points-columbus-polaris/overview/,https://www.marriott.com/en-us/hotels/cmhpf-four-points-columbus-polaris/overview/,OFFICIAL_PROPERTY,2026-08-04,,,"Pets are welcome. A $50 fee applies per pet per night. Maximum pet weight is 50 pounds, with up to 2 pets permitted per room.",,columbus-oh
Hampton Inn and Suites Columbus Scioto Downs,pet-friendly-hotels,5950 S High St,Columbus,OH,43137,614-491-3800,https://www.hilton.com/en/hotels/cmhsdhx-hampton-suites-columbus-scioto-downs/,https://www.hilton.com/en/hotels/cmhsdhx-hampton-suites-columbus-scioto-downs/,OFFICIAL_PROPERTY,2026-08-04,,,"Dogs and cats are accepted. A $50 non-refundable fee applies. Maximum pet weight is 75 pounds, with up to 2 pets permitted per room.",,columbus-oh
Hampton Inn & Suites Columbus Downtown,pet-friendly-hotels,501 North High Street,Columbus,OH,43215,614-559-2000,https://www.hilton.com/en/hotels/cmhhshx-hampton-suites-columbus-downtown,https://www.hilton.com/en/hotels/cmhhshx-hampton-suites-columbus-downtown,OFFICIAL_PROPERTY,2026-08-04,,,"Dogs and cats are accepted. A pet fee of $75 applies for stays of 1–4 nights, and $125 applies for stays of 5 nights or more. Maximum pet weight is 75 pounds, with up to 2 pets permitted per room.",,columbus-oh
Hampton Inn & Suites Columbus-Easton Area,pet-friendly-hotels,4150 Stelzer Rd,Columbus,OH,43230,614-473-9911,https://www.hilton.com/en/hotels/cmhethx-hampton-suites-columbus-easton-area/,https://www.hilton.com/en/hotels/cmhethx-hampton-suites-columbus-easton-area/,OFFICIAL_PROPERTY,2026-08-04,,,"Dogs and cats are accepted. A pet fee of $75 applies for stays of 1–4 nights, and $125 applies for stays of 5 nights or more. Maximum pet weight is 75 pounds, with up to 2 pets permitted per room.",,columbus-oh
Hampton Inn & Suites Columbus Hilliard,pet-friendly-hotels,3950 Lyman Dr,Hilliard,OH,43026,614-334-1800,https://www.hilton.com/en/hotels/cmhhlhx-hampton-suites-columbus-hilliard/,https://www.hilton.com/en/hotels/cmhhlhx-hampton-suites-columbus-hilliard/,OFFICIAL_PROPERTY,2026-08-04,,,"Dogs and cats are accepted. A pet fee of $75 applies for stays of 1–4 nights, and $125 applies for stays of 5 nights or more. Maximum pet weight is 75 pounds, with up to 2 pets permitted per room.",,columbus-oh
Hampton Inn & Suites Columbus Polaris,pet-friendly-hotels,8411 Pulsar Pl,Columbus,OH,43240,614-885-8400,https://www.hilton.com/en/hotels/cmhpshx-hampton-suites-columbus-polaris/,https://www.hilton.com/en/hotels/cmhpshx-hampton-suites-columbus-polaris/,OFFICIAL_PROPERTY,2026-08-04,,,"Dogs and cats are accepted. A pet fee of $75 applies for stays of 1–4 nights, and $125 applies for stays of 5 nights or more. Maximum pet weight is 75 pounds, with up to 2 pets permitted per room.",,columbus-oh
Hawthorn Extended Stay by Wyndham Columbus West,pet-friendly-hotels,5505 Keim Cir,Columbus,OH,43228,614-853-6199,https://www.wyndhamhotels.com/hawthorn-extended-stay/columbus-ohio/hawthorn-extended-stay-columbus-west/overview,https://www.wyndhamhotels.com/hawthorn-extended-stay/columbus-ohio/hawthorn-extended-stay-columbus-west/overview,OFFICIAL_PROPERTY,2026-08-04,,,Pets are welcome. A non-refundable pet fee of $45 applies for the first night and $10 for each additional night. A maximum of $180 per stay applies. Maximum pet weight is 40 pounds.,,columbus-oh
Hilton Columbus Downtown,pet-friendly-hotels,402 N High St,Columbus,OH,43215,614-384-8600,https://www.hilton.com/en/hotels/cmhdwhh-hilton-columbus-downtown/,https://www.hilton.com/en/hotels/cmhdwhh-hilton-columbus-downtown/,OFFICIAL_PROPERTY,2026-08-04,,,Pets are welcome. A $50 non-refundable fee applies. Maximum pet weight is 125 pounds.,,columbus-oh
Hilton Columbus/Polaris,pet-friendly-hotels,8700 Lyra Dr,Columbus,OH,43240,614-885-1600,https://www.hilton.com/en/hotels/cmhpohf-hilton-columbus-polaris/,https://www.hilton.com/en/hotels/cmhpohf-hilton-columbus-polaris/,OFFICIAL_PROPERTY,2026-08-04,,,"Pets are welcome. The first pet costs $80 per stay, and a second pet costs an additional $50 per stay. Maximum pet weight is 50 pounds, with up to 2 pets permitted per room.",,columbus-oh
Hilton Garden Inn Columbus/Dublin,pet-friendly-hotels,500 Metro Pl N,Dublin,OH,43017,614-766-9900,https://www.hilton.com/en/hotels/cmhdhgi-hilton-garden-inn-columbus-dublin/,https://www.hilton.com/en/hotels/cmhdhgi-hilton-garden-inn-columbus-dublin/,OFFICIAL_PROPERTY,2026-08-04,,,Pets are welcome. A $75 non-refundable fee applies.,,columbus-oh
Hilton Garden Inn Columbus Easton,pet-friendly-hotels,3600 Morse Rd Ste A,Columbus,OH,43230,614-968-5200,https://www.hilton.com/en/hotels/cmhsugi-hilton-garden-inn-columbus-easton/,https://www.hilton.com/en/hotels/cmhsugi-hilton-garden-inn-columbus-easton/,OFFICIAL_PROPERTY,2026-08-04,,,"Dogs and cats are accepted. A $75 non-refundable fee applies per stay. Maximum pet weight is 75 pounds, with up to 2 pets permitted per room.",,columbus-oh
Hilton Garden Inn Columbus/Grove City,pet-friendly-hotels,3928 Jackpot Rd,Grove City,OH,43123,614-539-8944,https://www.hilton.com/en/hotels/cmhgcgi-hilton-garden-inn-columbus-grove-city/,https://www.hilton.com/en/hotels/cmhgcgi-hilton-garden-inn-columbus-grove-city/,OFFICIAL_PROPERTY,2026-08-04,,,"Pets are welcome. A pet fee of $75 per stay applies for stays of 1–4 nights, and $100 per stay applies for stays of 5 nights or more. Maximum pet weight is 100 pounds.",,columbus-oh
Hilton Garden Inn Columbus/Polaris,pet-friendly-hotels,8535 Lyra Dr,Columbus,OH,43240,614-846-8884,https://www.hilton.com/en/hotels/cmhcpgi-hilton-garden-inn-columbus-polaris/,https://www.hilton.com/en/hotels/cmhcpgi-hilton-garden-inn-columbus-polaris/,OFFICIAL_PROPERTY,2026-08-04,,,"Dogs and cats are accepted. A pet fee of $75 applies for stays of 1–4 nights, and $125 applies for stays of 5 nights or more. Maximum pet weight is 50 pounds, with up to 2 pets permitted per room.",,columbus-oh
Hilton Garden Inn Columbus-University Area,pet-friendly-hotels,3232 Olentangy River Road,Columbus,OH,43202,614-263-7200,https://www.hilton.com/en/hotels/cmhuagi-hilton-garden-inn-columbus-university-area/,https://www.hilton.com/en/hotels/cmhuagi-hilton-garden-inn-columbus-university-area/,OFFICIAL_PROPERTY,2026-08-04,,,"Dogs and cats are accepted. A pet fee of $75 applies for stays of 1–4 nights, and $125 applies for stays of 5 nights or more. Maximum pet weight is 75 pounds, with up to 2 pets permitted per room.",,columbus-oh
Holiday Inn Express & Suites Columbus East - Reynoldsburg by IHG,pet-friendly-hotels,2806 Taylor Rd Ext,Reynoldsburg,OH,43068,614-861-8888,https://www.ihg.com/holidayinnexpress/hotels/us/en/reynoldsburg/cmhpr/hoteldetail,https://www.ihg.com/holidayinnexpress/hotels/us/en/reynoldsburg/cmhpr/hoteldetail,OFFICIAL_PROPERTY,2026-08-04,,,"Dogs and cats are accepted. A $30 fee applies per night. One pet is permitted per room, with no pet weight limit stated by the hotel.",,columbus-oh
Home2 Suites by Hilton Columbus Airport East Broad,pet-friendly-hotels,6315 E Broad St,Columbus,OH,43213,614-604-9113,https://www.hilton.com/en/hotels/cmhebht-home2-suites-columbus-airport-east-broad/,https://www.hilton.com/en/hotels/cmhebht-home2-suites-columbus-airport-east-broad/,OFFICIAL_PROPERTY,2026-08-04,,,"Pets are welcome. A pet fee of $75 applies for stays of 1–4 nights, and $125 applies for stays of 5 nights or more. Maximum pet weight is 75 pounds.",,columbus-oh
Home2 Suites by Hilton Columbus Downtown,pet-friendly-hotels,412 E Main St,Columbus,OH,43215,614-569-7760,https://www.hilton.com/en/hotels/lckcoht-home2-suites-columbus-downtown/,https://www.hilton.com/en/hotels/lckcoht-home2-suites-columbus-downtown/,OFFICIAL_PROPERTY,2026-08-04,,,"Dogs and cats are accepted. A pet fee of $75 applies for stays of 1–4 nights, and $125 applies for stays of 5 nights or more. Maximum pet weight is 75 pounds, with up to 2 pets permitted per room.",,columbus-oh
Home2 Suites by Hilton Reynoldsburg Columbus East,pet-friendly-hotels,2426 Taylor Square Dr,Reynoldsburg,OH,43068,614-328-9010,https://www.hilton.com/en/hotels/cmhreht-home2-suites-reynoldsburg-columbus-east/,https://www.hilton.com/en/hotels/cmhreht-home2-suites-reynoldsburg-columbus-east/,OFFICIAL_PROPERTY,2026-08-04,,,"Dogs and cats are accepted. A pet fee of $75 applies for stays of 1–4 nights, and $125 applies for stays of 5 nights or more. Maximum pet weight is 75 pounds, with up to 2 pets permitted per room.",,columbus-oh
Homewood Suites by Hilton Columbus-Hilliard,pet-friendly-hotels,3841 Park Mill Run Dr,Hilliard,OH,43026,614-529-4100,https://www.hilton.com/en/hotels/cmhhihw-homewood-suites-columbus-hilliard/,https://www.hilton.com/en/hotels/cmhhihw-homewood-suites-columbus-hilliard/,OFFICIAL_PROPERTY,2026-08-04,,,"Dogs and cats are accepted. A pet fee of $50 applies for stays of 1–4 nights, and $75 applies for stays of 5 nights or more. Up to 2 pets permitted per room.",,columbus-oh
"Homewood Suites by Hilton Columbus/OSU, OH",pet-friendly-hotels,1576 W Lane Ave,Columbus,OH,43221,614-488-1500,https://www.hilton.com/en/hotels/cmhlahw-homewood-suites-columbus-osu-oh/,https://www.hilton.com/en/hotels/cmhlahw-homewood-suites-columbus-osu-oh/,OFFICIAL_PROPERTY,2026-08-04,,,"Dogs and cats are accepted. A pet fee of $75 applies for stays of 1–4 nights, and $125 applies for stays of 5 nights or more. Up to 2 pets permitted per room.",,columbus-oh
"Homewood Suites by Hilton Columbus/Polaris, OH",pet-friendly-hotels,2045 Polaris Pkwy,Columbus,OH,43240,614-396-5100,https://www.hilton.com/en/hotels/cmhpphw-homewood-suites-columbus-polaris-oh/,https://www.hilton.com/en/hotels/cmhpphw-homewood-suites-columbus-polaris-oh/,OFFICIAL_PROPERTY,2026-08-04,,,"Dogs and cats are accepted. A pet fee of $75 applies for stays of 1–4 nights, and $125 applies for stays of 5 nights or more. Up to 2 pets permitted per room.",,columbus-oh
La Quinta Inn & Suites by Wyndham Columbus - Grove City,pet-friendly-hotels,3962 Jackpot Rd,Grove City,OH,43123,614-539-6200,https://www.wyndhamhotels.com/laquinta/grove-city-ohio/la-quinta-columbus-grove-city/overview,https://www.wyndhamhotels.com/laquinta/grove-city-ohio/la-quinta-columbus-grove-city/overview,OFFICIAL_PROPERTY,2026-08-04,,,"Dogs and cats are accepted. A $25 non-refundable nightly fee covers up to 2 pets and is capped at $75 per stay. Maximum pet weight is 75 pounds, with up to 2 pets permitted per room.",,columbus-oh
Renaissance Columbus Downtown Hotel,pet-friendly-hotels,50 N 3rd St,Columbus,OH,43215,614-228-5050,https://www.marriott.com/en-us/hotels/cmhbr-renaissance-columbus-downtown-hotel/overview/,https://www.marriott.com/en-us/hotels/cmhbr-renaissance-columbus-downtown-hotel/overview/,OFFICIAL_PROPERTY,2026-08-04,,,"Pets are welcome. A $50 fee applies per night. The hotel states a maximum of $150 per stay for two pets. Maximum pet weight is 50 pounds, with up to 2 pets permitted per room.",,columbus-oh
Residence Inn by Marriott Columbus Dublin,pet-friendly-hotels,6364 Frantz Rd,Dublin,OH,43017,614-389-6600,https://www.marriott.com/en-us/hotels/cmhcd-residence-inn-columbus-dublin/overview/,https://www.marriott.com/en-us/hotels/cmhcd-residence-inn-columbus-dublin/overview/,OFFICIAL_PROPERTY,2026-08-04,,,"Pets are welcome. A $100 non-refundable fee applies per stay. Maximum pet weight is 75 pounds, with up to 1 pet permitted per room.",,columbus-oh
SpringHill Suites by Marriott Columbus Dublin,pet-friendly-hotels,4475 Bridge Park Ave,Dublin,OH,43017,614-766-7255,https://www.marriott.com/en-us/hotels/cmhsd-springhill-suites-columbus-dublin/overview/,https://www.marriott.com/en-us/hotels/cmhsd-springhill-suites-columbus-dublin/overview/,OFFICIAL_PROPERTY,2026-08-04,,,"Pets are welcome. A $100 non-refundable fee applies per stay. Maximum pet weight is 75 pounds, with up to 2 pets permitted per room.",,columbus-oh
Staybridge Suites Columbus Polaris by IHG,pet-friendly-hotels,9090 Lyra Dr,Columbus,OH,43240,614-880-9080,https://www.ihg.com/staybridge/hotels/us/en/columbus/cmhgp/hoteldetail,https://www.ihg.com/staybridge/hotels/us/en/columbus/cmhgp/hoteldetail,OFFICIAL_PROPERTY,2026-08-04,,,"Dogs are accepted. A $150 fee applies per stay. Pets must weigh under 50 pounds, with up to 2 pets permitted per room.",,columbus-oh
TownePlace Suites by Marriott Columbus North - OSU,pet-friendly-hotels,1640 West Lane Avenue,Columbus,OH,43221,614-486-5433,https://www.marriott.com/en-us/hotels/cmhtn-towneplace-suites-columbus-north-osu/overview/,https://www.marriott.com/en-us/hotels/cmhtn-towneplace-suites-columbus-north-osu/overview/,OFFICIAL_PROPERTY,2026-08-04,,,"Birds, fish, dogs, and cats are accepted. A $100 non-refundable fee applies per stay for the room. Up to 2 pets are permitted per room.",,columbus-oh
Tru by Hilton Columbus East Broad,pet-friendly-hotels,6440 E Broad St,Columbus,OH,43213,614-360-2005,https://www.hilton.com/en/hotels/cmhcoru-tru-columbus-east-broad/,https://www.hilton.com/en/hotels/cmhcoru-tru-columbus-east-broad/,OFFICIAL_PROPERTY,2026-08-04,,,"Dogs and cats are accepted. A pet fee of $50 applies for stays of 1–4 nights, and $75 applies for stays of 5 nights or more. Maximum pet weight is 50 pounds, with up to 2 pets permitted per room.",,columbus-oh
BrewDog DogHouse Columbus,pet-friendly-hotels,96 Gender Rd,Canal Winchester,OH,43110,614-908-3054,https://usa.brewdog.com/pages/hotels-doghouse-columbus,https://usa.brewdog.com/pages/hotels-doghouse-columbus,OFFICIAL_PROPERTY,2026-08-06,,,Dogs are accepted. We're dog-friendly - so your four-legged best friend gets a warm welcome too.,,columbus-oh
Sonesta Simply Suites Columbus Airport Gahanna,pet-friendly-hotels,590 Taylor Rd,Gahanna,OH,43230,(614) 863-4033,https://www.sonesta.com/sonesta-simply-suites/oh/gahanna/sonesta-simply-suites-columbus-airport-gahanna,https://www.sonesta.com/sonesta-simply-suites/oh/gahanna/sonesta-simply-suites-columbus-airport-gahanna,OFFICIAL_PROPERTY,2026-08-07,,,"Pets are welcome. A pet fee of $75 applies for stays of 1–7 nights, and $150 applies for stays of 8 nights or more. 2 pets are permitted per suite, with no pet weight limit stated by the hotel.",,columbus-oh
"Hotel LeVeque, Autograph Collection",pet-friendly-hotels,50 W Broad Street,Columbus,OH,43215,(614) 224-9500,https://www.hotellevequecolumbus.com/,https://www.hotellevequecolumbus.com/amenities,OFFICIAL_PROPERTY,2026-08-07,,,"Pets are welcome. A $100 non-refundable pet fee is stated; the fee basis is not specified. Maximum pet weight is 80 pounds, with up to 2 pets permitted per room.",,columbus-oh
Aloft Columbus Westerville,pet-friendly-hotels,32 Heatherdown Dr.,Westerville,OH,43081,(614) 318-1246,https://www.marriott.com/en-us/hotels/cmhaw-aloft-columbus-westerville/overview/,https://www.marriott.com/en-us/hotels/cmhaw-aloft-columbus-westerville/overview/,OFFICIAL_PROPERTY,2026-08-08,,,"Dogs and cats are accepted, up to 2 pets per room, with a maximum pet weight of 40 pounds. The official source states a $50 pet fee applying to pets 40 pounds or over, which conflicts with its own stated 40-pound maximum, so no single fee figure is published; confirm the fee with the hotel.",,columbus-oh
DoubleTree by Hilton Columbus Dublin,pet-friendly-hotels,600 Metro Pl N,Dublin,OH,43017,614-956-3400,https://www.hilton.com/en/hotels/dubcddt-doubletree-columbus-dublin/,https://www.hilton.com/en/hotels/dubcddt-doubletree-columbus-dublin/,OFFICIAL_PROPERTY,2026-08-08,,,"Pets are accepted, up to 2 pets per room, with a maximum weight of 75 pounds. The non-refundable pet fee is $75 for stays of 1 to 4 nights and $125 for stays of 5 or more nights. The official source labels the $75 amount both a deposit and a non-refundable fee.",,columbus-oh
Embassy Suites by Hilton Columbus Dublin,pet-friendly-hotels,5100 Upper Metro Pl,Dublin,OH,43017,614-790-9000,https://www.hilton.com/en/hotels/cmheses-embassy-suites-columbus-dublin/,https://www.hilton.com/en/hotels/cmheses-embassy-suites-columbus-dublin/,OFFICIAL_PROPERTY,2026-08-08,,,"Dogs and cats are accepted, up to 2 pets per room. The non-refundable pet fee is $75 for stays of 1 to 4 nights and $125 for stays of 5 or more nights. The official source states no weight limit.",,columbus-oh
Home2 Suites by Hilton Columbus Polaris,pet-friendly-hotels,9101 Lyra Dr.,Columbus,OH,43240,(614) 601-6990,https://www.hilton.com/en/hotels/cmhpcht-home2-suites-polaris-columbus/,https://www.hilton.com/en/hotels/cmhpcht-home2-suites-polaris-columbus/,OFFICIAL_PROPERTY,2026-08-08,,,"Dogs are accepted, up to 2 pets per room, with a maximum weight of 75 pounds. The official source gives conflicting pet-fee terms -- its deposit row states $125.00 while its pet-information line states $75 for the first stay band, and the length of that first band is not legible on the page -- so no fee figure is published; confirm the fee with the hotel.",,columbus-oh
Candlewood Suites Columbus - Grove City,pet-friendly-hotels,3996 Jackpot Road,Grove City,OH,43123,614-991-5950,https://www.ihg.com/candlewood/hotels/us/en/grove-city/cmhcw/hoteldetail,https://www.ihg.com/candlewood/hotels/us/en/grove-city/cmhcw/hoteldetail,OFFICIAL_PROPERTY,2026-08-08,,,"Dogs and cats are accepted, up to 2 pets per room, with a maximum combined weight of 80 pounds for two pets rather than a per-pet limit. The non-refundable fee is $50 for stays of 1 to 14 nights and $100 for stays of 15 or more nights. A limited number of pet rooms is available and a valid credit card must be on file at the front desk.",,columbus-oh
Graduate by Hilton Columbus,pet-friendly-hotels,750 N High St,Columbus,OH,43215,,https://www.hilton.com/en/hotels/cmhclgu-graduate-columbus/,https://www.hilton.com/en/hotels/cmhclgu-graduate-columbus/,OFFICIAL_PROPERTY,2026-08-08,,,"Pets are accepted, up to 2 pets per room, with a maximum pet weight of 75 pounds. A one-time, non-refundable pet fee of $75 per stay per pet is charged at check-in.",,columbus-oh
Hampton Inn & Suites Canal Winchester Columbus,pet-friendly-hotels,700 West Waterloo St,Canal Winchester,OH,43110,,https://www.hilton.com/en/hotels/lckcwhx-hampton-suites-canal-winchester/,https://www.hilton.com/en/hotels/lckcwhx-hampton-suites-canal-winchester/,OFFICIAL_PROPERTY,2026-08-08,,,"Pets are accepted, up to 2 pets per room, with a maximum COMBINED weight of 75 pounds for two pets. The official source gives conflicting fee terms -- its deposit row states a $75.00 non-refundable fee while its pet line says fees vary by stay -- so no fee figure is published; confirm with the hotel. Pets must be leashed and are not permitted in the breakfast area or pool.",,columbus-oh
Embassy Suites Columbus - Airport/Corporate Exchange,pet-friendly-hotels,2700 Corporate Exchange Dr.,Columbus,OH,43231,(614) 890-8600,https://www.hilton.com/en/hotels/cmhcees-embassy-suites-columbus/,https://www.hilton.com/en/hotels/cmhcees-embassy-suites-columbus/,OFFICIAL_PROPERTY,2026-08-09,,,"Dogs and cats are accepted, up to 2 pets per room. The non-refundable pet fee is $75 for stays of 1 to 4 nights and $125 for stays of 5 or more nights. The official source labels the $75 amount both a deposit and a non-refundable fee.",,columbus-oh
"Le Meridien Columbus, The Joseph",pet-friendly-hotels,620 N High St,Columbus,OH,43215,,https://www.marriott.com/en-us/hotels/cmhdm-le-meridien-columbus-the-joseph/overview/,https://www.marriott.com/en-us/hotels/cmhdm-le-meridien-columbus-the-joseph/overview/,OFFICIAL_PROPERTY,2026-08-09,,,"Pets are welcome and dogs are permitted, with up to 2 pets per room and a maximum weight of 100 pounds per pet. A non-refundable fee of $50 per night applies, and a form must be completed at check-in.",,columbus-oh
Hyatt Place Columbus/Worthington,pet-friendly-hotels,7490 Vantage Drive,Columbus,OH,43235,614-846-4355,https://www.hyatt.com/hyatt-place/en-US/cmhzw-hyatt-place-columbus-worthington,https://www.hyatt.com/hyatt-place/en-US/cmhzw-hyatt-place-columbus-worthington,OFFICIAL_PROPERTY,2026-08-09,,,"Canine companions are welcome, with up to 2 pets per room. A non-refundable pet fee of $100 per stay applies for stays of 1-6 nights, and an additional $200 per stay applies for stays of 7-30 nights. Each pet may weigh up to 50 pounds, with a combined limit of 75 pounds for 2 pets.",,columbus-oh
Hyatt Place Columbus/Dublin,pet-friendly-hotels,6161 Parkcenter Circle,Dublin,OH,43017,614-799-1913,https://www.hyatt.com/hyatt-place/en-US/cmhzd-hyatt-place-columbus-dublin,https://www.hyatt.com/hyatt-place/en-US/cmhzd-hyatt-place-columbus-dublin,OFFICIAL_PROPERTY,2026-08-09,,,"Housebroken dogs are welcome, with up to 2 dogs per room. A pet fee of $100 per stay applies for stays of 1-6 nights, and $200 per stay, including the cleaning fee, applies for stays of 7-30 nights. For stays of 30 nights or more, contact the hotel. Each dog must weigh under 50 pounds, with a combined limit of 75 pounds for 2 dogs.",,columbus-oh
AC Hotel Dayton,pet-friendly-hotels,124 Madison St,Dayton,OH,45402,(937) 965-7500,https://www.marriott.com/en-us/hotels/dayac-ac-hotel-dayton/overview/,https://www.marriott.com/en-us/hotels/dayac-ac-hotel-dayton/overview/,OFFICIAL_PROPERTY,2026-08-10,,,Pets Welcome USD 50 nightly fee per pet- no aggressive breeds Non-Refundable Pet Fee Per Night: $50.00 Maximum Pet Weight: 25.0lbs Maximum Number of Pets in Room: 1,,dayton-oh
Courtyard by Marriott Dayton North,pet-friendly-hotels,7087 Miller Ln,Dayton,OH,45414,(937) 890-6112,https://www.marriott.com/en-us/hotels/daycn-courtyard-dayton-north/overview/,https://www.marriott.com/en-us/hotels/daycn-courtyard-dayton-north/overview/,OFFICIAL_PROPERTY,2026-08-10,,,Pets Welcome $100 non-refundable pet fee per stay Non-Refundable Pet Fee Per Stay: $100.00,,dayton-oh
Courtyard by Marriott Springfield Downtown,pet-friendly-hotels,100 South Fountain Avenue,Springfield,OH,45502,(937) 322-3600,https://www.marriott.com/en-us/hotels/daycs-courtyard-springfield-downtown/overview/,https://www.marriott.com/en-us/hotels/daycs-courtyard-springfield-downtown/overview/,OFFICIAL_PROPERTY,2026-08-10,,,"Pets Welcome Pets allowed with USD 75 + 17.25% tax, non-refundable fee per stay ($87.94) Non-Refundable Pet Fee Per Stay: $75.00 Maximum Number of Pets in Room: 3",,dayton-oh
Days Inn by Wyndham Sidney,pet-friendly-hotels,400 Folkerth Avenue,Sidney,OH,45365,(937) 492-2884,https://www.wyndhamhotels.com/days-inn/sidney-ohio/days-inn-sidney-oh/overview,https://www.wyndhamhotels.com/days-inn/sidney-ohio/days-inn-sidney-oh/overview,OFFICIAL_PROPERTY,2026-08-10,,,Pets Allowed - 2 pets max. Cats and dogs only. / Fees - Non-refundable 15 USD nightly per pet. / Other Information - Pets cannot be left unattended in room.,,dayton-oh
DoubleTree by Hilton Dayton Fairborn,pet-friendly-hotels,2800 Presidential Dr,Fairborn,OH,45324,(937) 426-7800,https://www.hilton.com/en/hotels/dayesdt-doubletree-dayton-fairborn/,https://www.hilton.com/en/hotels/dayesdt-doubletree-dayton-fairborn/,OFFICIAL_PROPERTY,2026-08-10,,,Pets allowed Yes Deposit Yes. $75.00 Non-refundable Fee Max weight 75 lbs,,dayton-oh
Drury Inn & Suites Dayton North,pet-friendly-hotels,6616 Miller Ln,Dayton,OH,45414,(937) 454-5200,https://www.druryhotels.com/locations/dayton-oh/drury-inn-and-suites-dayton-north,https://www.druryhotels.com/locations/dayton-oh/drury-inn-and-suites-dayton-north,OFFICIAL_PROPERTY,2026-08-10,,,Dogs and cats accepted. Rooms with pets will be charged a daily fee of $50 per room plus tax. Service animals are free of charge. Limit of two pets per room with a combined weight of 80 pounds.,,dayton-oh
Fairfield Inn & Suites Dayton North,pet-friendly-hotels,7072 York Center Dr,Dayton,OH,45414,(937) 576-1500,https://www.marriott.com/en-us/hotels/dayfn-fairfield-inn-and-suites-dayton-north/overview/,https://www.marriott.com/en-us/hotels/dayfn-fairfield-inn-and-suites-dayton-north/overview/,OFFICIAL_PROPERTY,2026-08-10,,,Pets Welcome Pets Allowed $50 non-refundable fee per night Maximum Pet Weight: 40.0lbs Maximum Number of Pets in Room: 2,,dayton-oh
Fairfield Inn & Suites Dayton South,pet-friendly-hotels,8035 Washington Village Dr,Dayton,OH,45458,(937) 428-7736,https://www.marriott.com/en-us/hotels/daysf-fairfield-inn-and-suites-dayton-south/overview/,https://www.marriott.com/en-us/hotels/daysf-fairfield-inn-and-suites-dayton-south/overview/,OFFICIAL_PROPERTY,2026-08-10,,,Pets Welcome $100 USD Non-Refundable Pet Fee Per StayDogs only Maximum Number of Pets in Room: 2,,dayton-oh
Hampton Inn & Suites Dayton-Vandalia,pet-friendly-hotels,7043 Miller Ln,Dayton,OH,45414,(937) 387-0598,https://www.hilton.com/en/hotels/dayvnhx-hampton-suites-dayton-vandalia/,https://www.hilton.com/en/hotels/dayvnhx-hampton-suites-dayton-vandalia/,OFFICIAL_PROPERTY,2026-08-10,,,Pets allowed Yes Deposit Yes. $50.00 Non-refundable Fee Other pet information 1-4 night stay $50; 5+ night stay $75; 2 pets max; dog or cat only,,dayton-oh
Hampton Inn by Hilton Dayton South,pet-friendly-hotels,8960 Mall Ring Rd,Dayton,OH,45459,(937) 439-1800,https://www.hilton.com/en/hotels/dayshhx-hampton-dayton-south/,https://www.hilton.com/en/hotels/dayshhx-hampton-dayton-south/,OFFICIAL_PROPERTY,2026-08-10,,,Pets allowed Yes Deposit Yes. $75.00 Non-refundable Fee Max weight 75 lbs Max size Medium Other pet information 1-4 night stay $75; 5+ night stay $125; 2 pets max; dog or cat only,,dayton-oh
Hampton Inn Dayton/Huber Heights,pet-friendly-hotels,5588 Merily Way,Huber Heights,OH,45424,(937) 233-4300,https://www.hilton.com/en/hotels/dayhhhx-hampton-dayton-huber-heights/,https://www.hilton.com/en/hotels/dayhhhx-hampton-dayton-huber-heights/,OFFICIAL_PROPERTY,2026-08-10,,,"Pets allowed Yes Deposit Yes. $75.00 Non-refundable Fee Max weight 75 lbs Other pet information $75.00(1-4n), $125.00(5+n) 2pets Max, dogs/cats only",,dayton-oh
Hampton Inn Springfield,pet-friendly-hotels,101 West Leffel Lane,Springfield,OH,45505,(937) 325-8480,https://www.hilton.com/en/hotels/sghohhx-hampton-springfield/,https://www.hilton.com/en/hotels/sghohhx-hampton-springfield/,OFFICIAL_PROPERTY,2026-08-10,,,Pets allowed Yes Deposit Yes. $75.00 Non-refundable Fee Max weight 75 lbs Max size Large Other pet information 1-4 night stay $75 5+ night stay $125 2 pets max dog/cat only,,dayton-oh
Hampton Inn & Suites Sidney,pet-friendly-hotels,1600 Hampton Court,Sidney,OH,45365,(937) 498-8888,https://www.hilton.com/en/hotels/sidhhhx-hampton-sidney/,https://www.hilton.com/en/hotels/sidhhhx-hampton-sidney/,OFFICIAL_PROPERTY,2026-08-10,,,"Pets allowed Yes Deposit Yes. $75.00 Non-refundable Fee Other pet information $75(1-4n),$125(5+n) 2pets Max,dogs only",,dayton-oh
Hampton Inn & Suites Xenia Dayton,pet-friendly-hotels,194 South Progress Drive,Xenia,OH,45385,(937) 347-1029,https://www.hilton.com/en/hotels/dayxohx-hampton-suites-xenia-dayton/,https://www.hilton.com/en/hotels/dayxohx-hampton-suites-xenia-dayton/,OFFICIAL_PROPERTY,2026-08-10,,,"Pets allowed Yes Deposit Yes. $75.00 Non-refundable Fee Max weight 35 lbs Max size Medium Other pet information $75(1-4n),$125(5+n)2petsMax,dog/only",,dayton-oh
Hampton Inn Troy,pet-friendly-hotels,45 Troy Town Dr,Troy,OH,45373,(937) 339-7801,https://www.hilton.com/en/hotels/tryohhx-hampton-troy/,https://www.hilton.com/en/hotels/tryohhx-hampton-troy/,OFFICIAL_PROPERTY,2026-08-10,,,"Pets allowed Yes Deposit Yes. $75.00 Non-refundable Fee Other pet information $75 (1-4 nights) per pet, $125 (5+ nights) per pet, 2 pets Max, dogs only",,dayton-oh
Hilton Garden Inn Dayton Beavercreek,pet-friendly-hotels,3520 Pentagon Park Blvd,Dayton,OH,45431,(937) 458-2650,https://www.hilton.com/en/hotels/daybcgi-hilton-garden-inn-dayton-beavercreek/,https://www.hilton.com/en/hotels/daybcgi-hilton-garden-inn-dayton-beavercreek/,OFFICIAL_PROPERTY,2026-08-10,,,Pets allowed Yes Deposit Yes. $75.00 Non-refundable Fee Max weight 75 lbs Other pet information $75(1-5 nights) additional $75(5+ night) dogs & cats only. Two pets max per room.,,dayton-oh
Holiday Inn Express & Suites Dayton-Centerville,pet-friendly-hotels,5655 Wilmington Pike,Dayton,OH,45459,(937) 424-5757,https://www.ihg.com/holidayinnexpress/hotels/us/en/centerville/cpkoh/hoteldetail,https://www.ihg.com/holidayinnexpress/hotels/us/en/centerville/cpkoh/hoteldetail,OFFICIAL_PROPERTY,2026-08-10,,,"There is a 100 dollar DOG PET FEE, excluding an ADA compliant Service Dog. Emotional support animals are not covered under the ADA Service Dog compliance. There is a 2 DOG maximum, with a weight limit of 20lbs per dog. Cats are not allowed. Pet fee per night: 100 USD Pet weight limit: 20 2 pets allowed Pets allowed: Only dogs allowed",,dayton-oh
Home2 Suites by Hilton Dayton Beavercreek,pet-friendly-hotels,2667 Fairfield Commons Dr,Beavercreek,OH,45431,(937) 429-9320,https://www.hilton.com/en/hotels/daybeht-home2-suites-dayton-beavercreek/,https://www.hilton.com/en/hotels/daybeht-home2-suites-dayton-beavercreek/,OFFICIAL_PROPERTY,2026-08-10,,,"Pets allowed Yes Deposit Yes. $75.00 Non-refundable Fee Other pet information 75.00(1-4n),$125(5+n) 2petsMax,dog/cat on",,dayton-oh
Home2 Suites by Hilton Dayton South,pet-friendly-hotels,200 Austin West Blvd,Miamisburg,OH,45342,(937) 530-8450,https://www.hilton.com/en/hotels/daysmht-home2-suites-dayton-south/,https://www.hilton.com/en/hotels/daysmht-home2-suites-dayton-south/,OFFICIAL_PROPERTY,2026-08-10,,,"Pets allowed Yes Deposit Yes. $125.00 Non-refundable Fee Max weight 75 lbs Max size Medium Other pet information (Fee is per stay, not per night) $75(1-4 nights), $125(5+ nights)",,dayton-oh
Home2 Suites by Hilton Dayton Vandalia,pet-friendly-hotels,6615 Towne Center Dr,Dayton,OH,45414,(937) 949-6200,https://www.hilton.com/en/hotels/daydvht-home2-suites-dayton-vandalia/,https://www.hilton.com/en/hotels/daydvht-home2-suites-dayton-vandalia/,OFFICIAL_PROPERTY,2026-08-10,,,Pets allowed Yes Deposit Yes. $50.00 Non-refundable Fee Other pet information 1-4 night stay $50; 5+ night stay $75; 2 pets max; dog or cat only,,dayton-oh
Homewood Suites by Hilton South Dayton Miamisburg,pet-friendly-hotels,3100 Contemporary Lane,Miamisburg,OH,45342,(937) 432-0000,https://www.hilton.com/en/hotels/daysohw-homewood-suites-south-dayton-miamisburg/,https://www.hilton.com/en/hotels/daysohw-homewood-suites-south-dayton-miamisburg/,OFFICIAL_PROPERTY,2026-08-10,,,Pets allowed Yes Deposit Yes. $125.00 Non-refundable Fee Max weight 80 lbs Max size Medium Other pet information 75.00 non-refundable pet fee max 2 pets 19--4 night stay 125.00 non-refundable pet fee 5+ nights stay,,dayton-oh
La Quinta Inn & Suites by Wyndham Fairborn Wright-Patterson,pet-friendly-hotels,2540 University Blvd,Fairborn,OH,45324,(937) 490-2000,https://www.wyndhamhotels.com/laquinta/fairborn-ohio/la-quinta-fairborn-wright-patterson/overview,https://www.wyndhamhotels.com/laquinta/fairborn-ohio/la-quinta-fairborn-wright-patterson/overview,OFFICIAL_PROPERTY,2026-08-10,,,Service Animals - ADA-defined service animals are welcome free of charge. / Pets Allowed - 2 pets max. Cats and dogs only. 75lbs or less per pet. / Fees - Non-refundable 25 USD nightly for up to 2 pets. Max 75 USD per stay.,,dayton-oh
La Quinta Inn & Suites by Wyndham Miamisburg Dayton South,pet-friendly-hotels,250 Byers Rd,Miamisburg,OH,45342,(937) 247-5080,https://www.wyndhamhotels.com/laquinta/miamisburg-ohio/la-quinta-inn-and-suites-miamisburg-dayton-south/overview,https://www.wyndhamhotels.com/laquinta/miamisburg-ohio/la-quinta-inn-and-suites-miamisburg-dayton-south/overview,OFFICIAL_PROPERTY,2026-08-10,,,Service Animals - ADA-defined service animals are welcome free of charge. Pets Allowed - 2 pets max. Cats and dogs only. 75lbs or less per pet. Fees - Non-refundable 25 USD nightly for up to 2 pets. Max 75 USD per stay.,,dayton-oh
Residence Inn by Marriott Dayton Beavercreek,pet-friendly-hotels,2779 Fairfield Commons Blvd,Beavercreek,OH,45431,(937) 427-3914,https://www.marriott.com/en-us/hotels/dayrb-residence-inn-dayton-beavercreek/overview/,https://www.marriott.com/en-us/hotels/dayrb-residence-inn-dayton-beavercreek/overview/,OFFICIAL_PROPERTY,2026-08-10,,,Pets Welcome Dogs & Cats allowed with USD $100 non-refundable fee per stay Non-Refundable Pet Fee Per Stay: $100.00 Maximum Number of Pets in Room: 2,,dayton-oh
Residence Inn by Marriott Dayton Miamisburg,pet-friendly-hotels,255 Automation Way,Miamisburg,OH,45342,(937) 530-3135,https://www.marriott.com/en-us/hotels/daymi-residence-inn-dayton-miamisburg/overview/,https://www.marriott.com/en-us/hotels/daymi-residence-inn-dayton-miamisburg/overview/,OFFICIAL_PROPERTY,2026-08-10,,,Pets Welcome Pets are welcomed for an additional fee Non-Refundable Pet Fee Per Stay: $75.00 Maximum Pet Weight: 50.0lbs Maximum Number of Pets in Room: 2,,dayton-oh
Residence Inn by Marriott Dayton Troy,pet-friendly-hotels,87 Troy Town Dr,Troy,OH,45373,(937) 440-9303,https://www.marriott.com/en-us/hotels/dayty-residence-inn-dayton-troy/overview/,https://www.marriott.com/en-us/hotels/dayty-residence-inn-dayton-troy/overview/,OFFICIAL_PROPERTY,2026-08-10,,,Pets Welcome Pets allowed with USD 100 non-refundable fee per stay Non-Refundable Pet Fee Per Stay: $100.00 Maximum Number of Pets in Room: 2,,dayton-oh
Residence Inn by Marriott Dayton Vandalia,pet-friendly-hotels,7227 York Center Dr,Vandalia,OH,45414,(937) 890-2244,https://www.marriott.com/en-us/hotels/dayri-residence-inn-dayton-vandalia/overview/,https://www.marriott.com/en-us/hotels/dayri-residence-inn-dayton-vandalia/overview/,OFFICIAL_PROPERTY,2026-08-10,,,Pets Welcome 1 pet 50 pounds max per room with USD 150 non-refundable fee per room per stay Non-Refundable Pet Fee Per Stay: $150.00 Maximum Pet Weight: 50.0lbs Maximum Number of Pets in Room: 1,,dayton-oh
Spark by Hilton Dayton Fairborn,pet-friendly-hotels,2550 Paramount Pl,Fairborn,OH,45324,(937) 429-5505,https://www.hilton.com/en/hotels/dayfope-spark-dayton-fairborn/,https://www.hilton.com/en/hotels/dayfope-spark-dayton-fairborn/,OFFICIAL_PROPERTY,2026-08-10,,,Pets allowed Yes Deposit Yes. $75.00 Non-refundable Fee Max weight 75 lbs,,dayton-oh
SpringHill Suites Troy Dayton,pet-friendly-hotels,1825 Towne Park Dr,Troy,OH,45373,(937) 552-7920,https://www.marriott.com/en-us/hotels/dayth-springhill-suites-troy-dayton/overview/,https://www.marriott.com/en-us/hotels/dayth-springhill-suites-troy-dayton/overview/,OFFICIAL_PROPERTY,2026-08-10,,,"Pets Welcome Dogs only, no cats. 1-7 Nights - $75, 8-14 Nights - $150, 15+ Nights - $250 Non-Refundable Pet Fee Per Stay: $125.00 Maximum Pet Weight: 50.0lbs Maximum Number of Pets in Room: 2",,dayton-oh
Staybridge Suites Miamisburg,pet-friendly-hotels,10110 Landing Way,Miamisburg,OH,45342,(937) 535-2222,https://www.ihg.com/staybridge/hotels/us/en/miamisburg/daymb/hoteldetail,https://www.ihg.com/staybridge/hotels/us/en/miamisburg/daymb/hoteldetail,OFFICIAL_PROPERTY,2026-08-10,,,Fee is nonrefundable. Guests will be charged 50 per pet for one to six night stays and 150 per pet for seven plus nights.,,dayton-oh
TownePlace Suites by Marriott Dayton Beavercreek,pet-friendly-hotels,2677 Fairfield Commons Blvd,Beavercreek,OH,45431,(937) 912-3377,https://www.marriott.com/en-us/hotels/daybt-towneplace-suites-dayton-beavercreek/overview/,https://www.marriott.com/en-us/hotels/daybt-towneplace-suites-dayton-beavercreek/overview/,OFFICIAL_PROPERTY,2026-08-10,,,Pets Welcome 2 pets 75lbs max per pet per room with non-refundable fee Non-Refundable Pet Fee Per Stay: $100.00 Non-Refundable Pet Fee Per Night: $20.00 Maximum Pet Weight: 75.0lbs Maximum Number of Pets in Room: 2,,dayton-oh
TownePlace Suites by Marriott Dayton North,pet-friendly-hotels,3642 Maxton Rd,Dayton,OH,45414,(937) 898-5700,https://www.marriott.com/en-us/hotels/dayts-towneplace-suites-dayton-north/overview/,https://www.marriott.com/en-us/hotels/dayts-towneplace-suites-dayton-north/overview/,OFFICIAL_PROPERTY,2026-08-10,,,Pets Welcome 2 pets 60 pounds or less allowed with USD 50 per stay non-refundable fee Non-Refundable Pet Fee Per Stay: $50.00 Maximum Pet Weight: 60.0lbs Maximum Number of Pets in Room: 2,,dayton-oh
Tru by Hilton Beavercreek Dayton,pet-friendly-hotels,3813 Colonel Glenn Hwy,Fairborn,OH,45324,(937) 988-0250,https://www.hilton.com/en/hotels/daybvru-tru-beavercreek-dayton/,https://www.hilton.com/en/hotels/daybvru-tru-beavercreek-dayton/,OFFICIAL_PROPERTY,2026-08-10,,,Pets allowed Yes Deposit Yes. $50.00 Non-refundable Fee Max weight 75 lbs Max size Large Other pet information 1-4 night stay $50; 5+ night stay $75; 2 pets max; dog or cat only,,dayton-oh
Americas Best Value Inn & Suites St. Marys,pet-friendly-hotels,1321 Celina Road,Saint Marys,OH,45885,(419) 394-2341,https://sonesta.com/americas-best-value-inn/oh/st-marys/americas-best-value-inn-suites-st-marys,https://sonesta.com/americas-best-value-inn/oh/st-marys/americas-best-value-inn-suites-st-marys,OFFICIAL_PROPERTY,2026-08-11,,,Pet Policy: Pets are welcome for a fee of $25 per pet per night.,,dayton-oh
Americas Best Value Inn Celina,pet-friendly-hotels,1421 State Route 703,Celina,OH,45822,(419) 586-4656,https://sonesta.com/americas-best-value-inn/oh/celina/americas-best-value-inn-celina,https://sonesta.com/americas-best-value-inn/oh/celina/americas-best-value-inn-celina,OFFICIAL_PROPERTY,2026-08-11,,,Small pets are allowed with manager's approval. Please call hotel directly for fees and restrictions.,,dayton-oh
Cobblestone Hotel & Suites Bellefontaine,pet-friendly-hotels,171 Dowell Avenue,Bellefontaine,OH,43311,(937) 240-0045,https://staycobblestone.com/oh/bellefontaine/,https://staycobblestone.com/oh/bellefontaine/,OFFICIAL_PROPERTY,2026-08-11,,,Pet Friendly: Dog Friendly: $25/dog per night,,dayton-oh
Cobblestone Hotel & Suites Indian Lake Russells Point,pet-friendly-hotels,211 Lincoln Blvd,Russells Point,OH,43348,(937) 810-0402,https://staycobblestone.com/oh/indian-lake/,https://staycobblestone.com/oh/indian-lake/,OFFICIAL_PROPERTY,2026-08-11,,,Pet Friendly: Dog Friendly: $25/dog per night,,dayton-oh
Cobblestone Hotel & Suites Eaton,pet-friendly-hotels,121 E Washington Jackson Road,Eaton,OH,45320,(513) 796-6444,https://staycobblestone.com/oh/eaton/,https://staycobblestone.com/oh/eaton/,OFFICIAL_PROPERTY,2026-08-11,,,Pet Friendly: Dog Friendly: $25/dog per night,,dayton-oh
Cobblestone Hotel & Suites Urbana,pet-friendly-hotels,170 State Route 55,Urbana,OH,43078,(937) 652-7828,https://staycobblestone.com/oh/urbana/,https://staycobblestone.com/oh/urbana/,OFFICIAL_PROPERTY,2026-08-11,,,Pet Friendly: Dog Friendly,,dayton-oh
The Hotel at Dayton South,pet-friendly-hotels,8099 Old Yankee St,Centerville,OH,45458,(937) 291-0284,https://www.thehoteldaytonsouth.com/,https://www.thehoteldaytonsouth.com/,OFFICIAL_PROPERTY,2026-08-11,,,Pets Allowed,,dayton-oh
Hearthstone Inn Cedarville,pet-friendly-hotels,10 S. Main St,Cedarville,OH,45314,(937) 766-3000,https://www.hearthstoneinn.com/,https://www.hearthstoneinn.com/,OFFICIAL_PROPERTY,2026-08-11,,,We have some designated pet-friendly rooms also!,,dayton-oh
Extended Stay America Suites Dayton - Fairborn,pet-friendly-hotels,3131 Presidential Dr,Fairborn,OH,45324,(937) 429-0140,https://www.extendedstayamerica.com/hotels/oh/dayton/fairborn,https://www.extendedstayamerica.com/hotels/oh/dayton/fairborn,OFFICIAL_PROPERTY,2026-08-11,,,A maximum of two pets are allowed in each suite. Height and length restrictions apply-- pets can be no longer than 36 inches and no taller than 36 inches.,,dayton-oh
Extended Stay America Suites Dayton - South,pet-friendly-hotels,7851 Lois Cir,Dayton,OH,45459,(937) 439-2022,https://www.extendedstayamerica.com/hotels/oh/dayton/south,https://www.extendedstayamerica.com/hotels/oh/dayton/south,OFFICIAL_PROPERTY,2026-08-11,,,A maximum of two pets are allowed in each suite. Height and length restrictions apply-- pets can be no longer than 36 inches and no taller than 36 inches.,,dayton-oh
Extended Stay America Suites Dayton - North,pet-friendly-hotels,6688 Miller Ln,Dayton,OH,45414,(937) 898-9221,https://www.extendedstayamerica.com/hotels/oh/dayton/north,https://www.extendedstayamerica.com/hotels/oh/dayton/north,OFFICIAL_PROPERTY,2026-08-11,,,A maximum of two pets are allowed in each suite. Height and length restrictions apply-- pets can be no longer than 36 inches and no taller than 36 inches.,,dayton-oh
"Best Western Plus Miamisburg-Dayton Suites, Banquets & Hotel",pet-friendly-hotels,300 Prestige Place,Miamisburg,OH,45342,(937) 436-2400,https://www.bestwestern.com/en_US/book/hotels-in-miamisburg/best-western-plus-miamisburg-dayton-suites-banquets-hotel/propertyCode.36184.html,https://www.bestwestern.com/en_US/book/hotels-in-miamisburg/best-western-plus-miamisburg-dayton-suites-banquets-hotel/propertyCode.36184.html,OFFICIAL_PROPERTY,2026-08-12,,,"We are Pet Friendly and allow up to two dogs in a limited number of rooms. The size limit for any one dog shall be 80 pounds. Other pet types (e.g., cats) may be allowed upon the hotel’s approval prior to arrival. The Pet Friendly rate is 20 USD per day.",,dayton-oh
Best Western Wapakoneta Inn,pet-friendly-hotels,1008 Lunar Drive,Wapakoneta,OH,45895,(419) 738-2050,https://www.bestwestern.com/en_US/book/hotels-in-wapakoneta/best-western-wapakoneta-inn/propertyCode.36156.html,https://www.bestwestern.com/en_US/book/hotels-in-wapakoneta/best-western-wapakoneta-inn/propertyCode.36156.html,OFFICIAL_PROPERTY,2026-08-12,,,"We are Pet Friendly and allow up to two dogs in a limited number of rooms. The size limit for any one dog shall be 80 pounds. Other pet types (e.g., cats) may be allowed upon the hotel’s approval prior to arrival. The Pet Friendly rate is 40 USD per day.",,dayton-oh
Extended Stay America Select Suites Dayton - Miamisburg,pet-friendly-hotels,3787 Summit Glen Dr,Dayton,OH,45449,(937) 684-9000,https://www.extendedstayamerica.com/hotels/oh/dayton/miamisburg,https://www.extendedstayamerica.com/hotels/oh/dayton/miamisburg,OFFICIAL_PROPERTY,2026-08-12,,,A maximum of two pets are allowed in each suite. Height and length restrictions apply-- pets can be no longer than 36 inches and no taller than 36 inches.,,dayton-oh
Baymont by Wyndham Dayton North,pet-friendly-hotels,6960B Miller Ln,Dayton,OH,45414,(937) 898-1120,https://www.wyndhamhotels.com/baymont/dayton-ohio/baymont-dayton-north/overview,https://www.wyndhamhotels.com/baymont/dayton-ohio/baymont-dayton-north/overview,OFFICIAL_PROPERTY,2026-09-02,,,pets allowed 25.00 USD per pet per night 25.00 USD per pet per night 25.00 USD per pet per night 25.00 USD per pet per night up to 50 lbs maximum of 2 pets ADA defined service animals are welcome at this hotel.,,dayton-oh
Comfort Inn & Suites Dayton Northwest - Englewood,pet-friendly-hotels,9305 N Main St,Dayton,OH,45415,(937) 836-9400,https://www.choicehotels.com/ohio/dayton/comfort-inn-hotels/oh209,https://www.choicehotels.com/ohio/dayton/comfort-inn-hotels/oh209,OFFICIAL_PROPERTY,2026-09-02,,,"Pets are allowed 150 USD refundable deposit 25.00 USD per night.  25.00 USD per night.  25.00 USD per night.  Service animals are permitted, without charge. 150 USD refundable deposit",,dayton-oh
Holiday Inn Express & Suites Dayton-Huber Heights,pet-friendly-hotels,5610 Merily Way,Huber Heights,OH,45424,(937) 235-2000,https://www.ihg.com/holidayinnexpress/hotels/us/en/huber-heights/huboh/hoteldetail,https://www.ihg.com/holidayinnexpress/hotels/us/en/huber-heights/huboh/hoteldetail,OFFICIAL_PROPERTY,2026-09-02,,,Pets are welcome,,dayton-oh
Holiday Inn Express & Suites Washington Court House,pet-friendly-hotels,101 Courthouse Pkwy,Washington Court House,OH,43160,(740) 335-9310,https://www.ihg.com/holidayinnexpress/hotels/us/en/washington-court-house/cmhwc/hoteldetail,https://www.ihg.com/holidayinnexpress/hotels/us/en/washington-court-house/cmhwc/hoteldetail,OFFICIAL_PROPERTY,2026-09-02,,,Pets are welcome,,dayton-oh
Quality Inn Dayton Airport,pet-friendly-hotels,10 Rockridge Rd,Englewood,OH,45322,(937) 832-1234,https://www.choicehotels.com/ohio/englewood/quality-inn-hotels/oh591,https://www.choicehotels.com/ohio/englewood/quality-inn-hotels/oh591,OFFICIAL_PROPERTY,2026-09-02,,,"Pets Allowed 20.00 USD per night  20.00 USD per night  20.00 USD per night  maximum of 50 pounds 2 pets per room 2 pets per room Service animals are permitted, without charge.",,dayton-oh
Quality Inn Dayton North - Vandalia,pet-friendly-hotels,7125 Miller Ln,Dayton,OH,45414,(937) 345-0971,https://www.choicehotels.com/ohio/dayton/quality-inn-hotels/oh161,https://www.choicehotels.com/ohio/dayton/quality-inn-hotels/oh161,OFFICIAL_PROPERTY,2026-09-02,,,"Pets are allowed 25.00 USD per night.  25.00 USD per night.  25.00 USD per night.  maximum of 25 pounds 2 pets per room 2 pets per room Service animals are permitted, without charge.",,dayton-oh
Quality Inn St. Marys,pet-friendly-hotels,1410 Commerce Drive,Saint Marys,OH,45885,(567) 286-3371,https://www.choicehotels.com/ohio/st-marys/quality-inn-hotels/oh590,https://www.choicehotels.com/ohio/st-marys/quality-inn-hotels/oh590,OFFICIAL_PROPERTY,2026-09-02,,,"Pets Allowed 35.00 USD per stay, per pet 35.00 USD per stay, per pet 35.00 USD per stay, per pet 35.00 USD per stay, per pet 40 lbs or less 2 pets per room 2 pets per room Service animals are permitted, without charge.",,dayton-oh
AC Hotel Ann Arbor Downtown,pet-friendly-hotels,310 East Huron Street,Ann Arbor,MI,48104,7342496200,https://www.marriott.com/en-us/hotels/dtwad-ac-hotel-ann-arbor-downtown/overview/,https://www.marriott.com/en-us/hotels/dtwad-ac-hotel-ann-arbor-downtown/overview/,OFFICIAL_PROPERTY,2026-08-29,,,Pets Welcome […] Non-Refundable Pet Fee Per Stay: $150.00 […] Maximum Pet Weight: 50.0lbs […] Maximum Number of Pets in Room: 1,,detroit-ann-arbor-mi
Baymont by Wyndham Detroit Airport Romulus,pet-friendly-hotels,9000 Wickham Road,Romulus,MI,48174,7343295583,https://www.wyndhamhotels.com/baymont/romulus-michigan/baymont-inn-and-suites-detroit-airport-romulus/overview,https://www.wyndhamhotels.com/baymont/romulus-michigan/baymont-inn-and-suites-detroit-airport-romulus/overview,OFFICIAL_PROPERTY,2026-08-17,,,2 Pets are allowed with a maximum weight of 50 lbs at a non-refundable charge of 25 USD for the first night and 10 USD for each additional night. ADA defined service animals are also welcome at this hotel. […] ADA defined service animals are also welcome at this hotel.,,detroit-ann-arbor-mi
Courtyard by Marriott Detroit Dearborn,pet-friendly-hotels,5200 Mercury Drive,Dearborn,MI,48126,3132711400,https://www.marriott.com/en-us/hotels/dttdb-courtyard-detroit-dearborn/overview/,https://www.marriott.com/en-us/hotels/dttdb-courtyard-detroit-dearborn/overview/,OFFICIAL_PROPERTY,2026-08-29,,,Pets Welcome […] Non-Refundable Pet Fee Per Night: $20.00 […] Pet fee $20/day with $100/stay nonrefundable clean fee […] Maximum Pet Weight: 35.0lbs […] Maximum Number of Pets in Room: 2,,detroit-ann-arbor-mi
Courtyard by Marriott Detroit Troy,pet-friendly-hotels,1525 East Maple Road,Troy,MI,48083,2485282800,https://www.marriott.com/en-us/hotels/dtttr-courtyard-detroit-troy/overview/,https://www.marriott.com/en-us/hotels/dtttr-courtyard-detroit-troy/overview/,OFFICIAL_PROPERTY,2026-08-29,,,Pets Welcome […] Non-Refundable Pet Fee Per Night: $20.00 […] Pet fee $20/day with $100/stay nonrefundable clean fee […] Maximum Pet Weight: 30.0lbs […] Maximum Number of Pets in Room: 2,,detroit-ann-arbor-mi
Courtyard Detroit Metro Airport Romulus,pet-friendly-hotels,30653 Flynn Drive,Romulus,MI,48174,7347213200,https://www.marriott.com/en-us/hotels/dtwca-courtyard-detroit-metro-airport-romulus/overview/,https://www.marriott.com/en-us/hotels/dtwca-courtyard-detroit-metro-airport-romulus/overview/,OFFICIAL_PROPERTY,2026-08-30,,,pets are welcome […] $100.00 per stay  […] up to 50.0 lbs […] Up to 2 pets,,detroit-ann-arbor-mi
Daxton Hotel,pet-friendly-hotels,298 South Old Woodward Avenue,Birmingham,MI,48009,248-283-4200,https://daxtonhotel.com/,https://daxtonhotel.com/,OFFICIAL_PROPERTY,2026-08-30,,,pets allowed […] dogs are permitted […] PETS Accordion Item Are pets allowed at Daxton? The Daxton Hotel welcomes all service animals trained to assist their owners during their time at the hotel.,,detroit-ann-arbor-mi
Days Inn by Wyndham Ann Arbor,pet-friendly-hotels,Carpenter Road,Ann Arbor,MI,48108,,https://www.wyndhamhotels.com/days-inn/ann-arbor-michigan/days-inn-ann-arbor/overview,https://www.wyndhamhotels.com/days-inn/ann-arbor-michigan/days-inn-ann-arbor/overview,OFFICIAL_PROPERTY,2026-08-29,,,pets allowed […] 15.00 USD per pet per night […] maximum of 2 pets […] ADA defined service animals are welcome at this hotel.,,detroit-ann-arbor-mi
Days Inn by Wyndham Livonia - Detroit,pet-friendly-hotels,36655 Plymouth Road,Livonia,MI,48150,7346665930,https://www.wyndhamhotels.com/days-inn/livonia-michigan/days-inn-livonia-canton-detroit/overview,https://www.wyndhamhotels.com/days-inn/livonia-michigan/days-inn-livonia-canton-detroit/overview,OFFICIAL_PROPERTY,2026-08-29,,,Dogs Allowed […] deposit of 150USD […] Dogs only […] Service Animals - ADA-defined service animals welcome.,,detroit-ann-arbor-mi
Delta Hotels by Marriott Detroit Novi,pet-friendly-hotels,37529 Grand River Avenue,Farmington Hill,MI,48335,2486536060,https://www.marriott.com/en-us/hotels/dtwdf-delta-hotels-detroit-novi/overview/,https://www.marriott.com/en-us/hotels/dtwdf-delta-hotels-detroit-novi/overview/,OFFICIAL_PROPERTY,2026-08-29,,,Pets Welcome […] Maximum Pet Weight: 50.0lbs […] Maximum Number of Pets in Room: 2,,detroit-ann-arbor-mi
Detroit Foundation Hotel,pet-friendly-hotels,250 West Larned Street,Detroit,MI,48226,313-800-5500,https://detroitfoundationhotel.com/,https://detroitfoundationhotel.com/,OFFICIAL_PROPERTY,2026-08-29,,,"At Foundation Hotel, we cherish our pups just as much as you do […] Our dog-friendly hotel loves to pamper your pooch!",,detroit-ann-arbor-mi
Detroit Marriott Livonia,pet-friendly-hotels,17100 Laurel Park Drive North,Livonia,MI,48152,7344623100,https://www.marriott.com/en-us/hotels/dtwli-detroit-marriott-livonia/overview/,https://www.marriott.com/en-us/hotels/dtwli-detroit-marriott-livonia/overview/,OFFICIAL_PROPERTY,2026-08-29,,,Pets Welcome […] Dogs Only. Cats are not permitted […] Non-Refundable Pet Fee Per Stay: $150.00 […] Maximum Pet Weight: 50.0lbs […] Maximum Number of Pets in Room: 2,,detroit-ann-arbor-mi
Detroit Metro Airport Marriott,pet-friendly-hotels,30559 Flynn Dr,Romulus,MI,48174,7347297555,https://www.marriott.com/en-us/hotels/dtwrm-detroit-metro-airport-marriott/overview/,https://www.marriott.com/en-us/hotels/dtwrm-detroit-metro-airport-marriott/overview/,OFFICIAL_PROPERTY,2026-08-29,,,Pets Welcome […] Non-Refundable Pet Fee Per Stay: $50.00 […] Maximum Pet Weight: 45.0lbs […] Maximum Number of Pets in Room: 2,,detroit-ann-arbor-mi
DoubleTree by Hilton Ann Arbor North,pet-friendly-hotels,3600 Plymouth Road,Ann Arbor,MI,48105,8556050318,https://www.hilton.com/en/hotels/arbaadt-doubletree-ann-arbor-north,https://www.hilton.com/en/hotels/arbaadt-doubletree-ann-arbor-north,OFFICIAL_PROPERTY,2026-08-30,,,Pets allowed Yes […] $75.00 Non-refundable Fee […] Max weight 60 lbs […] Limit 2 pets per room […] combined weight limit 60lbs,,detroit-ann-arbor-mi
DoubleTree by Hilton Detroit Dearborn,pet-friendly-hotels,5801 Southfield Freeway,Detroit,MI,48228,313-336-3340,https://www.hilton.com/en/hotels/dttdbdt-doubletree-detroit-dearborn/,https://www.hilton.com/en/hotels/dttdbdt-doubletree-detroit-dearborn/,OFFICIAL_PROPERTY,2026-08-30,,,Pets allowed […] $150.00 Non-refundable Fee […] Max weight 25 lbs,,detroit-ann-arbor-mi
Element Detroit at the Metropolitan,pet-friendly-hotels,33 John R Street,Detroit,MI,48226,3133062400,https://www.marriott.com/en-us/hotels/dtwel-element-detroit-at-the-metropolitan/overview/,https://www.marriott.com/en-us/hotels/dtwel-element-detroit-at-the-metropolitan/overview/,OFFICIAL_PROPERTY,2026-08-29,,,Pets Welcome […] Maximum Pet Weight: 40.0lbs […] Maximum Number of Pets in Room: 1,,detroit-ann-arbor-mi
Embassy Suites by Hilton Detroit Livonia Novi,pet-friendly-hotels,19525 Victor Parkway,Livonia,MI,48152,7344626000,https://www.hilton.com/en/hotels/dttlies-embassy-suites-detroit-livonia-novi/hotel-info/,https://www.hilton.com/en/hotels/dttlies-embassy-suites-detroit-livonia-novi/hotel-info/,OFFICIAL_PROPERTY,2026-08-30,,,1-4 night stay $75 […] 5+ night stay $125 […] 2 pets max […] dog or cat only,,detroit-ann-arbor-mi
Embassy Suites by Hilton Detroit Metro Airport,pet-friendly-hotels,8600 Wickham Road,Romulus,MI,48174,7347289200,https://www.hilton.com/en/hotels/dethses-embassy-suites-detroit-metro-airport/,https://www.hilton.com/en/hotels/dethses-embassy-suites-detroit-metro-airport/,OFFICIAL_PROPERTY,2026-08-17,,,Pets allowed: Yes […] 1-4 night stay $75; 5+ night stay $125; 2 pets max; dog or cat only […] Max weight: 75 lbs,,detroit-ann-arbor-mi
Embassy Suites by Hilton Detroit Troy Auburn Hills,pet-friendly-hotels,850 Tower Drive,Troy,MI,48098,248-879-7500,https://www.hilton.com/en/hotels/dtttres-embassy-suites-detroit-troy-auburn-hills/,https://www.hilton.com/en/hotels/dtttres-embassy-suites-detroit-troy-auburn-hills/,OFFICIAL_PROPERTY,2026-08-30,,,Pets allowed […] 1-4 night stay $75 […] 5+ night stay $125 […] Non-refundable Fee […] 2 pets max […] dog or cat only,,detroit-ann-arbor-mi
EVEN Hotel Ann Arbor,pet-friendly-hotels,600 Briarwood Circle,Ann Arbor,MI,48108,7347612929,https://www.ihg.com/evenhotels/hotels/us/en/ann-arbor/arbmi/hoteldetail,https://www.ihg.com/evenhotels/hotels/us/en/ann-arbor/arbmi/hoteldetail,OFFICIAL_PROPERTY,2026-08-29,,,pets allowed […] Pet fee per night: 75 USD […] up to 35 lbs […] 2 pets allowed,,detroit-ann-arbor-mi
EVEN Hotel Detroit North Troy,pet-friendly-hotels,575 W. Big Beaver,Troy,MI,48084,2487206400,https://www.ihg.com/evenhotels/hotels/us/en/troy/dttry/hoteldetail,https://www.ihg.com/evenhotels/hotels/us/en/troy/dttry/hoteldetail,OFFICIAL_PROPERTY,2026-08-29,,,Pets are welcome […] Pet fee per night: 100 USD […] 70lbs or less […] 2 pets allowed,,detroit-ann-arbor-mi
Extended Stay America - Detroit - Madison Heights,pet-friendly-hotels,32690 Stephenson Highway,Madison Heights,MI,48071,,https://www.extendedstayamerica.com/hotels/mi/detroit/madison-heights,https://www.extendedstayamerica.com/hotels/mi/detroit/madison-heights,OFFICIAL_PROPERTY,2026-08-30,,,pet friendly […] $15.00 per day ,,detroit-ann-arbor-mi
Extended Stay America - Detroit - Novi - Orchard Hill Place,pet-friendly-hotels,39640 Orchard Hill Place,Novi,MI,48375,,https://www.extendedstayamerica.com/hotels/mi/detroit/novi-orchard-hill-place,https://www.extendedstayamerica.com/hotels/mi/detroit/novi-orchard-hill-place,OFFICIAL_PROPERTY,2026-08-30,,,pet friendly […] $15.00 per day ,,detroit-ann-arbor-mi
Extended Stay America Detroit Ann Arbor University South,pet-friendly-hotels,3265 Boardwalk Drive,Ann Arbor,MI,48108,734-997-7623,https://www.extendedstayamerica.com/hotels/mi/detroit/ann-arbor-university-south,https://www.extendedstayamerica.com/hotels/mi/detroit/ann-arbor-university-south,OFFICIAL_PROPERTY,2026-08-29,,,"Yes. Extended Stay America Detroit - Ann Arbor - University South offers pet-friendly rooms, so you can bring your furry companion along for your stay.",,detroit-ann-arbor-mi
Extended Stay America Select Suites Detroit - Farmington Hills,pet-friendly-hotels,27775 Stansbury Boulevard,Farmington Hills,MI,48334,,https://www.extendedstayamerica.com/hotels/mi/detroit/farmington-hills,https://www.extendedstayamerica.com/hotels/mi/detroit/farmington-hills,OFFICIAL_PROPERTY,2026-08-30,,,pet friendly […] $15.00 per day ,,detroit-ann-arbor-mi
Fairfield Inn & Suites Detroit Farmington Hills,pet-friendly-hotels,27777 Stansbury Boulevard,Farmington Hills,MI,48334,248-442-9800,https://www.marriott.com/en-us/hotels/dtwfh-fairfield-inn-and-suites-detroit-farmington-hills/overview/,https://www.marriott.com/en-us/hotels/dtwfh-fairfield-inn-and-suites-detroit-farmington-hills/overview/,OFFICIAL_PROPERTY,2026-08-29,,,Pets Welcome […] Pet friendly hotel. $150 flat fee. Nonrefundable. […] Maximum Pet Weight: 50.0lbs […] Maximum Number of Pets in Room: 2,,detroit-ann-arbor-mi
Graduate Ann Arbor,pet-friendly-hotels,615 East Huron Street,Ann Arbor,MI,48104,7347692200,https://www.graduatehotels.com/ann-arbor/,https://www.graduatehotels.com/ann-arbor/,OFFICIAL_PROPERTY,2026-08-30,,,pets are allowed […] fee: $150.00 […] 75 lbs Max […] two pets are allowed,,detroit-ann-arbor-mi
Hampton,pet-friendly-hotels,2200 Featherstone Road,Auburn Hills,MI,48326,2483343324,https://www.hilton.com/en/hotels/dttauhx-hampton-detroit-auburn-hills-south,https://www.hilton.com/en/hotels/dttauhx-hampton-detroit-auburn-hills-south,OFFICIAL_PROPERTY,2026-08-30,,,Pets allowed […] $75(1-4n […] $125(5+n […] Non-refundable Fee […] Max weight 75 lbs […] 2petsMax […] dog/cat only,,detroit-ann-arbor-mi
Hampton Inn & Suites,pet-friendly-hotels,2910 Jackson Avenue,Ann Arbor,MI,48103,7349941100,https://www.hilton.com/en/hotels/arbwehx-hampton-suites-ann-arbor-west,https://www.hilton.com/en/hotels/arbwehx-hampton-suites-ann-arbor-west,OFFICIAL_PROPERTY,2026-08-30,,,Pets allowed […] $75(1-4n […] $125(5+n […] Non-refundable Fee […] 2petsMax,,detroit-ann-arbor-mi
Hampton Inn & Suites Detroit Airport Romulus,pet-friendly-hotels,31700 Smith Road,Romulus,MI,48174,7345950033,https://www.hilton.com/en/hotels/dttrmhx-hampton-suites-detroit-airport-romulus/,https://www.hilton.com/en/hotels/dttrmhx-hampton-suites-detroit-airport-romulus/,OFFICIAL_PROPERTY,2026-08-17,,,Pets allowed: Yes […] 1-4 night stay $75; 5+ night stay $125; 2 pets max; dog or cat only […] Max weight: 75 lbs,,detroit-ann-arbor-mi
Hampton Inn & Suites Detroit/Troy,pet-friendly-hotels,100 Wilshire Drive,Troy,MI,48084,2482473200,https://www.hilton.com/en/hotels/dettrhx-hampton-suites-detroit-troy,https://www.hilton.com/en/hotels/dettrhx-hampton-suites-detroit-troy,OFFICIAL_PROPERTY,2026-08-30,,,"pets allowed […] 1-4 nights, the fee is $50, […] 5 or more nights, the fee is $75 […] non-refundable fee […] maximum of 2 pets […] Dogs and cats only",,detroit-ann-arbor-mi
Hampton Inn & Suites Wixom,pet-friendly-hotels,49025 Alpha Drive,Wixom,MI,48393,2483480170,https://www.hilton.com/en/hotels/dttwxhx-hampton-suites-wixom/,https://www.hilton.com/en/hotels/dttwxhx-hampton-suites-wixom/,OFFICIAL_PROPERTY,2026-08-30,,,pets allowed […] $75.00 non-refundable fee for 1-4 night […] $125.00 for stays of 5 or more nights […] non-refundable fee […] maximum weight of 75 lbs […] 2 pets per room […] Dogs and cats are welcome,,detroit-ann-arbor-mi
Hampton Inn & Suites Ypsilanti,pet-friendly-hotels,515 James L. Hart Pkwy.,Ypsilanti,MI,48197,7348799565,https://www.hilton.com/en/hotels/dtwyphx-hampton-suites-ypsilanti/,https://www.hilton.com/en/hotels/dtwyphx-hampton-suites-ypsilanti/,OFFICIAL_PROPERTY,2026-08-30,,,Pets allowed […] 1-4 night stay $75 […] 5+ night stay $125 […] Non-refundable Fee […] Max weight 75 lbs […] 2 pets max […] dog or cat only,,detroit-ann-arbor-mi
"Hampton Inn Ann Arbor, South",pet-friendly-hotels,925 Victors Way,Ann Arbor,MI,48108,7346655000,https://www.hilton.com/en/hotels/arbvwhx-hampton-ann-arbor-south,https://www.hilton.com/en/hotels/arbvwhx-hampton-ann-arbor-south,OFFICIAL_PROPERTY,2026-08-30,,,Pets allowed […] 1-4 night stay $75 […] 5+ night stay $125 […] Non-refundable Fee […] 2 pets max […] dog or cat only,,detroit-ann-arbor-mi
Hampton Inn by Hilton Detroit Dearborn,pet-friendly-hotels,22324 Michigan Ave,Dearborn,MI,48124,,https://www.hilton.com/en/hotels/dttmahx-hampton-detroit-dearborn/,https://www.hilton.com/en/hotels/dttmahx-hampton-detroit-dearborn/,OFFICIAL_PROPERTY,2026-08-30,,,Pets allowed […] $75(1-4n […] $125(5+n […] Non-refundable Fee […] 2petsMax […] dog/cat only,,detroit-ann-arbor-mi
Hampton Inn by Hilton Detroit Southfield,pet-friendly-hotels,26080 Northwestern Highway,Southfield,MI,48076,2482562350,https://www.hilton.com/en/hotels/dtwsfhx-hampton-detroit-southfield/,https://www.hilton.com/en/hotels/dtwsfhx-hampton-detroit-southfield/,OFFICIAL_PROPERTY,2026-08-30,,,Pets allowed […] Max weight 75 lbs […] 2pets Max […] dog/cat only,,detroit-ann-arbor-mi
Hampton Inn by Hilton West Bloomfield Novi,pet-friendly-hotels,33096 Northwestern Hwy,West Bloomfield,MI,48322,,https://www.hilton.com/en/hotels/dttwbhx-hampton-west-bloomfield-novi/,https://www.hilton.com/en/hotels/dttwbhx-hampton-west-bloomfield-novi/,OFFICIAL_PROPERTY,2026-08-30,,,"pets allowed […] 1-4 nights, the fee is $75.00 […] 5 or more nights, the fee is $125.00 […] non-refundable fee […] maximum of 2 pets […] dogs and cats are permitted",,detroit-ann-arbor-mi
Hampton Inn Detroit Auburn Hills North,pet-friendly-hotels,3988 Baldwin Road,Auburn Hills,MI,48326,2483221100,https://www.hilton.com/en/hotels/dttnahx-hampton-detroit-auburn-hills-north-great-lakes-crossing-area/,https://www.hilton.com/en/hotels/dttnahx-hampton-detroit-auburn-hills-north-great-lakes-crossing-area/,OFFICIAL_PROPERTY,2026-08-30,,,pets allowed […] $75.00 non-refundable fee per stay […] maximum of 2 pets […] dogs and cats are permitted,,detroit-ann-arbor-mi
Hampton Inn Detroit/Madison Heights/South Troy,pet-friendly-hotels,32420 Stephenson Highway,Madison Heights,MI,48071,2485858881,https://www.hilton.com/en/hotels/dttmhhx-hampton-detroit-madison-heights-south-troy,https://www.hilton.com/en/hotels/dttmhhx-hampton-detroit-madison-heights-south-troy,OFFICIAL_PROPERTY,2026-08-30,,,Pets allowed […] 1-4nts/$75 […] 5+ nts/$125 […] Non-refundable Fee […] Max weight 75 lbs,,detroit-ann-arbor-mi
Hampton Inn Detroit/Northville,pet-friendly-hotels,20600 Haggerty Road,Northville,MI,48167,7344621119,https://www.hilton.com/en/hotels/dttnvhx-hampton-detroit-northville/,https://www.hilton.com/en/hotels/dttnvhx-hampton-detroit-northville/,OFFICIAL_PROPERTY,2026-08-30,,,Pets allowed […] $75.00 Non-refundable Fee […] 2petsMax […] dog/cat only,,detroit-ann-arbor-mi
Hampton Inn Livonia Detroit,pet-friendly-hotels,28151 Schoolcraft Road,Livonia,MI,48150,7342374480,https://www.hilton.com/en/hotels/dtwlihx-hampton-livonia-detroit/,https://www.hilton.com/en/hotels/dtwlihx-hampton-livonia-detroit/,OFFICIAL_PROPERTY,2026-08-30,,,Pets allowed […] $75(1-4n […] $125(5+n […] Non-refundable Fee […] 2petsMax […] dog/cat only,,detroit-ann-arbor-mi
Hilton Garden Inn Ann Arbor,pet-friendly-hotels,1401 Briarwood Circle,Ann Arbor,MI,48108,7343276400,https://www.hilton.com/en/hotels/arbgigi-hilton-garden-inn-ann-arbor/,https://www.hilton.com/en/hotels/arbgigi-hilton-garden-inn-ann-arbor/,OFFICIAL_PROPERTY,2026-08-30,,,Pets allowed […] $75(1-4n […] $125(5+n […] Non-refundable Fee […] Max weight 75 lbs […] 2petsMax […] dog/cat only,,detroit-ann-arbor-mi
Hilton Garden Inn Detroit Downtown,pet-friendly-hotels,351 Gratiot Avenue,Detroit,MI,48226,3139670900,https://www.hilton.com/en/hotels/detdhgi-hilton-garden-inn-detroit-downtown,https://www.hilton.com/en/hotels/detdhgi-hilton-garden-inn-detroit-downtown,OFFICIAL_PROPERTY,2026-08-30,,,Pets allowed […] Max weight 75 lbs […] Limit two pets,,detroit-ann-arbor-mi
Hilton Garden Inn Detroit Metro Airport,pet-friendly-hotels,31800 Smith Road,Romulus,MI,48174,7347276000,https://www.hilton.com/en/hotels/detmagi-hilton-garden-inn-detroit-metro-airport/,https://www.hilton.com/en/hotels/detmagi-hilton-garden-inn-detroit-metro-airport/,OFFICIAL_PROPERTY,2026-08-17,,,Pets allowed: Yes […] 1-4 night stay $75; 5+ night stay $125; 2 pets max; dog or cat only […] Max weight: 75 lbs,,detroit-ann-arbor-mi
Hilton Garden Inn Detroit Southfield,pet-friendly-hotels,26000 American Drive,Southfield,MI,48034,2483571100,https://www.hilton.com/en/hotels/detshgi-hilton-garden-inn-detroit-southfield-mi/,https://www.hilton.com/en/hotels/detshgi-hilton-garden-inn-detroit-southfield-mi/,OFFICIAL_PROPERTY,2026-08-30,,,Pets allowed […] $75(1-4n […] $125(5+n […] Non-refundable Fee […] Max weight 75 lbs […] 2petsMax […] dog/cat only,,detroit-ann-arbor-mi
Hilton Garden Inn Detroit Troy,pet-friendly-hotels,200 Wilshire Drive,Troy,MI,48084,2482477280,https://www.hilton.com/en/hotels/detdtgi-hilton-garden-inn-detroit-troy/,https://www.hilton.com/en/hotels/detdtgi-hilton-garden-inn-detroit-troy/,OFFICIAL_PROPERTY,2026-08-30,,,Pets allowed […] $50.00 Non-refundable Fee […] Max weight 75 lbs,,detroit-ann-arbor-mi
Hilton Garden Inn Detroit/Novi,pet-friendly-hotels,27355 Cabaret Drive,Novi,MI,48377,2483483840,https://www.hilton.com/en/hotels/detnogi-hilton-garden-inn-detroit-novi/,https://www.hilton.com/en/hotels/detnogi-hilton-garden-inn-detroit-novi/,OFFICIAL_PROPERTY,2026-08-30,,,Pets allowed […] 2 pets max […] dogs and cats only,,detroit-ann-arbor-mi
Hilton Garden Inn Plymouth,pet-friendly-hotels,14600 North Sheldon Road,Plymouth,MI,48170,7343540001,https://www.hilton.com/en/hotels/detphgi-hilton-garden-inn-plymouth/,https://www.hilton.com/en/hotels/detphgi-hilton-garden-inn-plymouth/,OFFICIAL_PROPERTY,2026-08-30,,,Pets allowed […] $50(1-4n […] $125(5+n […] Non-refundable Fee […] 2 pet max […] dog/cat only,,detroit-ann-arbor-mi
Holiday Inn & Suites Farmington Hills Detroit NW,pet-friendly-hotels,33103 Hamilton Ct,Farmington Hills,MI,48334,2485161280,https://www.ihg.com/holidayinn/hotels/us/en/farmington-hills/dttfa/hoteldetail,https://www.ihg.com/holidayinn/hotels/us/en/farmington-hills/dttfa/hoteldetail,OFFICIAL_PROPERTY,2026-08-29,,,pets allowed […] under 90 pounds […] 2 pets allowed […] Pets and service animals are allowed.,,detroit-ann-arbor-mi
Holiday Inn Detroit Northwest - Livonia,pet-friendly-hotels,17123 N. Laurel Park Dr. N,Livonia,MI,48152,7342454700,https://www.ihg.com/holidayinn/hotels/us/en/livonia/dttlv/hoteldetail,https://www.ihg.com/holidayinn/hotels/us/en/livonia/dttlv/hoteldetail,OFFICIAL_PROPERTY,2026-08-29,,,pets allowed […] 75 USD Pet damage deposit […] Pet fee per night: 75 USD […] 2 pets allowed,,detroit-ann-arbor-mi
Home2 Suites by Hilton Ann Arbor South,pet-friendly-hotels,361 West Eisenhower Parkway,Ann Arbor,MI,48103,,https://www.hilton.com/en/hotels/dtwarht-home2-suites-ann-arbor-south,https://www.hilton.com/en/hotels/dtwarht-home2-suites-ann-arbor-south,OFFICIAL_PROPERTY,2026-08-30,,,Pets allowed […] 1-4 night $75.00 […] 5+ nights $125.00 […] Non-refundable Fee […] Max weight 70 lbs,,detroit-ann-arbor-mi
Home2 Suites by Hilton Northville Detroit,pet-friendly-hotels,47450 W Five Mile Rd,Northville,MI,48168,,https://www.hilton.com/en/hotels/deththt-home2-suites-northville-detroit/,https://www.hilton.com/en/hotels/deththt-home2-suites-northville-detroit/,OFFICIAL_PROPERTY,2026-08-30,,,Pets allowed […] $75/stay for 1-4 night […] $125/stay for stays 5+ nights […] Non-refundable Fee […] Max weight 75 lbs,,detroit-ann-arbor-mi
Home2 Suites by Hilton Troy,pet-friendly-hotels,1035 Wilshire Drive,Troy,MI,48084,2486332118,https://www.hilton.com/en/hotels/dtwhtht-home2-suites-troy/,https://www.hilton.com/en/hotels/dtwhtht-home2-suites-troy/,OFFICIAL_PROPERTY,2026-08-30,,,Pets allowed […] $125.00 Non-refundable Fee […] Max weight 50 lbs,,detroit-ann-arbor-mi
Home2 Suites by Hilton West Bloomfield Detroit,pet-friendly-hotels,33098 Northwestern Highway,West Bloomfield,MI,48322,2489401000,https://www.hilton.com/en/hotels/dtwrsht-home2-suites-west-bloomfield-detroit/,https://www.hilton.com/en/hotels/dtwrsht-home2-suites-west-bloomfield-detroit/,OFFICIAL_PROPERTY,2026-08-30,,,Pets allowed […] 1-4 night stay $50 […] 5+ night stay $75 […] Non-refundable Fee […] 2 pets max […] dog or cat only,,detroit-ann-arbor-mi
Homewood Suites by Hilton Ann Arbor,pet-friendly-hotels,2457 South State Street,Ann Arbor,MI,48104,7342143955,https://www.hilton.com/en/hotels/arbashw-homewood-suites-ann-arbor/,https://www.hilton.com/en/hotels/arbashw-homewood-suites-ann-arbor/,OFFICIAL_PROPERTY,2026-08-30,,,pets allowed […] $75.00 non-refundable fee for 1-4 nights […] $125.00 non-refundable fee for 5 or more nights […] non-refundable fee […] 75 lbs or less […] maximum of 2 pets […] dogs and cats only,,detroit-ann-arbor-mi
Homewood Suites by Hilton Detroit Troy,pet-friendly-hotels,1495 Equity Drive,Troy,MI,48084,248-816-6500,https://www.hilton.com/en/hotels/dtttyhw-homewood-suites-detroit-troy/,https://www.hilton.com/en/hotels/dtttyhw-homewood-suites-detroit-troy/,OFFICIAL_PROPERTY,2026-08-30,,,"pets are allowed […] 1-4 nights, the fee is $50 […] 5 or more nights, the fee is $75 […] non-refundable […] maximum of 2 pets […] dogs and cats are permitted",,detroit-ann-arbor-mi
Homewood Suites by Hilton Novi,pet-friendly-hotels,26150 Town Center Drive,Novi,MI,48375,248-347-6100,https://www.hilton.com/en/hotels/dttdnhw-homewood-suites-novi-detroit/,https://www.hilton.com/en/hotels/dttdnhw-homewood-suites-novi-detroit/,OFFICIAL_PROPERTY,2026-08-30,,,Pets allowed […] $75(1-4n […] $125(5+n […] Non-refundable Fee […] Max weight 75 lbs […] 2pets Max […] dog/cat only,,detroit-ann-arbor-mi
Hotel Auburn Hills,pet-friendly-hotels,2300 Featherstone Road,Auburn Hills,MI,48326,2484094670,https://www.marriott.com/en-us/hotels/fntah-hotel-auburn-hills/overview/,https://www.marriott.com/en-us/hotels/fntah-hotel-auburn-hills/overview/,OFFICIAL_PROPERTY,2026-08-30,,,pets are welcome […] $100.00 per stay  […] up to 75.0 lbs […] Up to 2 pets,,detroit-ann-arbor-mi
"Hotel David Whitney, Autograph Collection",pet-friendly-hotels,One Park Avenue,Detroit,MI,48226,3132371700,https://www.marriott.com/en-us/hotels/dtwkd-hotel-david-whitney-autograph-collection/overview/,https://www.marriott.com/en-us/hotels/dtwkd-hotel-david-whitney-autograph-collection/overview/,OFFICIAL_PROPERTY,2026-08-30,,,pets are welcome […] maximum weight of 40.0 lbs […] One pet is allowed per room,,detroit-ann-arbor-mi
Hotel Indigo Detroit Downtown,pet-friendly-hotels,1020 Washington Boulevard,Detroit,MI,48226,3138877000,https://www.ihg.com/hotelindigo/hotels/us/en/detroit/dttwb/hoteldetail,https://www.ihg.com/hotelindigo/hotels/us/en/detroit/dttwb/hoteldetail,OFFICIAL_PROPERTY,2026-08-17,,,Pets are welcome at Hotel Indigo Detroit Downtown. […] Pets allowed: Only dogs and cats allowed […] 2 pets allowed […] There is a one time 100.00 dollar non refundable fee per pet per stay with a maximum of two pets per room. […] Service animals welcome at no additional fee. […] Pet fee per night: 100 USD […] Pet weight limit: 50,,detroit-ann-arbor-mi
Hotel Indigo Detroit North Troy,pet-friendly-hotels,575 W. Big Beaver,Troy,MI,48084,2487206400,https://www.ihg.com/hotelindigo/hotels/us/en/troy/dttoy/hoteldetail,https://www.ihg.com/hotelindigo/hotels/us/en/troy/dttoy/hoteldetail,OFFICIAL_PROPERTY,2026-08-29,,,Pets are welcome […] Pet fee per night: 100 USD […] 50lbs or less […] 2 pets allowed,,detroit-ann-arbor-mi
Hotel Royal Oak,pet-friendly-hotels,811 East 11 Mile Road,Royal Oak,MI,48067,2485479770,https://hotelroyaloak.com/,https://hotelroyaloak.com/,OFFICIAL_PROPERTY,2026-08-30,,,Pets Welcome,,detroit-ann-arbor-mi
Hyatt House Royal Oak/Birmingham,pet-friendly-hotels,30955 Woodward Ave,Royal Oak,MI,48073,2488372128,https://www.hyatt.com/hyatt-house/en-US/dtwxr-hyatt-house-royal-oak-birmingham,https://www.hyatt.com/hyatt-house/en-US/dtwxr-hyatt-house-royal-oak-birmingham,OFFICIAL_PROPERTY,2026-08-30,,,Pet Friendly […] 25 Pounds Maximum […] Maximum number of pets is 2,,detroit-ann-arbor-mi
Hyatt Place Detroit Auburn Hills,pet-friendly-hotels,1545 North Opdyke Road,Auburn Hills,MI,48326,2484759393,https://www.hyatt.com/hyatt-place/en-US/detza-hyatt-place-detroit-auburn-hills,https://www.hyatt.com/hyatt-place/en-US/detza-hyatt-place-detroit-auburn-hills,OFFICIAL_PROPERTY,2026-08-30,,,Pets Are Welcome […] weight limit: 50 Pounds […] Maximum number of pets is 2 […] *We welcome guests with disabilities traveling with their service animals.,,detroit-ann-arbor-mi
Hyatt Place Detroit Novi,pet-friendly-hotels,46080 Grand River Avenue,Novi,MI,48374,2485134111,https://www.hyatt.com/hyatt-place/en-US/dttzh-hyatt-place-detroit-novi,https://www.hyatt.com/hyatt-place/en-US/dttzh-hyatt-place-detroit-novi,OFFICIAL_PROPERTY,2026-08-30,,,Pets Are Welcome […] weight limit: 50 Pounds […] Maximum number of pets is 2,,detroit-ann-arbor-mi
Hyatt Place Detroit Royal Oak,pet-friendly-hotels,422 North Main Street,Royal Oak,MI,48067,2485457030,https://www.hyatt.com/hyatt-place/en-US/dtwzr-hyatt-place-detroit-royal-oak,https://www.hyatt.com/hyatt-place/en-US/dtwzr-hyatt-place-detroit-royal-oak,OFFICIAL_PROPERTY,2026-08-30,,,Pets Are Welcome […] weight limit: 50 Pounds […] Maximum number of pets is 2,,detroit-ann-arbor-mi
La Quinta Inn & Suites,pet-friendly-hotels,30847 Flynn Drive,Romulus,MI,48174,7347211100,https://www.wyndhamhotels.com/laquinta/romulus-michigan/la-quinta-detroit-metro-airport/overview,https://www.wyndhamhotels.com/laquinta/romulus-michigan/la-quinta-detroit-metro-airport/overview,OFFICIAL_PROPERTY,2026-08-29,,,Pets Allowed […] 25 USD nightly  […] Max 75 USD per stay […] 75lbs or less […] up to 2 pets […] Cats and dogs only […] Service Animals - ADA-defined service animals are welcome free of charge.,,detroit-ann-arbor-mi
MGM Grand Detroit,pet-friendly-hotels,1777 Third Street,Detroit,MI,48226,3134651777,https://www.mgmgranddetroit.com,https://www.mgmgranddetroit.com,OFFICIAL_PROPERTY,2026-08-30,,,dog friendly […] two dogs are allowed […] dogs are allowed,,detroit-ann-arbor-mi
Quality Inn & Suites Ann Arbor,pet-friendly-hotels,2376 Carpenter Road,Ann Arbor,MI,48108,7344779977,https://www.choicehotels.com/michigan/ann-arbor/comfort-inn-hotels/mi356,https://www.choicehotels.com/michigan/ann-arbor/comfort-inn-hotels/mi356,OFFICIAL_PROPERTY,2026-08-29,,,"Pets Allowed […] 15.00 USD per night, per pet […] maximum of 3 pets […] Service animals are permitted, without charge.",,detroit-ann-arbor-mi
Red Roof Inn Ann Arbor University of Michigan South,pet-friendly-hotels,3505 S State St,Ann Arbor,MI,48108,7346653500,https://www.redroof.com/property/mi/ann-arbor/rri693,https://www.redroof.com/property/mi/ann-arbor/rri693,OFFICIAL_PROPERTY,2026-08-30,,,pets allowed […] not to exceed 7 nights or $105 per pet per stay […] not to exceed 80 pounds […] Up to 2 pets […] pet (cat or dog),,detroit-ann-arbor-mi
Red Roof Inn Auburn Hills,pet-friendly-hotels,1294 North Opdyke Road,Auburn Hills,MI,48326,2486361709,https://www.redroof.com/property/mi/auburn-hills/rri1419,https://www.redroof.com/property/mi/auburn-hills/rri1419,OFFICIAL_PROPERTY,2026-08-30,,,pets allowed […] not to exceed 7 nights or $105 per pet per stay […] not to exceed 80 pounds […] Up to 2 pets […] pet (cat or dog),,detroit-ann-arbor-mi
Red Roof Inn Dearborn,pet-friendly-hotels,24130 Michigan Avenue,Dearborn,MI,48124,9373281539,https://www.redroof.com/property/mi/dearborn/rri182,https://www.redroof.com/property/mi/dearborn/rri182,OFFICIAL_PROPERTY,2026-08-30,,,pets allowed […] not to exceed 7 nights or $105 per pet per stay […] not to exceed 80 pounds […] Up to 2 pets […] pet (cat or dog),,detroit-ann-arbor-mi
Red Roof Inn Detroit - Troy,pet-friendly-hotels,2350 Rochester Court,Troy,MI,48083,,https://www.redroof.com/property/mi/troy/rri021,https://www.redroof.com/property/mi/troy/rri021,OFFICIAL_PROPERTY,2026-08-30,,,pets allowed […] not to exceed 7 nights or $105 per pet per stay […] not to exceed 80 pounds […] Up to 2 pets […] pet (cat or dog),,detroit-ann-arbor-mi
Red Roof PLUS+ Ann Arbor University of Michigan North,pet-friendly-hotels,3621 Plymouth Road,Ann Arbor,MI,48105,9373281430,https://www.redroof.com/property/mi/ann-arbor/rri045,https://www.redroof.com/property/mi/ann-arbor/rri045,OFFICIAL_PROPERTY,2026-08-30,,,pets allowed […] not to exceed 7 nights or $105 per pet per stay […] not to exceed 80 pounds […] Up to 2 pets […] pet (cat or dog),,detroit-ann-arbor-mi
Residence Inn by Marriott Ann Arbor Downtown,pet-friendly-hotels,120 West Huron Street,Ann Arbor,MI,48104,7346629999,https://www.marriott.com/en-us/hotels/arbdt-residence-inn-ann-arbor-downtown/overview/,https://www.marriott.com/en-us/hotels/arbdt-residence-inn-ann-arbor-downtown/overview/,OFFICIAL_PROPERTY,2026-08-30,,,pets are welcome […] $100.00 per stay  […] up to 50.0 lbs […] Up to 2 pets,,detroit-ann-arbor-mi
Residence Inn by Marriott Ann Arbor North,pet-friendly-hotels,3535 Green Court,Ann Arbor,MI,48105,7343270011,https://www.marriott.com/en-us/hotels/arbrn-residence-inn-ann-arbor-north/overview/,https://www.marriott.com/en-us/hotels/arbrn-residence-inn-ann-arbor-north/overview/,OFFICIAL_PROPERTY,2026-08-30,,,pets are welcome […] $100.00 per stay  […] up to 150.0 lbs […] Up to 2 pets,,detroit-ann-arbor-mi
Residence Inn by Marriott Ann Arbor South,pet-friendly-hotels,3764 South State Street,Ann Arbor,MI,48108,(734) 590-7500,https://www.marriott.com/en-us/hotels/dtwrp-residence-inn-ann-arbor-south/overview/,https://www.marriott.com/en-us/hotels/dtwrp-residence-inn-ann-arbor-south/overview/,OFFICIAL_PROPERTY,2026-08-30,,,pets are welcome […] up to 50.0 lbs […] Up to 2 pets,,detroit-ann-arbor-mi
Residence Inn by Marriott Detroit Dearborn,pet-friendly-hotels,6275 Mercury Dr,Dearborn,MI,48126,3137659502,https://www.marriott.com/en-us/hotels/dtwrr-residence-inn-detroit-dearborn/overview/,https://www.marriott.com/en-us/hotels/dtwrr-residence-inn-detroit-dearborn/overview/,OFFICIAL_PROPERTY,2026-08-30,,,pets are welcome […] $150.00 per stay  […] up to 50.0 lbs […] Up to 2 pets,,detroit-ann-arbor-mi
Residence Inn by Marriott Detroit Farmington Hills,pet-friendly-hotels,33163 Hamilton Court,Farmington Hills,MI,48334,2485161201,https://www.marriott.com/en-us/hotels/dtwrf-residence-inn-detroit-farmington-hills/overview/,https://www.marriott.com/en-us/hotels/dtwrf-residence-inn-detroit-farmington-hills/overview/,OFFICIAL_PROPERTY,2026-08-30,,,pets are welcome […] $100.00 per stay  […] up to 50.0 lbs […] Up to 2 pets,,detroit-ann-arbor-mi
Residence Inn by Marriott Detroit Novi,pet-friendly-hotels,27477 Cabaret Drive,Novi,MI,48377,248-735-7400,https://www.marriott.com/en-us/hotels/dtwno-residence-inn-detroit-novi/overview/,https://www.marriott.com/en-us/hotels/dtwno-residence-inn-detroit-novi/overview/,OFFICIAL_PROPERTY,2026-08-30,,,pets are welcome […] $100.00 per stay  […] up to 120.0 lbs […] Up to 2 pets,,detroit-ann-arbor-mi
Residence Inn Detroit Pontiac/Auburn Hills,pet-friendly-hotels,3333 Centerpoint Parkway,Pontiac,MI,48341,2488588664,https://www.marriott.com/dtwpt,https://www.marriott.com/dtwpt,OFFICIAL_PROPERTY,2026-08-30,,,pets are welcome […] $100.00 per stay  […] up to 75.0 lbs […] Up to 2 pets,,detroit-ann-arbor-mi
Rodeway Inn Auburn Hills - Detroit,pet-friendly-hotels,1471 North Opdyke Road,Auburn Hills,MI,48326,2483708100,https://www.choicehotels.com/michigan/auburn-hills/rodeway-inn-hotels/mi399,https://www.choicehotels.com/michigan/auburn-hills/rodeway-inn-hotels/mi399,OFFICIAL_PROPERTY,2026-08-29,,,"Pet allowed […] 10 USD per night per pet […] Maximum of 2 dogs per room […] Dogs only […] No cats […] Service animals are permitted, without charge.",,detroit-ann-arbor-mi
Roost Detroit,pet-friendly-hotels,1265 Washington Boulevard,Detroit,MI,48226,8446976678,https://www.myroost.com/extended-stay-hotel-detroit-michigan,https://www.myroost.com/extended-stay-hotel-detroit-michigan,OFFICIAL_PROPERTY,2026-08-30,,,pet friendly,,detroit-ann-arbor-mi
Royal Park Hotel,pet-friendly-hotels,600 East University Drive,Rochester,MI,48307,2486522600,https://www.royalparkhotelmi.com/,https://www.royalparkhotelmi.com/,OFFICIAL_PROPERTY,2026-08-30,,,Four-Legged Friends Welcome,,detroit-ann-arbor-mi
Sheraton Ann Arbor Hotel,pet-friendly-hotels,3200 Boardwalk Street,Ann Arbor,MI,48108,7349960600,https://www.marriott.com/en-us/hotels/arbsi-sheraton-ann-arbor-hotel/overview/,https://www.marriott.com/en-us/hotels/arbsi-sheraton-ann-arbor-hotel/overview/,OFFICIAL_PROPERTY,2026-08-30,,,pets are welcome […] maximum weight of 55.0 lbs […] One pet is allowed per room,,detroit-ann-arbor-mi
Sheraton Detroit Novi Hotel,pet-friendly-hotels,21111 Haggerty Road,Novi,MI,48375,2483494000,https://www.marriott.com/en-us/hotels/dtwos-sheraton-detroit-novi-hotel/overview/,https://www.marriott.com/en-us/hotels/dtwos-sheraton-detroit-novi-hotel/overview/,OFFICIAL_PROPERTY,2026-08-30,,,pets are welcome […] $75.00 per stay  […] maximum weight of 50.0 lbs […] One pet is allowed per room,,detroit-ann-arbor-mi
Shinola Hotel,pet-friendly-hotels,1400 Woodward Avenue,Detroit,MI,48226,3133561400,https://www.shinolahotel.com,https://www.shinolahotel.com,OFFICIAL_PROPERTY,2026-08-30,,,dog-friendly […] up to two dogs,,detroit-ann-arbor-mi
Sonesta ES Suites Auburn Hills,pet-friendly-hotels,2050 Featherstone Road,Auburn Hills,MI,48326,2483224600,https://www.sonesta.com/sonesta-es-suites/mi/auburn-hills/sonesta-es-suites-auburn-hills-detroit,https://www.sonesta.com/sonesta-es-suites/mi/auburn-hills/sonesta-es-suites-auburn-hills-detroit,OFFICIAL_PROPERTY,2026-08-30,,,pets are permitted […] $75 fee […] Up to two pets,,detroit-ann-arbor-mi
Sonesta Select Detroit Auburn Hills,pet-friendly-hotels,2550 Aimee Lane,Auburn Hills,MI,48326,2483734100,https://www.sonesta.com/sonesta-select/mi/auburn-hills/sonesta-select-detroit-auburn-hills,https://www.sonesta.com/sonesta-select/mi/auburn-hills/sonesta-select-detroit-auburn-hills,OFFICIAL_PROPERTY,2026-08-30,,,pets are permitted […] $75 fee per stay […] Up to two pets,,detroit-ann-arbor-mi
Sonesta Select Detroit Novi,pet-friendly-hotels,42700 West 11 Mile Road,Novi,MI,48375,2483801234,https://www.sonesta.com/sonesta-select/mi/novi/sonesta-select-detroit-novi,https://www.sonesta.com/sonesta-select/mi/novi/sonesta-select-detroit-novi,OFFICIAL_PROPERTY,2026-08-30,,,pets are permitted […] $75 fee per stay […] Up to two pets,,detroit-ann-arbor-mi
Sonesta Simply Suites,pet-friendly-hotels,701 Waymarket Drive,Ann Arbor,MI,48103,7346632818,https://www.sonesta.com/sonesta-simply-suites/mi/ann-arbor/sonesta-simply-suites-detroit-ann-arbor,https://www.sonesta.com/sonesta-simply-suites/mi/ann-arbor/sonesta-simply-suites-detroit-ann-arbor,OFFICIAL_PROPERTY,2026-08-30,,,pets are permitted […] $75 fee […] Up to two pets,,detroit-ann-arbor-mi
Sonesta Simply Suites Detroit Troy,pet-friendly-hotels,2550 Troy Center Drive,Troy,MI,48084,,https://www.sonesta.com/sonesta-simply-suites/mi/troy/sonesta-simply-suites-detroit-troy,https://www.sonesta.com/sonesta-simply-suites/mi/troy/sonesta-simply-suites-detroit-troy,OFFICIAL_PROPERTY,2026-08-30,,,pets are permitted […] $75 fee […] Up to two pets,,detroit-ann-arbor-mi
Spark by Hilton Plymouth,pet-friendly-hotels,40455 Ann Arbor Rd,Plymouth,MI,48170,734-455-8100,https://www.hilton.com/en/hotels/dtwhipe-spark-plymouth/,https://www.hilton.com/en/hotels/dtwhipe-spark-plymouth/,OFFICIAL_PROPERTY,2026-08-30,,,Pets allowed […] $75 for 1-4 days […] $125 for 5 or more days […] Non-refundable Fee […] Max weight 50 lbs,,detroit-ann-arbor-mi
SpringHill Suites Detroit Wixom,pet-friendly-hotels,49097 Alpha Drive,Wixom,MI,48393,2483449319,https://www.marriott.com/dtwsw,https://www.marriott.com/dtwsw,OFFICIAL_PROPERTY,2026-08-30,,,pets are welcome […] up to 50.0 lbs […] Up to 2 pets,,detroit-ann-arbor-mi
Staybridge Suites Ann Arbor University of Michigan,pet-friendly-hotels,3850 Research Park Drive,Ann Arbor,MI,48108,,https://www.ihg.com/staybridge/hotels/us/en/ann-arbor/arbsb/hoteldetail,https://www.ihg.com/staybridge/hotels/us/en/ann-arbor/arbsb/hoteldetail,OFFICIAL_PROPERTY,2026-08-29,,,Pets are welcome […] 75.00 USD for 1 to 6 nights […] 125.00 USD 7 or more nights […] 2 pets maximum per room […] Cats and dogs allowed […] Emotional Support Animals are not exempt from pet fee as they are not recognized by ADA as a service animal.,,detroit-ann-arbor-mi
Staybridge Suites Auburn Hills,pet-friendly-hotels,917 N. Opdyke Road,Auburn Hills,MI,48326,1-248-2367006,https://www.ihg.com/staybridge/hotels/us/en/auburn-hills/dttyz/hoteldetail,https://www.ihg.com/staybridge/hotels/us/en/auburn-hills/dttyz/hoteldetail,OFFICIAL_PROPERTY,2026-08-29,,,Pets are welcome,,detroit-ann-arbor-mi
Staybridge Suites Dearborn,pet-friendly-hotels,24105 Michigan Avenue,Dearborn,MI,48124,3135651500,https://www.ihg.com/staybridge/hotels/us/en/dearborn/dttjj/hoteldetail,https://www.ihg.com/staybridge/hotels/us/en/dearborn/dttjj/hoteldetail,OFFICIAL_PROPERTY,2026-08-29,,,Pets are welcome,,detroit-ann-arbor-mi
Staybridge Suites Detroit North - Royal Oak,pet-friendly-hotels,5125 Meijer Drive,Royal Oak,MI,48073,2486546555,https://www.ihg.com/staybridge/hotels/us/en/royal-oak/dtwro/hoteldetail,https://www.ihg.com/staybridge/hotels/us/en/royal-oak/dtwro/hoteldetail,OFFICIAL_PROPERTY,2026-08-29,,,Pets are welcome […] 75 USD for stays up to 6 nights […] 150 USD for stays up to 7 or more nights […] nonrefundable,,detroit-ann-arbor-mi
Staybridge Suites Detroit Novi,pet-friendly-hotels,27000 Providence Parkway,Novi,MI,48374,2483494600,https://www.ihg.com/staybridge/hotels/us/en/novi/dttgw/hoteldetail,https://www.ihg.com/staybridge/hotels/us/en/novi/dttgw/hoteldetail,OFFICIAL_PROPERTY,2026-08-29,,,Pets are welcome […] One pet per room,,detroit-ann-arbor-mi
Staybridge Suites Detroit Southfield,pet-friendly-hotels,26060 Northwestern Hwy,Southfield,MI,48076,9474794747,https://www.ihg.com/staybridge/hotels/us/en/southfield/dttbs/hoteldetail,https://www.ihg.com/staybridge/hotels/us/en/southfield/dttbs/hoteldetail,OFFICIAL_PROPERTY,2026-08-29,,,Pets are welcome,,detroit-ann-arbor-mi
Suburban Studios Auburn Hills - Detroit,pet-friendly-hotels,1180 Doris Road,Auburn Hills,MI,48326,,https://www.choicehotels.com/michigan/auburn-hills/suburban-hotels/mi631,https://www.choicehotels.com/michigan/auburn-hills/suburban-hotels/mi631,OFFICIAL_PROPERTY,2026-08-29,,,"Pets are Allowed […] 10 USD Per Pet, Per Night […] Max 40 Pounds […] 2 Pets Per Room […] Service Animals Allowed.",,detroit-ann-arbor-mi
"The Henry, Autograph Collection",pet-friendly-hotels,300 Town Center Drive,Dearborn,MI,48126,3134412000,https://www.marriott.com/en-us/hotels/dtwak-the-henry-autograph-collection/overview/,https://www.marriott.com/en-us/hotels/dtwak-the-henry-autograph-collection/overview/,OFFICIAL_PROPERTY,2026-08-30,,,pets are welcome […] $75.00 per stay  […] up to 40.0 lbs […] Up to 2 pets,,detroit-ann-arbor-mi
The Inn on Ferry Street,pet-friendly-hotels,84 East Ferry Avenue,Detroit,MI,48202,313-871-6000,https://www.innonferrystreet.com/,https://www.innonferrystreet.com/,OFFICIAL_PROPERTY,2026-08-30,,,pet-friendly […] fee of $50 […] up to 75 lbs,,detroit-ann-arbor-mi
The Kensington Hotel Ann Arbor,pet-friendly-hotels,3500 South State Street,Ann Arbor,MI,48108,8664461329,https://www.kensingtonannarbor.com,https://www.kensingtonannarbor.com,OFFICIAL_PROPERTY,2026-08-30,,,"We offer accommodations for large groups, such as wedding parties and company events, and cater to a variety of travelers with our selection of guest rooms, suites and pet-friendly rooms.",,detroit-ann-arbor-mi
The Kingsley Bloomfield Hills,pet-friendly-hotels,39475 Woodward Avenue,Bloomfield Hills,MI,48304,2486441400,https://www.hilton.com/en/hotels/dtwbhdt-the-kingsley-bloomfield-hills/,https://www.hilton.com/en/hotels/dtwbhdt-the-kingsley-bloomfield-hills/,OFFICIAL_PROPERTY,2026-08-30,,,Pets allowed […] $150.00 Non-refundable Fee […] Max weight 120 lbs,,detroit-ann-arbor-mi
The Siren Hotel,pet-friendly-hotels,1509 Broadway,Detroit,MI,48226,3132774736,https://ash.world/hotels/the-siren/,https://ash.world/hotels/the-siren/,OFFICIAL_PROPERTY,2026-08-30,,,Pet Friendly Hotel,,detroit-ann-arbor-mi
The Townsend Hotel,pet-friendly-hotels,100 Townsend Street,Birmingham,MI,48009,2486427900,https://www.townsendhotel.com/,https://www.townsendhotel.com/,OFFICIAL_PROPERTY,2026-08-30,,,PETS WELCOME […] $159.00 non-refundable pet deposit,,detroit-ann-arbor-mi
"The Vanguard Ann Arbor, Autograph Collection",pet-friendly-hotels,201 Glen Avenue,Ann Arbor,MI,48104,7349262008,https://www.marriott.com/en-us/hotels/dtwaa-the-vanguard-ann-arbor-autograph-collection/overview/,https://www.marriott.com/en-us/hotels/dtwaa-the-vanguard-ann-arbor-autograph-collection/overview/,OFFICIAL_PROPERTY,2026-08-30,,,Pets Welcome […] Non-Refundable Pet Fee Per Stay: $150.00 […] Maximum Number of Pets in Room: 2,,detroit-ann-arbor-mi
The Westin Detroit Metropolitan Airport,pet-friendly-hotels,2501 Worldgateway Place,Detroit,MI,48242,7349426500,https://www.marriott.com/en-us/hotels/dtwma-the-westin-detroit-metropolitan-airport/overview/,https://www.marriott.com/en-us/hotels/dtwma-the-westin-detroit-metropolitan-airport/overview/,OFFICIAL_PROPERTY,2026-08-17,,,Pets Welcome […] Maximum Number of Pets in Room: 2 […] Maximum Pet Weight: 40.0lbs […] Non-Refundable Pet Fee Per Stay: $150.00 […] Pet waiver must be signed at check-in.,,detroit-ann-arbor-mi
The Westin Southfield Detroit,pet-friendly-hotels,1500 Town Center,Southfield,MI,48075,2488274000,https://www.marriott.com/en-us/hotels/dtwwi-the-westin-southfield-detroit/overview/,https://www.marriott.com/en-us/hotels/dtwwi-the-westin-southfield-detroit/overview/,OFFICIAL_PROPERTY,2026-08-30,,,pets are welcome […] $50.00 per night  […] up to 50.0 lbs […] Up to 2 pets,,detroit-ann-arbor-mi
TownePlace Suites by Marriott Ann Arbor,pet-friendly-hotels,1301 Briarwood Circle,Ann Arbor,MI,48108,7343275900,https://www.marriott.com/en-us/hotels/arbtp-towneplace-suites-ann-arbor/overview/,https://www.marriott.com/en-us/hotels/arbtp-towneplace-suites-ann-arbor/overview/,OFFICIAL_PROPERTY,2026-08-30,,,Pets Welcome […] Maximum Number of Pets in Room: 2,,detroit-ann-arbor-mi
TownePlace Suites by Marriott Detroit Belleville,pet-friendly-hotels,46418 N I-94 Service Dr,Belleville,MI,48111,7346992100,https://www.marriott.com/en-us/hotels/dtwbl-towneplace-suites-detroit-belleville/overview/,https://www.marriott.com/en-us/hotels/dtwbl-towneplace-suites-detroit-belleville/overview/,OFFICIAL_PROPERTY,2026-08-17,,,"Dogs allowed only, up to 2 dogs, must register at check-in, $100 fee per pet […] Maximum Number of Pets in Room: 2 […] Maximum Pet Weight: 100.0lbs […] Non-Refundable Pet Fee Per Stay: $100.00",,detroit-ann-arbor-mi
TownePlace Suites by Marriott Detroit Dearborn,pet-friendly-hotels,6141 Mercury Drive,Dearborn,MI,48126,3132710200,https://www.marriott.com/en-us/hotels/dtwtd-towneplace-suites-detroit-dearborn/overview/,https://www.marriott.com/en-us/hotels/dtwtd-towneplace-suites-detroit-dearborn/overview/,OFFICIAL_PROPERTY,2026-08-30,,,Non-Refundable Pet Fee Per Stay: $100.00 […] Maximum Number of Pets in Room: 2,,detroit-ann-arbor-mi
TownePlace Suites by Marriott Detroit Troy,pet-friendly-hotels,325 Stephenson Highway,Troy,MI,48083,2485857000,https://www.marriott.com/en-us/hotels/dttts-towneplace-suites-detroit-troy/overview/,https://www.marriott.com/en-us/hotels/dttts-towneplace-suites-detroit-troy/overview/,OFFICIAL_PROPERTY,2026-08-30,,,pets are welcome […] $150.00 per stay  […] maximum weight of 40.0 lbs […] One pet is allowed per room,,detroit-ann-arbor-mi
TownePlace Suites Detroit Auburn Hills,pet-friendly-hotels,3900 Baldwin Rd,Auburn Hills,MI,48326,2484540650,https://www.marriott.com/en-us/hotels/dtwta-towneplace-suites-detroit-auburn-hills/overview/,https://www.marriott.com/en-us/hotels/dtwta-towneplace-suites-detroit-auburn-hills/overview/,OFFICIAL_PROPERTY,2026-08-30,,,Pets Welcome […] Non-Refundable Pet Fee Per Stay: $100.00,,detroit-ann-arbor-mi
TownePlace Suites Detroit Commerce,pet-friendly-hotels,199 Loop Road,Commerce Township,MI,48390,2486693200,https://www.marriott.com/en-us/hotels/dtwtc-towneplace-suites-detroit-commerce/overview/,https://www.marriott.com/en-us/hotels/dtwtc-towneplace-suites-detroit-commerce/overview/,OFFICIAL_PROPERTY,2026-08-30,,,pets are welcome […] $150.00 per stay  […] up to 75.0 lbs […] Up to 2 pets,,detroit-ann-arbor-mi
Tru by Hilton Novi Detroit,pet-friendly-hotels,40255 West 13 Mile,Novi,MI,48377,2489736306,https://www.hilton.com/en/hotels/dtwneru-tru-novi-detroit/,https://www.hilton.com/en/hotels/dtwneru-tru-novi-detroit/,OFFICIAL_PROPERTY,2026-08-30,,,Pets allowed […] $75.00 Non-refundable Fee […] 2petsMax […] dog/cat only,,detroit-ann-arbor-mi
Tru by Hilton Troy Detroit,pet-friendly-hotels,1575 East Maple Road,Troy,MI,48083,2484223400,https://www.hilton.com/en/hotels/dettyru-tru-troy-detroit/,https://www.hilton.com/en/hotels/dettyru-tru-troy-detroit/,OFFICIAL_PROPERTY,2026-08-30,,,Pets allowed […] 1-4 night stay $75 […] 5+ night stay $125 […] Non-refundable Fee […] 2 pets max […] dog or cat only,,detroit-ann-arbor-mi
Trumbull and Porter Hotel,pet-friendly-hotels,1331 Trumbull St,Detroit,MI,48216,4806765193,https://www.trumbullandporterhotel.com/,https://www.trumbullandporterhotel.com/,OFFICIAL_PROPERTY,2026-08-30,,,pets allowed […] $50 PER NIGHT  […] 50 pound maximum,,detroit-ann-arbor-mi
Woodspring Suites,pet-friendly-hotels,22100 Haggerty Road,Farmington Hills,MI,48335,2485138992,https://www.woodspring.com/extended-stay-hotels/locations/michigan/detroit/woodspring-suites-farmington-hills,https://www.woodspring.com/extended-stay-hotels/locations/michigan/detroit/woodspring-suites-farmington-hills,OFFICIAL_PROPERTY,2026-08-30,,,pets allowed […] 10 USD per pet per night […] Max 75 lbs […] Max 2 dogs […] Dogs allowed,,detroit-ann-arbor-mi
WoodSpring Suites Dearborn - Detroit,pet-friendly-hotels,240 Town Center Drive,Dearborn,MI,48126,3132170923,https://www.woodspring.com/extended-stay-hotels/locations/michigan/dearborn/woodspring-suites-dearborn-detroit,https://www.woodspring.com/extended-stay-hotels/locations/michigan/dearborn/woodspring-suites-dearborn-detroit,OFFICIAL_PROPERTY,2026-08-30,,,"pets allowed […] 10.00 USD Per Pet, Per Night […] Max 75 Pounds […] 2 Pet Per Room […] Dogs only",,detroit-ann-arbor-mi
Wyndham Garden Ann Arbor,pet-friendly-hotels,2900 Jackson Avenue,Ann Arbor,MI,48103,7342496157,https://www.wyndhamhotels.com/wyndham-garden/ann-arbor-michigan/wyndham-garden-ann-arbor/overview,https://www.wyndhamhotels.com/wyndham-garden/ann-arbor-michigan/wyndham-garden-ann-arbor/overview,OFFICIAL_PROPERTY,2026-08-29,,,Pets Allowed […] 75USD per room per stay […] 2 pets maximum […] Dogs and cats only […] Service Animals - ADA-defined service animals welcome free of charge.,,detroit-ann-arbor-mi
Baymont by Wyndham Fayetteville NC,pet-friendly-hotels,1922 Cedar Creek Rd,Fayetteville,NC,28312,(910) 210-0100,https://www.wyndhamhotels.com/baymont/fayetteville-north-carolina/baymont-fayetteville-nc/overview,https://www.wyndhamhotels.com/baymont/fayetteville-north-carolina/baymont-fayetteville-nc/overview,OFFICIAL_PROPERTY,2026-09-13,,,Service Animals - ADA-defined service animals are welcome free of charge. / Pets Allowed - 2 pets max. / Fees - Non-refundable 15 USD nightly per pet. / Other Information - Pets cannot be left unattended in room.,,fayetteville-nc
Candlewood Suites Fayetteville Fort Bragg,pet-friendly-hotels,4108 Legend Avenue,Fayetteville,NC,28303,1-910-8680873,https://www.ihg.com/candlewood/hotels/us/en/fayetteville/faysq/hoteldetail,https://www.ihg.com/candlewood/hotels/us/en/fayetteville/faysq/hoteldetail,OFFICIAL_PROPERTY,2026-09-13,,,Pets are welcome at Candlewood Suites Fayetteville Fort Bragg. Pet policy description. 25 non refundable pet fee per night with a max of 150 per stay. Pet must weigh less than 80lbs. Max 2 pets per room. Call hotel for details. Complete up to date vaccinations required. Additional charges may be charged for damages or excessive cleaning. Pet fee per night: 25 USD Pet weight limit: 75 2 pets allowed Pets allowed: All pets allowed,,fayetteville-nc
Days Inn by Wyndham Fayetteville-South/I-95 Exit 49,pet-friendly-hotels,2111 Cedar Creek Rd,Fayetteville,NC,28312,+1 910-849-2448,https://www.wyndhamhotels.com/days-inn/fayetteville-north-carolina/days-inn-fayetteville-south-i-95-exit-49/overview,https://www.wyndhamhotels.com/days-inn/fayetteville-north-carolina/days-inn-fayetteville-south-i-95-exit-49/overview,OFFICIAL_PROPERTY,2026-09-13,,,Service Animals - ADA-defined service animals are welcome free of charge. / Pets Allowed - 2 pets max. Dogs only. 50lbs or less per pet. / Fees - Non-refundable 25 USD nightly per pet. / Other Information - Pets cannot be left unattended in room.,,fayetteville-nc
Embassy Suites by Hilton Fayetteville Fort Bragg,pet-friendly-hotels,4760 Lake Valley Drive,Fayetteville,NC,28303,+1 910-826-3600,https://www.hilton.com/en/hotels/fayfbes-embassy-suites-fayetteville-fort-bragg/,https://www.hilton.com/en/hotels/fayfbes-embassy-suites-fayetteville-fort-bragg/,OFFICIAL_PROPERTY,2026-09-13,,,"Pets allowed, $75.00 non-refundable fee, 75 lbs maximum, $75(1-4n),$125(5+n)2petsMax,dog/cat only",,fayetteville-nc
Extended Stay America - Fayetteville,pet-friendly-hotels,770 W Rowan St,Fayetteville,NC,28301,+19104883000,https://www.extendedstayamerica.com/hotels/nc/fayetteville/fayetteville,https://www.extendedstayamerica.com/hotels/nc/fayetteville/fayetteville,OFFICIAL_PROPERTY,2026-09-13,,,Pet Policy A maximum of two pets are allowed in each suite.,,fayetteville-nc
Extended Stay America - Fayetteville - Cliffdale,pet-friendly-hotels,6820 Cliffdale Rd,Fayetteville,NC,28314,+19108648360,https://www.extendedstayamerica.com/hotels/nc/fayetteville/fort-bragg,https://www.extendedstayamerica.com/hotels/nc/fayetteville/fort-bragg,OFFICIAL_PROPERTY,2026-09-13,,,Pet Policy A maximum of two pets are allowed in each suite.,,fayetteville-nc
Extended Stay America - Fayetteville - Fort Bragg,pet-friendly-hotels,4105 Sycamore Dairy Rd.,Fayetteville,NC,28303,+19108685662,https://www.extendedstayamerica.com/hotels/nc/fayetteville/cross-creek-mall,https://www.extendedstayamerica.com/hotels/nc/fayetteville/cross-creek-mall,OFFICIAL_PROPERTY,2026-09-13,,,Pet Policy A maximum of two pets are allowed in each suite.,,fayetteville-nc
Extended Stay America - Fayetteville - Owen Dr.,pet-friendly-hotels,408 Owen Dr.,Fayetteville,NC,28304,+19104852747,https://www.extendedstayamerica.com/hotels/nc/fayetteville/owen-dr,https://www.extendedstayamerica.com/hotels/nc/fayetteville/owen-dr,OFFICIAL_PROPERTY,2026-09-13,,,Pet Policy A maximum of two pets are allowed in each suite.,,fayetteville-nc
Extended Stay America - Fayetteville - West,pet-friendly-hotels,1381 Walter Reed Rd,Fayetteville,NC,28304,+19104332672,https://www.extendedstayamerica.com/hotels/nc/fayetteville/west,https://www.extendedstayamerica.com/hotels/nc/fayetteville/west,OFFICIAL_PROPERTY,2026-09-13,,,Pet Policy A maximum of two pets are allowed in each suite.,,fayetteville-nc
Hampton Inn & Suites Fayetteville,pet-friendly-hotels,2065 Cedar Creek Road,Fayetteville,NC,28312,+1 910-635-3200,https://www.hilton.com/en/hotels/faycehx-hampton-suites-fayetteville/,https://www.hilton.com/en/hotels/faycehx-hampton-suites-fayetteville/,OFFICIAL_PROPERTY,2026-09-13,,,"Pets allowed, $75.00 non-refundable fee, 75 lbs maximum, $75(1-4n),$125(5+n)2petsMax,dog/cat only",,fayetteville-nc
Hampton Inn Fayetteville Fort Bragg,pet-friendly-hotels,1700 Skibo Road,Fayetteville,NC,28303,+1 910-487-4006,https://www.hilton.com/en/hotels/faycchx-hampton-fayetteville-fort-bragg/,https://www.hilton.com/en/hotels/faycchx-hampton-fayetteville-fort-bragg/,OFFICIAL_PROPERTY,2026-09-13,,,"Pets allowed, $75.00 non-refundable fee, 75 lbs maximum, $75(1-4n)$125(5+n)2petsMax,dog/cat Only",,fayetteville-nc
Hampton Inn Spring Lake Fayetteville,pet-friendly-hotels,1050 North Bragg Blvd.,Spring Lake,NC,28390,+1 910-438-0945,https://www.hilton.com/en/hotels/fayslhx-hampton-spring-lake-fayetteville/,https://www.hilton.com/en/hotels/fayslhx-hampton-spring-lake-fayetteville/,OFFICIAL_PROPERTY,2026-09-13,,,"Pets allowed, $75.00 non-refundable fee, 75 lbs maximum, $75(1-4n),$125(5+n) 2petsMax,dog/cat only",,fayetteville-nc
Hawthorn Extended Stay by Wyndham Fayetteville,pet-friendly-hotels,2910 Sigman St,Fayetteville,NC,28303,(919) 721-5798,https://www.wyndhamhotels.com/hawthorn-extended-stay/fayetteville-north-carolina/hawthorn-extended-stay-fayetteville/overview,https://www.wyndhamhotels.com/hawthorn-extended-stay/fayetteville-north-carolina/hawthorn-extended-stay-fayetteville/overview,OFFICIAL_PROPERTY,2026-09-13,,,Service Animals - ADA-defined service animals welcome./ Pets Allowed. 2 pets max. 75 lbs or less per pet. / Fees - 25USD per pet per night. / Other Information - Contact hotel for additional details and availability.,,fayetteville-nc
Hilton Garden Inn Fayetteville Fort Bragg,pet-friendly-hotels,4025 Sycamore Dairy Road,Fayetteville,NC,28303,+1 910-860-3600,https://www.hilton.com/en/hotels/faynhgi-hilton-garden-inn-fayetteville-fort-bragg/,https://www.hilton.com/en/hotels/faynhgi-hilton-garden-inn-fayetteville-fort-bragg/,OFFICIAL_PROPERTY,2026-09-13,,,"Pets allowed, $75.00 non-refundable fee, 75 lbs maximum, $75(1-4n),$125(5+n)2petsMax,dog/cat only",,fayetteville-nc
Home2 Suites by Hilton Fayetteville Fort Bragg,pet-friendly-hotels,4035 Sycamore Dairy Road,Fayetteville,NC,28303,+1 910-223-1170,https://www.hilton.com/en/hotels/faysdht-home2-suites-fayetteville-fort-bragg/,https://www.hilton.com/en/hotels/faysdht-home2-suites-fayetteville-fort-bragg/,OFFICIAL_PROPERTY,2026-09-13,,,"Pets allowed, $75.00 non-refundable fee, $75 1-4 nights/$125 5+nights, 2 pets max",,fayetteville-nc
Home2 Suites by Hilton Fayetteville North,pet-friendly-hotels,6309 Ramsey Street,Fayetteville,NC,28311,+19104365558,https://www.hilton.com/en/hotels/fayteht-home2-suites-fayetteville-north/,https://www.hilton.com/en/hotels/fayteht-home2-suites-fayetteville-north/,OFFICIAL_PROPERTY,2026-09-13,,,"Pets allowed, $75.00 non-refundable fee, 75 lbs maximum",,fayetteville-nc
Homewood Suites by Hilton Fayetteville,pet-friendly-hotels,4028 Legend Avenue,Fayetteville,NC,28303,+1 910-672-7800,https://www.hilton.com/en/hotels/faylahw-homewood-suites-fayetteville/,https://www.hilton.com/en/hotels/faylahw-homewood-suites-fayetteville/,OFFICIAL_PROPERTY,2026-09-13,,,"Pets allowed, $75.00 non-refundable fee, $75(1-4n),$125(5+n)2petsMax,dog/cat Only",,fayetteville-nc
La Quinta Inn & Suites by Wyndham Fayetteville I-95,pet-friendly-hotels,1725 Jim Johnson Road,Fayetteville,NC,28312,(910) 485-6866,https://www.wyndhamhotels.com/laquinta/fayetteville-north-carolina/la-quinta-inn-and-suites-fayetteville-i-95/overview,https://www.wyndhamhotels.com/laquinta/fayetteville-north-carolina/la-quinta-inn-and-suites-fayetteville-i-95/overview,OFFICIAL_PROPERTY,2026-09-13,,,Service Animals - ADA-defined service animals are welcome free of charge. / Pets Allowed - 2 pets max. Cats and dogs only. 75lbs or less per pet. / Fees - Non-refundable 25 USD nightly for up to 2 pets. Max 75 USD per stay. / Other Information - Contact hotel for additional details and availability.,,fayetteville-nc
Red Roof Inn & Suites Fayetteville - Fort Bragg,pet-friendly-hotels,3136 Bordeaux Park Dr,Fayetteville,NC,28306,1-937-328-4222,https://www.redroof.com/property/nc/fayetteville/rri452,https://www.redroof.com/property/nc/fayetteville/rri452,OFFICIAL_PROPERTY,2026-09-13,,,"Pet Policy: One, well-behaved domestic pet (cat or dog) Stays Free! Pets must be declared at check-in. Up to 2 pets allowed per room. Second pet $15/ night, not to exceed 7 nights or $105 per pet per stay. Pet not to exceed 80 pounds. Service and emotional support animals are always welcome.",,fayetteville-nc
Red Roof Inn Fayetteville I-95,pet-friendly-hotels,1902 Cedar Creek Rd,Fayetteville,NC,28312,1-937-328-1839,https://www.redroof.com/property/nc/fayetteville/rri341,https://www.redroof.com/property/nc/fayetteville/rri341,OFFICIAL_PROPERTY,2026-09-13,,,"Pet Policy: One, well-behaved domestic pet (cat or dog) Stays Free! Pets must be declared at check-in. Up to 2 pets allowed per room. Second pet $15/ night, not to exceed 7 nights or $105 per pet per stay. Pet not to exceed 80 pounds. Service and emotional support animals are always welcome.",,fayetteville-nc
Residence Inn by Marriott Fayetteville Cross Creek,pet-friendly-hotels,1468 Skibo Road,Fayetteville,NC,28303,+1 910-868-9005,https://www.marriott.com/en-us/hotels/fayri-residence-inn-fayetteville-cross-creek/overview/,https://www.marriott.com/en-us/hotels/fayri-residence-inn-fayetteville-cross-creek/overview/,OFFICIAL_PROPERTY,2026-09-13,,,Pet Policy | Pets Welcome | 2 pets 75 lbs max per room with fee of USD 75 plus tax per room per stay | Non-Refundable Pet Fee Per Stay: $75.00 | Maximum Pet Weight: 75.0lbs | Maximum Number of Pets in Room: 2,,fayetteville-nc
Spark by Hilton Spring Lake Fayetteville,pet-friendly-hotels,103 Brook Lane,Spring Lake,NC,28390,+1-910-436-1900,https://www.hilton.com/en/hotels/faysrpe-spark-spring-lake-fayetteville/,https://www.hilton.com/en/hotels/faysrpe-spark-spring-lake-fayetteville/,OFFICIAL_PROPERTY,2026-09-13,,,"Pets allowed, $75.00 non-refundable fee, 75 lbs maximum",,fayetteville-nc
TownePlace Suites by Marriott Fayetteville Cross Creek,pet-friendly-hotels,1464 Skibo Road,Fayetteville,NC,28303,+1 910-764-1100,https://www.marriott.com/en-us/hotels/fayts-towneplace-suites-fayetteville-cross-creek/overview/,https://www.marriott.com/en-us/hotels/fayts-towneplace-suites-fayetteville-cross-creek/overview/,OFFICIAL_PROPERTY,2026-09-13,,,Pet Policy | Pets Welcome | 3 domestic pets 100 pounds max per room with USD $75 fee per room per stay | Non-Refundable Pet Fee Per Stay: $75.00 | Maximum Pet Weight: 100.0lbs | Maximum Number of Pets in Room: 3,,fayetteville-nc
Travelodge by Wyndham Fayetteville,pet-friendly-hotels,2076 Cedar Creek Rd,Fayetteville,NC,28312,+1 910-900-1250,https://www.wyndhamhotels.com/travelodge/fayetteville-north-carolina/travelodge-by-wyndham-fayetteville/overview,https://www.wyndhamhotels.com/travelodge/fayetteville-north-carolina/travelodge-by-wyndham-fayetteville/overview,OFFICIAL_PROPERTY,2026-09-13,,,Maximum 2 pets allowed up to 50lbs each for no charge. Additional pets require non-refundable charge of 20.00 USD per pet per night. Pet Sanitation Fee is 50.00 USD if applicable. ADA defined service animals are welcome at this hotel,,fayetteville-nc
Tru by Hilton Fayetteville Fort Bragg,pet-friendly-hotels,507 N McPherson Church Rd.,Fayetteville,NC,28303,+1 910-375-1677,https://www.hilton.com/en/hotels/fayetru-tru-fayetteville-fort-bragg/,https://www.hilton.com/en/hotels/fayetru-tru-fayetteville-fort-bragg/,OFFICIAL_PROPERTY,2026-09-13,,,"Pets allowed, $75.00 non-refundable fee, 75 lbs maximum, $75(1-4n) $125(5+n) 2pets Max, dog/cat only",,fayetteville-nc
Tru by Hilton Fayetteville I 95,pet-friendly-hotels,2055 Cedar Creek Road,Fayetteville,NC,28312,+1 910-475-1570,https://www.hilton.com/en/hotels/fayruru-tru-fayetteville-i-95/,https://www.hilton.com/en/hotels/fayruru-tru-fayetteville-i-95/,OFFICIAL_PROPERTY,2026-09-13,,,"Pets allowed, $75.00 non-refundable fee, 75 lbs maximum, $75(1-4n),$125(5+n) 2pets Max,dog/cat",,fayetteville-nc
AC Hotel Grand Rapids Downtown,pet-friendly-hotels,50 Monroe Ave NW,Grand Rapids,MI,49503,(616) 776-3200,https://www.marriott.com/en-us/hotels/grrar-ac-hotel-grand-rapids-downtown/overview/,https://www.marriott.com/en-us/hotels/grrar-ac-hotel-grand-rapids-downtown/overview/,OFFICIAL_PROPERTY,2026-08-23,,,pets are welcome,,grand-rapids-holland-mi
Baymont by Wyndham Grand Rapids Near Downtown,pet-friendly-hotels,255 28th Street Southwest,Grand Rapids,MI,49548,(616) 226-8360,https://www.wyndhamhotels.com/baymont/grand-rapids-michigan/baymont-inn-and-suites-grand-rapids-near-downtown/overview,https://www.wyndhamhotels.com/baymont/grand-rapids-michigan/baymont-inn-and-suites-grand-rapids-near-downtown/overview,OFFICIAL_PROPERTY,2026-08-23,,,25.00 USD per pet per night,,grand-rapids-holland-mi
Baymont by Wyndham Holland,pet-friendly-hotels,680 East 24th Street,Holland,MI,49423,(616) 396-8822,https://www.wyndhamhotels.com/baymont/holland-michigan/baymont-inn-and-suites-holland/overview,https://www.wyndhamhotels.com/baymont/holland-michigan/baymont-inn-and-suites-holland/overview,OFFICIAL_PROPERTY,2026-08-23,,,dogs allowed,,grand-rapids-holland-mi
Canopy by Hilton Grand Rapids Downtown,pet-friendly-hotels,131 Ionia Ave SW,Grand Rapids,MI,49503,(616) 456-6200,https://www.hilton.com/en/hotels/grrgrpy-canopy-grand-rapids-downtown/,https://www.hilton.com/en/hotels/grrgrpy-canopy-grand-rapids-downtown/,OFFICIAL_PROPERTY,2026-08-23,,,Pets allowed,,grand-rapids-holland-mi
Comfort Inn Airport,pet-friendly-hotels,4155 28th Street,Grand Rapids,MI,49512,(616) 219-0991,https://www.choicehotels.com/michigan/grand-rapids/comfort-inn-hotels/mi121,https://www.choicehotels.com/michigan/grand-rapids/comfort-inn-hotels/mi121,OFFICIAL_PROPERTY,2026-08-23,,,Pets are allowed,,grand-rapids-holland-mi
Days Inn & Suites by Wyndham Grand Rapids Near Downtown,pet-friendly-hotels,255A 28th St SW,Grand Rapids,MI,49548,(616) 426-9721,https://www.wyndhamhotels.com/days-inn/grand-rapids-michigan/days-inn-and-suites-grand-rapids-near-downtown/overview,https://www.wyndhamhotels.com/days-inn/grand-rapids-michigan/days-inn-and-suites-grand-rapids-near-downtown/overview,OFFICIAL_PROPERTY,2026-08-23,,,pets are allowed,,grand-rapids-holland-mi
Days Inn by Wyndham Holland,pet-friendly-hotels,717 Hastings Avenue,Holland,MI,49423,(616) 392-7001,https://www.wyndhamhotels.com/days-inn/holland-michigan/days-inn-holland/overview,https://www.wyndhamhotels.com/days-inn/holland-michigan/days-inn-holland/overview,OFFICIAL_PROPERTY,2026-08-23,,,pets under 75 Lbs are allowed,,grand-rapids-holland-mi
Embassy Suites by Hilton Grand Rapids Downtown,pet-friendly-hotels,710 Monroe Ave NW,Grand Rapids,MI,49503,(616) 512-5700,https://www.hilton.com/en/hotels/grrmaes-embassy-suites-grand-rapids-downtown/,https://www.hilton.com/en/hotels/grrmaes-embassy-suites-grand-rapids-downtown/,OFFICIAL_PROPERTY,2026-08-23,,,Pets allowed,,grand-rapids-holland-mi
Hampton Inn & Suites Grand Rapids-Airport 28th St,pet-friendly-hotels,5200 28th St SE,Grand Rapids,MI,49512,(616) 575-9144,https://www.hilton.com/en/hotels/grrhshx-hampton-suites-grand-rapids-airport-28th-st/,https://www.hilton.com/en/hotels/grrhshx-hampton-suites-grand-rapids-airport-28th-st/,OFFICIAL_PROPERTY,2026-08-23,,,Pets allowed,,grand-rapids-holland-mi
Hampton Inn & Suites Grand Rapids Downtown,pet-friendly-hotels,433 Dudley Place NE,Grand Rapids,MI,49503,,https://www.hilton.com/en/hotels/grrdthx-hampton-suites-grand-rapids-downtown/,https://www.hilton.com/en/hotels/grrdthx-hampton-suites-grand-rapids-downtown/,OFFICIAL_PROPERTY,2026-08-23,,,Pets allowed,,grand-rapids-holland-mi
Hampton Inn & Suites Grandville Grand Rapids South,pet-friendly-hotels,4755 Wilson Ave SW,Grandville,MI,49418,(616) 752-7755,https://www.hilton.com/en/hotels/grradhx-hampton-suites-grandville-grand-rapids-south/,https://www.hilton.com/en/hotels/grradhx-hampton-suites-grandville-grand-rapids-south/,OFFICIAL_PROPERTY,2026-08-23,,,Pets allowed,,grand-rapids-holland-mi
Hampton Inn Grand Rapids-North,pet-friendly-hotels,500 Center Dr NW,Grand Rapids,MI,49544,,https://www.hilton.com/en/hotels/grraphx-hampton-grand-rapids-north/,https://www.hilton.com/en/hotels/grraphx-hampton-grand-rapids-north/,OFFICIAL_PROPERTY,2026-08-23,,,Pets allowed,,grand-rapids-holland-mi
Hampton Inn Grand Rapids-South,pet-friendly-hotels,755 54th St SW,Wyoming,MI,49509,(616) 261-5500,https://www.hilton.com/en/hotels/grrsohx-hampton-grand-rapids-south/,https://www.hilton.com/en/hotels/grrsohx-hampton-grand-rapids-south/,OFFICIAL_PROPERTY,2026-08-23,,,Pets allowed,,grand-rapids-holland-mi
Hampton Inn Holland,pet-friendly-hotels,12427 Felch Street,Holland,MI,49424,(616) 399-8500,https://www.hilton.com/en/hotels/hldmihx-hampton-holland/,https://www.hilton.com/en/hotels/hldmihx-hampton-holland/,OFFICIAL_PROPERTY,2026-08-23,,,Pets allowed,,grand-rapids-holland-mi
Hilton Garden Inn Grand Rapids East,pet-friendly-hotels,2321 East Beltline Avenue Southeast,Grand Rapids,MI,49546,,https://www.hilton.com/en/hotels/grrebgi-hilton-garden-inn-grand-rapids-east/,https://www.hilton.com/en/hotels/grrebgi-hilton-garden-inn-grand-rapids-east/,OFFICIAL_PROPERTY,2026-08-23,,,Pets allowed,,grand-rapids-holland-mi
Holiday Inn Express Grand Rapids SW,pet-friendly-hotels,4651 36th St,Grandville,MI,49418,,https://www.ihg.com/holidayinnexpress/hotels/us/en/grandville/gdvmi/hoteldetail,https://www.ihg.com/holidayinnexpress/hotels/us/en/grandville/gdvmi/hoteldetail,OFFICIAL_PROPERTY,2026-08-23,,,pets allowed,,grand-rapids-holland-mi
Holiday Inn Grand Rapids Downtown,pet-friendly-hotels,310 Pearl St NW,Grand Rapids,MI,49504,(616) 235-7611,https://www.ihg.com/holidayinn/hotels/us/en/grand-rapids/grrpe/hoteldetail,https://www.ihg.com/holidayinn/hotels/us/en/grand-rapids/grrpe/hoteldetail,OFFICIAL_PROPERTY,2026-08-23,,,Pets are welcome,,grand-rapids-holland-mi
Home2 Suites by Hilton Grand Rapids North,pet-friendly-hotels,330 River Ridge Dr NW,Grand Rapids,MI,49544,,https://www.hilton.com/en/hotels/grrnoht-home2-suites-grand-rapids-north/,https://www.hilton.com/en/hotels/grrnoht-home2-suites-grand-rapids-north/,OFFICIAL_PROPERTY,2026-08-23,,,Pets allowed,,grand-rapids-holland-mi
Home2 Suites by Hilton Grand Rapids Northeast,pet-friendly-hotels,3082 Peregrine Dr NE,Grand Rapids,MI,49525,(616) 649-6800,https://www.hilton.com/en/hotels/grrilht-home2-suites-grand-rapids-northeast/,https://www.hilton.com/en/hotels/grrilht-home2-suites-grand-rapids-northeast/,OFFICIAL_PROPERTY,2026-08-23,,,Pets allowed,,grand-rapids-holland-mi
Home2 Suites by Hilton Holland,pet-friendly-hotels,3140 West Shore Drive,Holland,MI,49424,(616) 377-7905,https://www.hilton.com/en/hotels/hlmhtht-home2-suites-holland/,https://www.hilton.com/en/hotels/hlmhtht-home2-suites-holland/,OFFICIAL_PROPERTY,2026-08-23,,,Pets allowed,,grand-rapids-holland-mi
Homewood Suites by Hilton Holland,pet-friendly-hotels,625 S Point Hotel Dr,Holland,MI,49423,(616) 795-0134,https://www.hilton.com/en/hotels/grrabhw-homewood-suites-holland/?SEO_id=GMB-AMER-HG-GRRABHW,https://www.hilton.com/en/hotels/grrabhw-homewood-suites-holland/?SEO_id=GMB-AMER-HG-GRRABHW,OFFICIAL_PROPERTY,2026-08-23,,,Pets allowed,,grand-rapids-holland-mi
Homewood Suites by Hilton Walker Grand Rapids North,pet-friendly-hotels,3410 Walker Ave NW,Walker,MI,49544,(616) 805-8050,https://www.hilton.com/en/hotels/grrinhw-homewood-suites-walker-grand-rapids-north/,https://www.hilton.com/en/hotels/grrinhw-homewood-suites-walker-grand-rapids-north/,OFFICIAL_PROPERTY,2026-08-23,,,Pets allowed,,grand-rapids-holland-mi
MainStay Suites Grand Rapids,pet-friendly-hotels,3920 Stahl Dr SE,Grand Rapids,MI,49546,(616) 285-7100,https://www.choicehotels.com/michigan/grand-rapids/mainstay-hotels/mi668,https://www.choicehotels.com/michigan/grand-rapids/mainstay-hotels/mi668,OFFICIAL_PROPERTY,2026-08-23,,,Pets Allowed,,grand-rapids-holland-mi
Microtel Inn & Suites by Wyndham Holland,pet-friendly-hotels,643 Hastings Avenue,Holland,MI,49423,,https://www.wyndhamhotels.com/microtel/holland-michigan/microtel-inn-and-suites-holland/overview,https://www.wyndhamhotels.com/microtel/holland-michigan/microtel-inn-and-suites-holland/overview,OFFICIAL_PROPERTY,2026-08-23,,,Dogs allowed,,grand-rapids-holland-mi
Red Roof Inn Grand Rapids Airport,pet-friendly-hotels,5131 28th St SE,Grand Rapids,MI,49512,,https://www.redroof.com/property/mi/grand-rapids/rri011,https://www.redroof.com/property/mi/grand-rapids/rri011,OFFICIAL_PROPERTY,2026-08-23,,,pets allowed,,grand-rapids-holland-mi
Residence Inn by Marriott Grand Rapids Downtown,pet-friendly-hotels,40 Louis St NW,Grand Rapids,MI,49503,(616) 776-5905,https://www.marriott.com/en-us/hotels/grrrd-residence-inn-grand-rapids-downtown/overview/,https://www.marriott.com/en-us/hotels/grrrd-residence-inn-grand-rapids-downtown/overview/,OFFICIAL_PROPERTY,2026-08-23,,,pets are welcome,,grand-rapids-holland-mi
Residence Inn by Marriott Grand Rapids West,pet-friendly-hotels,3451 Rivertown Point Ct SW,Grandville,MI,49418,(616) 538-1100,https://www.marriott.com/en-us/hotels/grrrw-residence-inn-grand-rapids-west/overview/,https://www.marriott.com/en-us/hotels/grrrw-residence-inn-grand-rapids-west/overview/,OFFICIAL_PROPERTY,2026-08-23,,,pets are welcome,,grand-rapids-holland-mi
Residence Inn by Marriott Holland,pet-friendly-hotels,631 South Pointe Ridge Rd,Holland,MI,49423,(616) 393-6900,https://www.marriott.com/en-us/hotels/grrho-residence-inn-holland/overview/,https://www.marriott.com/en-us/hotels/grrho-residence-inn-holland/overview/,OFFICIAL_PROPERTY,2026-08-23,,,pets are welcome,,grand-rapids-holland-mi
Residence Inn Grand Rapids Airport,pet-friendly-hotels,4443 28th Street Southeast,Grand Rapids,MI,49512,(616) 285-1280,https://www.marriott.com/en-us/hotels/grrri-residence-inn-grand-rapids-airport/overview/,https://www.marriott.com/en-us/hotels/grrri-residence-inn-grand-rapids-airport/overview/,OFFICIAL_PROPERTY,2026-08-23,,,Pets Welcome,,grand-rapids-holland-mi
Sheraton Grand Rapids Airport Hotel,pet-friendly-hotels,5700 28th St SE,Grand Rapids,MI,49546,(616) 957-1770,https://www.marriott.com/en-us/hotels/grris-sheraton-grand-rapids-airport-hotel/overview/,https://www.marriott.com/en-us/hotels/grris-sheraton-grand-rapids-airport-hotel/overview/,OFFICIAL_PROPERTY,2026-08-23,,,pets are welcome,,grand-rapids-holland-mi
Spark by Hilton Walker Grand Rapids North,pet-friendly-hotels,2151 Holton Ct NW,Walker,MI,49544,(616) 735-9595,https://www.hilton.com/en/hotels/grrwkpe-spark-walker-grand-rapids-north/,https://www.hilton.com/en/hotels/grrwkpe-spark-walker-grand-rapids-north/,OFFICIAL_PROPERTY,2026-08-23,,,Pets allowed,,grand-rapids-holland-mi
SpringHill Suites by Marriott Grand Rapids North,pet-friendly-hotels,450 Center Dr NW,Grand Rapids,MI,49544,(616) 785-1600,https://www.marriott.com/en-us/hotels/grrsh-springhill-suites-grand-rapids-north/overview/,https://www.marriott.com/en-us/hotels/grrsh-springhill-suites-grand-rapids-north/overview/,OFFICIAL_PROPERTY,2026-08-23,,,Pets Welcome,,grand-rapids-holland-mi
SpringHill Suites Grand Rapids West,pet-friendly-hotels,4274 Parkway Place,Grandville,MI,49418,(616) 649-4733,https://www.marriott.com/en-us/hotels/grrgs-springhill-suites-grand-rapids-west/overview/,https://www.marriott.com/en-us/hotels/grrgs-springhill-suites-grand-rapids-west/overview/,OFFICIAL_PROPERTY,2026-08-23,,,pets are welcome,,grand-rapids-holland-mi
Super 8 by Wyndham Wyoming/Grand Rapids Area,pet-friendly-hotels,727 44th Street Southwest,Wyoming,MI,49509,(616) 530-8588,https://www.wyndhamhotels.com/super-8/wyoming-michigan/super-8-grand-rapids-wyoming/overview,https://www.wyndhamhotels.com/super-8/wyoming-michigan/super-8-grand-rapids-wyoming/overview,OFFICIAL_PROPERTY,2026-08-23,,,pets are allowed,,grand-rapids-holland-mi
The Center Hotel Grand Rapids Airport,pet-friendly-hotels,3333 28th St SE,Grand Rapids,MI,49512,,https://www.choicehotels.com/michigan/grand-rapids/choice-hotels/mi670,https://www.choicehotels.com/michigan/grand-rapids/choice-hotels/mi670,OFFICIAL_PROPERTY,2026-08-23,,,Pets Allowed,,grand-rapids-holland-mi
TownePlace Suites Grand Rapids Airport,pet-friendly-hotels,5430 28th Street Court Southeast,Grand Rapids,MI,49546,(616) 552-6003,https://www.marriott.com/en-us/hotels/grrts-towneplace-suites-grand-rapids-airport/overview/,https://www.marriott.com/en-us/hotels/grrts-towneplace-suites-grand-rapids-airport/overview/,OFFICIAL_PROPERTY,2026-08-23,,,pets are welcome,,grand-rapids-holland-mi
TownePlace Suites Grand Rapids Airport Southeast,pet-friendly-hotels,4850 Town Center Dr SE,Grand Rapids,MI,49512,(616) 512-8300,https://www.marriott.com/en-us/hotels/grrte-towneplace-suites-grand-rapids-airport-southeast/overview/,https://www.marriott.com/en-us/hotels/grrte-towneplace-suites-grand-rapids-airport-southeast/overview/,OFFICIAL_PROPERTY,2026-08-23,,,pets are welcome,,grand-rapids-holland-mi
TownePlace Suites Holland,pet-friendly-hotels,12132 James Street,Holland,MI,49424,,https://www.marriott.com/en-us/hotels/grrht-towneplace-suites-holland/overview/,https://www.marriott.com/en-us/hotels/grrht-towneplace-suites-holland/overview/,OFFICIAL_PROPERTY,2026-08-23,,,Pets Welcome,,grand-rapids-holland-mi
Travelodge by Wyndham Grand Rapids North,pet-friendly-hotels,777 Three Mile Rd NW,Grand Rapids,MI,49544,(616) 784-2900,https://www.wyndhamhotels.com/travelodge/grand-rapids-michigan/travelodge-grand-rapids-north/overview,https://www.wyndhamhotels.com/travelodge/grand-rapids-michigan/travelodge-grand-rapids-north/overview,OFFICIAL_PROPERTY,2026-08-23,,,maximum weight of 25lbs,,grand-rapids-holland-mi
Tru by Hilton Grand Rapids Airport,pet-friendly-hotels,4570 28th Street Southeast,Kentwood,MI,49512,(616) 974-0600,https://www.hilton.com/en/hotels/grrndru-tru-grand-rapids-airport/,https://www.hilton.com/en/hotels/grrndru-tru-grand-rapids-airport/,OFFICIAL_PROPERTY,2026-08-23,,,Pets allowed,,grand-rapids-holland-mi
Tru by Hilton Comstock Park Grand Rapids,pet-friendly-hotels,340 Dodge St NE,Comstock Park,MI,49321,,https://www.hilton.com/en/hotels/grrrrru-tru-comstock-park-grand-rapids/?SEO_id=GMB-AMER-RU-GRRRRRU,https://www.hilton.com/en/hotels/grrrrru-tru-comstock-park-grand-rapids/?SEO_id=GMB-AMER-RU-GRRRRRU,OFFICIAL_PROPERTY,2026-08-23,,,Pets allowed,,grand-rapids-holland-mi
WoodSpring Suites Holland - Grand Rapids,pet-friendly-hotels,2630 Van Ommen Dr,Holland,MI,49424,(616) 738-8200,https://www.woodspring.com/extended-stay-hotels/locations/michigan/grand-rapids/woodspring-suites-grand-rapids-holland,https://www.woodspring.com/extended-stay-hotels/locations/michigan/grand-rapids/woodspring-suites-grand-rapids-holland,OFFICIAL_PROPERTY,2026-08-23,,,PETS ALLOWED,,grand-rapids-holland-mi
Wyndham Garden Grand Rapids Airport,pet-friendly-hotels,4495 28th St SE,Kentwood,MI,49512,,https://www.wyndhamhotels.com/wyndham-garden/grand-rapids-michigan/wyndham-garden-grand-rapids/overview,https://www.wyndhamhotels.com/wyndham-garden/grand-rapids-michigan/wyndham-garden-grand-rapids/overview,OFFICIAL_PROPERTY,2026-08-23,,,Pets Allowed,,grand-rapids-holland-mi
Baymont by Wyndham Indianapolis,pet-friendly-hotels,1540 Brookville Crossing Way,Indianapolis,IN,46239,3176639863,https://www.wyndhamhotels.com/baymont/indianapolis-indiana/baymont-inn-and-suites-indianapolis/overview,https://www.wyndhamhotels.com/baymont/indianapolis-indiana/baymont-inn-and-suites-indianapolis/overview,OFFICIAL_PROPERTY,2026-08-31,,,pets allowed,,indianapolis-in
Baymont by Wyndham Indianapolis Airport Lynhurst,pet-friendly-hotels,5316 West Southern Avenue,Indianapolis,IN,46241,3179825719,https://www.wyndhamhotels.com/baymont/indianapolis-indiana/baymont-indianapolis-airport-lynhurst/overview,https://www.wyndhamhotels.com/baymont/indianapolis-indiana/baymont-indianapolis-airport-lynhurst/overview,OFFICIAL_PROPERTY,2026-09-03,,,Service Animals - ADA-defined service animals welcome./ Pets Allowed - 2 pets max. Dogs only. 45lbs or less per dog./ Fees - 25USD per pet per night./ Contact hotel for additional ,,indianapolis-in
Baymont by Wyndham Indianapolis Northwest,pet-friendly-hotels,3871 W 92nd St,Indianapolis,IN,46268,3174260215,https://www.wyndhamhotels.com/baymont/indianapolis-indiana/baymont-inn-and-suites-indianapolis-northwest/overview,https://www.wyndhamhotels.com/baymont/indianapolis-indiana/baymont-inn-and-suites-indianapolis-northwest/overview,OFFICIAL_PROPERTY,2026-09-03,,,Service Animals - ADA-defined service animals welcome. / Pets Allowed - 2 pets max. 20lbs or less per pet. / Fees - 20USD per pet per night. Pet Sanitation Fee 50USD if required./ ,,indianapolis-in
Baymont by Wyndham Indianapolis West,pet-friendly-hotels,3850 Eagle View Dr,Indianapolis,IN,46254,13179604989,https://www.wyndhamhotels.com/baymont/indianapolis-indiana/baymont-inn-indianapolis-west/overview,https://www.wyndhamhotels.com/baymont/indianapolis-indiana/baymont-inn-indianapolis-west/overview,OFFICIAL_PROPERTY,2026-08-31,,,pets allowed,,indianapolis-in
Baymont Indianapolis South,pet-friendly-hotels,4402 Creek View Drive,Indianapolis,IN,46237,3177623788,https://www.wyndhamhotels.com/baymont/indianapolis-indiana/baymont-inn-indianapolis-south/overview,https://www.wyndhamhotels.com/baymont/indianapolis-indiana/baymont-inn-indianapolis-south/overview,OFFICIAL_PROPERTY,2026-08-25,,,pets allowed,,indianapolis-in
Baymont Inn and Suites Plainfield/Indianapolis Airport,pet-friendly-hotels,6010 Gateway Drive,Plainfield,IN,46168,3172039321,https://www.wyndhamhotels.com/baymont/plainfield-indiana/baymont-inn-and-suites-plainfield-indianapolis-arpt-area/overview,https://www.wyndhamhotels.com/baymont/plainfield-indiana/baymont-inn-and-suites-plainfield-indianapolis-arpt-area/overview,OFFICIAL_PROPERTY,2026-09-03,,,A maximum of two pets are allowed for a non-refundable charge of 25 USD per pet per stay. Pets must be registered with the Front Desk and must be in 1st Floor Rooms. Pet Sanitation,,indianapolis-in
Baymont Noblesville,pet-friendly-hotels,16025 Prosperity Drive,Noblesville,IN,46060,3177706772,https://www.wyndhamhotels.com/baymont/noblesville-indiana/baymont-inn-and-suites-noblesville/overview,https://www.wyndhamhotels.com/baymont/noblesville-indiana/baymont-inn-and-suites-noblesville/overview,OFFICIAL_PROPERTY,2026-08-25,,,pets are welcome,,indianapolis-in
Candlewood Suites Indianapolis Medical District,pet-friendly-hotels,1152 North White River Parkway West Drive,Indianapolis,IN,46222,,https://www.ihg.com/candlewood/hotels/us/en/indianapolis/indwp/hoteldetail,https://www.ihg.com/candlewood/hotels/us/en/indianapolis/indwp/hoteldetail,OFFICIAL_PROPERTY,2026-08-25,,,pets allowed,,indianapolis-in
Candlewood Suites Indianapolis Northwest,pet-friendly-hotels,7455 Woodland Drive,Indianapolis,IN,46278,,https://www.ihg.com/candlewood/hotels/us/en/indianapolis/indez/hoteldetail,https://www.ihg.com/candlewood/hotels/us/en/indianapolis/indez/hoteldetail,OFFICIAL_PROPERTY,2026-08-27,,,pets allowed,,indianapolis-in
Comfort Inn South,pet-friendly-hotels,5040 South East Street,Indianapolis,IN,46227,3177836711,https://www.choicehotels.com/indiana/indianapolis/comfort-inn-hotels/in404,https://www.choicehotels.com/indiana/indianapolis/comfort-inn-hotels/in404,OFFICIAL_PROPERTY,2026-08-27,,,Pets Allowed,,indianapolis-in
Comfort Suites Indianapolis Airport,pet-friendly-hotels,2750 Fortune Circle West,Indianapolis,IN,46241,3177592371,https://www.choicehotels.com/indiana/indianapolis/comfort-suites-hotels/in293,https://www.choicehotels.com/indiana/indianapolis/comfort-suites-hotels/in293,OFFICIAL_PROPERTY,2026-09-04,,,"Pets  Pets Allowed: Yes   General: Pets Allowed.. Service animals are permitted, without charge.",,indianapolis-in
Days Inn & Suites by Wyndham Indianapolis Airport East,pet-friendly-hotels,5241 West Bradbury Avenue,Indianapolis,IN,46241,4632767737,https://www.wyndhamhotels.com/days-inn/indianapolis-indiana/days-inn-and-suites-indianapolis-airport-east/overview,https://www.wyndhamhotels.com/days-inn/indianapolis-indiana/days-inn-and-suites-indianapolis-airport-east/overview,OFFICIAL_PROPERTY,2026-08-25,,,Pets Allowed,,indianapolis-in
Days Inn by Wyndham Indianapolis South,pet-friendly-hotels,5151 Elmwood Ave,Indianapolis,IN,46203,13179605002,https://www.wyndhamhotels.com/days-inn/indianapolis-indiana/days-inn-indianapolis-south/overview,https://www.wyndhamhotels.com/days-inn/indianapolis-indiana/days-inn-indianapolis-south/overview,OFFICIAL_PROPERTY,2026-08-31,,,pets allowed,,indianapolis-in
Days Inn by Wyndham Plainfield,pet-friendly-hotels,2245 Perry Road,Plainfield,IN,46168,3172794562,https://www.wyndhamhotels.com/days-inn/plainfield-indiana/days-inn-plainfield/overview,https://www.wyndhamhotels.com/days-inn/plainfield-indiana/days-inn-plainfield/overview,OFFICIAL_PROPERTY,2026-09-03,,,Maximum 2 dogs are allowed for a non-refundable charge of 20.00 USD per dog per night. Pet Sanitation Fee is 150.00 USD if applicable. ADA defined service animals are also welcome ,,indianapolis-in
Echo Suites Extended Stay by Wyndham Indianapolis Ameriplex,pet-friendly-hotels,5831 Alta Lake Drive,Indianapolis,IN,46241,3172839434,https://www.wyndhamhotels.com/echo-suites/indianapolis-indiana/echo-suites-extended-stay-indianapolis-ameriplex/overview,https://www.wyndhamhotels.com/echo-suites/indianapolis-indiana/echo-suites-extended-stay-indianapolis-ameriplex/overview,OFFICIAL_PROPERTY,2026-09-03,,,Service Animals - ADA-defined service animals welcome. / Dogs Allowed - 2 dogs max. Dogs only. 75lbs or less per dog. / Fees - 50USD for 1st night. Plus 10USD for each additional n,,indianapolis-in
Embassy Suites by Hilton Indianapolis - Downtown,pet-friendly-hotels,110 West Washington Street,Indianapolis,IN,46204,,https://www.hilton.com/en/hotels/indwwes-embassy-suites-indianapolis-downtown/,https://www.hilton.com/en/hotels/indwwes-embassy-suites-indianapolis-downtown/,OFFICIAL_PROPERTY,2026-08-25,,,Pets allowed,,indianapolis-in
Embassy Suites by Hilton Indianapolis North,pet-friendly-hotels,3912 Vincennes Road,Indianapolis,IN,46268,3178727700,https://www.hilton.com/en/hotels/indnhes-embassy-suites-indianapolis-north/,https://www.hilton.com/en/hotels/indnhes-embassy-suites-indianapolis-north/,OFFICIAL_PROPERTY,2026-08-25,,,Pets allowed,,indianapolis-in
Embassy Suites by Hilton Noblesville Indianapolis Conference Center,pet-friendly-hotels,13700 Conference Center Drive South,Noblesville,IN,46060,,https://www.hilton.com/en/hotels/indnbes-embassy-suites-noblesville-indianapolis-conference-center/?SEO_id=GMB-AMER-ES-INDNBES,https://www.hilton.com/en/hotels/indnbes-embassy-suites-noblesville-indianapolis-conference-center/?SEO_id=GMB-AMER-ES-INDNBES,OFFICIAL_PROPERTY,2026-08-27,,,Pets allowed,,indianapolis-in
Extended Stay America - Indianapolis - Airport - W. Southern Ave.,pet-friendly-hotels,5350 West Southern Avenue,Indianapolis,IN,46241,,https://extendedstayamerica.com/hotels/in/indianapolis/airport-w-southern-ave,https://extendedstayamerica.com/hotels/in/indianapolis/airport-w-southern-ave,OFFICIAL_PROPERTY,2026-08-31,,,pets allowed,,indianapolis-in
Extended Stay America - Indianapolis - Lawrence,pet-friendly-hotels,9515 Pendleton Pike,Indianapolis,IN,46236,3178900909,https://www.extendedstayamerica.com/hotels/in/indianapolis/lawrence,https://www.extendedstayamerica.com/hotels/in/indianapolis/lawrence,OFFICIAL_PROPERTY,2026-08-31,,,pets allowed,,indianapolis-in
Extended Stay America - Indianapolis - West 86th St.,pet-friendly-hotels,8520 Northwest Boulevard,Indianapolis,IN,46278,,https://extendedstayamerica.com/hotels/in/indianapolis/west-86th-st,https://extendedstayamerica.com/hotels/in/indianapolis/west-86th-st,OFFICIAL_PROPERTY,2026-08-31,,,pets allowed,,indianapolis-in
Extended Stay America Indianapolis - Plainfield,pet-friendly-hotels,6295 Gateway Drive,Plainfield,IN,46168,3178372950,https://www.extendedstayamerica.com/hotels/in/indianapolis/plainfield,https://www.extendedstayamerica.com/hotels/in/indianapolis/plainfield,OFFICIAL_PROPERTY,2026-09-04,,,A maximum of two pets are allowed in each suite. Height and length restrictions apply-- pets can be no longer than 36 inches and no taller than 36 inches. Larger animals or more th,,indianapolis-in
Extended Stay America Indianapolis Castleton,pet-friendly-hotels,7940 N. Shadeland Ave.,Indianapolis,IN,46250,3175961288,https://www.extendedstayamerica.com/hotels/in/indianapolis/castleton,https://www.extendedstayamerica.com/hotels/in/indianapolis/castleton,OFFICIAL_PROPERTY,2026-09-04,,,A maximum of two pets are allowed in each suite. Height and length restrictions apply-- pets can be no longer than 36 inches and no taller than 36 inches. Larger animals or more th,,indianapolis-in
Extended Stay America Indianapolis Northwest,pet-friendly-hotels,9370 Waldemar Road,Indianapolis,IN,46268,,https://www.extendedstayamerica.com/hotels/in/indianapolis/northwest-i465,https://www.extendedstayamerica.com/hotels/in/indianapolis/northwest-i465,OFFICIAL_PROPERTY,2026-08-31,,,pets allowed,,indianapolis-in
Extended Stay America Select Suites Indianapolis Greenwood,pet-friendly-hotels,1009 Greenwood Springs Blvd,Greenwood,IN,46143,13178829200,https://www.extendedstayamerica.com/hotels/in/indianapolis/greenwood,https://www.extendedstayamerica.com/hotels/in/indianapolis/greenwood,OFFICIAL_PROPERTY,2026-08-31,,,pets allowed,,indianapolis-in
Extended Stay America Select Suites Indianapolis West,pet-friendly-hotels,8045 Rockville Rd,Indianapolis,IN,46214,13172719300,https://www.extendedstayamerica.com/hotels/in/indianapolis/west,https://www.extendedstayamerica.com/hotels/in/indianapolis/west,OFFICIAL_PROPERTY,2026-08-31,,,pets allowed,,indianapolis-in
Fairfield Inn & Suites Indianapolis Northwest,pet-friendly-hotels,5905 West 86th Street,Indianapolis,IN,46278,,https://www.marriott.com/en-us/hotels/indfn-fairfield-inn-and-suites-indianapolis-northwest/overview/,https://www.marriott.com/en-us/hotels/indfn-fairfield-inn-and-suites-indianapolis-northwest/overview/,OFFICIAL_PROPERTY,2026-08-25,,,pets are welcome,,indianapolis-in
Hampton Inn & Suites Indianapolis Fishers,pet-friendly-hotels,11575 Commercial Drive,Fishers,IN,46038,,https://www.hilton.com/en/hotels/indfshx-hampton-suites-indianapolis-fishers/?SEO_id=GMB-AMER-HX-INDFSHX,https://www.hilton.com/en/hotels/indfshx-hampton-suites-indianapolis-fishers/?SEO_id=GMB-AMER-HX-INDFSHX,OFFICIAL_PROPERTY,2026-08-27,,,Pets allowed,,indianapolis-in
Hampton Inn & Suites Indianapolis Keystone,pet-friendly-hotels,8980 River Crossing Boulevard,Indianapolis,IN,46240,3177067500,https://www.hilton.com/en/hotels/indkehx-hampton-suites-indianapolis-keystone/,https://www.hilton.com/en/hotels/indkehx-hampton-suites-indianapolis-keystone/,OFFICIAL_PROPERTY,2026-08-25,,,Pets allowed,,indianapolis-in
Hampton Inn & Suites Indianapolis West Speedway,pet-friendly-hotels,2608 Founders Square Drive,Indianapolis,IN,46224,,https://www.hilton.com/en/hotels/indswhx-hampton-suites-indianapolis-west-speedway/,https://www.hilton.com/en/hotels/indswhx-hampton-suites-indianapolis-west-speedway/,OFFICIAL_PROPERTY,2026-08-25,,,Pets allowed,,indianapolis-in
Hampton Inn & Suites Indianapolis-Airport,pet-friendly-hotels,9020 Hatfield Drive,Indianapolis,IN,46241,3178561000,https://www.hilton.com/en/hotels/indarhx-hampton-suites-indianapolis-airport/,https://www.hilton.com/en/hotels/indarhx-hampton-suites-indianapolis-airport/,OFFICIAL_PROPERTY,2026-08-25,,,Pets allowed,,indianapolis-in
Hampton Inn Indianapolis Avon,pet-friendly-hotels,110 South County Road 800 East,Avon,IN,46123,,https://www.hilton.com/en/hotels/indavhx-hampton-suites-avon-indianapolis/?SEO_id=GMB-AMER-HX-INDAVHX,https://www.hilton.com/en/hotels/indavhx-hampton-suites-avon-indianapolis/?SEO_id=GMB-AMER-HX-INDAVHX,OFFICIAL_PROPERTY,2026-08-27,,,Pets allowed,,indianapolis-in
Hampton Inn Indianapolis Downtown Across from Circle Centre,pet-friendly-hotels,105 South Meridian Street,Indianapolis,IN,46225,3172611200,https://www.hilton.com/en/hotels/inddthx-hampton-indianapolis-downtown-across-from-circle-centre/,https://www.hilton.com/en/hotels/inddthx-hampton-indianapolis-downtown-across-from-circle-centre/,OFFICIAL_PROPERTY,2026-08-25,,,Pets allowed,,indianapolis-in
Hampton Inn Indianapolis Northeast Castleton,pet-friendly-hotels,6817 East 82nd Street,Indianapolis,IN,46250,3175760220,https://www.hilton.com/en/hotels/indnehx-hampton-indianapolis-ne-castleton/,https://www.hilton.com/en/hotels/indnehx-hampton-indianapolis-ne-castleton/,OFFICIAL_PROPERTY,2026-08-25,,,Pets allowed,,indianapolis-in
Hampton Inn Indianapolis Northwest - Park 100,pet-friendly-hotels,5860 West 73rd Street,Indianapolis,IN,46278,3172906000,https://www.hilton.com/en/hotels/indwdhx-hampton-indianapolis-northwest-park-100/,https://www.hilton.com/en/hotels/indwdhx-hampton-indianapolis-northwest-park-100/,OFFICIAL_PROPERTY,2026-08-25,,,Pets allowed,,indianapolis-in
Hampton Inn Indianapolis Southwest Plainfield,pet-friendly-hotels,2244 East Main Street,Plainfield,IN,46168,3178399993,https://www.hilton.com/en/hotels/indpfhx-hampton-indianapolis-sw-plainfield/?SEO_id=GMB-AMER-HX-INDPFHX,https://www.hilton.com/en/hotels/indpfhx-hampton-indianapolis-sw-plainfield/?SEO_id=GMB-AMER-HX-INDPFHX,OFFICIAL_PROPERTY,2026-08-27,,,Pets allowed,,indianapolis-in
Hampton Inn Indianapolis-South,pet-friendly-hotels,7045 McFarland Boulevard,Indianapolis,IN,46237,3178890722,https://www.hilton.com/en/hotels/indsthx-hampton-indianapolis-south/,https://www.hilton.com/en/hotels/indsthx-hampton-indianapolis-south/,OFFICIAL_PROPERTY,2026-08-27,,,Pets allowed,,indianapolis-in
Hampton Inn Westfield Indianapolis,pet-friendly-hotels,17400 Wheeler Road,Westfield,IN,46074,3177631900,https://www.hilton.com/en/hotels/indwehx-hampton-westfield-indianapolis/?SEO_id=GMB-AMER-HX-INDWEHX,https://www.hilton.com/en/hotels/indwehx-hampton-westfield-indianapolis/?SEO_id=GMB-AMER-HX-INDWEHX,OFFICIAL_PROPERTY,2026-08-27,,,Pets allowed,,indianapolis-in
Hilton Garden Inn Indianapolis Airport,pet-friendly-hotels,8910 Hatfield Drive,Indianapolis,IN,46241,,https://www.hilton.com/en/hotels/indaggi-hilton-garden-inn-indianapolis-airport/,https://www.hilton.com/en/hotels/indaggi-hilton-garden-inn-indianapolis-airport/,OFFICIAL_PROPERTY,2026-08-27,,,Pets allowed,,indianapolis-in
Hilton Garden Inn Indianapolis Downtown,pet-friendly-hotels,108 North Pennsylvania Street,Indianapolis,IN,46204,,https://www.hilton.com/en/hotels/inddhgi-hilton-garden-inn-indianapolis-downtown/,https://www.hilton.com/en/hotels/inddhgi-hilton-garden-inn-indianapolis-downtown/,OFFICIAL_PROPERTY,2026-08-27,,,Pets allowed,,indianapolis-in
Hilton Garden Inn Indianapolis Northeast/Fishers,pet-friendly-hotels,9785 North by Northeast Boulevard,Fishers,IN,46037,,https://www.hilton.com/en/hotels/indfhgi-hilton-garden-inn-indianapolis-northeast-fishers/,https://www.hilton.com/en/hotels/indfhgi-hilton-garden-inn-indianapolis-northeast-fishers/,OFFICIAL_PROPERTY,2026-08-27,,,Pets allowed,,indianapolis-in
Hilton Garden Inn Indianapolis Northwest,pet-friendly-hotels,6930 Intech Boulevard,Indianapolis,IN,46278,3172886060,https://www.hilton.com/en/hotels/indnogi-hilton-garden-inn-indianapolis-northwest/,https://www.hilton.com/en/hotels/indnogi-hilton-garden-inn-indianapolis-northwest/,OFFICIAL_PROPERTY,2026-08-27,,,Pets allowed,,indianapolis-in
Hilton Garden Inn Indianapolis/Carmel,pet-friendly-hotels,13090 Pennsylvania Street,Carmel,IN,46032,,https://www.hilton.com/en/hotels/indcagi-hilton-garden-inn-indianapolis-carmel/,https://www.hilton.com/en/hotels/indcagi-hilton-garden-inn-indianapolis-carmel/,OFFICIAL_PROPERTY,2026-08-27,,,Pets allowed,,indianapolis-in
Hilton Indianapolis Hotel & Suites,pet-friendly-hotels,120 West Market Street,Indianapolis,IN,46204,3179720600,https://www.hilton.com/en/hotels/inddnhf-hilton-indianapolis-hotel-and-suites/,https://www.hilton.com/en/hotels/inddnhf-hilton-indianapolis-hotel-and-suites/,OFFICIAL_PROPERTY,2026-08-27,,,Pets allowed,,indianapolis-in
Holiday Inn Express & Suites Carmel North - Westfield,pet-friendly-hotels,15131 Thatcher Lane,Carmel,IN,46033,3175750000,https://www.ihg.com/holidayinnexpress/hotels/us/en/carmel/indcw/hoteldetail,https://www.ihg.com/holidayinnexpress/hotels/us/en/carmel/indcw/hoteldetail,OFFICIAL_PROPERTY,2026-08-25,,,Pets are welcome,,indianapolis-in
Holiday Inn Express & Suites Indianapolis Northwest,pet-friendly-hotels,6240 Intech Commons Drive,Indianapolis,IN,46278,3172757000,https://www.ihg.com/holidayinnexpress/hotels/us/en/indianapolis/indic/hoteldetail,https://www.ihg.com/holidayinnexpress/hotels/us/en/indianapolis/indic/hoteldetail,OFFICIAL_PROPERTY,2026-08-25,,,pets allowed,,indianapolis-in
Holiday Inn Express Plainfield,pet-friendly-hotels,6296 Cambridge Way,Plainfield,IN,46168,3178399000,https://www.ihg.com/holidayinnexpress/hotels/us/en/plainfield/indsw/hoteldetail,https://www.ihg.com/holidayinnexpress/hotels/us/en/plainfield/indsw/hoteldetail,OFFICIAL_PROPERTY,2026-08-25,,,pets allowed,,indianapolis-in
Home2 Suites by Hilton Brownsburg,pet-friendly-hotels,520 West Northfield Drive,Brownsburg,IN,46112,,https://www.hilton.com/en/hotels/indbbht-home2-suites-brownsburg/?SEO_id=GMB-AMER-HT-INDBBHT,https://www.hilton.com/en/hotels/indbbht-home2-suites-brownsburg/?SEO_id=GMB-AMER-HT-INDBBHT,OFFICIAL_PROPERTY,2026-08-27,,,Pets allowed,,indianapolis-in
Home2 Suites by Hilton Indianapolis Downtown,pet-friendly-hotels,115 North Pennsylvania Street,Indianapolis,IN,46204,3174233636,https://www.hilton.com/en/hotels/indhtht-home2-suites-indianapolis-downtown/,https://www.hilton.com/en/hotels/indhtht-home2-suites-indianapolis-downtown/,OFFICIAL_PROPERTY,2026-08-27,,,Pets allowed,,indianapolis-in
Home2 Suites by Hilton Indianapolis Keystone Crossing,pet-friendly-hotels,3980 East 82nd Street,Indianapolis,IN,46240,,https://www.hilton.com/en/hotels/indenht-home2-suites-indianapolis-keystone-crossing/?SEO_id=GMB-AMER-HT-INDENHT,https://www.hilton.com/en/hotels/indenht-home2-suites-indianapolis-keystone-crossing/?SEO_id=GMB-AMER-HT-INDENHT,OFFICIAL_PROPERTY,2026-08-27,,,pets allowed,,indianapolis-in
Home2 Suites by Hilton Indianapolis Northwest,pet-friendly-hotels,8930 Wesleyan Road,Indianapolis,IN,46268,3173001082,https://www.hilton.com/en/hotels/indwrht-home2-suites-indianapolis-northwest/,https://www.hilton.com/en/hotels/indwrht-home2-suites-indianapolis-northwest/,OFFICIAL_PROPERTY,2026-08-27,,,Pets allowed,,indianapolis-in
Homewood Suites by Hilton Indianapolis - Keystone Crossing,pet-friendly-hotels,2501 East 86th Street,Indianapolis,IN,46240,,https://www.hilton.com/en/hotels/indkchw-homewood-suites-indianapolis-keystone-crossing/?SEO_id=GMB-AMER-HG-INDKCHW,https://www.hilton.com/en/hotels/indkchw-homewood-suites-indianapolis-keystone-crossing/?SEO_id=GMB-AMER-HG-INDKCHW,OFFICIAL_PROPERTY,2026-08-27,,,Pets allowed,,indianapolis-in
Homewood Suites by Hilton Indianapolis Carmel,pet-friendly-hotels,12975 Palisade Boulevard,Carmel,IN,46032,,https://www.hilton.com/en/hotels/indnmhw-homewood-suites-indianapolis-carmel/?SEO_id=GMB-AMER-HG-INDNMHW,https://www.hilton.com/en/hotels/indnmhw-homewood-suites-indianapolis-carmel/?SEO_id=GMB-AMER-HG-INDNMHW,OFFICIAL_PROPERTY,2026-08-27,,,Pets allowed,,indianapolis-in
Homewood Suites by Hilton Indianapolis-Airport/Plainfield,pet-friendly-hotels,2264 Perry Road,Plainfield,IN,46168,,https://www.hilton.com/en/hotels/indpdhw-homewood-suites-indianapolis-airport-plainfield/?SEO_id=GMB-AMER-HG-INDPDHW,https://www.hilton.com/en/hotels/indpdhw-homewood-suites-indianapolis-airport-plainfield/?SEO_id=GMB-AMER-HG-INDPDHW,OFFICIAL_PROPERTY,2026-08-27,,,Pets allowed,,indianapolis-in
Hyatt Place Indianapolis Airport,pet-friendly-hotels,5500 West Bradbury Avenue,Indianapolis,IN,46241,3172432041,https://indianapolisairport.place.hyatt.com/en/hotel/home.html,https://indianapolisairport.place.hyatt.com/en/hotel/home.html,OFFICIAL_PROPERTY,2026-09-04,,,We welcome your pets at Hyatt Place Indianapolis Airport but note that all pets must be housebroken and crated when you are not in the room. (2) dogs are allowed per room weighing ,,indianapolis-in
Indianapolis Marriott East,pet-friendly-hotels,7202 East 21st Street,Indianapolis,IN,46219,,https://www.marriott.com/en-us/hotels/inddt-indianapolis-marriott-east/overview/?scid=f2ae0541-1279-4f24-b197-a979c79310b0,https://www.marriott.com/en-us/hotels/inddt-indianapolis-marriott-east/overview/?scid=f2ae0541-1279-4f24-b197-a979c79310b0,OFFICIAL_PROPERTY,2026-08-27,,,pets are welcome,,indianapolis-in
La Quinta Inn & Suites by Wyndham Indianapolis Downtown,pet-friendly-hotels,401 East Washington Street,Indianapolis,IN,46204,4632590689,https://www.wyndhamhotels.com/laquinta/indianapolis-indiana/la-quinta-indianapolis-downtown/overview,https://www.wyndhamhotels.com/laquinta/indianapolis-indiana/la-quinta-indianapolis-downtown/overview,OFFICIAL_PROPERTY,2026-08-25,,,Pets Allowed,,indianapolis-in
La Quinta Inn & Suites Indianapolis South,pet-friendly-hotels,5120 Victory Drive,Indianapolis,IN,46203,,https://www.wyndhamhotels.com/laquinta/indianapolis-indiana/la-quinta-indianapolis-south/overview,https://www.wyndhamhotels.com/laquinta/indianapolis-indiana/la-quinta-indianapolis-south/overview,OFFICIAL_PROPERTY,2026-08-27,,,Pets Allowed,,indianapolis-in
La Quinta Inn Indianapolis Airport Executive Dr,pet-friendly-hotels,2650 Executive Drive,Indianapolis,IN,46241,3172448100,https://www.wyndhamhotels.com/laquinta/indianapolis-indiana/la-quinta-inn-indianapolis-airport-executive-dr/overview,https://www.wyndhamhotels.com/laquinta/indianapolis-indiana/la-quinta-inn-indianapolis-airport-executive-dr/overview,OFFICIAL_PROPERTY,2026-08-25,,,Pets Allowed,,indianapolis-in
Le Meridien Indianapolis,pet-friendly-hotels,123 South Illinois Street,Indianapolis,IN,46225,,https://www.marriott.com/en-us/hotels/indmd-le-meridien-indianapolis/overview/,https://www.marriott.com/en-us/hotels/indmd-le-meridien-indianapolis/overview/,OFFICIAL_PROPERTY,2026-08-25,,,pets are welcome,,indianapolis-in
Omni Severin Hotel Indianapolis,pet-friendly-hotels,40 West Jackson Place,Indianapolis,IN,46225,,https://www.omnihotels.com/hotels/indianapolis-severin,https://www.omnihotels.com/hotels/indianapolis-severin,OFFICIAL_PROPERTY,2026-08-27,,,pet friendly,,indianapolis-in
Quality Inn & Suites Brownsburg - Indianapolis West,pet-friendly-hotels,31 Maplehurst Drive,Brownsburg,IN,46112,,https://www.choicehotels.com/indiana/brownsburg/quality-inn-hotels/in441,https://www.choicehotels.com/indiana/brownsburg/quality-inn-hotels/in441,OFFICIAL_PROPERTY,2026-08-27,,,Pets Are Allowed,,indianapolis-in
Red Roof Inn - Indianapolis East,pet-friendly-hotels,7314 East 21st Street,Indianapolis,IN,46219,9373276504,https://www.redroof.com/property/in/indianapolis/RRI602,https://www.redroof.com/property/in/indianapolis/RRI602,OFFICIAL_PROPERTY,2026-09-04,,,"Pet Policy: One, well-behaved domestic pet (cat or dog) Stays Free! Pets must be declared at check-in. Up to 2 pets allowed per room. Second pet $15/ night, not to exceed 7 nights ",,indianapolis-in
Red Roof Inn Indianapolis - Greenwood,pet-friendly-hotels,110 Sheek Road,Greenwood,IN,46143,,https://www.redroof.com/property/in/greenwood/rri650,https://www.redroof.com/property/in/greenwood/rri650,OFFICIAL_PROPERTY,2026-08-27,,,pets allowed,,indianapolis-in
Red Roof Inn Indianapolis South,pet-friendly-hotels,5221 Victory Drive,Indianapolis,IN,46203,,https://www.redroof.com/property/in/indianapolis/rri013,https://www.redroof.com/property/in/indianapolis/rri013,OFFICIAL_PROPERTY,2026-08-27,,,pets allowed,,indianapolis-in
Residence Inn by Marriott Indianapolis Carmel,pet-friendly-hotels,11898 North Meridian Street,Carmel,IN,46032,,https://www.marriott.com/en-us/hotels/indcr-residence-inn-indianapolis-carmel/overview/?scid=f2ae0541-1279-4f24-b197-a979c79310b0,https://www.marriott.com/en-us/hotels/indcr-residence-inn-indianapolis-carmel/overview/?scid=f2ae0541-1279-4f24-b197-a979c79310b0,OFFICIAL_PROPERTY,2026-08-27,,,pets are welcome,,indianapolis-in
Residence Inn by Marriott Indianapolis Downtown on the Canal,pet-friendly-hotels,350 West New York Street,Indianapolis,IN,46202,3178220840,https://www.marriott.com/en-us/hotels/indri-residence-inn-indianapolis-downtown-on-the-canal/overview/,https://www.marriott.com/en-us/hotels/indri-residence-inn-indianapolis-downtown-on-the-canal/overview/,OFFICIAL_PROPERTY,2026-08-25,,,pets are welcome,,indianapolis-in
Residence Inn by Marriott Indianapolis Keystone,pet-friendly-hotels,9450 Counselors Row,Indianapolis,IN,46240,,https://www.marriott.com/en-us/hotels/indrn-residence-inn-indianapolis-keystone/overview/?scid=f2ae0541-1279-4f24-b197-a979c79310b0,https://www.marriott.com/en-us/hotels/indrn-residence-inn-indianapolis-keystone/overview/?scid=f2ae0541-1279-4f24-b197-a979c79310b0,OFFICIAL_PROPERTY,2026-08-27,,,pets are welcome,,indianapolis-in
Sheraton Indianapolis City Centre Hotel,pet-friendly-hotels,31 West Ohio Street,Indianapolis,IN,46204,,https://www.marriott.com/en-us/hotels/indsc-sheraton-indianapolis-city-centre-hotel/overview/?scid=f2ae0541-1279-4f24-b197-a979c79310b0,https://www.marriott.com/en-us/hotels/indsc-sheraton-indianapolis-city-centre-hotel/overview/?scid=f2ae0541-1279-4f24-b197-a979c79310b0,OFFICIAL_PROPERTY,2026-08-27,,,Pets Welcome,,indianapolis-in
Sonesta Select,pet-friendly-hotels,37 103rd Street,Indianapolis,IN,46290,3175711110,https://www.sonesta.com/sonesta-select/in/indianapolis/sonesta-select-indianapolis-carmel,https://www.sonesta.com/sonesta-select/in/indianapolis/sonesta-select-indianapolis-carmel,OFFICIAL_PROPERTY,2026-09-03,,,"Sonesta Select Indianapolis Carmel ... welcomes well-mannered pets, with no breed or weight restrictions. Up to two pets are permitted per suite.",,indianapolis-in
Staybridge Suites Indianapolis Airport Plainfield,pet-friendly-hotels,6295 Cambridge Way,Plainfield,IN,46168,,https://www.ihg.com/staybridge/hotels/us/en/plainfield/indpf/hoteldetail,https://www.ihg.com/staybridge/hotels/us/en/plainfield/indpf/hoteldetail,OFFICIAL_PROPERTY,2026-08-25,,,Pets are welcome,,indianapolis-in
Super 8 by Wyndham Brownsburg,pet-friendly-hotels,1100 North Green Street,Brownsburg,IN,46112,3178525211,https://www.wyndhamhotels.com/super-8/brownsburg-indiana/super-8-brownsburg/overview,https://www.wyndhamhotels.com/super-8/brownsburg-indiana/super-8-brownsburg/overview,OFFICIAL_PROPERTY,2026-09-03,,,ADA-defined service animals are welcome free of charge. Max 2 dogs only for 15 USD per pet per night. Pet Sanitation Fee is 100 USD if required.,,indianapolis-in
Super 8 by Wyndham Indianapolis Emerson Ave,pet-friendly-hotels,4530 South Emerson Avenue,Indianapolis,IN,46203,13174290336,https://www.wyndhamhotels.com/super-8/indianapolis-indiana/super-8-indianapolis-emerson-ave/overview,https://www.wyndhamhotels.com/super-8/indianapolis-indiana/super-8-indianapolis-emerson-ave/overview,OFFICIAL_PROPERTY,2026-08-31,,,pets allowed,,indianapolis-in
Super 8 by Wyndham Indianapolis South,pet-friendly-hotels,450 Bixler Road,Indianapolis,IN,46227,3179817074,https://www.wyndhamhotels.com/super-8/indianapolis-indiana/super-8-indianapolis-south/overview,https://www.wyndhamhotels.com/super-8/indianapolis-indiana/super-8-indianapolis-south/overview,OFFICIAL_PROPERTY,2026-08-25,,,Up to 2 pets with a maximum weight of 50lbs are welcome,,indianapolis-in
"The Alexander, Autograph Collection",pet-friendly-hotels,333 South Delaware Street,Indianapolis,IN,46204,3176248200,https://www.marriott.com/en-us/hotels/indax-the-alexander/overview/,https://www.marriott.com/en-us/hotels/indax-the-alexander/overview/,OFFICIAL_PROPERTY,2026-08-25,,,Pets Welcome,,indianapolis-in
The Westin Indianapolis,pet-friendly-hotels,241 West Washington Street,Indianapolis,IN,46204,3172628100,https://www.marriott.com/en-us/hotels/indwi-the-westin-indianapolis/overview/,https://www.marriott.com/en-us/hotels/indwi-the-westin-indianapolis/overview/,OFFICIAL_PROPERTY,2026-08-25,,,pets are welcome,,indianapolis-in
Travelodge by Wyndham Indianapolis Speedway,pet-friendly-hotels,2930 Waterfront Pkwy West Dr,Indianapolis,IN,46214,13177552244,https://www.wyndhamhotels.com/travelodge/indianapolis-indiana/travelodge-indianapolis-speedway/overview,https://www.wyndhamhotels.com/travelodge/indianapolis-indiana/travelodge-indianapolis-speedway/overview,OFFICIAL_PROPERTY,2026-08-31,,,pets allowed,,indianapolis-in
Tru by Hilton Indianapolis Downtown,pet-friendly-hotels,601 Russell Avenue,Indianapolis,IN,46225,3174724800,https://www.hilton.com/en/hotels/inddwru-tru-indianapolis-downtown/,https://www.hilton.com/en/hotels/inddwru-tru-indianapolis-downtown/,OFFICIAL_PROPERTY,2026-08-27,,,Pets allowed,,indianapolis-in
Tru by Hilton Indianapolis Lawrence,pet-friendly-hotels,5660 Lawrence Village Parkway,Indianapolis,IN,46216,3175418803,https://www.hilton.com/en/hotels/inddlru-tru-lawrence/,https://www.hilton.com/en/hotels/inddlru-tru-lawrence/,OFFICIAL_PROPERTY,2026-09-04,,,"Pets allowed, $75.00 non-refundable fee, 50 lbs maximum, $50(1-4n),$75(5+n) 2petsMax,dog/cat only",,indianapolis-in
Wingate By Wyndham Indianapolis Airport-Rockville Rd.,pet-friendly-hotels,5797 Rockville Road,Indianapolis,IN,46224,,https://www.wyndhamhotels.com/wingate/indianapolis-indiana/wingate-by-wyndham-indianapolis-airport-rockville-rd/overview,https://www.wyndhamhotels.com/wingate/indianapolis-indiana/wingate-by-wyndham-indianapolis-airport-rockville-rd/overview,OFFICIAL_PROPERTY,2026-08-27,,,Pets are allowed,,indianapolis-in
WoodSpring Suites Indianapolis Castleton,pet-friendly-hotels,8301 Bash Street,Indianapolis,IN,46250,3178543327,https://www.woodspring.com/extended-stay-hotels/locations/indiana/indianapolis/woodSpring-suites-indianapolis-castleton,https://www.woodspring.com/extended-stay-hotels/locations/indiana/indianapolis/woodSpring-suites-indianapolis-castleton,OFFICIAL_PROPERTY,2026-09-03,,,"Pet Policy: Service Animals are welcome at no additional charge, must be registered upon arrival. Limit of 2 Dogs per room. No Cats. Registration Fee of 50 USD. Plus 5 USD for each",,indianapolis-in
Wyndham Indianapolis West,pet-friendly-hotels,2544 Executive Drive,Indianapolis,IN,46241,3172482481,https://www.wyndhamhotels.com/wyndham/indianapolis-indiana/wyndham-indianapolis-airport/overview,https://www.wyndhamhotels.com/wyndham/indianapolis-indiana/wyndham-indianapolis-airport/overview,OFFICIAL_PROPERTY,2026-09-03,,,Designated Pet-friendly rooms may not be available for a requested room type. We welcome your pets and accept up to a maximum of two dogs weighing below 70 pounds with some breed r,,indianapolis-in
Double Tree Hilton,pet-friendly-hotels,2601 Richmond Road,Lexington,KY,40509,,https://www.hilton.com/en/hotels/lexrrdt/hotel-info/,https://www.hilton.com/en/hotels/lexrrdt/hotel-info/,OFFICIAL_PROPERTY,2026-09-06,,,"Pets allowed, $75.00 non-refundable fee, 50 lbs maximum, Non refundable $75 fee per dog",,lexington-ky
Embassy Suites,pet-friendly-hotels,1801 Newtown Pike,Lexington,KY,40511,,https://www.hilton.com/en/hotels/lexeses/hotel-info/,https://www.hilton.com/en/hotels/lexeses/hotel-info/,OFFICIAL_PROPERTY,2026-09-06,,,"Pets allowed, $75.00 non-refundable fee, $75(1-4n),$125(5+n)2petsMax,dog/cat only",,lexington-ky
Extended Stay America - Lexington - Nicholasville Road,pet-friendly-hotels,2650 Wilhite Court,Lexington,KY,40503,,https://www.extendedstayamerica.com/hotels/ky/lexington/nicholasville-road,https://www.extendedstayamerica.com/hotels/ky/lexington/nicholasville-road,OFFICIAL_PROPERTY,2026-09-06,,,"Is Extended Stay America Lexington - Nicholasville Road pet friendly? Yes. Extended Stay America Lexington - Nicholasville Road offers pet-friendly rooms, so you can bring your furry companion along for your stay.",,lexington-ky
Fairfield Inn & Suites Lexington North,pet-friendly-hotels,2100 Hackney Place,Lexington,KY,40511,,https://www.marriott.com/lexnw,https://www.marriott.com/lexnw,OFFICIAL_PROPERTY,2026-09-06,,,Pet Policy Pets Welcome Pets restricted to specific floor and specific room types. Non-Refundable Pet Fee : $0.00 Non-Refundable Pet Fee Per Night: $30.00 Maximum Pet Weight: 50.0lbs,,lexington-ky
Griffin Gate Marriott Resort & Spa,pet-friendly-hotels,1800 Newtown Pike,Lexington,KY,40511,,https://www.marriott.com/lexky,https://www.marriott.com/lexky,OFFICIAL_PROPERTY,2026-09-06,,,Pet Policy Pets Welcome. 2 pets 100 lbs max per room-USD 100 per room fee / Undeclared pets USD 250. Non-Refundable Pet Fee Per Stay: $100.00 Maximum Pet Weight: 100.0lbs,,lexington-ky
Hampton Inn,pet-friendly-hotels,2251 Elkhorn Road,Lexington,KY,40505,,https://www.hilton.com/en/hotels/lexehhx/hotel-info/,https://www.hilton.com/en/hotels/lexehhx/hotel-info/,OFFICIAL_PROPERTY,2026-09-06,,,"Pets allowed, $75.00 non-refundable fee, 50 lbs maximum, $75(1-4n),$125(5+n)2petsMax,dog/cat only",,lexington-ky
Hampton Inn Lexington Medical Center,pet-friendly-hotels,1953 Nicholasville Road,Lexington,KY,40503,,https://www.hilton.com/en/hotels/lexmchx/hotel-info/,https://www.hilton.com/en/hotels/lexmchx/hotel-info/,OFFICIAL_PROPERTY,2026-09-06,,,"Pets allowed, $75.00 non-refundable fee, 75 lbs maximum",,lexington-ky
Hampton Inn Lexington South-Keeneland/Airport,pet-friendly-hotels,3060 Lakecrest Circle,Lexington,KY,40513,,https://www.hilton.com/en/hotels/lexaphx/hotel-info/,https://www.hilton.com/en/hotels/lexaphx/hotel-info/,OFFICIAL_PROPERTY,2026-09-06,,,"Pets allowed, $50.00 non-refundable fee, $50(1-4 nights), $75(5+ nights) 2 pets Max, dog/cat only",,lexington-ky
Hilton Garden Inn,pet-friendly-hotels,1973 Plaudit Place,Lexington,KY,40509,,https://www.hilton.com/en/hotels/lexlhgi/hotel-info/,https://www.hilton.com/en/hotels/lexlhgi/hotel-info/,OFFICIAL_PROPERTY,2026-09-06,,,"Pets allowed, $75.00 non-refundable fee, 75 lbs maximum, $75 (1-4nt), $125(5+nts) 2 pets Max, dog/cat only",,lexington-ky
Home2 Suites,pet-friendly-hotels,960 Midnight Pass,Lexington,KY,40513,,https://www.hilton.com/en/hotels/lexkeht/hotel-info/,https://www.hilton.com/en/hotels/lexkeht/hotel-info/,OFFICIAL_PROPERTY,2026-09-06,,,"Pets allowed, $75.00 non-refundable fee, 100 lbs maximum",,lexington-ky
Homewood Suites by Hilton Lexington-Hamburg,pet-friendly-hotels,2033 Bryant Road,Lexington,KY,40509,,https://www.hilton.com/en/hotels/lexhbhw/hotel-info/,https://www.hilton.com/en/hotels/lexhbhw/hotel-info/,OFFICIAL_PROPERTY,2026-09-06,,,"Pets allowed, $50.00 non-refundable fee, $50(1-4n),$75(5+n) 2petsMax,dog/cat only",,lexington-ky
Hyatt Place Lexington,pet-friendly-hotels,2001 Bryant Road,Lexington,KY,40509,,https://www.hyatt.com/en-us/hotel/kentucky/hyatt-place-lexington/lexzl,https://www.hyatt.com/en-us/hotel/kentucky/hyatt-place-lexington/lexzl,OFFICIAL_PROPERTY,2026-09-06,,,"Pets Are Welcome. Hyatt Place Lexington is a pet-friendly hotel. We welcome dogs up to 50 pounds, or two dogs with a combined weight of 75 pounds or less per room. All dogs must be housebroken, always be on a leash and are not allowed in food service areas or the pool.",,lexington-ky
Hyatt Regency Lexington,pet-friendly-hotels,401 West High Street,Lexington,KY,40507,,https://www.hyatt.com/hyatt-regency/en-US/lexrl-hyatt-regency-lexington,https://www.hyatt.com/hyatt-regency/en-US/lexrl-hyatt-regency-lexington,OFFICIAL_PROPERTY,2026-09-06,,,"We Are Pet Friendly. Pets are not allowed in the public areas, food service areas and pool. Dogs must be on leashes when in public areas. Pet Fees 1 - 6 nights: $100; 7 nights or more: $200. Individual pet weight limit: 50 Pounds.",,lexington-ky
Residence Inn,pet-friendly-hotels,3110 Wall Street,Lexington,KY,40513,,https://www.marriott.com/lexke,https://www.marriott.com/lexke,OFFICIAL_PROPERTY,2026-09-06,,,Pet Policy Pets Welcome Pets allowed with USD 100 non-refundable fee per stay Non-Refundable Pet Fee Per Stay: $100.00 Maximum Pet Weight: 60.0lbs Maximum Number of Pets in Room: 2,,lexington-ky
Residence Inn Lexington City Center,pet-friendly-hotels,150 West Main Street,Lexington,KY,40507,,https://www.marriott.com/lexrd,https://www.marriott.com/lexrd,OFFICIAL_PROPERTY,2026-09-06,,,Pet Policy Pets Welcome 2 pets 75lbs maximum per room with 100 USD non Refundable fee per room per stay Non-Refundable Pet Fee Per Stay: $100.00 Maximum Pet Weight: 75.0lbs,,lexington-ky
SpringHill Suites,pet-friendly-hotels,863 South Broadway,Lexington,KY,40504,,https://www.marriott.com/lexsh,https://www.marriott.com/lexsh,OFFICIAL_PROPERTY,2026-09-06,,,Pet Policy Pets Welcome 2 pets/100 lbs max per room/USD 100 non-refundable cleaning fee per room/stay. Non-Refundable Pet Fee Per Stay: $100.00 Maximum Pet Weight: 100.0lbs,,lexington-ky
The Campbell House,pet-friendly-hotels,1375 South Broadway Road,Lexington,KY,40504,,https://www.hilton.com/en/hotels/lexqqqq/hotel-info/,https://www.hilton.com/en/hotels/lexqqqq/hotel-info/,OFFICIAL_PROPERTY,2026-09-06,,,"Pets allowed, $75.00 non-refundable fee, 50 lbs maximum",,lexington-ky
TownePlace Suites,pet-friendly-hotels,1790 Vendor Way,Lexington,KY,40509,,https://www.marriott.com/lexts,https://www.marriott.com/lexts,OFFICIAL_PROPERTY,2026-09-06,,,Pet Policy Pets Welcome $75 non-refundable pet deposit. We welcome your furry friends! Non-Refundable Pet Fee Per Stay: $75.00 Maximum Number of Pets in Room: 2,,lexington-ky
TownePlace Suites Lexington Keeneland/Airport,pet-friendly-hotels,980 Midnight Pass,Lexington,KY,40513,,https://www.marriott.com/lextw,https://www.marriott.com/lextw,OFFICIAL_PROPERTY,2026-09-06,,,Pet Policy Pets Welcome 2 pets per room with USD 100 non-refundable fee per room per stay Non-Refundable Pet Fee Per Stay: $100.00 Maximum Number of Pets in Room: 2,,lexington-ky
Tru,pet-friendly-hotels,535 Waller Avenue,Lexington,KY,40504,,https://www.hilton.com/en/hotels/lexumru/hotel-info/,https://www.hilton.com/en/hotels/lexumru/hotel-info/,OFFICIAL_PROPERTY,2026-09-06,,,"Pets allowed, $75.00 non-refundable fee, 75 lbs maximum, $50(1-4n),$75(5+n) 2petsMax,dog/cat only",,lexington-ky
AC Hotel by Marriott Louisville Downtown,pet-friendly-hotels,727 East Market Street,Louisville,KY,40202,(502) 568-6880,https://www.marriott.com/en-us/hotels/sdfac-ac-hotel-louisville-downtown/overview/,https://www.marriott.com/en-us/hotels/sdfac-ac-hotel-louisville-downtown/overview/,OFFICIAL_PROPERTY,2026-08-23,,,pets are welcome,,louisville-ky
Aloft Louisville Downtown,pet-friendly-hotels,102 West Main Street,Louisville,KY,40202,,https://www.marriott.com/en-us/hotels/sdfld-aloft-louisville-downtown/overview/,https://www.marriott.com/en-us/hotels/sdfld-aloft-louisville-downtown/overview/,OFFICIAL_PROPERTY,2026-08-23,,,Pets Welcome,,louisville-ky
Cambria Hotel Louisville Downtown-Whiskey Row,pet-friendly-hotels,120 South Floyd Street,Louisville,KY,40202,,https://www.choicehotels.com/kentucky/louisville/cambria-hotels/ky322,https://www.choicehotels.com/kentucky/louisville/cambria-hotels/ky322,OFFICIAL_PROPERTY,2026-08-23,,,Pets Are Allowed,,louisville-ky
Candlewood Suites Louisville - NE Downtown Area,pet-friendly-hotels,1039 Zorn Avenue,Louisville,KY,40207,(502) 953-6153,https://www.ihg.com/candlewood/hotels/us/en/louisville/sdfza/hoteldetail,https://www.ihg.com/candlewood/hotels/us/en/louisville/sdfza/hoteldetail,OFFICIAL_PROPERTY,2026-08-23,,,pets allowed,,louisville-ky
Candlewood Suites Louisville - Fair/Expo Center,pet-friendly-hotels,6540 Paramount Park Dr,Louisville,KY,40213,,https://www.ihg.com/candlewood/hotels/us/en/louisville/sdfpp/hoteldetail,https://www.ihg.com/candlewood/hotels/us/en/louisville/sdfpp/hoteldetail,OFFICIAL_PROPERTY,2026-08-23,,,Pets allowed,,louisville-ky
Days Inn & Suites by Wyndham Sellersburg,pet-friendly-hotels,363 Triangle Drive,Sellersburg,IN,47172,(812) 748-8295,https://www.wyndhamhotels.com/days-inn/sellersburg-indiana/days-inn-and-suites-sellersburg/overview,https://www.wyndhamhotels.com/days-inn/sellersburg-indiana/days-inn-and-suites-sellersburg/overview,OFFICIAL_PROPERTY,2026-08-23,,,dogs up to 15 lbs each are allowed,,louisville-ky
Embassy Suites by Hilton Louisville,pet-friendly-hotels,9940 Corporate Campus Drive,Lyndon,KY,40223,,https://www.hilton.com/en/hotels/sdfemes-embassy-suites-louisville-east/,https://www.hilton.com/en/hotels/sdfemes-embassy-suites-louisville-east/,OFFICIAL_PROPERTY,2026-08-23,,,Pets allowed,,louisville-ky
Hampton Inn New Albany Louisville West,pet-friendly-hotels,411 West Spring Street,New Albany,IN,47150,(812) 945-2771,https://www.hilton.com/en/hotels/sdfkdhx-hampton-new-albany-louisville-west/,https://www.hilton.com/en/hotels/sdfkdhx-hampton-new-albany-louisville-west/,OFFICIAL_PROPERTY,2026-08-23,,,Pets allowed,,louisville-ky
Hampton Inn & Suites Louisville East,pet-friendly-hotels,1451 Alliant Avenue,Jeffersontown,KY,40299,(502) 809-9901,https://www.hilton.com/en/hotels/sdfhshx-hampton-suites-louisville-east/,https://www.hilton.com/en/hotels/sdfhshx-hampton-suites-louisville-east/,OFFICIAL_PROPERTY,2026-08-23,,,Pets allowed,,louisville-ky
Hampton Inn Louisville Airport,pet-friendly-hotels,800 Phillips Ln,Louisville,KY,40209,(502) 366-8100,https://www.hilton.com/en/hotels/sdfaphx-hampton-louisville-airport/,https://www.hilton.com/en/hotels/sdfaphx-hampton-louisville-airport/,OFFICIAL_PROPERTY,2026-08-23,,,Pets allowed,,louisville-ky
Hampton Inn Louisville Downtown,pet-friendly-hotels,101 East Jefferson Street,Louisville,KY,40202,(502) 585-2200,https://www.hilton.com/en/hotels/sdfdthx-hampton-louisville-downtown/,https://www.hilton.com/en/hotels/sdfdthx-hampton-louisville-downtown/,OFFICIAL_PROPERTY,2026-08-23,,,Pets allowed,,louisville-ky
Hampton Inn Louisville East/Hurstbourne,pet-friendly-hotels,1150 Forest Bridge Road,Lyndon,KY,40223,(502) 426-1822,https://www.hilton.com/en/hotels/sdfhuhx-hampton-louisville-east-hurstbourne/,https://www.hilton.com/en/hotels/sdfhuhx-hampton-louisville-east-hurstbourne/,OFFICIAL_PROPERTY,2026-08-23,,,Pets allowed,,louisville-ky
Hampton Inn Louisville-North/Clarksville,pet-friendly-hotels,1501 Broadway,Clarksville,IN,47129,(812) 280-1501,https://www.hilton.com/en/hotels/sdfcvhx-hampton-louisville-north-clarksville/,https://www.hilton.com/en/hotels/sdfcvhx-hampton-louisville-north-clarksville/,OFFICIAL_PROPERTY,2026-08-23,,,Pets allowed,,louisville-ky
Hampton Inn Louisville Northeast,pet-friendly-hotels,4100 Hampton Lake Way,Louisville,KY,40241,(502) 327-8880,https://www.hilton.com/en/hotels/sdfkyhx-hampton-louisville-northeast/,https://www.hilton.com/en/hotels/sdfkyhx-hampton-louisville-northeast/,OFFICIAL_PROPERTY,2026-08-23,,,Pets allowed,,louisville-ky
Hilton Garden Inn Jeffersonville,pet-friendly-hotels,4900 Water Tower Rd,Jeffersonville,IN,47130,(812) 670-5065,https://www.hilton.com/en/hotels/sdfjfgi-hilton-garden-inn-jeffersonville-louisville-north/,https://www.hilton.com/en/hotels/sdfjfgi-hilton-garden-inn-jeffersonville-louisville-north/,OFFICIAL_PROPERTY,2026-08-23,,,pets allowed,,louisville-ky
Hilton Garden Inn Louisville Airport,pet-friendly-hotels,2735 Crittenden Drive,Louisville,KY,40209,,https://www.hilton.com/en/hotels/sdfahgi-hilton-garden-inn-louisville-airport/,https://www.hilton.com/en/hotels/sdfahgi-hilton-garden-inn-louisville-airport/,OFFICIAL_PROPERTY,2026-08-23,,,Pets allowed,,louisville-ky
Hilton Garden Inn - Louisville Downtown,pet-friendly-hotels,350 West Chestnut Street,Louisville,KY,40202,,https://www.hilton.com/en/hotels/sdfldgi-hilton-garden-inn-louisville-downtown/,https://www.hilton.com/en/hotels/sdfldgi-hilton-garden-inn-louisville-downtown/,OFFICIAL_PROPERTY,2026-08-23,,,Pets allowed,,louisville-ky
Hilton Garden Inn Louisville East,pet-friendly-hotels,1530 Alliant Avenue,Jeffersontown,KY,40299,,https://www.hilton.com/en/hotels/sdflegi-hilton-garden-inn-louisville-east/,https://www.hilton.com/en/hotels/sdflegi-hilton-garden-inn-louisville-east/,OFFICIAL_PROPERTY,2026-08-23,,,Pets allowed,,louisville-ky
Hilton Garden Inn Louisville Mall of St. Matthews,pet-friendly-hotels,400 Sherburn Lane,St Matthews,KY,40207,,https://www.hilton.com/en/hotels/sdfsmgi-hilton-garden-inn-louisville-mall-of-st-matthews/,https://www.hilton.com/en/hotels/sdfsmgi-hilton-garden-inn-louisville-mall-of-st-matthews/,OFFICIAL_PROPERTY,2026-08-23,,,Pets allowed,,louisville-ky
Holiday Inn Louisville Downtown,pet-friendly-hotels,101 West Muhammad Ali Boulevard,Louisville,KY,40202,(502) 916-2900,https://www.ihg.com/holidayinn/hotels/us/en/louisville/sdfmh/hoteldetail,https://www.ihg.com/holidayinn/hotels/us/en/louisville/sdfmh/hoteldetail,OFFICIAL_PROPERTY,2026-08-23,,,Pets are welcome,,louisville-ky
Holiday Inn Louisville East - Hurstbourne,pet-friendly-hotels,1325 South Hurstbourne Parkway,Jeffersontown,KY,40222,,https://www.ihg.com/holidayinn/hotels/us/en/louisville/sdfea/hoteldetail,https://www.ihg.com/holidayinn/hotels/us/en/louisville/sdfea/hoteldetail,OFFICIAL_PROPERTY,2026-08-23,,,Pets are welcome,,louisville-ky
Home2 Suites by Hilton Clarksville Louisville North,pet-friendly-hotels,1624 Leisure Way,Clarksville,IN,47129,(812) 920-1880,https://www.hilton.com/en/hotels/ckvbhht-home2-suites-clarksville-louisville-north/,https://www.hilton.com/en/hotels/ckvbhht-home2-suites-clarksville-louisville-north/,OFFICIAL_PROPERTY,2026-08-23,,,Pets allowed,,louisville-ky
Home2 Suites by Hilton Louisville Airport Expo Center,pet-friendly-hotels,3000 Crittenden Dr,Louisville,KY,40209,(502) 916-3800,https://www.hilton.com/en/hotels/sdfecht-home2-suites-louisville-airport-expo-center/,https://www.hilton.com/en/hotels/sdfecht-home2-suites-louisville-airport-expo-center/,OFFICIAL_PROPERTY,2026-08-23,,,Pets allowed,,louisville-ky
Home2 Suites by Hilton Louisville Downtown NuLu,pet-friendly-hotels,240 South Hancock Street,Louisville,KY,40202,(502) 561-0460,https://www.hilton.com/en/hotels/sdflmht-home2-suites-louisville-downtown-nulu/,https://www.hilton.com/en/hotels/sdflmht-home2-suites-louisville-downtown-nulu/,OFFICIAL_PROPERTY,2026-08-23,,,Pets allowed,,louisville-ky
Home2 Suites by Hilton Louisville East/Hurstbourne,pet-friendly-hotels,1150 Forest Bridge Road,Louisville,KY,40223,(502) 326-3824,https://www.hilton.com/en/hotels/sdfehht-home2-suites-louisville-east-hurstbourne/,https://www.hilton.com/en/hotels/sdfehht-home2-suites-louisville-east-hurstbourne/,OFFICIAL_PROPERTY,2026-08-23,,,Pets allowed,,louisville-ky
Homewood Suites by Hilton Louisville Downtown,pet-friendly-hotels,635 W Market St,Louisville,KY,40202,(502) 589-2000,https://www.hilton.com/en/hotels/loudthw-homewood-suites-louisville-downtown/,https://www.hilton.com/en/hotels/loudthw-homewood-suites-louisville-downtown/,OFFICIAL_PROPERTY,2026-08-23,,,Pets allowed,,louisville-ky
Hotel Distil,pet-friendly-hotels,101 West Main Street,Louisville,KY,40202,(502) 785-0185,https://www.marriott.com/en-us/hotels/sdfak-hotel-distil-autograph-collection/overview/,https://www.marriott.com/en-us/hotels/sdfak-hotel-distil-autograph-collection/overview/,OFFICIAL_PROPERTY,2026-08-23,,,pets are welcome,,louisville-ky
La Quinta Inn & Suites Louisville,pet-friendly-hotels,1501 Alliant Avenue,Jeffersontown,KY,40299,(502) 438-9021,https://www.wyndhamhotels.com/laquinta/louisville-kentucky/la-quinta-louisville-east/overview,https://www.wyndhamhotels.com/laquinta/louisville-kentucky/la-quinta-louisville-east/overview,OFFICIAL_PROPERTY,2026-08-23,,,Pets Allowed,,louisville-ky
Motel 6 Louisville Airport Fair Expo,pet-friendly-hotels,6121 Airport Hotels Blvd,Louisville,KY,40213,(502) 742-4722,https://www.motel6.com/property/motel-louisville-kentucky-us-294109/,https://www.motel6.com/property/motel-louisville-kentucky-us-294109/,OFFICIAL_PROPERTY,2026-08-23,,,Pets Allowed,,louisville-ky
Moxy Louisville Downtown,pet-friendly-hotels,100 West Washington Street,Louisville,KY,40202,,https://www.marriott.com/en-us/hotels/sdfox-moxy-louisville-downtown/overview/,https://www.marriott.com/en-us/hotels/sdfox-moxy-louisville-downtown/overview/,OFFICIAL_PROPERTY,2026-08-23,,,Pets Welcome,,louisville-ky
Ramada Sellersburg/Louisville North,pet-friendly-hotels,360 Triangle Drive,Sellersburg,IN,47172,(812) 748-8145,https://www.wyndhamhotels.com/ramada/sellersburg-indiana/ramada-sellersburg-louisville-north/overview,https://www.wyndhamhotels.com/ramada/sellersburg-indiana/ramada-sellersburg-louisville-north/overview,OFFICIAL_PROPERTY,2026-08-23,,,Dogs allowed,,louisville-ky
Residence Inn by Marriott Louisville East,pet-friendly-hotels,120 North Hurstbourne Parkway,Louisville,KY,40222,(502) 425-1821,https://www.marriott.com/en-us/hotels/sdfhf-residence-inn-louisville-east/overview/,https://www.marriott.com/en-us/hotels/sdfhf-residence-inn-louisville-east/overview/,OFFICIAL_PROPERTY,2026-08-23,,,Pets Welcome,,louisville-ky
Residence Inn by Marriott Louisville Airport,pet-friendly-hotels,700 Phillips Ln,Louisville,KY,40209,(502) 363-8800,https://www.marriott.com/en-us/hotels/sdfra-residence-inn-louisville-airport/overview/,https://www.marriott.com/en-us/hotels/sdfra-residence-inn-louisville-airport/overview/,OFFICIAL_PROPERTY,2026-08-23,,,pets are welcome,,louisville-ky
Residence Inn by Marriott Louisville Northeast,pet-friendly-hotels,3500 Springhurst Commons Drive,Louisville,KY,40241,(502) 412-1311,https://www.marriott.com/en-us/hotels/sdfri-residence-inn-louisville-northeast/overview/,https://www.marriott.com/en-us/hotels/sdfri-residence-inn-louisville-northeast/overview/,OFFICIAL_PROPERTY,2026-08-23,,,Pets Welcome,,louisville-ky
Residence Inn Louisville East/Oxmoor,pet-friendly-hotels,401 Bullitt Lane,Louisville,KY,40222,(502) 409-8071,https://www.marriott.com/en-us/hotels/sdfre-residence-inn-louisville-east-oxmoor/overview/,https://www.marriott.com/en-us/hotels/sdfre-residence-inn-louisville-east-oxmoor/overview/,OFFICIAL_PROPERTY,2026-08-23,,,pets are welcome,,louisville-ky
Sheraton Louisville Riverside Hotel,pet-friendly-hotels,700 West Riverside Drive,Jeffersonville,IN,47130,,https://www.marriott.com/en-us/hotels/sdfsi-sheraton-louisville-riverside-hotel/overview/,https://www.marriott.com/en-us/hotels/sdfsi-sheraton-louisville-riverside-hotel/overview/,OFFICIAL_PROPERTY,2026-08-23,,,pets are welcome,,louisville-ky
Staybridge Suites Louisville Expo Center,pet-friendly-hotels,380 Farmington Ave,Louisville,KY,40209,(502) 953-6000,https://www.ihg.com/staybridge/hotels/us/en/louisville/sdfbg/hoteldetail,https://www.ihg.com/staybridge/hotels/us/en/louisville/sdfbg/hoteldetail,OFFICIAL_PROPERTY,2026-08-23,,,Pets are welcome,,louisville-ky
Super 8 by Wyndham Louisville/Expo Center,pet-friendly-hotels,101 Central Avenue,Louisville,KY,40209,(502) 694-3664,https://www.wyndhamhotels.com/super-8/louisville-kentucky/super-8-louisville-expo-center/overview,https://www.wyndhamhotels.com/super-8/louisville-kentucky/super-8-louisville-expo-center/overview,OFFICIAL_PROPERTY,2026-08-23,,,DOGS only,,louisville-ky
Tempo by Hilton Louisville Downtown NuLu,pet-friendly-hotels,710 E Jefferson St,Louisville,KY,40202,(502) 901-9355,https://www.hilton.com/en/hotels/sdfpopo-tempo-louisville-downtown-nulu/,https://www.hilton.com/en/hotels/sdfpopo-tempo-louisville-downtown-nulu/,OFFICIAL_PROPERTY,2026-08-23,,,Pets allowed,,louisville-ky
The Seelbach Hilton Louisville,pet-friendly-hotels,500 South 4th Street,Louisville,KY,40202,(502) 585-3200,https://www.hilton.com/en/hotels/sdfshhf-the-seelbach-hilton-louisville/,https://www.hilton.com/en/hotels/sdfshhf-the-seelbach-hilton-louisville/,OFFICIAL_PROPERTY,2026-08-23,,,pets are allowed,,louisville-ky
TownePlace Suites by Marriott Louisville Downtown,pet-friendly-hotels,801 West Jefferson Street,Louisville,KY,40202,(502) 754-6100,https://www.marriott.com/en-us/hotels/sdftd-towneplace-suites-louisville-downtown/overview/,https://www.marriott.com/en-us/hotels/sdftd-towneplace-suites-louisville-downtown/overview/,OFFICIAL_PROPERTY,2026-08-23,,,pets are welcome,,louisville-ky
TownePlace Suites by Marriott Louisville Airport,pet-friendly-hotels,6601 Paramount Park Drive,Louisville,KY,40213,(502) 749-6634,https://www.marriott.com/en-us/hotels/sdfts-towneplace-suites-louisville-airport/overview/,https://www.marriott.com/en-us/hotels/sdfts-towneplace-suites-louisville-airport/overview/,OFFICIAL_PROPERTY,2026-08-23,,,pets are welcome,,louisville-ky
TownePlace Suites by Marriott Louisville Northeast,pet-friendly-hotels,10110 Champions Farm Drive,Louisville,KY,40241,(502) 339-5410,https://www.marriott.com/en-us/hotels/sdftn-towneplace-suites-louisville-northeast/overview/,https://www.marriott.com/en-us/hotels/sdftn-towneplace-suites-louisville-northeast/overview/,OFFICIAL_PROPERTY,2026-08-23,,,pets are welcome,,louisville-ky
TownePlace Suites Louisville North,pet-friendly-hotels,301 West Maple Street,Jeffersonville,IN,47130,(812) 914-4100,https://www.marriott.com/en-us/hotels/sdfvn-towneplace-suites-louisville-north/overview/,https://www.marriott.com/en-us/hotels/sdfvn-towneplace-suites-louisville-north/overview/,OFFICIAL_PROPERTY,2026-08-23,,,pets are welcome,,louisville-ky
Tru By Hilton Louisville East,pet-friendly-hotels,11505 Bluegrass Parkway,Louisville,KY,40299,(502) 208-2900,https://www.hilton.com/en/hotels/sdflvru-tru-louisville-east/,https://www.hilton.com/en/hotels/sdflvru-tru-louisville-east/,OFFICIAL_PROPERTY,2026-08-23,,,Pets allowed,,louisville-ky
Tru by Hilton Louisville Airport,pet-friendly-hotels,810 Phillips Ln,Louisville,KY,40209,(502) 792-8800,https://www.hilton.com/en/hotels/sdflaru-tru-louisville-airport/,https://www.hilton.com/en/hotels/sdflaru-tru-louisville-airport/,OFFICIAL_PROPERTY,2026-08-23,,,Pets allowed,,louisville-ky
Hotel Bourre Bonne,pet-friendly-hotels,133 West Market Street,Louisville,KY,40202,,https://www.bourrebonne.com,https://www.bourrebonne.com,OFFICIAL_PROPERTY,2026-09-05,,,pets are welcome,,louisville-ky
The Bellwether Hotel,pet-friendly-hotels,1300 Bardstown Road,Louisville,KY,40204,,https://www.thebellwetherhotel.com/,https://www.thebellwetherhotel.com/,OFFICIAL_PROPERTY,2026-09-05,,,dogs only,,louisville-ky
Baymont by Wyndham Louisville Airport South,pet-friendly-hotels,6515 Signature Dr,Louisville,KY,40213,5029684100,https://www.wyndhamhotels.com/baymont/louisville-kentucky/baymont-inn-louisville-airport-south/overview,https://www.wyndhamhotels.com/baymont/louisville-kentucky/baymont-inn-louisville-airport-south/overview,OFFICIAL_PROPERTY,2026-09-05,,,Dogs only,,louisville-ky
Candlewood Suites Louisville Airport,pet-friendly-hotels,1367 Gardiner Ln,Louisville,KY,40213,5023573577,https://www.ihg.com/candlewood/hotels/us/en/louisville/sdfgl/hoteldetail,https://www.ihg.com/candlewood/hotels/us/en/louisville/sdfgl/hoteldetail,OFFICIAL_PROPERTY,2026-09-05,,,Pets are welcome,,louisville-ky
Hawthorn Suites by Wyndham Louisville East,pet-friendly-hotels,751 Cypress Station Drive,Louisville,KY,40207,8003370202,https://www.wyndhamhotels.com/hawthorn-extended-stay/louisville-kentucky/hawthorn-suites-by-wyndham-louisville-east/overview,https://www.wyndhamhotels.com/hawthorn-extended-stay/louisville-kentucky/hawthorn-suites-by-wyndham-louisville-east/overview,OFFICIAL_PROPERTY,2026-09-05,,,Pets Allowed,,louisville-ky
Staybridge Suites,pet-friendly-hotels,11711 Gateworth Way,Middletown,KY,40299,,https://www.ihg.com/staybridge/hotels/us/en/louisville/sdfmt/hoteldetail,https://www.ihg.com/staybridge/hotels/us/en/louisville/sdfmt/hoteldetail,OFFICIAL_PROPERTY,2026-09-05,,,Pets allowed,,louisville-ky
Travelodge by Wyndham Sellersburg Louisville North,pet-friendly-hotels,7618 Old State Rd 60,Sellersburg,IN,47172,8122464451,https://www.wyndhamhotels.com/travelodge/sellersburg-indiana/travelodge-sellersburg-louisville-north/overview,https://www.wyndhamhotels.com/travelodge/sellersburg-indiana/travelodge-sellersburg-louisville-north/overview,OFFICIAL_PROPERTY,2026-09-05,,,Dogs and birds are allowed,,louisville-ky
Aloft by Marriott Milwaukee Downtown,pet-friendly-hotels,1230 N. Dr. Martin Luther King Jr. Dr.,Milwaukee,WI,53212,(414) 226-0122,https://www.marriott.com/en-us/hotels/mkeal-aloft-milwaukee-downtown/overview/,https://www.marriott.com/en-us/hotels/mkeal-aloft-milwaukee-downtown/overview/,OFFICIAL_PROPERTY,2026-08-19,,,Pets Welcome,,milwaukee-wi
"Ambassador Hotel Milwaukee, Trademark Collection by Wyndham",pet-friendly-hotels,2308 W Wisconsin Avenue,Milwaukee,WI,53233,(414) 345-5000,https://www.wyndhamhotels.com/trademark/milwaukee-wisconsin/ambassador-hotel-trademark-collection/overview,https://www.wyndhamhotels.com/trademark/milwaukee-wisconsin/ambassador-hotel-trademark-collection/overview,OFFICIAL_PROPERTY,2026-08-19,,,Pets Allowed,,milwaukee-wi
AmericInn by Wyndham Glendale/Milwaukee,pet-friendly-hotels,5110 N Port Washington Rd,Glendale,WI,53217,(414) 964-8484,https://www.wyndhamhotels.com/americinn/glendale-wisconsin/americinn-glendale-milwaukee/overview,https://www.wyndhamhotels.com/americinn/glendale-wisconsin/americinn-glendale-milwaukee/overview,OFFICIAL_PROPERTY,2026-08-19,,,Pets Allowed,,milwaukee-wi
avid hotels Milwaukee West - Waukesha,pet-friendly-hotels,2101 Meadow Lane,Pewaukee,WI,53072,,https://www.ihg.com/avidhotels/hotels/us/en/waukesha/mkeav/hoteldetail,https://www.ihg.com/avidhotels/hotels/us/en/waukesha/mkeav/hoteldetail,OFFICIAL_PROPERTY,2026-08-19,,,Pets allowed,,milwaukee-wi
avid hotels Oak Creek,pet-friendly-hotels,9293 South 13th Street,Oak Creek,WI,53154,(414) 626-3099,https://www.ihg.com/avidhotels/hotels/us/en/oak-creek/mkeco/hoteldetail,https://www.ihg.com/avidhotels/hotels/us/en/oak-creek/mkeco/hoteldetail,OFFICIAL_PROPERTY,2026-08-19,,,Pets are welcome,,milwaukee-wi
Baymont by Wyndham Waukesha,pet-friendly-hotels,2111 East Moreland Blvd,Waukesha,WI,53186,(262) 232-7980,https://www.wyndhamhotels.com/baymont/waukesha-wisconsin/baymont-inn-and-suites-waukesha/overview,https://www.wyndhamhotels.com/baymont/waukesha-wisconsin/baymont-inn-and-suites-waukesha/overview,OFFICIAL_PROPERTY,2026-08-19,,,Pets Allowed,,milwaukee-wi
Best Western Plus Milwaukee Airport Hotel & Conference Center,pet-friendly-hotels,5105 S Howell Avenue,Milwaukee,WI,53207,(414) 769-2100,https://www.bestwestern.com/en_US/book/hotels-in-milwaukee/best-western-plus-milwaukee-airport-hotel-conference-center/propertyCode.50056.html,https://www.bestwestern.com/en_US/book/hotels-in-milwaukee/best-western-plus-milwaukee-airport-hotel-conference-center/propertyCode.50056.html,OFFICIAL_PROPERTY,2026-08-21,,,Pet Friendly,,milwaukee-wi
Best Western Waukesha Grand,pet-friendly-hotels,2840 N Grandview Boulevard,Pewaukee,WI,53072,(262) 524-9300,https://www.bestwestern.com/en_US/book/hotels-in-pewaukee/best-western-waukesha-grand/propertyCode.50116.html,https://www.bestwestern.com/en_US/book/hotels-in-pewaukee/best-western-waukesha-grand/propertyCode.50116.html,OFFICIAL_PROPERTY,2026-08-21,,,Pet Friendly,,milwaukee-wi
Candlewood Suites Milwaukee Airport-Oak Creek,pet-friendly-hotels,6440 S. 13th Street,Oak Creek,WI,53154,,https://www.ihg.com/candlewood/hotels/us/en/oak-creek/mkegw/hoteldetail,https://www.ihg.com/candlewood/hotels/us/en/oak-creek/mkegw/hoteldetail,OFFICIAL_PROPERTY,2026-08-19,,,Pets are welcome,,milwaukee-wi
Cobblestone Hotel & Suites - Waukesha/West Milwaukee,pet-friendly-hotels,704 N. Grand Avenue,Waukesha,WI,53186,(262) 290-5667,https://staycobblestone.com/wi/waukesha/,https://staycobblestone.com/wi/waukesha/,OFFICIAL_PROPERTY,2026-08-19,,,PET FRIENDLY,,milwaukee-wi
Comfort Inn & Suites NW Milwaukee,pet-friendly-hotels,W177 N9675 Riversbend Lane,Germantown,WI,53022,,https://www.choicehotels.com/wisconsin/germantown/comfort-inn-hotels/wi426,https://www.choicehotels.com/wisconsin/germantown/comfort-inn-hotels/wi426,OFFICIAL_PROPERTY,2026-08-19,,,Pets allowed,,milwaukee-wi
Comfort Inn Waukesha - Milwaukee West,pet-friendly-hotels,2510 Plaza Court,Waukesha,WI,53186,(262) 786-6015,https://www.choicehotels.com/wisconsin/waukesha/comfort-inn-hotels/wi007,https://www.choicehotels.com/wisconsin/waukesha/comfort-inn-hotels/wi007,OFFICIAL_PROPERTY,2026-08-19,,,Pets Are Allowed,,milwaukee-wi
Comfort Suites Milwaukee West,pet-friendly-hotels,11777 W Silver Spring Drive,Milwaukee,WI,53225,,https://www.choicehotels.com/wisconsin/milwaukee/comfort-suites-hotels/wi147,https://www.choicehotels.com/wisconsin/milwaukee/comfort-suites-hotels/wi147,OFFICIAL_PROPERTY,2026-08-19,,,Pets Allowed,,milwaukee-wi
"Country Inn & Suites by Radisson, Brown Deer - Milwaukee North",pet-friendly-hotels,5200 W Brown Deer Rd,Brown Deer,WI,53223,,https://www.choicehotels.com/wisconsin/brown-deer/country-inn-suites-hotels/wi561,https://www.choicehotels.com/wisconsin/brown-deer/country-inn-suites-hotels/wi561,OFFICIAL_PROPERTY,2026-08-19,,,Pets Allowed,,milwaukee-wi
"Country Inn & Suites by Radisson, Milwaukee West (Brookfield), WI",pet-friendly-hotels,1250 S Moorland Road,Brookfield,WI,53005,(262) 782-1400,https://www.choicehotels.com/wisconsin/brookfield/country-inn-suites-hotels/wi489,https://www.choicehotels.com/wisconsin/brookfield/country-inn-suites-hotels/wi489,OFFICIAL_PROPERTY,2026-08-19,,,Pets Allowed,,milwaukee-wi
Days Inn & Suites by Wyndham Milwaukee,pet-friendly-hotels,1840 North 6th Street,Milwaukee,WI,53212,(414) 921-0304,https://www.wyndhamhotels.com/days-inn/milwaukee-wisconsin/days-inn-and-suites-milwaukee/overview,https://www.wyndhamhotels.com/days-inn/milwaukee-wisconsin/days-inn-and-suites-milwaukee/overview,OFFICIAL_PROPERTY,2026-08-19,,,Pets Allowed,,milwaukee-wi
Embassy Suites by Hilton Milwaukee Brookfield,pet-friendly-hotels,1200 South Moorland Road,Brookfield,WI,53005,(262) 782-2900,https://www.hilton.com/en/hotels/mkembes-embassy-suites-milwaukee-brookfield/,https://www.hilton.com/en/hotels/mkembes-embassy-suites-milwaukee-brookfield/,OFFICIAL_PROPERTY,2026-08-19,,,Pets allowed,,milwaukee-wi
Extended Stay America - Milwaukee - Waukesha,pet-friendly-hotels,2520 Plaza Ct.,Waukesha,WI,53186,(262) 798-0217,https://www.extendedstayamerica.com/hotels/wi/milwaukee/waukesha,https://www.extendedstayamerica.com/hotels/wi/milwaukee/waukesha,OFFICIAL_PROPERTY,2026-08-19,,,pets are allowed,,milwaukee-wi
Extended Stay America - Milwaukee - Wauwatosa,pet-friendly-hotels,11121 W. North Ave.,Wauwatosa,WI,53226,(414) 443-1909,https://www.extendedstayamerica.com/hotels/wi/milwaukee/wauwatosa,https://www.extendedstayamerica.com/hotels/wi/milwaukee/wauwatosa,OFFICIAL_PROPERTY,2026-08-19,,,pets are allowed,,milwaukee-wi
Fairfield by Marriott Inn & Suites Milwaukee Downtown,pet-friendly-hotels,710 North Dr. Martin Luther King Jr. Drive,Milwaukee,WI,53203,(414) 626-7100,https://www.marriott.com/en-us/hotels/mkefd-fairfield-inn-and-suites-milwaukee-downtown/overview/,https://www.marriott.com/en-us/hotels/mkefd-fairfield-inn-and-suites-milwaukee-downtown/overview/,OFFICIAL_PROPERTY,2026-08-19,,,Pets Welcome,,milwaukee-wi
Fairfield by Marriott Inn & Suites Milwaukee North,pet-friendly-hotels,7035 North Port Washington Road,Glendale,WI,53217,(414) 446-5900,https://www.marriott.com/en-us/hotels/mkefi-fairfield-inn-and-suites-milwaukee-north/overview/,https://www.marriott.com/en-us/hotels/mkefi-fairfield-inn-and-suites-milwaukee-north/overview/,OFFICIAL_PROPERTY,2026-08-19,,,Pets Welcome,,milwaukee-wi
Four Points by Sheraton Milwaukee North Shore,pet-friendly-hotels,8900 North Kildeer Court,Milwaukee,WI,53209,(414) 355-8585,https://www.marriott.com/en-us/hotels/mkefp-four-points-milwaukee-north-shore/overview/,https://www.marriott.com/en-us/hotels/mkefp-four-points-milwaukee-north-shore/overview/,OFFICIAL_PROPERTY,2026-08-19,,,Pets Welcome,,milwaukee-wi
Hampton Inn & Suites Milwaukee Downtown,pet-friendly-hotels,176 W. Wisconsin Avenue,Milwaukee,WI,53203,(414) 271-4656,https://www.hilton.com/en/hotels/mkedwhx-hampton-suites-milwaukee-downtown/,https://www.hilton.com/en/hotels/mkedwhx-hampton-suites-milwaukee-downtown/,OFFICIAL_PROPERTY,2026-08-19,,,Pets allowed,,milwaukee-wi
Hampton Inn & Suites Milwaukee/Franklin,pet-friendly-hotels,6901 S. 76th Street,Franklin,WI,53132,(414) 427-4800,https://www.hilton.com/en/hotels/mkefkhx-hampton-suites-milwaukee-franklin/,https://www.hilton.com/en/hotels/mkefkhx-hampton-suites-milwaukee-franklin/,OFFICIAL_PROPERTY,2026-08-19,,,Pets allowed,,milwaukee-wi
Hampton Inn & Suites Milwaukee West,pet-friendly-hotels,8201 W. Greenfield Avenue,West Allis,WI,53214,,https://www.hilton.com/en/hotels/mkewahx-hampton-suites-milwaukee-west/,https://www.hilton.com/en/hotels/mkewahx-hampton-suites-milwaukee-west/,OFFICIAL_PROPERTY,2026-08-19,,,Pets allowed,,milwaukee-wi
Hampton Inn Glendale Milwaukee,pet-friendly-hotels,7065 North Port Washington Rd,Glendale,WI,53217,(414) 928-3878,https://www.hilton.com/en/hotels/mkepwhx-hampton-glendale-milwaukee/,https://www.hilton.com/en/hotels/mkepwhx-hampton-glendale-milwaukee/,OFFICIAL_PROPERTY,2026-08-19,,,Pets allowed,,milwaukee-wi
Hampton Inn Milwaukee-Airport,pet-friendly-hotels,1200 West College Avenue,Milwaukee,WI,53221,(414) 762-4240,https://www.hilton.com/en/hotels/mkeaphx-hampton-milwaukee-airport/,https://www.hilton.com/en/hotels/mkeaphx-hampton-milwaukee-airport/,OFFICIAL_PROPERTY,2026-08-19,,,Pets allowed,,milwaukee-wi
Hampton Inn Milwaukee/Brookfield,pet-friendly-hotels,575 North Barker Road,Brookfield,WI,53045,(262) 796-1500,https://www.hilton.com/en/hotels/mkebfhx-hampton-milwaukee-brookfield/,https://www.hilton.com/en/hotels/mkebfhx-hampton-milwaukee-brookfield/,OFFICIAL_PROPERTY,2026-08-19,,,Pets allowed,,milwaukee-wi
Hampton Inn Milwaukee-Northwest,pet-friendly-hotels,5601 N. Lover's Lane Rd.,Milwaukee,WI,53225,(414) 466-8881,https://www.hilton.com/en/hotels/mkellhx-hampton-milwaukee-northwest/,https://www.hilton.com/en/hotels/mkellhx-hampton-milwaukee-northwest/,OFFICIAL_PROPERTY,2026-08-19,,,Pets allowed,,milwaukee-wi
Hawthorn Extended Stay by Wyndham Milwaukee Airport,pet-friendly-hotels,1001 W College Avenue,Oak Creek,WI,53154,(414) 571-8800,https://www.wyndhamhotels.com/hawthorn-extended-stay/oak-creek-wisconsin/hawthorn-extended-stay-milwaukee-airport/overview,https://www.wyndhamhotels.com/hawthorn-extended-stay/oak-creek-wisconsin/hawthorn-extended-stay-milwaukee-airport/overview,OFFICIAL_PROPERTY,2026-08-19,,,Dogs Allowed,,milwaukee-wi
Hilton Garden Inn Milwaukee Airport,pet-friendly-hotels,5890 S. Howell Avenue,Milwaukee,WI,53207,(414) 837-2424,https://www.hilton.com/en/hotels/mkegigi-hilton-garden-inn-milwaukee-airport/,https://www.hilton.com/en/hotels/mkegigi-hilton-garden-inn-milwaukee-airport/,OFFICIAL_PROPERTY,2026-08-19,,,Pets allowed,,milwaukee-wi
Hilton Garden Inn Milwaukee Brookfield Conference Center,pet-friendly-hotels,265 S. Moorland Road,Brookfield,WI,53005,(262) 330-0800,https://www.hilton.com/en/hotels/mkebcgi-hilton-garden-inn-milwaukee-brookfield-conference-center/,https://www.hilton.com/en/hotels/mkebcgi-hilton-garden-inn-milwaukee-brookfield-conference-center/,OFFICIAL_PROPERTY,2026-08-19,,,Pets allowed,,milwaukee-wi
Hilton Garden Inn Milwaukee Downtown,pet-friendly-hotels,611 North Broadway,Milwaukee,WI,53202,(414) 271-6611,https://www.hilton.com/en/hotels/mkemdgi-hilton-garden-inn-milwaukee-downtown/,https://www.hilton.com/en/hotels/mkemdgi-hilton-garden-inn-milwaukee-downtown/,OFFICIAL_PROPERTY,2026-08-19,,,Pets allowed,,milwaukee-wi
Hilton Garden Inn Milwaukee Northwest Conference Center,pet-friendly-hotels,11600 West Park Place,Milwaukee,WI,53224,(414) 359-9823,https://www.hilton.com/en/hotels/mkeppgi-hilton-garden-inn-milwaukee-northwest-conference-center/,https://www.hilton.com/en/hotels/mkeppgi-hilton-garden-inn-milwaukee-northwest-conference-center/,OFFICIAL_PROPERTY,2026-08-19,,,Pets allowed,,milwaukee-wi
Hilton Milwaukee,pet-friendly-hotels,509 W. Wisconsin Avenue,Milwaukee,WI,53203,(414) 271-7250,https://www.hilton.com/en/hotels/mkemhhf-hilton-milwaukee/,https://www.hilton.com/en/hotels/mkemhhf-hilton-milwaukee/,OFFICIAL_PROPERTY,2026-08-19,,,Pets allowed,,milwaukee-wi
Holiday Inn Brookfield - Milwaukee,pet-friendly-hotels,1005 South Moorland Road,Brookfield,WI,53005,(262) 786-9540,https://www.ihg.com/holidayinn/hotels/us/en/brookfield/mkebr/hoteldetail,https://www.ihg.com/holidayinn/hotels/us/en/brookfield/mkebr/hoteldetail,OFFICIAL_PROPERTY,2026-08-19,,,Pets are welcome,,milwaukee-wi
Holiday Inn Express & Suites Milwaukee - West Allis,pet-friendly-hotels,10111 West Lincoln Avenue,West Allis,WI,53227,(414) 327-2200,https://www.ihg.com/holidayinnexpress/hotels/us/en/west-allis/mkell/hoteldetail,https://www.ihg.com/holidayinnexpress/hotels/us/en/west-allis/mkell/hoteldetail,OFFICIAL_PROPERTY,2026-08-19,,,Pets are welcome,,milwaukee-wi
Holiday Inn Express Milwaukee-West Medical Center,pet-friendly-hotels,11111 West North Avenue,Wauwatosa,WI,53226,(414) 778-0333,https://www.ihg.com/holidayinnexpress/hotels/us/en/wauwatosa/mkeex/hoteldetail,https://www.ihg.com/holidayinnexpress/hotels/us/en/wauwatosa/mkeex/hoteldetail,OFFICIAL_PROPERTY,2026-08-19,,,Pets are welcome,,milwaukee-wi
Holiday Inn Milwaukee Riverfront,pet-friendly-hotels,4700 N. Port Washington Road,Milwaukee,WI,53212,(414) 962-6040,https://www.ihg.com/holidayinn/hotels/us/en/milwaukee/mkehi/hoteldetail,https://www.ihg.com/holidayinn/hotels/us/en/milwaukee/mkehi/hoteldetail,OFFICIAL_PROPERTY,2026-08-19,,,pets allowed,,milwaukee-wi
Home2 Suites by Hilton Menomonee Falls Milwaukee,pet-friendly-hotels,N91 W15851 Falls Parkway,Menomonee Falls,WI,53051,,https://www.hilton.com/en/hotels/mkemfht-home2-suites-menomonee-falls-milwaukee/,https://www.hilton.com/en/hotels/mkemfht-home2-suites-menomonee-falls-milwaukee/,OFFICIAL_PROPERTY,2026-08-20,,,Pets allowed,,milwaukee-wi
Home2 Suites by Hilton Milwaukee Airport,pet-friendly-hotels,5880 South Howell Avenue,Milwaukee,WI,53207,(414) 481-2900,https://www.hilton.com/en/hotels/mkeaiht-home2-suites-milwaukee-airport/,https://www.hilton.com/en/hotels/mkeaiht-home2-suites-milwaukee-airport/,OFFICIAL_PROPERTY,2026-08-20,,,Pets allowed,,milwaukee-wi
Home2 Suites by Hilton Milwaukee Brookfield,pet-friendly-hotels,650 Larry Court,Waukesha,WI,53186,(262) 342-1500,https://www.hilton.com/en/hotels/mkebrht-home2-suites-milwaukee-brookfield/,https://www.hilton.com/en/hotels/mkebrht-home2-suites-milwaukee-brookfield/,OFFICIAL_PROPERTY,2026-08-20,,,Pets allowed,,milwaukee-wi
Home2 Suites by Hilton Milwaukee Downtown,pet-friendly-hotels,515 N Jefferson St,Milwaukee,WI,53202,(414) 240-8331,https://www.hilton.com/en/hotels/mkesuht-home2-suites-milwaukee-downtown/,https://www.hilton.com/en/hotels/mkesuht-home2-suites-milwaukee-downtown/,OFFICIAL_PROPERTY,2026-08-20,,,Pets allowed,,milwaukee-wi
Home2 Suites by Hilton Milwaukee West,pet-friendly-hotels,1212 S. 70th Street,West Allis,WI,53214,,https://www.hilton.com/en/hotels/mkemwht-home2-suites-milwaukee-west/,https://www.hilton.com/en/hotels/mkemwht-home2-suites-milwaukee-west/,OFFICIAL_PROPERTY,2026-08-20,,,Pets allowed,,milwaukee-wi
Homewood Suites by Hilton Milwaukee Downtown,pet-friendly-hotels,500 N. Water Street,Milwaukee,WI,53202,(414) 563-1090,https://www.hilton.com/en/hotels/mkedohw-homewood-suites-milwaukee-downtown/,https://www.hilton.com/en/hotels/mkedohw-homewood-suites-milwaukee-downtown/,OFFICIAL_PROPERTY,2026-08-20,,,Pets allowed,,milwaukee-wi
Homewood Suites by Hilton Oak Creek Milwaukee,pet-friendly-hotels,1900 W. Creekside Crossing Circle,Oak Creek,WI,53154,,https://www.hilton.com/en/hotels/mkehohw-homewood-suites-oak-creek-milwaukee/,https://www.hilton.com/en/hotels/mkehohw-homewood-suites-oak-creek-milwaukee/,OFFICIAL_PROPERTY,2026-08-20,,,Pets allowed,,milwaukee-wi
Homewood Suites by Hilton Wauwatosa Milwaukee,pet-friendly-hotels,11320 West Burleigh Street,Wauwatosa,WI,53222,(414) 444-2844,https://www.hilton.com/en/hotels/mkewuhw-homewood-suites-wauwatosa-milwaukee/,https://www.hilton.com/en/hotels/mkewuhw-homewood-suites-wauwatosa-milwaukee/,OFFICIAL_PROPERTY,2026-08-20,,,Pets allowed,,milwaukee-wi
"Hotel Metro, Autograph Collection",pet-friendly-hotels,411 East Mason Street,Milwaukee,WI,53202,(414) 272-1937,https://www.marriott.com/en-us/hotels/mkeak-hotel-metro-autograph-collection/overview/,https://www.marriott.com/en-us/hotels/mkeak-hotel-metro-autograph-collection/overview/,OFFICIAL_PROPERTY,2026-08-20,,,Pets Welcome,,milwaukee-wi
Hyatt Place Milwaukee Downtown,pet-friendly-hotels,800 W. Juneau Avenue,Milwaukee,WI,53233,(414) 808-3880,https://www.hyatt.com/hyatt-place/en-US/mkezd-hyatt-place-milwaukee-downtown,https://www.hyatt.com/hyatt-place/en-US/mkezd-hyatt-place-milwaukee-downtown,OFFICIAL_PROPERTY,2026-08-21,,,Pets Are Welcome,,milwaukee-wi
Kimpton Journeyman Hotel,pet-friendly-hotels,310 E. Chicago Street,Milwaukee,WI,53202,(414) 291-3970,https://www.ihg.com/kimptonhotels/hotels/us/en/journeyman-hotel-milwaukee-wi/mketj/hoteldetail,https://www.ihg.com/kimptonhotels/hotels/us/en/journeyman-hotel-milwaukee-wi/mketj/hoteldetail,OFFICIAL_PROPERTY,2026-08-19,,,Pets are welcome,,milwaukee-wi
La Quinta Inn & Suites by Wyndham Milwaukee Bayshore Area,pet-friendly-hotels,5423 N Port Washington Road,Glendale,WI,53217,(414) 962-6767,https://www.wyndhamhotels.com/laquinta/glendale-wisconsin/la-quinta-milwaukee-bayshore-area/overview,https://www.wyndhamhotels.com/laquinta/glendale-wisconsin/la-quinta-milwaukee-bayshore-area/overview,OFFICIAL_PROPERTY,2026-08-19,,,Pets Allowed,,milwaukee-wi
La Quinta Inn & Suites by Wyndham Milwaukee SW New Berlin,pet-friendly-hotels,15300 W Rock Ridge Rd.,New Berlin,WI,53151,(262) 717-0900,https://www.wyndhamhotels.com/laquinta/new-berlin-wisconsin/la-quinta-milwaukee-sw-new-berlin/overview,https://www.wyndhamhotels.com/laquinta/new-berlin-wisconsin/la-quinta-milwaukee-sw-new-berlin/overview,OFFICIAL_PROPERTY,2026-08-19,,,Pets Allowed,,milwaukee-wi
La Quinta Inn by Wyndham Milwaukee Airport / Oak Creek,pet-friendly-hotels,7141 S 13th St.,Oak Creek,WI,53154,(414) 369-2135,https://www.wyndhamhotels.com/laquinta/oak-creek-wisconsin/la-quinta-inn-milwaukee-airport-oak-creek/overview,https://www.wyndhamhotels.com/laquinta/oak-creek-wisconsin/la-quinta-inn-milwaukee-airport-oak-creek/overview,OFFICIAL_PROPERTY,2026-08-19,,,Pets Allowed,,milwaukee-wi
Milwaukee Marriott West,pet-friendly-hotels,W231N1600 Corporate Ct,Waukesha,WI,53186,(262) 574-0888,https://www.marriott.com/en-us/hotels/mkemw-milwaukee-marriott-west/overview/,https://www.marriott.com/en-us/hotels/mkemw-milwaukee-marriott-west/overview/,OFFICIAL_PROPERTY,2026-08-20,,,Pets Welcome,,milwaukee-wi
Ramada by Wyndham Milwaukee,pet-friendly-hotels,2301 W Wisconsin Avenue,Milwaukee,WI,53233,(414) 342-0000,https://www.wyndhamhotels.com/ramada/milwaukee-wisconsin/ramada-milwaukee/overview,https://www.wyndhamhotels.com/ramada/milwaukee-wisconsin/ramada-milwaukee/overview,OFFICIAL_PROPERTY,2026-08-19,,,Pets Allowed,,milwaukee-wi
Residence Inn by Marriott Milwaukee Brookfield,pet-friendly-hotels,765 Pinehurst Court,Brookfield,WI,53005,(262) 782-0765,https://www.marriott.com/en-us/hotels/mkerb-residence-inn-milwaukee-brookfield/overview/,https://www.marriott.com/en-us/hotels/mkerb-residence-inn-milwaukee-brookfield/overview/,OFFICIAL_PROPERTY,2026-08-20,,,Pets Welcome,,milwaukee-wi
Residence Inn by Marriott Milwaukee Downtown,pet-friendly-hotels,648 North Plankinton Avenue,Milwaukee,WI,53203,(414) 224-7890,https://www.marriott.com/en-us/hotels/mkeri-residence-inn-milwaukee-downtown/overview/,https://www.marriott.com/en-us/hotels/mkeri-residence-inn-milwaukee-downtown/overview/,OFFICIAL_PROPERTY,2026-08-20,,,Pets Welcome,,milwaukee-wi
Residence Inn by Marriott Milwaukee North/Glendale,pet-friendly-hotels,7003 North Port Washington Road,Glendale,WI,53217,(414) 446-4295,https://www.marriott.com/en-us/hotels/mkeng-residence-inn-milwaukee-north-glendale/overview/,https://www.marriott.com/en-us/hotels/mkeng-residence-inn-milwaukee-north-glendale/overview/,OFFICIAL_PROPERTY,2026-08-20,,,Pets Welcome,,milwaukee-wi
Residence Inn by Marriott Milwaukee West,pet-friendly-hotels,1300 Discovery Parkway,Wauwatosa,WI,53226,(414) 258-2575,https://www.marriott.com/en-us/hotels/mkewe-residence-inn-milwaukee-west/overview/,https://www.marriott.com/en-us/hotels/mkewe-residence-inn-milwaukee-west/overview/,OFFICIAL_PROPERTY,2026-08-20,,,Pets Welcome,,milwaukee-wi
Royle Hotel Milwaukee Airport,pet-friendly-hotels,5311 S. Howell Ave.,Milwaukee,WI,53207,(414) 481-2400,https://www.choicehotels.com/wisconsin/milwaukee/choice-hotels/wi008,https://www.choicehotels.com/wisconsin/milwaukee/choice-hotels/wi008,OFFICIAL_PROPERTY,2026-08-19,,,Pets Allowed,,milwaukee-wi
Saint Kate - The Arts Hotel,pet-friendly-hotels,139 E. Kilbourn Avenue,Milwaukee,WI,53202,(414) 276-8686,https://www.saintkatearts.com/,https://www.saintkatearts.com/,OFFICIAL_PROPERTY,2026-08-21,,,pets allowed,,milwaukee-wi
Sleep Inn & Suites Milwaukee Airport,pet-friendly-hotels,4600 South 6th Street,Milwaukee,WI,53221,(414) 326-4599,https://www.choicehotels.com/wisconsin/milwaukee/sleep-inn-hotels/wi186,https://www.choicehotels.com/wisconsin/milwaukee/sleep-inn-hotels/wi186,OFFICIAL_PROPERTY,2026-08-19,,,Pets Allowed,,milwaukee-wi
SpringHill Suites by Marriott Menomonee Falls,pet-friendly-hotels,N 91 W 15901 Falls Parkway,Menomonee Falls,WI,53051,(262) 509-9100,https://www.marriott.com/en-us/hotels/mkems-springhill-suites-menomonee-falls/overview/,https://www.marriott.com/en-us/hotels/mkems-springhill-suites-menomonee-falls/overview/,OFFICIAL_PROPERTY,2026-08-20,,,Pets Welcome,,milwaukee-wi
SpringHill Suites by Marriott Milwaukee Downtown,pet-friendly-hotels,744 Vel R Phillips Avenue,Milwaukee,WI,53203,(414) 273-9811,https://www.marriott.com/en-us/hotels/mkesh-springhill-suites-milwaukee-downtown/overview/,https://www.marriott.com/en-us/hotels/mkesh-springhill-suites-milwaukee-downtown/overview/,OFFICIAL_PROPERTY,2026-08-20,,,Pets Welcome,,milwaukee-wi
Super 8 by Wyndham Germantown/Milwaukee,pet-friendly-hotels,N 96 W 17490 County Line Rd,Germantown,WI,53022,(262) 509-0896,https://www.wyndhamhotels.com/super-8/germantown-wisconsin/super-8-germantown-milwaukee/overview,https://www.wyndhamhotels.com/super-8/germantown-wisconsin/super-8-germantown-milwaukee/overview,OFFICIAL_PROPERTY,2026-08-19,,,Pets Allowed,,milwaukee-wi
The Ingleside Hotel,pet-friendly-hotels,2810 Golf Road,Pewaukee,WI,53072,(262) 547-0201,https://www.theinglesidehotel.com/,https://www.theinglesidehotel.com/accommodations/dog-friendly,OFFICIAL_PROPERTY,2026-08-21,,,welcomes dogs,,milwaukee-wi
The Pfister Hotel,pet-friendly-hotels,424 E. Wisconsin Avenue,Milwaukee,WI,53202,(414) 273-8222,https://www.thepfisterhotel.com/,https://www.thepfisterhotel.com/accommodations/pets/,OFFICIAL_PROPERTY,2026-08-21,,,pets (dogs or cats) per room are allowed,,milwaukee-wi
The Westin Milwaukee,pet-friendly-hotels,550 North Van Buren Street,Milwaukee,WI,53202,(414) 224-5224,https://www.marriott.com/en-us/hotels/mkeiw-the-westin-milwaukee/overview/,https://www.marriott.com/en-us/hotels/mkeiw-the-westin-milwaukee/overview/,OFFICIAL_PROPERTY,2026-08-20,,,Pets Welcome,,milwaukee-wi
TownePlace Suites by Marriott Milwaukee Brookfield,pet-friendly-hotels,600 North Calhoun Road,Brookfield,WI,53005,(262) 784-8450,https://www.marriott.com/en-us/hotels/mkets-towneplace-suites-milwaukee-brookfield/overview/,https://www.marriott.com/en-us/hotels/mkets-towneplace-suites-milwaukee-brookfield/overview/,OFFICIAL_PROPERTY,2026-08-20,,,Pets Welcome,,milwaukee-wi
TownePlace Suites by Marriott Milwaukee Oak Creek,pet-friendly-hotels,7980 South Market Street,Oak Creek,WI,53154,(414) 764-7980,https://www.marriott.com/en-us/hotels/mkeok-towneplace-suites-milwaukee-oak-creek/overview/,https://www.marriott.com/en-us/hotels/mkeok-towneplace-suites-milwaukee-oak-creek/overview/,OFFICIAL_PROPERTY,2026-08-20,,,Pets Welcome,,milwaukee-wi
Travelodge by Wyndham Milwaukee,pet-friendly-hotels,1716 W Layton Ave,Milwaukee,WI,53221,(414) 914-5124,https://www.wyndhamhotels.com/travelodge/milwaukee-wisconsin/travelodge-milwaukee/overview,https://www.wyndhamhotels.com/travelodge/milwaukee-wisconsin/travelodge-milwaukee/overview,OFFICIAL_PROPERTY,2026-08-19,,,Pets Allowed,,milwaukee-wi
Tru by Hilton Milwaukee Brookfield,pet-friendly-hotels,20925 Watertown Road,Waukesha,WI,53186,(262) 336-8800,https://www.hilton.com/en/hotels/mkeboru-tru-milwaukee-brookfield/,https://www.hilton.com/en/hotels/mkeboru-tru-milwaukee-brookfield/,OFFICIAL_PROPERTY,2026-08-20,,,Pets allowed,,milwaukee-wi
Tru by Hilton Milwaukee Downtown,pet-friendly-hotels,515 N Jefferson St,Milwaukee,WI,53202,(414) 240-8331,https://www.hilton.com/en/hotels/mkesoru-tru-milwaukee-downtown/,https://www.hilton.com/en/hotels/mkesoru-tru-milwaukee-downtown/,OFFICIAL_PROPERTY,2026-08-20,,,Pets allowed,,milwaukee-wi
Ac Hotel Nashville Brentwood,pet-friendly-hotels,5007 Maryland Way,Brentwood,TN,37027,+16153709865,https://www.marriott.com/en-us/hotels/bnaab-ac-hotel-nashville-brentwood/overview/,https://www.marriott.com/en-us/hotels/bnaab-ac-hotel-nashville-brentwood/overview/,OFFICIAL_PROPERTY,2026-09-09,,,Pets Welcome 00 Maximum Pet Weight: 100.0lbs Maximum Number of Pets in Room: 2 Pet Policy Pets Welcome 50USD non-refundable per room per night Non-Refundable Pet Fee Per Night: $50 0lbs Maximum Number of Pets in Room: 2,,nashville-tn
Aloft by Marriott Nashville Airport,pet-friendly-hotels,608 McGavock Pike,Nashville,TN,37214,+16292536060,https://www.marriott.com/en-us/hotels/bnaaa-aloft-nashville-airport/overview/,https://www.marriott.com/en-us/hotels/bnaaa-aloft-nashville-airport/overview/,OFFICIAL_PROPERTY,2026-09-09,,,Pets Welcome 00 per Night (Maximum of $150 per stay) Maximum Pet Weight: 25.0lbs Maximum Number of Pets in Room: 2 0lbs Maximum Number of Pets in Room: 2,,nashville-tn
Aloft by Marriott Nashville West End,pet-friendly-hotels,1719 West End Avenue,Nashville,TN,37203,+16153294200,https://www.marriott.com/en-us/hotels/bnawl-aloft-nashville-west-end/overview/,https://www.marriott.com/en-us/hotels/bnawl-aloft-nashville-west-end/overview/,OFFICIAL_PROPERTY,2026-09-09,,,Pets Welcome Pet Policy Pets Welcome Pet Friendly Maximum Number of Pets in Room: 2 Maximum Pet Weight: 40.0lbs Maximum Number of Pets in Room: 2 Pet Policy Pets Welcome Pet Friendly Maximum Number of Pets in Room: 2 Maximum Pet Weight: 40,,nashville-tn
avid hotels Nashville Airport,pet-friendly-hotels,40 Rachel Drive,Nashville,TN,37214,1-615-7308496,https://www.ihg.com/avidhotels/hotels/us/en/nashville/bnaav/hoteldetail,https://www.ihg.com/avidhotels/hotels/us/en/nashville/bnaav/hoteldetail,OFFICIAL_PROPERTY,2026-09-07,,,Pets allowed 45 USD per night per pet weight limit is 40 pounds up to 2 pets,,nashville-tn
Baymont by Wyndham Nashville,pet-friendly-hotels,2350 Elm Hill Pike,Nashville,TN,37214,615-647-5597,https://www.wyndhamhotels.com/baymont/nashville-tennessee/baymont-nashville/overview,https://www.wyndhamhotels.com/baymont/nashville-tennessee/baymont-nashville/overview,OFFICIAL_PROPERTY,2026-09-07,,,Pets Allowed 25 USD nightly per pet,,nashville-tn
Canopy by Hilton Nashville Downtown The Gulch,pet-friendly-hotels,920 Division Street,Nashville,TN,37203,+16156212598,https://www.hilton.com/en/hotels/bnaglpy-canopy-nashville-downtown-the-gulch/,https://www.hilton.com/en/hotels/bnaglpy-canopy-nashville-downtown-the-gulch/,OFFICIAL_PROPERTY,2026-09-09,,,"Pets allowed, $50 00 non-refundable fee, 75 lbs maximum, 50 Pets allowed, $50.00 non-refundable fee, 75 lbs maximum, 50",,nashville-tn
Comfort Inn & Suites Nashville - Bellevue Area,pet-friendly-hotels,627 Old Hickory Boulevard,Nashville,TN,37209,615-461-5450,https://www.choicehotels.com/tennessee/nashville/comfort-inn-hotels/tn790,https://www.choicehotels.com/tennessee/nashville/comfort-inn-hotels/tn790,OFFICIAL_PROPERTY,2026-09-07,,,Pets Allowed Pet Fee of 50.00 USD Maximum of 2 Pets Dogs only,,nashville-tn
Courtyard by Marriott Nashville Airport,pet-friendly-hotels,2508 Elm Hill Pike,Nashville,TN,37214,615-883-9500,https://www.marriott.com/en-us/hotels/bnaca-courtyard-nashville-airport/overview/,https://www.marriott.com/en-us/hotels/bnaca-courtyard-nashville-airport/overview/,OFFICIAL_PROPERTY,2026-09-09,,,Pets Welcome 00 Maximum Pet Weight: 80.0lbs Maximum Number of Pets in Room: 1 Pet Policy Pets Welcome Pet fee $20/day with $100/stay nonrefundable clean fee excludes Service Animals Non-Refundable Pet Fee Per Stay: $100.00 Non-Refundable Pet Fee Per Night: $20 0lbs Maximum Number of Pets in Room: 1,,nashville-tn
Courtyard by Marriott Nashville Brentwood,pet-friendly-hotels,103 Eastpark Drive,Brentwood,TN,37027,615-371-9200,https://www.marriott.com/en-us/hotels/bnabr-courtyard-nashville-brentwood/overview/,https://www.marriott.com/en-us/hotels/bnabr-courtyard-nashville-brentwood/overview/,OFFICIAL_PROPERTY,2026-09-09,,,Pets Welcome 00 Maximum Pet Weight: 35.0lbs Maximum Number of Pets in Room: 2 Pet Policy Pets Welcome Pet fee $20/day with $100/stay nonrefundable clean fee excludes Service Animals Non-Refundable Pet Fee Per Stay: $100.00 Non-Refundable Pet Fee Per Night: $20 0lbs Maximum Number of Pets in Room: 2,,nashville-tn
Courtyard by Marriott Nashville Goodlettsville,pet-friendly-hotels,865 Conference Drive,Goodlettsville,TN,37072,615-851-3000,https://www.marriott.com/en-us/hotels/bnagv-courtyard-nashville-goodlettsville/overview/,https://www.marriott.com/en-us/hotels/bnagv-courtyard-nashville-goodlettsville/overview/,OFFICIAL_PROPERTY,2026-09-09,,,Pets Welcome Pets Welcome Pet Policy Pets Welcome 1 pet (dog or cat) welcome with 75 USD non-refundable Maximum Pet Weight: 75.0lbs Maximum Number of Pets in Room: 1 0lbs Maximum Number of Pets in Room: 1,,nashville-tn
Courtyard by Marriott Nashville Green Hills,pet-friendly-hotels,3800 Bedford Avenue,Nashville,TN,37215,615-298-7700,https://www.marriott.com/en-us/hotels/bnagh-courtyard-nashville-green-hills/overview/,https://www.marriott.com/en-us/hotels/bnagh-courtyard-nashville-green-hills/overview/,OFFICIAL_PROPERTY,2026-09-09,,,Pets Welcome 00 Maximum Pet Weight: 75.0lbs Maximum Number of Pets in Room: 2 Pet Policy Pets Welcome Pets allowed Non-Refundable Pet Fee Per Stay: $75.00 Maximum Pet Weight: 75 0lbs Maximum Number of Pets in Room: 2,,nashville-tn
Days Inn by Wyndham Nashville North/Opryland Area,pet-friendly-hotels,3312 Dickerson Pike,Nashville,TN,37207,615-228-3421,https://www.wyndhamhotels.com/days-inn/nashville-tennessee/days-inn-by-wyndham-nashville-north-opryland-area/overview,https://www.wyndhamhotels.com/days-inn/nashville-tennessee/days-inn-by-wyndham-nashville-north-opryland-area/overview,OFFICIAL_PROPERTY,2026-09-07,,,pet is allowed 20 USD per night. Pet one pet is allowed,,nashville-tn
Delta Hotels Nashville Airport,pet-friendly-hotels,733 Briley Parkway,Nashville,TN,37217,+16153615900,https://www.marriott.com/en-us/hotels/bnada-delta-hotels-nashville-airport/overview/,https://www.marriott.com/en-us/hotels/bnada-delta-hotels-nashville-airport/overview/,OFFICIAL_PROPERTY,2026-09-09,,,Pets Welcome Pet Policy Pets Welcome 2 pets max per room with 75USD non-refundable fee per room per stay Maximum Pet Weight: 75.0lbs Maximum Number of Pets in Room: 2 Pet Policy Pets Welcome 2 pets max per room with 75USD non-refundable fee per room per stay Maximum Pet Weight: 75,,nashville-tn
DoubleTree by Hilton Hotel Nashville Downtown,pet-friendly-hotels,315 4th Avenue North,Nashville,TN,37219,615-244-8200,https://www.hilton.com/en/hotels/bnadudt-doubletree-nashville-downtown/,https://www.hilton.com/en/hotels/bnadudt-doubletree-nashville-downtown/,OFFICIAL_PROPERTY,2026-09-09,,,"Pets allowed, $125 Pets allowed, $125.00 non-refundable fee",,nashville-tn
DoubleTree Suites by Hilton Hotel Nashville Airport,pet-friendly-hotels,2424 Atrium Way,Nashville,TN,37214,+16158898889,https://www.hilton.com/en/hotels/bnaebdt-doubletree-suites-nashville-airport/,https://www.hilton.com/en/hotels/bnaebdt-doubletree-suites-nashville-airport/,OFFICIAL_PROPERTY,2026-09-09,,,"Pets allowed, $50 00 non-refundable fee, 75 lbs maximum, Pet fee of $50 Pets allowed, $50.00 non-refundable fee, 75 lbs maximum, Pet fee of $50",,nashville-tn
Element by Marriott Nashville Airport,pet-friendly-hotels,2825 Elm Hill Pike,Nashville,TN,37214,+16158949791,https://www.marriott.com/en-us/hotels/bnael-element-nashville-airport/overview/,https://www.marriott.com/en-us/hotels/bnael-element-nashville-airport/overview/,OFFICIAL_PROPERTY,2026-09-09,,,"Pets Welcome 00 Maximum Pet Weight: 100.0lbs Maximum Number of Pets in Room: 2 Pet Policy Pets Welcome Pet friendly, one pet allowed per room Non-Refundable Pet Fee Per Night: $50.00 Maximum Pet Weight: 100 0lbs Maximum Number of Pets in Room: 2",,nashville-tn
Element by Marriott Nashville Vanderbilt West End,pet-friendly-hotels,4 City Boulevard,Nashville,TN,37209,+16153208400,https://www.marriott.com/en-us/hotels/bnaew-element-nashville-vanderbilt-west-end/overview/,https://www.marriott.com/en-us/hotels/bnaew-element-nashville-vanderbilt-west-end/overview/,OFFICIAL_PROPERTY,2026-09-09,,,Pets Welcome Pet Policy Pets Welcome Dogs or cats only 00 Maximum Pet Weight: 50.0lbs Maximum Number of Pets in Room: 1 Non-Refundable Pet Fee Per Night: $50.00 Maximum Pet Weight: 50,,nashville-tn
Embassy Suites by Hilton Nashville Airport,pet-friendly-hotels,10 Century Boulevard,Nashville,TN,37214,+16158710033,https://www.hilton.com/en/hotels/bnanaes-embassy-suites-nashville-airport/,https://www.hilton.com/en/hotels/bnanaes-embassy-suites-nashville-airport/,OFFICIAL_PROPERTY,2026-09-09,,,"Pets allowed, $75 00 non-refundable fee, $75(1-4n),$125(5+n)2petsMax,dog/cat only Pets allowed, $75.00 non-refundable fee, $75(1-4n),$125(5+n)2petsMax,dog/cat only 00 non-refundable fee, $75(1-4n),$125(5+n)2petsMax,dog/cat only",,nashville-tn
Embassy Suites by Hilton Nashville at Vanderbilt,pet-friendly-hotels,1811 Broadway,Nashville,TN,37203,+16153208899,https://www.hilton.com/en/hotels/bnaeses-embassy-suites-nashville-at-vanderbilt/,https://www.hilton.com/en/hotels/bnaeses-embassy-suites-nashville-at-vanderbilt/,OFFICIAL_PROPERTY,2026-09-09,,,"Pets allowed, $75 00 non-refundable fee, $75(1-4n),$125(5+n)2petsMax,dog/cat only Pets allowed, $75.00 non-refundable fee, $75(1-4n),$125(5+n)2petsMax,dog/cat only 00 non-refundable fee, $75(1-4n),$125(5+n)2petsMax,dog/cat only",,nashville-tn
Embassy Suites by Hilton Nashville Downtown,pet-friendly-hotels,708 Demonbreun Street,Nashville,TN,37203,615-736-7100,https://www.hilton.com/en/hotels/bnadees-embassy-suites-nashville-downtown/,https://www.hilton.com/en/hotels/bnadees-embassy-suites-nashville-downtown/,OFFICIAL_PROPERTY,2026-09-09,,,"Pets allowed, $75 00 non-refundable fee, $75(1-4n),$125(5+n)2petsMax,dog/cat only Pets allowed, $75.00 non-refundable fee, $75(1-4n),$125(5+n)2petsMax,dog/cat only 00 non-refundable fee, $75(1-4n),$125(5+n)2petsMax,dog/cat only",,nashville-tn
Fairfield by Marriott Inn & Suites Nashville Airport,pet-friendly-hotels,511 Royal Parkway,Nashville,TN,37214,+16159303730,https://www.marriott.com/en-us/hotels/bnaaf-fairfield-inn-and-suites-nashville-airport/overview/,https://www.marriott.com/en-us/hotels/bnaaf-fairfield-inn-and-suites-nashville-airport/overview/,OFFICIAL_PROPERTY,2026-09-09,,,Pets Welcome Maximum Number of Pets in Room: 2,,nashville-tn
Fairfield by Marriott Inn & Suites Nashville Antioch,pet-friendly-hotels,510 Collins Park Drive,Antioch,TN,37013,,https://www.marriott.com/en-us/hotels/bnaof-fairfield-inn-and-suites-antioch/overview/,https://www.marriott.com/en-us/hotels/bnaof-fairfield-inn-and-suites-antioch/overview/,OFFICIAL_PROPERTY,2026-09-09,,,Pets Welcome Pet Policy Pets Welcome $75/night per pet Maximum Pet Weight: 50.0lbs,,nashville-tn
Fairfield by Marriott Inn & Suites Nashville Near Vanderbilt,pet-friendly-hotels,109 29th Avenue North,Nashville,TN,37203,629-216-2331,https://www.marriott.com/en-us/hotels/bnafo-fairfield-inn-and-suites-nashville-near-vanderbilt/overview/,https://www.marriott.com/en-us/hotels/bnafo-fairfield-inn-and-suites-nashville-near-vanderbilt/overview/,OFFICIAL_PROPERTY,2026-09-09,,,Pets Welcome 00 Maximum Pet Weight: 75.0lbs Maximum Number of Pets in Room: 2 Pet Policy Pets Welcome $50 Per Pet Per Stay plus $10 per night 0lbs Maximum Number of Pets in Room: 2,,nashville-tn
Four Points by Sheraton Nashville - Brentwood,pet-friendly-hotels,760 Old Hickory Boulevard,Brentwood,TN,37027,+16159645500,https://www.marriott.com/en-us/hotels/bnasb-sheraton-nashville-brentwood/overview/,https://www.marriott.com/en-us/hotels/bnasb-sheraton-nashville-brentwood/overview/,OFFICIAL_PROPERTY,2026-09-09,,,Pets Welcome Pet Policy Pets Welcome non-refundable fee Non-Refundable Pet Fee Per Stay: $100.00 Maximum Number of Pets in Room: 1 00 Maximum Number of Pets in Room: 1,,nashville-tn
Hampton Inn & Suites by Hilton Nashville North Skyline,pet-friendly-hotels,3451 Dickerson Road,Nashville,TN,37207,615-762-3500,https://www.hilton.com/en/hotels/bnaskhx-hampton-suites-nashville-north-skyline/,https://www.hilton.com/en/hotels/bnaskhx-hampton-suites-nashville-north-skyline/,OFFICIAL_PROPERTY,2026-09-09,,,"Pets allowed, $75 00 non-refundable fee, 75 lbs maximum, $75 1-4 nights $125 5+ nights 2 pet minimum Dog and Cats only 00 non-refundable fee, 75 lbs maximum, $75 1-4 nights $125 5+ nights 2 pet minimum Dog and Cats only Pets allowed, $75.00 non-refundable fee, 75 lbs maximum, $75 1-4 nights $125 5+ nights 2 pet minimum Dog and Cats only",,nashville-tn
Hampton Inn & Suites Nashville / Airport,pet-friendly-hotels,583 Donelson Pike,Nashville,TN,37214,615-885-4242,https://www.hilton.com/en/hotels/bnahshx-hampton-suites-nashville-airport/,https://www.hilton.com/en/hotels/bnahshx-hampton-suites-nashville-airport/,OFFICIAL_PROPERTY,2026-09-09,,,"Pets allowed, $75 00 non-refundable fee, $75 fee(1-nights) batsman, dog/cat only Pets allowed, $75.00 non-refundable fee, $75 fee(1-nights) batsman, dog/cat only",,nashville-tn
Hampton Inn & Suites Nashville at Opryland,pet-friendly-hotels,230 Rudy Circle,Nashville,TN,37214,615-620-2500,https://www.hilton.com/en/hotels/bnaophx-hampton-suites-nashville-at-opryland/,https://www.hilton.com/en/hotels/bnaophx-hampton-suites-nashville-at-opryland/,OFFICIAL_PROPERTY,2026-09-09,,,"Pets allowed, $50 00 non-refundable fee, $50(1-4n),$75(5+n) 2petsMax,dog/cat only Pets allowed, $50.00 non-refundable fee, $50(1-4n),$75(5+n) 2petsMax,dog/cat only 00 non-refundable fee, $50(1-4n),$75(5+n) 2petsMax,dog/cat only",,nashville-tn
Hampton Inn & Suites Nashville Downtown,pet-friendly-hotels,310 4th Avenue South,Nashville,TN,37201,615-277-5000,https://www.hilton.com/en/hotels/bnadthx-hampton-suites-nashville-downtown/,https://www.hilton.com/en/hotels/bnadthx-hampton-suites-nashville-downtown/,OFFICIAL_PROPERTY,2026-09-09,,,"Pets allowed, $75 00 non-refundable fee, $75(1-4n),$125(5+n) 2petMax,dog/cat only Pets allowed, $75.00 non-refundable fee, $75(1-4n),$125(5+n) 2petMax,dog/cat only 00 non-refundable fee, $75(1-4n),$125(5+n) 2petMax,dog/cat only",,nashville-tn
Hampton Inn & Suites Nashville Downtown Capitol View,pet-friendly-hotels,530 11th Avenue North,Nashville,TN,37203,+16157802000,https://www.hilton.com/en/hotels/bnadchx-hampton-suites-nashville-downtown-capitol-view/,https://www.hilton.com/en/hotels/bnadchx-hampton-suites-nashville-downtown-capitol-view/,OFFICIAL_PROPERTY,2026-09-09,,,"Pets allowed, $75 00 non-refundable fee, $75 1-4 nights/$125 5+nights,2 pets max, dog/cat only Pets allowed, $75.00 non-refundable fee, $75 1-4 nights/$125 5+nights,2 pets max, dog/cat only 00 non-refundable fee, $75 1-4 nights/$125 5+nights,2 pets max, dog/cat only",,nashville-tn
Hampton Inn & Suites Nashville/Goodlettsville,pet-friendly-hotels,860 Conference Drive,Goodlettsville,TN,37072,615-645-1929,https://www.hilton.com/en/hotels/bnagohx-hampton-suites-nashville-goodlettsville/,https://www.hilton.com/en/hotels/bnagohx-hampton-suites-nashville-goodlettsville/,OFFICIAL_PROPERTY,2026-09-09,,,"Pets allowed, $75 Pets allowed, $75 00 non-refundable fee, 75 lbs maximum, $75(1-4n),$125(5+n)2petsMax,dog/cat onl Pets allowed, $75.00 non-refundable fee, 75 lbs maximum, $75(1-4n),$125(5+n)2petsMax,dog/cat onl",,nashville-tn
Hampton Inn by Hilton Nashville Airport Century Place,pet-friendly-hotels,1 Century Boulevard,Nashville,TN,37214,615-885-1122,https://www.hilton.com/en/hotels/bnallhx-hampton-nashville-airport-century-place/,https://www.hilton.com/en/hotels/bnallhx-hampton-nashville-airport-century-place/,OFFICIAL_PROPERTY,2026-09-09,,,"Pets allowed, $75 00 non-refundable fee, 75 lbs maximum Pets allowed, $75.00 non-refundable fee, 75 lbs maximum",,nashville-tn
Hilton Bna Nashville Airport Terminal,pet-friendly-hotels,2 Terminal Drive,Nashville,TN,37214,+16152081000,https://www.hilton.com/en/hotels/bnahhhh-hilton-bna-nashville-airport-terminal/,https://www.hilton.com/en/hotels/bnahhhh-hilton-bna-nashville-airport-terminal/,OFFICIAL_PROPERTY,2026-09-09,,,"Pets allowed, $50 00 non-refundable fee, 50 lbs maximum, We offer a dog park at Hilton BNA! In our grand plaza, right outside our front doors we offer a friendly dog park Pets allowed, $50.00 non-refundable fee, 50 lbs maximum, We offer a dog park at Hilton BNA! In our grand plaza, right outside our front doors we offer a friendly dog park",,nashville-tn
Hilton Garden Inn Nashville Brentwood,pet-friendly-hotels,217 Centerview Drive,Brentwood,TN,37027,+16153705040,https://www.hilton.com/en/hotels/bnabrgi-hilton-garden-inn-nashville-brentwood/,https://www.hilton.com/en/hotels/bnabrgi-hilton-garden-inn-nashville-brentwood/,OFFICIAL_PROPERTY,2026-09-09,,,"Pets allowed, $75 Dogs/cats only 00 non-refundable fee, 50 lbs maximum, $75 1-4 nights/$125 5+ nights Pets allowed, $75.00 non-refundable fee, 50 lbs maximum, $75 1-4 nights/$125 5+ nights",,nashville-tn
Hilton Garden Inn Nashville Downtown/Convention Center,pet-friendly-hotels,305 Korean Veterans Boulevard,Nashville,TN,37201,615-251-3013,https://www.hilton.com/en/hotels/bnaccgi-hilton-garden-inn-nashville-downtown-convention-center/,https://www.hilton.com/en/hotels/bnaccgi-hilton-garden-inn-nashville-downtown-convention-center/,OFFICIAL_PROPERTY,2026-09-09,,,"Pets allowed, $75 Pets allowed, $75.00 non-refundable fee, $75(1-4n), $125(5+n) 2petsMax 00 non-refundable fee, $75(1-4n), $125(5+n) 2petsMax",,nashville-tn
Hilton Garden Inn Nashville Opryland,pet-friendly-hotels,124 Music City Circle,Nashville,TN,37214,+16155517779,https://www.hilton.com/en/hotels/bnadrgi-hilton-garden-inn-nashville-opryland/,https://www.hilton.com/en/hotels/bnadrgi-hilton-garden-inn-nashville-opryland/,OFFICIAL_PROPERTY,2026-09-09,,,"Pets allowed, $75 00 non-refundable fee, 75 lbs maximum Pets allowed, $75.00 non-refundable fee, 75 lbs maximum",,nashville-tn
Hilton Garden Inn Nashville Vanderbilt,pet-friendly-hotels,1715 Broadway,Nashville,TN,37203,+16153695900,https://www.hilton.com/en/hotels/bnanvgi-hilton-garden-inn-nashville-vanderbilt/,https://www.hilton.com/en/hotels/bnanvgi-hilton-garden-inn-nashville-vanderbilt/,OFFICIAL_PROPERTY,2026-09-09,,,"Pets allowed, $75 Pets allowed, $75.00 non-refundable fee, $75 for 1-4 nights, $125 for 5+ nights",,nashville-tn
Hilton Nashville Downtown,pet-friendly-hotels,121 Fourth Avenue South,Nashville,TN,37201,+16156201000,https://www.hilton.com/en/hotels/bnanshf-hilton-nashville-downtown/,https://www.hilton.com/en/hotels/bnanshf-hilton-nashville-downtown/,OFFICIAL_PROPERTY,2026-09-09,,,"Pets allowed, $50 00 non-refundable fee, 75 lbs maximum Pets allowed, $50.00 non-refundable fee, 75 lbs maximum",,nashville-tn
Holiday Inn Express & Suites Nashville Southeast - Antioch,pet-friendly-hotels,201 Crossings Place,Antioch,TN,37013,1-615-7312361,https://www.ihg.com/holidayinnexpress/hotels/us/en/nashville/bnacr/hoteldetail,https://www.ihg.com/holidayinnexpress/hotels/us/en/nashville/bnacr/hoteldetail,OFFICIAL_PROPERTY,2026-09-07,,,pets allowed Pet fee per night: 50 USD 2 pets allowed,,nashville-tn
Home2 Suites by Hilton Nashville MetroCenter,pet-friendly-hotels,410 Dominican Drive,Nashville,TN,37228,+16159857444,https://www.hilton.com/en/hotels/bnamcht-home2-suites-nashville-metrocenter/,https://www.hilton.com/en/hotels/bnamcht-home2-suites-nashville-metrocenter/,OFFICIAL_PROPERTY,2026-09-09,,,"Pets allowed, $75 00 non-refundable fee, 75 lbs maximum Pets allowed, $75.00 non-refundable fee, 75 lbs maximum",,nashville-tn
Home2 Suites by Hilton Nashville near Opryland,pet-friendly-hotels,2525 McGavock Pike,Nashville,TN,37214,+16299357620,https://www.hilton.com/en/hotels/bnateht-home2-suites-nashville-near-opryland/,https://www.hilton.com/en/hotels/bnateht-home2-suites-nashville-near-opryland/,OFFICIAL_PROPERTY,2026-09-09,,,"Pets allowed, $50 00 non-refundable fee, 75 lbs maximum, $50(1-4 nights), $75(5+ nights) 2pets max, dog/cat only 00 non-refundable fee, 75 lbs maximum, $50(1-4 nights), $75(5+ nights) 2pets max, dog/cat only Pets allowed, $50.00 non-refundable fee, 75 lbs maximum, $50(1-4 nights), $75(5+ nights) 2pets max, dog/cat only",,nashville-tn
"Home2 Suites by Hilton Nashville Vanderbilt, TN",pet-friendly-hotels,1800 Division Street,Nashville,TN,37203,615-254-2170,https://www.hilton.com/en/hotels/bnahtht-home2-suites-nashville-vanderbilt-tn/,https://www.hilton.com/en/hotels/bnahtht-home2-suites-nashville-vanderbilt-tn/,OFFICIAL_PROPERTY,2026-09-09,,,"Pets allowed, $75 00 non-refundable fee, $75 2petsMax,dog/cat only Pets allowed, $75.00 non-refundable fee, $75 2petsMax,dog/cat only 00 non-refundable fee, $75 2petsMax,dog/cat only",,nashville-tn
"Home2 Suites by Hilton Nashville-Airport, TN",pet-friendly-hotels,832 Royal Parkway,Nashville,TN,37214,615-874-2280,https://www.hilton.com/en/hotels/bnaapht-home2-suites-nashville-airport-tn/,https://www.hilton.com/en/hotels/bnaapht-home2-suites-nashville-airport-tn/,OFFICIAL_PROPERTY,2026-09-09,,,"Pets allowed, $75 00 non-refundable fee, 80 lbs maximum Pets allowed, $75.00 non-refundable fee, 80 lbs maximum",,nashville-tn
Homewood Suites by Hilton Nashville Brentwood,pet-friendly-hotels,5107 Peter Taylor Park,Brentwood,TN,37027,+16153773332,https://www.hilton.com/en/hotels/bnabthw-homewood-suites-nashville-brentwood/,https://www.hilton.com/en/hotels/bnabthw-homewood-suites-nashville-brentwood/,OFFICIAL_PROPERTY,2026-09-09,,,"Pets allowed, $75 00 non-refundable fee, 75 lbs maximum, $75 (1-4n), $125(5+n) 2 pets Max, dog/cat only 00 non-refundable fee, 75 lbs maximum, $75 (1-4n), $125(5+n) 2 pets Max, dog/cat only Pets allowed, $75.00 non-refundable fee, 75 lbs maximum, $75 (1-4n), $125(5+n) 2 pets Max, dog/cat only",,nashville-tn
Homewood Suites by Hilton Nashville Downtown The Gulch,pet-friendly-hotels,610 Overton Street,Nashville,TN,37203,+16156212599,https://www.hilton.com/en/hotels/bnadshw-homewood-suites-nashville-downtown-the-gulch/,https://www.hilton.com/en/hotels/bnadshw-homewood-suites-nashville-downtown-the-gulch/,OFFICIAL_PROPERTY,2026-09-09,,,"Pets allowed, $50 Pets allowed, $50.00 non-refundable fee",,nashville-tn
Homewood Suites by Hilton Nashville-Airport,pet-friendly-hotels,2640 Elm Hill Pike,Nashville,TN,37214,+16158848111,https://www.hilton.com/en/hotels/bnahwhw-homewood-suites-nashville-airport/,https://www.hilton.com/en/hotels/bnahwhw-homewood-suites-nashville-airport/,OFFICIAL_PROPERTY,2026-09-09,,,"Pets allowed, $75 00 non-refundable fee, 75 lbs maximum, 2 pets Max, dogs/cats only 00 non-refundable fee, 75 lbs maximum, 2 pets Max, dogs/cats only Pets allowed, $75.00 non-refundable fee, 75 lbs maximum, 2 pets Max, dogs/cats only",,nashville-tn
Homewood Suites by Hilton Nashville-Downtown,pet-friendly-hotels,706 Church Street,Nashville,TN,37203,+16157425550,https://www.hilton.com/en/hotels/bnadwhw-homewood-suites-nashville-downtown/,https://www.hilton.com/en/hotels/bnadwhw-homewood-suites-nashville-downtown/,OFFICIAL_PROPERTY,2026-09-09,,,"Pets allowed, $50 00 non-refundable fee, $50(1-4n),$75(5+n) 2petsMax,dog/cat only Pets allowed, $50.00 non-refundable fee, $50(1-4n),$75(5+n) 2petsMax,dog/cat only 00 non-refundable fee, $50(1-4n),$75(5+n) 2petsMax,dog/cat only",,nashville-tn
"Hotel Fraye Nashville, Curio Collection by Hilton",pet-friendly-hotels,1810 Broadway,Nashville,TN,37203,+16153211007,https://www.hilton.com/en/hotels/bnamoqq-hotel-fraye-nashville-midtown/,https://www.hilton.com/en/hotels/bnamoqq-hotel-fraye-nashville-midtown/,OFFICIAL_PROPERTY,2026-09-09,,,"Pets allowed, $75 00 non-refundable fee, 75 lbs maximum, Service animals welcome Pets allowed, $75.00 non-refundable fee, 75 lbs maximum, Service animals welcome",,nashville-tn
"Hutton Hotel, Nashville, a Tribute Portfolio Hotel",pet-friendly-hotels,1808 West End Avenue,Nashville,TN,37203,+16153409333,https://www.marriott.com/en-us/hotels/bnawu-hutton-hotel-nashville-a-tribute-portfolio-hotel/overview/,https://www.marriott.com/en-us/hotels/bnawu-hutton-hotel-nashville-a-tribute-portfolio-hotel/overview/,OFFICIAL_PROPERTY,2026-09-09,,,Pets Welcome Non-Refundable Pet Fee Per Stay: $100.00 Maximum Number of Pets in Room: 2 00 Maximum Number of Pets in Room: 2,,nashville-tn
Jw Marriott Nashville,pet-friendly-hotels,201 8th Avenue South,Nashville,TN,37203,+16152918600,https://www.marriott.com/en-us/hotels/bnajw-jw-marriott-nashville/overview/,https://www.marriott.com/en-us/hotels/bnajw-jw-marriott-nashville/overview/,OFFICIAL_PROPERTY,2026-09-09,,,"Pets Welcome Pets Welcome Up to two dogs allowed per room, maximum 50lbs each Non-Refundable Pet Fee Per Stay: $150.00 Maximum Pet Weight: 50",,nashville-tn
La Quinta Inn & Suites by Wyndham Nashville Airport,pet-friendly-hotels,531 Donelson Pike,Nashville,TN,37214,615-885-3100,https://www.wyndhamhotels.com/laquinta/nashville-tennessee/la-quinta-nashville-airport/overview,https://www.wyndhamhotels.com/laquinta/nashville-tennessee/la-quinta-nashville-airport/overview,OFFICIAL_PROPERTY,2026-09-07,,,Pets Allowed 25 USD nightly Max 75 USD per stay 75lbs or less,,nashville-tn
La Quinta Inn & Suites by Wyndham Nashville Downtown/Stadium,pet-friendly-hotels,315 Interstate Drive,Nashville,TN,37213,615-208-4186,https://www.wyndhamhotels.com/laquinta/nashville-tennessee/la-quinta-inn-and-suites-nashville-downtown-stadium/overview,https://www.wyndhamhotels.com/laquinta/nashville-tennessee/la-quinta-inn-and-suites-nashville-downtown-stadium/overview,OFFICIAL_PROPERTY,2026-09-07,,,Pets Allowed 25 USD nightly Max 75 USD per stay 75lbs or less,,nashville-tn
Motto by Hilton Nashville Downtown,pet-friendly-hotels,311 3rd Avenue South,Nashville,TN,37201,615-798-0990,https://www.hilton.com/en/hotels/bnairua-motto-nashville-downtown/,https://www.hilton.com/en/hotels/bnairua-motto-nashville-downtown/,OFFICIAL_PROPERTY,2026-09-09,,,"Pets allowed, $75 00 non-refundable fee, 50 lbs maximum, $75 1-4 nights/$125 5+ nights, 2 pet max, dogs/cats only 00 non-refundable fee, 50 lbs maximum, $75 1-4 nights/$125 5+ nights, 2 pet max, dogs/cats only Pets allowed, $75.00 non-refundable fee, 50 lbs maximum, $75 1-4 nights/$125 5+ nights, 2 pet max, dogs/cats only",,nashville-tn
Moxy Nashville Downtown,pet-friendly-hotels,110 3rd Avenue South,Nashville,TN,37201,+16159862091,https://www.marriott.com/en-us/hotels/bnaox-moxy-nashville-downtown/overview/,https://www.marriott.com/en-us/hotels/bnaox-moxy-nashville-downtown/overview/,OFFICIAL_PROPERTY,2026-09-09,,,Pets Welcome Pet Policy Pets Welcome $75 Non-Refundable Fee Maximum Number of Pets in Room: 2,,nashville-tn
Moxy Nashville Vanderbilt Area,pet-friendly-hotels,1911 Belcourt Avenue,Nashville,TN,37212,+16153851911,https://www.marriott.com/en-us/hotels/bnaov-moxy-nashville-vanderbilt-area/overview/,https://www.marriott.com/en-us/hotels/bnaov-moxy-nashville-vanderbilt-area/overview/,OFFICIAL_PROPERTY,2026-09-09,,,Pets Welcome Pet Policy Pets Welcome 2 pets 50lbs per pet maximum per room Non-Refundable Pet Fee Per Night: $50.00 Maximum Pet Weight: 50 0lbs Maximum Number of Pets in Room: 2,,nashville-tn
Nashville Marriott at Vanderbilt University,pet-friendly-hotels,2555 West End Avenue,Nashville,TN,37203,615-321-1300,https://www.marriott.com/en-us/hotels/bnaav-nashville-marriott-at-vanderbilt-university/overview/,https://www.marriott.com/en-us/hotels/bnaav-nashville-marriott-at-vanderbilt-university/overview/,OFFICIAL_PROPERTY,2026-09-09,,,Pets Welcome 00 Maximum Pet Weight: 50.0lbs Maximum Number of Pets in Room: 2 Non-Refundable Pet Fee Per Stay: $75.00 Maximum Pet Weight: 50 0lbs Maximum Number of Pets in Room: 2,,nashville-tn
Quality Inn Goodlettsville,pet-friendly-hotels,925 Conference Drive,Goodlettsville,TN,37072,615-859-5400,https://www.choicehotels.com/tennessee/goodlettsville/quality-inn-hotels/tn233,https://www.choicehotels.com/tennessee/goodlettsville/quality-inn-hotels/tn233,OFFICIAL_PROPERTY,2026-09-07,,,Pets Allowed pet fee of 20 USD 25lbs or less one pet per room,,nashville-tn
Renaissance Nashville Hotel,pet-friendly-hotels,611 Commerce Street,Nashville,TN,37203,+16152558400,https://www.marriott.com/en-us/hotels/bnash-renaissance-nashville-hotel/overview/,https://www.marriott.com/en-us/hotels/bnash-renaissance-nashville-hotel/overview/,OFFICIAL_PROPERTY,2026-09-09,,,Pets Welcome Pet needs to be confined if left alone in room Non-Refundable Pet Fee Per Night: $50.00 Maximum Number of Pets in Room: 2 00 Maximum Number of Pets in Room: 2,,nashville-tn
Residence Inn by Marriott Nashville Airport,pet-friendly-hotels,2300 Elm Hill Pike,Nashville,TN,37214,615-889-8600,https://www.marriott.com/en-us/hotels/bnabn-residence-inn-nashville-airport/overview/,https://www.marriott.com/en-us/hotels/bnabn-residence-inn-nashville-airport/overview/,OFFICIAL_PROPERTY,2026-09-09,,,Pets Welcome 00 Maximum Pet Weight: 35.0lbs Maximum Number of Pets in Room: 2 Pet Policy Pets Welcome Pet fee $20/day with $100/stay nonrefundable clean fee excludes Service Animals Non-Refundable Pet Fee Per Stay: $100.00 Non-Refundable Pet Fee Per Night: $20 0lbs Maximum Number of Pets in Room: 2,,nashville-tn
Residence Inn by Marriott Nashville at Opryland,pet-friendly-hotels,2500 Music Valley Drive,Nashville,TN,37214,615-265-0345,https://www.marriott.com/en-us/hotels/bnaol-residence-inn-nashville-at-opryland/overview/,https://www.marriott.com/en-us/hotels/bnaol-residence-inn-nashville-at-opryland/overview/,OFFICIAL_PROPERTY,2026-09-09,,,Pets Welcome Pet Policy Pets Welcome 2 pets 20 pounds max per room-USD 150 fee first pet and USD 20 fee second pet Non-Refundable Pet Fee Per Stay: $150 Pet Policy Pets Welcome 2 pets 20 pounds max per room-USD 150 fee first pet and USD 20 fee second pet Non-Refundable Pet Fee Per Stay: $150.00 Maximum Pet Weight: 20 0lbs Maximum Number of Pets in Room: 2,,nashville-tn
Residence Inn by Marriott Nashville Green Hills,pet-friendly-hotels,3807 Cleghorn Avenue,Nashville,TN,37215,615-279-1414,https://www.marriott.com/en-us/hotels/bnagn-residence-inn-nashville-green-hills/overview/,https://www.marriott.com/en-us/hotels/bnagn-residence-inn-nashville-green-hills/overview/,OFFICIAL_PROPERTY,2026-09-09,,,Pets Welcome Pet Policy Pets Welcome 2 pets 50 pounds max per room with USD 150 non-refundable fee per room per stay Non-Refundable Pet Fee Per Stay: $150 Pet Policy Pets Welcome 2 pets 50 pounds max per room with USD 150 non-refundable fee per room per stay Non-Refundable Pet Fee Per Stay: $150.00 Maximum Pet Weight: 50 0lbs Maximum Number of Pets in Room: 2,,nashville-tn
Residence Inn by Marriott Nashville Metro Center,pet-friendly-hotels,251 Venture Circle,Nashville,TN,37228,+16159142500,https://www.marriott.com/en-us/hotels/bnarm-residence-inn-nashville-metro-center/overview/,https://www.marriott.com/en-us/hotels/bnarm-residence-inn-nashville-metro-center/overview/,OFFICIAL_PROPERTY,2026-09-09,,,Pets Welcome Pet Policy Pets Welcome Dogs only - additional pet: USD 25 per stay Non-Refundable Pet Fee Per Stay: $75 00 Maximum Pet Weight: 75.0lbs Maximum Number of Pets in Room: 2 Pet Policy Pets Welcome Dogs only - additional pet: USD 25 per stay Non-Refundable Pet Fee Per Stay: $75.00 Maximum Pet Weight: 75,,nashville-tn
Residence Inn by Marriott Nashville Vanderbilt/West End,pet-friendly-hotels,1801 Hayes Street,Nashville,TN,37203,615-988-9920,https://www.marriott.com/en-us/hotels/bnavb-residence-inn-nashville-vanderbilt-west-end/overview/,https://www.marriott.com/en-us/hotels/bnavb-residence-inn-nashville-vanderbilt-west-end/overview/,OFFICIAL_PROPERTY,2026-09-09,,,Pets Welcome Pet Policy Pets Welcome $100/stay nonrefundable clean fee excludes Service Animals Non-Refundable Pet Fee Per Stay: $100.00 Maximum Number of Pets in Room: 2 00 Maximum Number of Pets in Room: 2,,nashville-tn
Sheraton Grand Nashville Downtown,pet-friendly-hotels,623 Union Street,Nashville,TN,37219,615-259-2000,https://www.marriott.com/en-us/hotels/bnand-sheraton-grand-nashville-downtown/overview/,https://www.marriott.com/en-us/hotels/bnand-sheraton-grand-nashville-downtown/overview/,OFFICIAL_PROPERTY,2026-09-09,,,Pets Welcome Pets Welcome Maximum Pet Weight: 75.0lbs Maximum Number of Pets in Room: 2 0lbs Maximum Number of Pets in Room: 2,,nashville-tn
Sheraton Music City Nashville Airport,pet-friendly-hotels,777 McGavock Pike Road,Nashville,TN,37214,+16158852200,https://www.marriott.com/en-us/hotels/bnasi-sheraton-music-city-nashville-airport/overview/,https://www.marriott.com/en-us/hotels/bnasi-sheraton-music-city-nashville-airport/overview/,OFFICIAL_PROPERTY,2026-09-09,,,Pets Welcome Pet Policy Pets Welcome 1 pet 40 pounds max per room with USD 100 non-refundable fee per room per stay Non-Refundable Pet Fee Per Stay: $100 Pet Policy Pets Welcome 1 pet 40 pounds max per room with USD 100 non-refundable fee per room per stay Non-Refundable Pet Fee Per Stay: $100.00 Maximum Pet Weight: 40 0lbs Maximum Number of Pets in Room: 1,,nashville-tn
Spark by Hilton Nashville at Opryland,pet-friendly-hotels,2516 Music Valley Drive,Nashville,TN,37214,+16158890086,https://www.hilton.com/en/hotels/bnamepe-spark-nashville-at-opryland/,https://www.hilton.com/en/hotels/bnamepe-spark-nashville-at-opryland/,OFFICIAL_PROPERTY,2026-09-09,,,"Pets allowed, $75 00 non-refundable fee, 75 lbs maximum Pets allowed, $75.00 non-refundable fee, 75 lbs maximum",,nashville-tn
SpringHill Suites by Marriott Nashville Brentwood,pet-friendly-hotels,7109 Town Center Way,Brentwood,TN,37027,+16152650335,https://www.marriott.com/en-us/hotels/bnawo-springhill-suites-nashville-brentwood/overview/,https://www.marriott.com/en-us/hotels/bnawo-springhill-suites-nashville-brentwood/overview/,OFFICIAL_PROPERTY,2026-09-09,,,Pets Welcome 00 Maximum Pet Weight: 35.0lbs Maximum Number of Pets in Room: 2 Pet Policy Pets Welcome Pets Allowed/Accepted at this Hotel with fee Non-Refundable Pet Fee Per Stay: $150.00 Maximum Pet Weight: 35 0lbs Maximum Number of Pets in Room: 2,,nashville-tn
Tempo by Hilton Nashville Downtown,pet-friendly-hotels,127 Rosa L Parks Boulevard,Nashville,TN,37203,629-224-3959,https://www.hilton.com/en/hotels/bnapopo-tempo-nashville-downtown/,https://www.hilton.com/en/hotels/bnapopo-tempo-nashville-downtown/,OFFICIAL_PROPERTY,2026-09-09,,,"Pets allowed, 95 lbs maximum Pets allowed, 95 lbs maximum",,nashville-tn
"The Joseph, a Luxury Collection Hotel, Nashville",pet-friendly-hotels,401 Korean Veterans Boulevard,Nashville,TN,37203,615-248-1900,https://www.marriott.com/en-us/hotels/bnalj-the-joseph-a-luxury-collection-hotel-nashville/overview/,https://www.marriott.com/en-us/hotels/bnalj-the-joseph-a-luxury-collection-hotel-nashville/overview/,OFFICIAL_PROPERTY,2026-09-09,,,Pets Welcome The Joseph welcomes dogs only - up to 2 per room for a $150 non-refundable fee The Joseph welcomes dogs only - up to 2 per room for a $150 non-refundable fee 00 Maximum Number of Pets in Room: 2,,nashville-tn
"The Printing House Hotel Nashville Downtown, Tapestry by Hilton",pet-friendly-hotels,501 3rd Avenue South,Nashville,TN,37210,+16152081200,https://www.hilton.com/en/hotels/bnaupup-the-printing-house-hotel-nashville-downtown/,https://www.hilton.com/en/hotels/bnaupup-the-printing-house-hotel-nashville-downtown/,OFFICIAL_PROPERTY,2026-09-09,,,"Pets allowed, $25 00 non-refundable fee, 75 lbs maximum Pets allowed, $25.00 non-refundable fee, 75 lbs maximum",,nashville-tn
"The Union Station Nashville Yards, Autograph Collection",pet-friendly-hotels,1001 Broadway,Nashville,TN,37203,+16157261001,https://www.marriott.com/en-us/hotels/bnaak-the-union-station-nashville-yards-autograph-collection/overview/,https://www.marriott.com/en-us/hotels/bnaak-the-union-station-nashville-yards-autograph-collection/overview/,OFFICIAL_PROPERTY,2026-09-09,,,"Pets Welcome Pets Welcome 2 dogs 65 pounds max per room with USD 100 non-refundable fee per dog, per stay Non-Refundable Pet Fee Per Stay: $100 2 dogs 65 pounds max per room with USD 100 non-refundable fee per dog, per stay Non-Refundable Pet Fee Per Stay: $100.00 Maximum Pet Weight: 65",,nashville-tn
The Westin Nashville,pet-friendly-hotels,807 Clark Place,Nashville,TN,37203,615-248-2800,https://www.marriott.com/en-us/hotels/bnawi-the-westin-nashville/overview/,https://www.marriott.com/en-us/hotels/bnawi-the-westin-nashville/overview/,OFFICIAL_PROPERTY,2026-09-09,,,Pets Welcome $50 per night or $150 max per stay Maximum Pet Weight: 50.0lbs Maximum Number of Pets in Room: 2 0lbs Maximum Number of Pets in Room: 2,,nashville-tn
TownePlace Suites by Marriott Nashville Airport,pet-friendly-hotels,2700 Elm Hill Pike,Nashville,TN,37214,615-232-3830,https://www.marriott.com/en-us/hotels/bnats-towneplace-suites-nashville-airport/overview/,https://www.marriott.com/en-us/hotels/bnats-towneplace-suites-nashville-airport/overview/,OFFICIAL_PROPERTY,2026-09-09,,,Pets Welcome 00 Maximum Pet Weight: 40.0lbs Maximum Number of Pets in Room: 2 Non-Refundable Pet Fee Per Stay: $100.00 Maximum Pet Weight: 40 Max of two pets per room,,nashville-tn
TownePlace Suites by Marriott Nashville Brentwood,pet-friendly-hotels,108 Brentwood Boulevard,Brentwood,TN,37027,+16153705800,https://www.marriott.com/en-us/hotels/bnabt-towneplace-suites-nashville-brentwood/overview/,https://www.marriott.com/en-us/hotels/bnabt-towneplace-suites-nashville-brentwood/overview/,OFFICIAL_PROPERTY,2026-09-09,,,Pets Welcome Pet Policy Pets Welcome 2 pets 75lbs max per pet per room - 150USD non-refundable fee per room per stay Non-Refundable Pet Fee Per Stay: $150 Pet Policy Pets Welcome 2 pets 75lbs max per pet per room - 150USD non-refundable fee per room per stay Non-Refundable Pet Fee Per Stay: $150,,nashville-tn
TownePlace Suites by Marriott Nashville Downtown/Capitol District,pet-friendly-hotels,310 Gay Street,Nashville,TN,37201,615-551-8880,https://www.marriott.com/en-us/hotels/bnatd-towneplace-suites-nashville-downtown-capitol-district/overview/,https://www.marriott.com/en-us/hotels/bnatd-towneplace-suites-nashville-downtown-capitol-district/overview/,OFFICIAL_PROPERTY,2026-09-09,,,Pets Welcome 00 Maximum Pet Weight: 25.0lbs Maximum Number of Pets in Room: 2 Pet fee $20/day with $100/stay nonrefundable clean fee excludes Service Animals Non-Refundable Pet Fee Per Stay: $100.00 Non-Refundable Pet Fee Per Night: $20 0lbs Maximum Number of Pets in Room: 2,,nashville-tn
TownePlace Suites by Marriott Nashville Goodlettsville,pet-friendly-hotels,830 Conference Drive,Goodlettsville,TN,37072,615-859-5050,https://www.marriott.com/en-us/hotels/bnatg-towneplace-suites-nashville-goodlettsville/overview/,https://www.marriott.com/en-us/hotels/bnatg-towneplace-suites-nashville-goodlettsville/overview/,OFFICIAL_PROPERTY,2026-09-09,,,Pets Welcome Pet Policy Pets Welcome 1 pet 75 pounds or less welcome with USD 100 non-refundable fee per stay Non-Refundable Pet Fee Per Stay: $100 Pet Policy Pets Welcome 1 pet 75 pounds or less welcome with USD 100 non-refundable fee per stay Non-Refundable Pet Fee Per Stay: $100.00 Maximum Pet Weight: 75 0lbs Maximum Number of Pets in Room: 1,,nashville-tn
TownePlace Suites by Marriott Nashville Midtown,pet-friendly-hotels,1500 Charlotte Avenue,Nashville,TN,37203,615-800-3610,https://www.marriott.com/en-us/hotels/bnatw-towneplace-suites-nashville-midtown/overview/,https://www.marriott.com/en-us/hotels/bnatw-towneplace-suites-nashville-midtown/overview/,OFFICIAL_PROPERTY,2026-09-09,,,Pets Welcome 00 Maximum Pet Weight: 75.0lbs Maximum Number of Pets in Room: 2 Non-Refundable Pet Fee Per Stay: $75.00 Maximum Pet Weight: 75 0lbs Maximum Number of Pets in Room: 2,,nashville-tn
Tru by Hilton Goodlettsville Nashville,pet-friendly-hotels,831 Conference Drive,Goodlettsville,TN,37072,+16155435800,https://www.hilton.com/en/hotels/bnagvru-tru-goodlettsville-nashville/,https://www.hilton.com/en/hotels/bnagvru-tru-goodlettsville-nashville/,OFFICIAL_PROPERTY,2026-09-09,,,"Pets allowed, $75 00 non-refundable fee, 75 lbs maximum, $75(1-4n), $125(5+n) 2 pets max, dog/cat only 00 non-refundable fee, 75 lbs maximum, $75(1-4n), $125(5+n) 2 pets max, dog/cat only Pets allowed, $75.00 non-refundable fee, 75 lbs maximum, $75(1-4n), $125(5+n) 2 pets max, dog/cat only",,nashville-tn
W Nashville,pet-friendly-hotels,300 12th Avenue South,Nashville,TN,37203,+16153799000,https://www.marriott.com/en-us/hotels/bnawn-w-nashville/overview/,https://www.marriott.com/en-us/hotels/bnawn-w-nashville/overview/,OFFICIAL_PROPERTY,2026-09-09,,,Pets Welcome Pets Welcome W Nashville welcomes dogs 60lbs or less (max 2) $200 non-refundable fee per stay Non-Refundable Pet Fee Per Stay: $200 W Nashville welcomes dogs 60lbs or less (max 2) $200 non-refundable fee per stay Non-Refundable Pet Fee Per Stay: $200,,nashville-tn
Woodspring Suites Nashville Airport,pet-friendly-hotels,515 Metroplex Drive,Nashville,TN,37211,1(615)387-1983,https://www.woodspring.com/extended-stay-hotels/locations/tennessee/nashville/woodspring-suites-nashville-airport,https://www.woodspring.com/extended-stay-hotels/locations/tennessee/nashville/woodspring-suites-nashville-airport,OFFICIAL_PROPERTY,2026-09-09,,,"pet-friendly Limit 2 dogs under 80 lbs per room Non Refundable per pet fee 50USD registration fee for 1-7 nights, 20USD begins on 8th night for each subsequent week pet-friendly",,nashville-tn
Courtyard by Marriott Greensboro,pet-friendly-hotels,4400 West Wendover Avenue,Greensboro,NC,27407,+1 336-294-3800,https://www.marriott.com/en-us/hotels/gsown-courtyard-greensboro/overview/,https://www.marriott.com/en-us/hotels/gsown-courtyard-greensboro/overview/,OFFICIAL_PROPERTY,2026-09-12,,,Pet Policy | Pets Welcome | Pet fee $20/day with $100/stay nonrefundable clean fee excludes Service Animals | Non-Refundable Pet Fee Per Stay: $100.00 | Non-Refundable Pet Fee Per Night: $20.00 | Maximum Pet Weight: 80.0lbs | Maximum Number of Pets in Room: 2,,piedmont-triad-nc
Courtyard by Marriott Winston-Salem University,pet-friendly-hotels,3111 University Parkway,Winston-Salem,NC,27105,+1 336-727-1277,https://www.marriott.com/en-us/hotels/intcy-courtyard-winston-salem-university/overview/,https://www.marriott.com/en-us/hotels/intcy-courtyard-winston-salem-university/overview/,OFFICIAL_PROPERTY,2026-09-12,,,Pet Policy | Pets Welcome | 1-2 Days $50/3-4 Days $75/5+ Days $100 | Maximum Pet Weight: 65.0lbs | Maximum Number of Pets in Room: 1,,piedmont-triad-nc
Days Inn by Wyndham Greensboro Airport,pet-friendly-hotels,501 South Regional Road,Greensboro,NC,27409,1-336-6680476,https://www.wyndhamhotels.com/days-inn/greensboro-north-carolina/days-inn-greensboro-airport/overview,https://www.wyndhamhotels.com/days-inn/greensboro-north-carolina/days-inn-greensboro-airport/overview,OFFICIAL_PROPERTY,2026-09-12,,,Maximum 1 pet is allowed for a non-refundable charge of 20.00 USD per night. Pet Sanitation Fee is 50.00 USD if applicable. ADA defined service animals are welcome at this hotel,,piedmont-triad-nc
DoubleTree by Hilton Greensboro Airport,pet-friendly-hotels,6426 Burnt Poplar Road,Greensboro,NC,27409,+1 336-668-0421,https://www.hilton.com/en/hotels/gsobpdt-doubletree-greensboro-airport/,https://www.hilton.com/en/hotels/gsobpdt-doubletree-greensboro-airport/,OFFICIAL_PROPERTY,2026-09-12,,,"Pets allowed, $75.00 non-refundable fee, $75 for stays of 1-6 nights $100 for stays of 7+ nights.",,piedmont-triad-nc
DoubleTree by Hilton Hotel Winston Salem - University,pet-friendly-hotels,5790 University Parkway,Winston-Salem,NC,27105,+1 336-767-9595,https://www.hilton.com/en/hotels/intwudt-doubletree-winston-salem-university/,https://www.hilton.com/en/hotels/intwudt-doubletree-winston-salem-university/,OFFICIAL_PROPERTY,2026-09-12,,,"Pets allowed, $100.00 non-refundable fee, 50 lbs maximum",,piedmont-triad-nc
Drury Inn & Suites Greensboro,pet-friendly-hotels,3220 W Gate City Blvd,Greensboro,NC,27407,,https://www.druryhotels.com/locations/greensboro-nc/drury-inn-and-suites-greensboro,https://www.druryhotels.com/locations/greensboro-nc/drury-inn-and-suites-greensboro,OFFICIAL_PROPERTY,2026-09-12,,,Dogs and cats accepted. Rooms with pets will be charged a daily fee of $50 per room plus tax. Service animals are free of charge. Limit of two pets per room with a combined weight of 80 pounds.,,piedmont-triad-nc
Embassy Suites by Hilton Greensboro Airport,pet-friendly-hotels,204 Centreport Drive,Greensboro,NC,27409,+1 336-668-4535,https://www.hilton.com/en/hotels/gsogbes-embassy-suites-greensboro-airport/,https://www.hilton.com/en/hotels/gsogbes-embassy-suites-greensboro-airport/,OFFICIAL_PROPERTY,2026-09-12,,,"Pets allowed, $75.00 non-refundable fee, 50 lbs maximum, $75(1-4n),$125(5+n)2petsMax,dog/cat only",,piedmont-triad-nc
Embassy Suites by Hilton Winston Salem,pet-friendly-hotels,460 North Cherry Street,Winston-Salem,NC,27101,+1 336-724-2300,https://www.hilton.com/en/hotels/inteses-embassy-suites-winston-salem/,https://www.hilton.com/en/hotels/inteses-embassy-suites-winston-salem/,OFFICIAL_PROPERTY,2026-09-12,,,"Pets allowed, $75.00 non-refundable fee, $75(1-4n),$125(5+n)2petsMax,dog/cat only",,piedmont-triad-nc
Fairfield by Marriott Inn & Suites Winston-Salem Hanes Mall,pet-friendly-hotels,1680 Westbrook Plaza Drive,Winston-Salem,NC,27103,+13367143000,https://www.marriott.com/en-us/hotels/intfi-fairfield-inn-and-suites-winston-salem-hanes-mall/overview/,https://www.marriott.com/en-us/hotels/intfi-fairfield-inn-and-suites-winston-salem-hanes-mall/overview/,OFFICIAL_PROPERTY,2026-09-12,,,Pet Policy | Pets Welcome | 1st Floor Pet Rooms. Non-refundable fee of $75 (1-4 nights) or $125 (5+ nights). | Non-Refundable Pet Fee Per Stay: $75.00 | Maximum Pet Weight: 75.0lbs | Maximum Number of Pets in Room: 2,,piedmont-triad-nc
Fairfield Inn Greensboro Airport,pet-friendly-hotels,7615 Thorndike Rd,Greensboro,NC,27409,+13368410140,https://www.marriott.com/en-us/hotels/gsoap-fairfield-inn-greensboro-airport/overview/,https://www.marriott.com/en-us/hotels/gsoap-fairfield-inn-greensboro-airport/overview/,OFFICIAL_PROPERTY,2026-09-12,,,Pet Policy | Pets Welcome | Fee for stays of 5 or more nights at our pet friendly Greensboro hotel: $125. | Non-Refundable Pet Fee Per Stay: $75.00 | Maximum Pet Weight: 75.0lbs | Maximum Number of Pets in Room: 2,,piedmont-triad-nc
Four Points by Sheraton Greensboro Airport,pet-friendly-hotels,7619 Thorndike Road,Greensboro,NC,27409,+1-336-882-6666,https://www.marriott.com/en-us/hotels/gsofp-four-points-greensboro-airport/overview/,https://www.marriott.com/en-us/hotels/gsofp-four-points-greensboro-airport/overview/,OFFICIAL_PROPERTY,2026-09-12,,,"Pet Policy | Pets Welcome | Up to 2 Pets allowed in a single room. $100 for 1-3 nights, $150 for 4+ nights. | Maximum Pet Weight: 75.0lbs | Maximum Number of Pets in Room: 2",,piedmont-triad-nc
Hampton Inn & Suites Greensboro/Coliseum Area,pet-friendly-hotels,3033 W. Gate City Blvd.,Greensboro,NC,27403,+1 336-553-1818,https://www.hilton.com/en/hotels/gsofshx-hampton-suites-greensboro-coliseum-area/,https://www.hilton.com/en/hotels/gsofshx-hampton-suites-greensboro-coliseum-area/,OFFICIAL_PROPERTY,2026-09-12,,,"Pets allowed, $75.00 non-refundable fee, $75(1-4n),$75(5+n) 2petsMax,dog/cat only",,piedmont-triad-nc
Hampton Inn & Suites Greensboro Downtown,pet-friendly-hotels,222 W. McGee Street,Greensboro,NC,27401,+1 336-553-1280,https://www.hilton.com/en/hotels/gsodohx-hampton-suites-greensboro-downtown/,https://www.hilton.com/en/hotels/gsodohx-hampton-suites-greensboro-downtown/,OFFICIAL_PROPERTY,2026-09-12,,,"Pets allowed, $75.00 non-refundable fee, 85 lbs maximum, Pet Fee $75 for 1-5 nights and $125 for 5 nights or more. No more than 2 pets per room.",,piedmont-triad-nc
Hampton Inn & Suites Winston-Salem Downtown,pet-friendly-hotels,235 North Cherry Street,Winston-Salem,NC,27101,+1 336-276-1010,https://www.hilton.com/en/hotels/inthxhx-hampton-suites-winston-salem-downtown/,https://www.hilton.com/en/hotels/inthxhx-hampton-suites-winston-salem-downtown/,OFFICIAL_PROPERTY,2026-09-12,,,"Pets allowed, $75.00 non-refundable fee, 75 lbs maximum, $75(1-4n),$125(5+n) 2max at 75lbs",,piedmont-triad-nc
Hampton Inn and Suites-Winston-Salem/University Area NC,pet-friendly-hotels,309 Summit Square Ct,Winston-Salem,NC,27105,+1 336-377-3000,https://www.hilton.com/en/hotels/intuvhx-hampton-suites-winston-salem-university-area-nc/,https://www.hilton.com/en/hotels/intuvhx-hampton-suites-winston-salem-university-area-nc/,OFFICIAL_PROPERTY,2026-09-12,,,"Pets allowed, $75.00 non-refundable fee, 75 lbs maximum, $75 1-4 nights/$125 5+ nights, maximum 2 pets, dog/cat only",,piedmont-triad-nc
Hampton Inn Greensboro-Airport,pet-friendly-hotels,7803 National Service Road,Greensboro,NC,27409,+1 336-605-5500,https://www.hilton.com/en/hotels/gsoaphx-hampton-greensboro-airport/,https://www.hilton.com/en/hotels/gsoaphx-hampton-greensboro-airport/,OFFICIAL_PROPERTY,2026-09-12,,,"Pets allowed, $125.00 non-refundable fee, $75(1-4n),$125(5+n) 2petsMax,dog/cat onl",,piedmont-triad-nc
Hampton Inn Greensboro-East,pet-friendly-hotels,903 Knox Road,McLeansville,NC,27301,+1 336-544-3333,https://www.hilton.com/en/hotels/gsoeahx-hampton-greensboro-east/,https://www.hilton.com/en/hotels/gsoeahx-hampton-greensboro-east/,OFFICIAL_PROPERTY,2026-09-12,,,"Pets allowed, $75.00 non-refundable fee, 75 lbs maximum, $75(1-4n),$125(5+n) 2 pets Max, dog/cat only max 75lbs combined",,piedmont-triad-nc
Hampton Inn High Point,pet-friendly-hotels,10066 North Main Street,Archdale,NC,27263,+1 336-434-5200,https://www.hilton.com/en/hotels/hptnchx-hampton-high-point/,https://www.hilton.com/en/hotels/hptnchx-hampton-high-point/,OFFICIAL_PROPERTY,2026-09-12,,,"Pets allowed, $75.00 non-refundable fee, 75 lbs maximum, $75(1-4nights)$125(5+)cats/dogs-max of 2",,piedmont-triad-nc
Hampton Inn Kernersville,pet-friendly-hotels,150 Clayton Forest Drive,Kernersville,NC,27284,+1 336-497-0724,https://www.hilton.com/en/hotels/gsokvhx-hampton-kernersville/,https://www.hilton.com/en/hotels/gsokvhx-hampton-kernersville/,OFFICIAL_PROPERTY,2026-09-12,,,"Pets allowed, $75.00 non-refundable fee, 75 lbs maximum, $75(1-4n),$125(5+n) 2 pets Max,dog/cat only",,piedmont-triad-nc
Hampton Inn Winston-Salem Hanes Mall,pet-friendly-hotels,1990 Hampton Inn Court,Winston-Salem,NC,27103,+1 336-760-1660,https://www.hilton.com/en/hotels/intsthx-hampton-winston-salem-hanes-mall/,https://www.hilton.com/en/hotels/intsthx-hampton-winston-salem-hanes-mall/,OFFICIAL_PROPERTY,2026-09-12,,,"Pets allowed, $75.00 non-refundable fee, 75 lbs maximum, $75(1-4 nights), $125(5+ nights) 2 pets max per room, dog/cat only. Guest is responsible for any damages by pet in the room.",,piedmont-triad-nc
Hilton Garden Inn Greensboro,pet-friendly-hotels,4307 Big Tree Way,Greensboro,NC,27409,+1 336-852-1491,https://www.hilton.com/en/hotels/gsogrgi-hilton-garden-inn-greensboro/,https://www.hilton.com/en/hotels/gsogrgi-hilton-garden-inn-greensboro/,OFFICIAL_PROPERTY,2026-09-12,,,"Pets allowed, $75.00 non-refundable fee, 75 lbs maximum, $75(1-4n),$125(5+n) 2petsMax,dog/cat onl",,piedmont-triad-nc
Hilton Garden Inn Greensboro Airport,pet-friendly-hotels,238 NC Hwy 68 S,Greensboro,NC,27409,+1 336-881-1111,https://www.hilton.com/en/hotels/gsoaigi-hilton-garden-inn-greensboro-airport/,https://www.hilton.com/en/hotels/gsoaigi-hilton-garden-inn-greensboro-airport/,OFFICIAL_PROPERTY,2026-09-12,,,"Pets allowed, $75.00 non-refundable fee, 75 lbs maximum, $75(1-4n)$125(5+n)2petsMax,dog/cat only",,piedmont-triad-nc
Hilton Garden Inn Winston-Salem/Hanes Mall,pet-friendly-hotels,1325 Creekshire Way,Winston-Salem,NC,27103,+1 336-765-1298,https://www.hilton.com/en/hotels/intwsgi-hilton-garden-inn-winston-salem-hanes-mall/,https://www.hilton.com/en/hotels/intwsgi-hilton-garden-inn-winston-salem-hanes-mall/,OFFICIAL_PROPERTY,2026-09-12,,,"Pets allowed, $75.00 non-refundable fee, 40 lbs maximum, $75(1-4n),$125(5+n)2petsMax,dog/cat only",,piedmont-triad-nc
Holiday Inn Express & Suites Greensboro - Airport Area,pet-friendly-hotels,645 South Regional Road,Greensboro,NC,27409,1-336-8820004,https://www.ihg.com/holidayinnexpress/hotels/us/en/greensboro/gsomm/hoteldetail,https://www.ihg.com/holidayinnexpress/hotels/us/en/greensboro/gsomm/hoteldetail,OFFICIAL_PROPERTY,2026-09-12,,,"Pets are welcome at Holiday Inn Express & Suites Greensboro - Airport Area. Pet policy description. First floor standard guest rooms only. Suites are not pet friendly rooms. 75 USD up tp 4 nights, 125.00 for 5 or more nights nonrefundable pet fee. A valid credit card must be on file. Pet must weigh less than 50 pounds. Pet fee per stay: 75 USD Pet damage deposit: 75 USD Pet weight limit: 50 2 pets allowed Pets allowed: Only dogs and cats allowed Pet policy",,piedmont-triad-nc
Holiday Inn Express & Suites Greensboro-(I-40 @ Wendover),pet-friendly-hotels,4305 Big Tree Way,Greensboro,NC,27409,1-336-8540090,https://www.ihg.com/holidayinnexpress/hotels/us/en/greensboro/gsobt/hoteldetail,https://www.ihg.com/holidayinnexpress/hotels/us/en/greensboro/gsobt/hoteldetail,OFFICIAL_PROPERTY,2026-09-12,,,Pets are welcome at Holiday Inn Express & Suites Greensboro-(I-40 @ Wendover). Pet policy description. Nonrefundable 75 USD fee for 1 to 4 nights or 125 USD for 5 or more nights. 50 lb. or less. Damages are not covered by fee. Must bring vaccination records. Pets are not allowed on elevators. Must sign pet policy and leave a valid credit card at check in. Pet fee per stay: 75 USD Pet damage deposit: 75 USD Pet weight limit: 75 2 pets allowed Pets allowed: Only dogs and cats allowed Pet policy,,piedmont-triad-nc
Holiday Inn Express & Suites High Point South,pet-friendly-hotels,10050 N. Main St,Archdale,NC,27263,+1 336-861-3310,https://www.ihg.com/holidayinnexpress/hotels/us/en/archdale/ardnc/hoteldetail,https://www.ihg.com/holidayinnexpress/hotels/us/en/archdale/ardnc/hoteldetail,OFFICIAL_PROPERTY,2026-09-12,,,"Pets are welcome at Holiday Inn Express & Suites High Point South. Pet policy description. Weight limited to 50 pounds or less. Nonrefundable pet fee of 75.00 USD up to 4 nights, 125.00 USD 5 nights or more per stay. Limit to 2 pets. Pet agreement reviewed at check in. Pet fee per stay: 75 USD Pet damage deposit: 75 USD Pet weight limit: 50 2 pets allowed Pets allowed: Only dogs and cats allowed Pet policy",,piedmont-triad-nc
"Home2 Suites by Hilton Greensboro Airport, NC",pet-friendly-hotels,7801 National Service Road,Greensboro,NC,27409,+1 336 256 9680,https://www.hilton.com/en/hotels/gsohtht-home2-suites-greensboro-airport-nc/,https://www.hilton.com/en/hotels/gsohtht-home2-suites-greensboro-airport-nc/,OFFICIAL_PROPERTY,2026-09-12,,,"Pets allowed, $75.00 non-refundable fee, $75(1-4n),$125(5+n) 2petsMax,dog/cat only",,piedmont-triad-nc
Home2 Suites by Hilton Winston-Salem Hanes Mall,pet-friendly-hotels,1010 Marriott Crossing Way,Winston-Salem,NC,27103,+1 336-930-1037,https://www.hilton.com/en/hotels/inthmht-home2-suites-winston-salem-hanes-mall/,https://www.hilton.com/en/hotels/inthmht-home2-suites-winston-salem-hanes-mall/,OFFICIAL_PROPERTY,2026-09-12,,,"Pets allowed, $75.00 non-refundable fee, $75(1-4n), $125(5+n) 2petsMax, dog/cat only",,piedmont-triad-nc
Homewood Suites by Hilton Greensboro,pet-friendly-hotels,201 Centreport Dr.,Greensboro,NC,27409,+1 336-393-0088,https://www.hilton.com/en/hotels/gsohwhw-homewood-suites-greensboro/,https://www.hilton.com/en/hotels/gsohwhw-homewood-suites-greensboro/,OFFICIAL_PROPERTY,2026-09-12,,,"Pets allowed, $50.00 non-refundable fee, 75 lbs maximum, $50(1-4n),$75(5+n) 2petsMax,dog/cat only",,piedmont-triad-nc
Homewood Suites by Hilton Greensboro Wendover,pet-friendly-hotels,6011 Landmark Center Boulevard,Greensboro,NC,27407,+1 336 560 5312,https://www.hilton.com/en/hotels/gsowvhw-homewood-suites-greensboro-wendover/,https://www.hilton.com/en/hotels/gsowvhw-homewood-suites-greensboro-wendover/,OFFICIAL_PROPERTY,2026-09-12,,,"Pets allowed, $75.00 non-refundable fee, 38 lbs maximum, $50(1-4n),$75(5+n) 2petsMax,dog/cat only",,piedmont-triad-nc
Homewood Suites by Hilton Winston-Salem,pet-friendly-hotels,3934 Oxford Station Way,Winston-Salem,NC,27103,+1 336-999-7746,https://www.hilton.com/en/hotels/gsowshw-homewood-suites-winston-salem/,https://www.hilton.com/en/hotels/gsowshw-homewood-suites-winston-salem/,OFFICIAL_PROPERTY,2026-09-12,,,"Pets allowed, $100.00 non-refundable fee, 55 lbs maximum",,piedmont-triad-nc
Hotel Indigo Winston-Salem Downtown,pet-friendly-hotels,104 West 4th Street,Winston-Salem,NC,27101,1-336-7220720,https://www.ihg.com/hotelindigo/hotels/us/en/winston-salem/intdt/hoteldetail,https://www.ihg.com/hotelindigo/hotels/us/en/winston-salem/intdt/hoteldetail,OFFICIAL_PROPERTY,2026-09-12,,,"Pets are welcome at Hotel Indigo Winston-Salem Downtown. Pet policy description. Bring your furry little friends with you. We even have dog treats for them, upon arrival! There is a one time 75 USD non refundable deposit per pet. Pet fee per stay: 75 USD Pet damage deposit: 75 USD Pet weight limit: 200 2 pets allowed Pets allowed: All pets allowed Pet policy",,piedmont-triad-nc
Kimpton Cardinal Hotel,pet-friendly-hotels,51 4th Street East,Winston-Salem,NC,27101,+13367241009,https://www.ihg.com/kimptonhotels/hotels/us/en/cardinal-hotel-winston-salem-nc/intch/hoteldetail,https://www.ihg.com/kimptonhotels/hotels/us/en/cardinal-hotel-winston-salem-nc/intch/hoteldetail,OFFICIAL_PROPERTY,2026-09-12,,,"Pets are welcome at Kimpton Cardinal Hotel. Pet policy description. We invite you to bring your pet no matter their size, weight, or breed, all at no extra charge. If your pet fits through the door, we will welcome them in. Pet weight limit: No weight limit per pet NO_LIMIT pets allowed Pets allowed: All pets allowed Pet policy",,piedmont-triad-nc
La Quinta Inn & Suites by Wyndham Greensboro Arpt High Point,pet-friendly-hotels,7905 Triad Center Drive,Greensboro,NC,27409,+1 336-840-1550,https://www.wyndhamhotels.com/laquinta/greensboro-north-carolina/la-quinta-greensboro-airport-high-point/overview,https://www.wyndhamhotels.com/laquinta/greensboro-north-carolina/la-quinta-greensboro-airport-high-point/overview,OFFICIAL_PROPERTY,2026-09-12,,,Service Animals - ADA-defined service animals are welcome free of charge. / Pets Allowed - 2 pets max. Cats and dogs only. 75lbs or less per pet. / Fees - Non-refundable 25 USD nightly for up to 2 pets. Max 75 USD per stay. / Other Information - Contact hotel for additional details and availability.,,piedmont-triad-nc
La Quinta Inn & Suites by Wyndham Greensboro - Highpoint,pet-friendly-hotels,1201 Lanada Road,Greensboro,NC,27407,+1 336-316-0100,https://www.wyndhamhotels.com/laquinta/greensboro-north-carolina/la-quinta-inn-and-suites-greensboro-highpoint/overview,https://www.wyndhamhotels.com/laquinta/greensboro-north-carolina/la-quinta-inn-and-suites-greensboro-highpoint/overview,OFFICIAL_PROPERTY,2026-09-12,,,Service Animals - ADA-defined service animals are welcome free of charge. / Pets Allowed - 2 pets max. Cats and dogs only. 75lbs or less per pet. / Fees - Non-refundable 25 USD nightly for up to 2 pets. Max 75 USD per stay. / Other Information - Contact hotel for additional details and availability.,,piedmont-triad-nc
La Quinta Inn & Suites by Wyndham Winston-Salem,pet-friendly-hotels,2020 Griffith Street,Winston Salem,NC,27103,+1 336-765-8777,https://www.wyndhamhotels.com/laquinta/winston-salem-north-carolina/la-quinta-winston-salem/overview,https://www.wyndhamhotels.com/laquinta/winston-salem-north-carolina/la-quinta-winston-salem/overview,OFFICIAL_PROPERTY,2026-09-12,,,Service Animals - ADA-defined service animals are welcome free of charge. / Pets Allowed - 2 pets max. Cats and dogs only. 75lbs or less per pet. / Fees - Non-refundable 25 USD nightly for up to 2 pets. Max 75 USD per stay. / Other Information - Contact hotel for additional details and availability.,,piedmont-triad-nc
Residence Inn by Marriott Greensboro Airport,pet-friendly-hotels,7616 Thorndike Road,Greensboro,NC,27409,+1 336-632-4666,https://www.marriott.com/en-us/hotels/gsoga-residence-inn-greensboro-airport/overview/,https://www.marriott.com/en-us/hotels/gsoga-residence-inn-greensboro-airport/overview/,OFFICIAL_PROPERTY,2026-09-12,,,"Pet Policy | Pets Welcome | $100 non-refundable fee per stay, pet must be under 50lbs | Non-Refundable Pet Fee Per Stay: $100.00 | Maximum Pet Weight: 50.0lbs | Maximum Number of Pets in Room: 2",,piedmont-triad-nc
Residence Inn by Marriott Winston-Salem Hanes Mall,pet-friendly-hotels,3885 Oxford Station Way,Winston-Salem,NC,27103,+1 336-837-3960,https://www.marriott.com/en-us/hotels/intws-residence-inn-winston-salem-hanes-mall/overview/,https://www.marriott.com/en-us/hotels/intws-residence-inn-winston-salem-hanes-mall/overview/,OFFICIAL_PROPERTY,2026-09-12,,,Pet Policy | Pets Welcome | 2 pets 50 pounds or less allowed with non-refundable fee of USD 100 per stay | Non-Refundable Pet Fee Per Stay: $100.00 | Maximum Pet Weight: 50.0lbs | Maximum Number of Pets in Room: 2,,piedmont-triad-nc
Spark by Hilton Clemmons,pet-friendly-hotels,6010 Meadowbrook Mall Ct,Clemmons,NC,27012,+13368423973,https://www.hilton.com/en/hotels/gsoclpe-spark-clemmons/,https://www.hilton.com/en/hotels/gsoclpe-spark-clemmons/,OFFICIAL_PROPERTY,2026-09-12,,,"Pets allowed, $50.00 non-refundable fee, 75 lbs maximum",,piedmont-triad-nc
Spark by Hilton Greensboro,pet-friendly-hotels,6007 Landmark Center Blvd.,Greensboro,NC,27407,+1 336-854-8610,https://www.hilton.com/en/hotels/gsoarpe-spark-greensboro/,https://www.hilton.com/en/hotels/gsoarpe-spark-greensboro/,OFFICIAL_PROPERTY,2026-09-12,,,"Pets allowed, $50.00 non-refundable fee, 75 lbs maximum",,piedmont-triad-nc
Spark by Hilton Winston-Salem University,pet-friendly-hotels,200 Mercantile Dr.,Winston-Salem,NC,27105,+1 336-714-8888,https://www.hilton.com/en/hotels/intncpe-spark-winston-salem-university/,https://www.hilton.com/en/hotels/intncpe-spark-winston-salem-university/,OFFICIAL_PROPERTY,2026-09-12,,,"Pets allowed, $75.00 non-refundable fee, 25 lbs maximum, 1-4n: $75, 5+n: $125",,piedmont-triad-nc
SpringHill Suites by Marriott High Point Downtown,pet-friendly-hotels,121 Virginia Pl,High Point,NC,27262,+13362345500,https://www.marriott.com/en-us/hotels/gsohh-springhill-suites-high-point-downtown/overview/,https://www.marriott.com/en-us/hotels/gsohh-springhill-suites-high-point-downtown/overview/,OFFICIAL_PROPERTY,2026-09-12,,,Pet Policy | Pets Welcome | 1 pet 40lb max per pet per room with 100USD non-refundable fee per room per stay | Non-Refundable Pet Fee Per Stay: $100.00 | Maximum Pet Weight: 40.0lbs | Maximum Number of Pets in Room: 1,,piedmont-triad-nc
SpringHill Suites by Marriott Winston-Salem Hanes Mall,pet-friendly-hotels,1015 Marriott Crossing Way,Winston-Salem,NC,27103,+1 336-765-0190,https://www.marriott.com/en-us/hotels/intsh-springhill-suites-winston-salem-hanes-mall/overview/,https://www.marriott.com/en-us/hotels/intsh-springhill-suites-winston-salem-hanes-mall/overview/,OFFICIAL_PROPERTY,2026-09-12,,,Pet Policy | Pets Welcome | We are now accepting Furry Family Members! | Non-Refundable Pet Fee Per Stay: $100.00 | Maximum Pet Weight: 30.0lbs | Maximum Number of Pets in Room: 2,,piedmont-triad-nc
StudioRes by Marriott Greensboro Airport,pet-friendly-hotels,605 Guilford College Road,Greensboro,NC,27409,+17432421570,https://www.marriott.com/en-us/hotels/gsors-studiores-greensboro-airport/overview/,https://www.marriott.com/en-us/hotels/gsors-studiores-greensboro-airport/overview/,OFFICIAL_PROPERTY,2026-09-12,,,Pet Policy: | Pets Welcome | 2 pets 75lbs max per pet per room with non-refundable fee. Cats are not allowed. | Maximum Pet Weight: 75.0lbs | Maximum Number of Pets in Room: 2,,piedmont-triad-nc
Super 8 by Wyndham Clemmons/Bermuda Run/Winston-Salem I-40,pet-friendly-hotels,6204 Ramada Drive,Clemmons,NC,27012,+1 336-778-0931,https://www.wyndhamhotels.com/super-8/clemmons-north-carolina/super-8-clemmons-bermuda-run-winston-salem-i-40/overview,https://www.wyndhamhotels.com/super-8/clemmons-north-carolina/super-8-clemmons-bermuda-run-winston-salem-i-40/overview,OFFICIAL_PROPERTY,2026-09-12,,,Service Animals - ADA-defined service animals welcome./Pets Allowed. 2 pets max./Fees - 25USD per pet per night./Other Information - Guest must sign and agree to the pet policy at the hotel upon check-in. Dogs allowed in only Room type NQQ2. Contact hotel for additional details and availability.,,piedmont-triad-nc
Super 8 by Wyndham Greensboro,pet-friendly-hotels,204 Seneca Road,Greensboro,NC,27406,+1 336-645-9860,https://www.wyndhamhotels.com/super-8/greensboro-north-carolina/super-8-greensboro/overview,https://www.wyndhamhotels.com/super-8/greensboro-north-carolina/super-8-greensboro/overview,OFFICIAL_PROPERTY,2026-09-12,,,Pets allowed for non-refundable charge of 20.00 USD per pet per night in designated pet friendly room types only. Please see room descriptions for pet friendly room types. Pet Sanitation Fee is 250.00 USD if applicable. ADA defined service animals are welcome at this hotel.,,piedmont-triad-nc
Super 8 by Wyndham Greensboro/Coliseum/Conv.,pet-friendly-hotels,2108 West Meadowview Road,Greensboro,NC,27403,+1 336-355-3192,https://www.wyndhamhotels.com/super-8/greensboro-north-carolina/super-8-greensboro-coliseum-conv/overview,https://www.wyndhamhotels.com/super-8/greensboro-north-carolina/super-8-greensboro-coliseum-conv/overview,OFFICIAL_PROPERTY,2026-09-12,,,Service Animals - ADA-defined service animals welcome. / Pets Allowed - 2 pets max. 25lbs or less per pet. / Fees - 10USD per pet per night. Other information - Contact hotel for additional details and availability.,,piedmont-triad-nc
Super 8 by Wyndham High Point/Greensboro,pet-friendly-hotels,4400 Regency Drive,High Point,NC,27265,+1 336-823-6727,https://www.wyndhamhotels.com/super-8/high-point-north-carolina/super-8-high-point-greensboro/overview,https://www.wyndhamhotels.com/super-8/high-point-north-carolina/super-8-high-point-greensboro/overview,OFFICIAL_PROPERTY,2026-09-12,,,Service Animals - ADA-defined service animals welcome. / Pets Allowed. 2 pets max. 35lbs or less per pet. / Fees - 75USD per pet. / Other Information - Contact hotel for additional details and availability.,,piedmont-triad-nc
TownePlace Suites by Marriott Greensboro Coliseum Area,pet-friendly-hotels,3304 Isler Street,Greensboro,NC,27407,+1 336-763-8900,https://www.marriott.com/en-us/hotels/gsosw-towneplace-suites-greensboro-coliseum-area/overview/,https://www.marriott.com/en-us/hotels/gsosw-towneplace-suites-greensboro-coliseum-area/overview/,OFFICIAL_PROPERTY,2026-09-12,,,Pet Policy | Pets Welcome | 2 pets per room 100 USD first pet 25 USD second pet with weight restriction | Non-Refundable Pet Fee Per Stay: $150.00 | Maximum Pet Weight: 100.0lbs | Maximum Number of Pets in Room: 2,,piedmont-triad-nc
TownePlace Suites by Marriott Kernersville,pet-friendly-hotels,1009 Stafford Centre Dr.,Kernersville,NC,27284,+13364975777,https://www.marriott.com/en-us/hotels/gsokt-towneplace-suites-kernersville/overview/,https://www.marriott.com/en-us/hotels/gsokt-towneplace-suites-kernersville/overview/,OFFICIAL_PROPERTY,2026-09-12,,,Pet Policy | Pets Welcome | 2 pets 75lbs max per pet per room with $100 non-refundable fee per room per stay | Non-Refundable Pet Fee Per Stay: $100.00 | Maximum Pet Weight: 75.0lbs | Maximum Number of Pets in Room: 2,,piedmont-triad-nc
Tru by Hilton Greensboro,pet-friendly-hotels,1706 S. 40 Drive,Greensboro,NC,27407,+1-336-763-6704,https://www.hilton.com/en/hotels/gsognru-tru-greensboro/,https://www.hilton.com/en/hotels/gsognru-tru-greensboro/,OFFICIAL_PROPERTY,2026-09-12,,,"Pets allowed, $75.00 non-refundable fee, $75(1-4n),$125(5+n) 2petsMax,dog/cat only",,piedmont-triad-nc
Wingate by Wyndham Greensboro/Coliseum,pet-friendly-hotels,2006 Veasley Street,Greensboro,NC,27407,+1 336-294-9100,https://www.wyndhamhotels.com/wingate/greensboro-north-carolina/wingate-greensboro-coliseum/overview,https://www.wyndhamhotels.com/wingate/greensboro-north-carolina/wingate-greensboro-coliseum/overview,OFFICIAL_PROPERTY,2026-09-12,,,Service Animals - ADA-defined service animals welcome. / Pets Allowed - 1 pet max. Dogs only. 25lbs or less per pet. / Fees - 30USD nightly per pet. Sanitation Fee 350USD if required. / Other Information - Contact hotel for additional details and availability.,,piedmont-triad-nc
Winston-Salem Marriott,pet-friendly-hotels,425 North Cherry Street,Winston-Salem,NC,27101,+1 336-725-3500,https://www.marriott.com/en-us/hotels/intmc-winston-salem-marriott/overview/,https://www.marriott.com/en-us/hotels/intmc-winston-salem-marriott/overview/,OFFICIAL_PROPERTY,2026-09-12,,,Pet Policy | Pets Welcome | Non-Refundable Pet Fee Per Stay: $50.00 | Maximum Pet Weight: 75.0lbs | Maximum Number of Pets in Room: 2,,piedmont-triad-nc
Wyndham Garden Greensboro,pet-friendly-hotels,415 S Swing Road,Greensboro,NC,27409,(336) 299-7650,https://www.wyndhamhotels.com/wyndham-garden/greensboro-north-carolina/wyndham-garden-greensboro/overview,https://www.wyndhamhotels.com/wyndham-garden/greensboro-north-carolina/wyndham-garden-greensboro/overview,OFFICIAL_PROPERTY,2026-09-12,,,Service Animals - ADA-defined service animals welcome. / Pets Allowed. 1 pet max. 35lbs or less per pet. / Fees - 25USD per pet per night. / Other Information - Contact hotel for additional details and availability.,,piedmont-triad-nc
DoubleTree by Hilton Green Tree,pet-friendly-hotels,500 Mansfield Avenue,Pittsburgh,PA,15205,412-922-8400,https://www.hilton.com/en/hotels/pitgtdt-doubletree-pittsburgh-green-tree/,https://www.hilton.com/en/hotels/pitgtdt-doubletree-pittsburgh-green-tree/,OFFICIAL_PROPERTY,2026-08-16,,,Pets allowed Yes […] 1-4 nights$50 per pet 5+ night stay $125 per pet 2 pet max dog or cat only […] Max weight 50 lbs,,pittsburgh-pa
DoubleTree by Hilton Hotel & Suites Pittsburgh Downtown,pet-friendly-hotels,One Bigelow Square,Pittsburgh,PA,15219,412-281-5800,https://www.hilton.com/en/hotels/pitdtdt-doubletree-hotel-and-suites-pittsburgh-downtown/,https://www.hilton.com/en/hotels/pitdtdt-doubletree-hotel-and-suites-pittsburgh-downtown/,OFFICIAL_PROPERTY,2026-08-16,,,Pets allowed Yes […] Max weight 50 lbs […] Yes. $50.00 Non-refundable Fee,,pittsburgh-pa
Drury Plaza Hotel Pittsburgh Downtown,pet-friendly-hotels,745 Grant Street,Pittsburgh,PA,15219,412-281-2900,https://www.druryhotels.com/locations/pittsburgh-pa/drury-plaza-hotel-pittsburgh-downtown,https://www.druryhotels.com/locations/pittsburgh-pa/drury-plaza-hotel-pittsburgh-downtown,OFFICIAL_PROPERTY,2026-08-16,,,Dogs and cats accepted. Rooms with pets will be charged a daily fee of $50 per room plus tax. Service animals are free of charge. Limit of two pets per room with a combined weight of 80 pounds.,,pittsburgh-pa
Etage Executive Living Downtown,pet-friendly-hotels,424 Stanwix Street,Pittsburgh,PA,15222,412-646-8696,https://www.stayetage.com/pet-friendly.htm,https://www.stayetage.com/pet-friendly.htm,OFFICIAL_PROPERTY,2026-08-16,,,Be advised that while pets are allowed a one-time fee of $200 is assessed per stay. […] Etage allows both cats and dogs. […] Two pets per room allowed with 50 lb max weight per pet.,,pittsburgh-pa
EVEN Hotel Pittsburgh Downtown,pet-friendly-hotels,425 Forbes Ave,Pittsburgh,PA,15219,412-301-2277,https://www.ihg.com/evenhotels/hotels/us/en/pittsburgh/pitev/hoteldetail,https://www.ihg.com/evenhotels/hotels/us/en/pittsburgh/pitev/hoteldetail,OFFICIAL_PROPERTY,2026-08-16,,,Pets are welcome at EVEN Hotel Pittsburgh Downtown. […] Two dogs up to 70 lbs for a fee of 50 dollars per stay. […] Pet weight limit: 70 […] 2 pets allowed […] Pet fee per night: 50 USD,,pittsburgh-pa
Fairmont Pittsburgh,pet-friendly-hotels,510 Market Street,Pittsburgh,PA,15222,412-773-8800,https://www.fairmont.com/en/hotels/pittsburgh/fairmont-pittsburgh.html,https://www.fairmont.com/en/hotels/pittsburgh/fairmont-pittsburgh.html,OFFICIAL_PROPERTY,2026-08-16,,,Fairmont Pittsburgh welcomes pets of all sizes for a nightly fee of $60. […] Pets must remain on a leash at all times and may not be left unattended in guest rooms. Any damage caused by pets will be the guest's responsibility.,,pittsburgh-pa
Hampton Inn & Suites Pittsburgh Downtown,pet-friendly-hotels,1247 Smallman Street,Pittsburgh,PA,15222,412-288-4350,https://www.hilton.com/en/hotels/pitdnhx-hampton-suites-pittsburgh-downtown/,https://www.hilton.com/en/hotels/pitdnhx-hampton-suites-pittsburgh-downtown/,OFFICIAL_PROPERTY,2026-08-16,,,"Pets allowed Yes […] 2petsMax,dog/cat only […] Max weight 75 lbs […] Yes. $75.00 Non-refundable Fee",,pittsburgh-pa
Hampton Inn Pittsburgh Green Tree,pet-friendly-hotels,555 Trumbull Drive,Pittsburgh,PA,15205,412-922-0100,https://www.hilton.com/en/hotels/pitgnhx-hampton-pittsburgh-greentree/,https://www.hilton.com/en/hotels/pitgnhx-hampton-pittsburgh-greentree/,OFFICIAL_PROPERTY,2026-08-16,,,Pets allowed Yes […] $50 2 pets Max dog/cat only […] Yes. $50.00 Non-refundable Fee,,pittsburgh-pa
Hilton Garden Inn Pittsburgh Downtown,pet-friendly-hotels,250 Forbes Avenue,Pittsburgh,PA,15222,412-281-5557,https://www.hilton.com/en/hotels/pitfagi-hilton-garden-inn-pittsburgh-downtown/,https://www.hilton.com/en/hotels/pitfagi-hilton-garden-inn-pittsburgh-downtown/,OFFICIAL_PROPERTY,2026-08-16,,,Pets allowed Yes […] $75/stay for 1-4 night stays $125/stay 5+ night stays 2 pets max dog or cats only […] Max weight 75 lbs,,pittsburgh-pa
Homewood Suites Pittsburgh Downtown,pet-friendly-hotels,1410 Smallman Street,Pittsburgh,PA,15222,412-232-0200,https://www.hilton.com/en/hotels/pitdohw-homewood-suites-pittsburgh-downtown/,https://www.hilton.com/en/hotels/pitdohw-homewood-suites-pittsburgh-downtown/,OFFICIAL_PROPERTY,2026-08-16,,,"Pets allowed Yes […] $75(1-4n) $125(5+n) 2pets Max,dogs only […] Max weight 75 lbs",,pittsburgh-pa
Kimpton Hotel Monaco Pittsburgh,pet-friendly-hotels,620 William Penn Place,Pittsburgh,PA,15219,412-471-1170,https://www.monaco-pittsburgh.com/boutique-hotel/pet-friendly/,https://www.monaco-pittsburgh.com/boutique-hotel/pet-friendly/,OFFICIAL_PROPERTY,2026-08-16,,,"It’s a dog’s (or cat’s, or feathery or scaly family member’s) life in Pittsburgh. […] No size/weight limit […] No limit on number of pets allowed […] No deposit or cleaning fees charged",,pittsburgh-pa
Omni William Penn Hotel,pet-friendly-hotels,530 William Penn Place,Pittsburgh,PA,15219,412-281-7100,https://www.omnihotels.com/hotels/pittsburgh-william-penn/property-details/policies,https://www.omnihotels.com/hotels/pittsburgh-william-penn/property-details/policies,OFFICIAL_PROPERTY,2026-08-16,,,"Omni William Penn Hotel is a pet-friendly hotel. […] Only dogs and cats are permitted. […] The weight of the pet is not to exceed 25 pounds (larger dogs must have prior approval by a hotel manager). […] A non-refundable cleaning fee of $125 (per stay, per room) will be charged at check-in, for basic cleaning of pet hair and odor (additional charges for damage may be imposed). […] One pet is allowed per guest room. […] The pet must also be placed in a carrier / crate when housekeeping or engineering enters the room or when unsupervised in your guest room. Pets are not permitted in our dining outlets. One pet is allowed per guest room. If guest plans to have two or more animals in the room, he or she must contact the hotel directly to discuss. […] Guide dogs for the blind or otherwise disabled are exempt from the pet policy – there is no weight limit or pet fee.",,pittsburgh-pa
Pittsburgh Marriott City Center,pet-friendly-hotels,112 Washington Place,Pittsburgh,PA,15219,412-471-4000,https://www.marriott.com/en-us/hotels/pitdt-pittsburgh-marriott-city-center/overview/,https://www.marriott.com/en-us/hotels/pitdt-pittsburgh-marriott-city-center/overview/,OFFICIAL_PROPERTY,2026-08-16,,,"Pets Welcome $75 fee per pet, per stay […] Maximum Number of Pets in Room: 2",,pittsburgh-pa
The Atterbury Hotel Autograph Collection,pet-friendly-hotels,107 Sixth Street,Pittsburgh,PA,15222,412-562-1200,https://www.marriott.com/en-us/hotels/pitkd-the-atterbury-hotel-autograph-collection/overview/,https://www.marriott.com/en-us/hotels/pitkd-the-atterbury-hotel-autograph-collection/overview/,OFFICIAL_PROPERTY,2026-08-16,,,Pets Welcome […] Non-Refundable Pet Fee Per Stay: $50.00 […] Maximum Number of Pets in Room: 2,,pittsburgh-pa
The Industrialist Hotel Pittsburgh Autograph Collection,pet-friendly-hotels,405 Wood Street,Pittsburgh,PA,15222,412-430-4444,https://www.marriott.com/en-us/hotels/pitad-the-industrialist-hotel-pittsburgh-autograph-collection/overview/,https://www.marriott.com/en-us/hotels/pitad-the-industrialist-hotel-pittsburgh-autograph-collection/overview/,OFFICIAL_PROPERTY,2026-08-16,,,"Pets up to 75 pounds are welcome for a $100 non-refundable pet fee, with a maximum of two pets per room.",,pittsburgh-pa
The Westin Pittsburgh,pet-friendly-hotels,1000 Penn Avenue,Pittsburgh,PA,15222,412-281-3700,https://www.marriott.com/en-us/hotels/pitwi-the-westin-pittsburgh/overview/,https://www.marriott.com/en-us/hotels/pitwi-the-westin-pittsburgh/overview/,OFFICIAL_PROPERTY,2026-08-16,,,Pets Welcome […] Dogs under 50 lbs ONLY. […] Maximum Pet Weight: 50.0lbs […] Maximum Number of Pets in Room: 1 […] Pets cannot be left unattended in room. […] Dogs under 50 lbs ONLY. Pets cannot be left unattended in room. $50 per stay. […] Non-Refundable Pet Fee Per Night: $50.00,,pittsburgh-pa
Wyndham Grand Pittsburgh Downtown,pet-friendly-hotels,600 Commonwealth Place,Pittsburgh,PA,15222,412-391-4600,https://www.wyndhamhotels.com/wyndham-grand/pittsburgh-pennsylvania/wyndham-grand-pittsburgh-downtown/overview,https://www.wyndhamhotels.com/wyndham-grand/pittsburgh-pennsylvania/wyndham-grand-pittsburgh-downtown/overview,OFFICIAL_PROPERTY,2026-08-16,,,Hotel is pet friendly maximum weight of pets is limited to 50 pounds. Definition of pets shall be limited to domesticated dogs or cats. There is a nonrefundable fee of Dollar 60 per pet. Pets are not permitted in public space such as Restaurants function space recreation space. […] Pets are not permitted in public space such as Restaurants function space recreation space.,,pittsburgh-pa
Fairfield Inn & Suites by Marriott Pittsburgh Robinson Township,pet-friendly-hotels,1004 Sutherland Drive,Pittsburgh,PA,15205,412-859-9070,https://www.marriott.com/hotels/travel/pitwf-fairfield-inn-and-suites-pittsburgh-airport-robinson-township/,https://www.marriott.com/hotels/travel/pitwf-fairfield-inn-and-suites-pittsburgh-airport-robinson-township/,OFFICIAL_PROPERTY,2026-08-16,,,Pets Welcome […] 75.00 non refundable fee. Limit of two pets per room. Only dogs are permitted. […] Maximum Number of Pets in Room: 2 […] Maximum Pet Weight: 50.0lbs,,pittsburgh-pa
Hampton Inn & Suites Pittsburgh Airport South Settlers Ridge,pet-friendly-hotels,5000 Campbells Run Road,Pittsburgh,PA,15205,412-788-4440,https://www.hilton.com/en/hotels/pitsrhx-hampton-suites-pittsburgh-airport-south-settlers-ridge/,https://www.hilton.com/en/hotels/pitsrhx-hampton-suites-pittsburgh-airport-south-settlers-ridge/,OFFICIAL_PROPERTY,2026-08-16,,,Pets allowed […] 1-4 night stay $50; 5+ night stay $75; 2 pets max; dog or cat only,,pittsburgh-pa
Hilton Garden Inn Pittsburgh Airport,pet-friendly-hotels,9600 University Boulevard,Moon Township,PA,15108,412-205-5400,https://www.hilton.com/en/hotels/pitmtgi-hilton-garden-inn-pittsburgh-airport/,https://www.hilton.com/en/hotels/pitmtgi-hilton-garden-inn-pittsburgh-airport/,OFFICIAL_PROPERTY,2026-08-16,,,"Pets allowed […] Max weight […] $75(1-4n), $125(5+n) Emotional Support Animals are subject fees. ESA's are not covered by ADA laws.",,pittsburgh-pa
Hilton Garden Inn Pittsburgh Airport South Robinson Mall,pet-friendly-hotels,303 Park Manor Drive,Pittsburgh,PA,15205,412-788-9500,https://www.hilton.com/en/hotels/pitrogi-hilton-garden-inn-pittsburgh-airport-south-robinson-mall/,https://www.hilton.com/en/hotels/pitrogi-hilton-garden-inn-pittsburgh-airport-south-robinson-mall/,OFFICIAL_PROPERTY,2026-08-16,,,Pets allowed […] 1-4 night stay $75 5+ night stay $125 2 pets max dog or cat only,,pittsburgh-pa
Hilton Garden Inn Pittsburgh University Place,pet-friendly-hotels,3454 Forbes Avenue,Pittsburgh,PA,15213,412-683-2040,https://www.hilton.com/en/hotels/pitucgi-hilton-garden-inn-pittsburgh-university-place/,https://www.hilton.com/en/hotels/pitucgi-hilton-garden-inn-pittsburgh-university-place/,OFFICIAL_PROPERTY,2026-08-16,,,"Pets allowed […] 2 Pets Max, dog/cat only. $75/stay for 1-4 nights. $125/stay for 4+ nights. […] Max weight",,pittsburgh-pa
Hotel Indigo Pittsburgh East Liberty,pet-friendly-hotels,123 North Highland Avenue,Pittsburgh,PA,15206,412-665-0555,https://www.ihg.com/hotelindigo/hotels/us/en/pittsburgh/pithb/hoteldetail,https://www.ihg.com/hotelindigo/hotels/us/en/pittsburgh/pithb/hoteldetail,OFFICIAL_PROPERTY,2026-08-16,,,"Pets are welcome at Hotel Indigo Pittsburgh East Liberty. […] Pets allowed: Only dogs and cats allowed […] Pet weight limit: No weight limit per pet […] 2 pets allowed […] Housekeeping service will only be conducted when pet is out of room. […] A 75 USD nonrefundable pet fee is required, along with current contact information. […] Pet fee per night: 75 USD […] Pet damage deposit: 75 USD",,pittsburgh-pa
Pittsburgh Airport Marriott,pet-friendly-hotels,777 Aten Road,Coraopolis,PA,15108,412-788-8800,https://www.marriott.com/hotels/travel/pitmc-pittsburgh-airport-marriott/,https://www.marriott.com/hotels/travel/pitmc-pittsburgh-airport-marriott/,OFFICIAL_PROPERTY,2026-08-16,,,"Pets Welcome […] Non-Refundable Pet Fee Per Stay: $75.00 […] Maximum Pet Weight: 75.0lbs […] Maximum Number of Pets in Room: 2 […] 2 pets up with USD 75 fee & signed pet waiver at check-in. Service dogs, no fee.",,pittsburgh-pa
Residence Inn Pittsburgh Oakland University Place,pet-friendly-hotels,3341 Forbes Avenue,Pittsburgh,PA,15213,,https://www.marriott.com/en-us/hotels/pitrd-residence-inn-pittsburgh-oakland-university-place/overview/,https://www.marriott.com/en-us/hotels/pitrd-residence-inn-pittsburgh-oakland-university-place/overview/,OFFICIAL_PROPERTY,2026-08-16,,,"Pets Welcome […] Maximum Pet Weight: 60.0lbs […] Maximum Number of Pets in Room: 2 […] Pets up to 60lbs permitted on select floors, fee varies based on length of stay […] Non-Refundable Pet Fee Per Stay: $100.00",,pittsburgh-pa
Sheraton Pittsburgh Airport Hotel,pet-friendly-hotels,1160 Thorn Run Road,Moon Township,PA,15108,412-262-2400,https://www.marriott.com/hotels/travel/pitsa-sheraton-pittsburgh-airport-hotel/,https://www.marriott.com/hotels/travel/pitsa-sheraton-pittsburgh-airport-hotel/,OFFICIAL_PROPERTY,2026-08-16,,,Pets Welcome […] Pets 40 pounds max allowed with non-refundable fee of USD 75 per room per stay […] Maximum Pet Weight: 40.0lbs […] Maximum Number of Pets in Room: 2,,pittsburgh-pa
Residence Inn Pittsburgh North Shore,pet-friendly-hotels,574 West General Robinson Street,Pittsburgh,PA,15212,412-321-2099,https://www.marriott.com/en-us/hotels/pitrn-residence-inn-pittsburgh-north-shore/overview/,https://www.marriott.com/en-us/hotels/pitrn-residence-inn-pittsburgh-north-shore/overview/,OFFICIAL_PROPERTY,2026-08-17,,,Pets Welcome […] Non-Refundable Pet Fee Per Stay: $100.00 […] Maximum Pet Weight: 90.0lbs […] Maximum Number of Pets in Room: 2 […] Must sign waiver stating cats are neutered or a $250.00 cleaning fee may apply.,,pittsburgh-pa
Sheraton Pittsburgh Hotel at Station Square,pet-friendly-hotels,300 West Station Square Drive,Pittsburgh,PA,15219,412-261-2000,https://www.marriott.com/en-us/hotels/pitps-sheraton-pittsburgh-hotel-at-station-square/overview/,https://www.marriott.com/en-us/hotels/pitps-sheraton-pittsburgh-hotel-at-station-square/overview/,OFFICIAL_PROPERTY,2026-08-17,,,Pets Welcome […] One dog up to 50 pounds allowed with a $75 pet fee. […] Non-Refundable Pet Fee Per Stay: $75.00 […] Maximum Pet Weight: 50.0lbs […] Maximum Number of Pets in Room: 1,,pittsburgh-pa
The Oaklander Hotel Autograph Collection,pet-friendly-hotels,5130 Bigelow Blvd,Pittsburgh,PA,15213,412-578-8500,https://www.marriott.com/en-us/hotels/pitak-the-oaklander-hotel-autograph-collection/overview/,https://www.marriott.com/en-us/hotels/pitak-the-oaklander-hotel-autograph-collection/overview/,OFFICIAL_PROPERTY,2026-08-17,,,Pets Welcome […] Maximum Pet Weight: 50.0lbs […] Maximum Number of Pets in Room: 2 […] Pet Fee is $20/night and Cleaning Fee is $50/stay. […] Non-Refundable Pet Fee Per Stay: $50.00,,pittsburgh-pa
Motel 6 Pittsburgh,pet-friendly-hotels,211 Beecham Drive,Pittsburgh,PA,15205,412-922-9400,https://www.motel6.com/property/motel-pittsburgh-pa-pennsylvania-us-294550/,https://www.motel6.com/property/motel-pittsburgh-pa-pennsylvania-us-294550/,OFFICIAL_PROPERTY,2026-08-17,,,"This pet-friendly motel welcomes your four-legged companions, so you can travel with peace of mind knowing your pets are part of the journey.",,pittsburgh-pa
Sonesta Simply Suites Pittsburgh Airport,pet-friendly-hotels,100 Chauvet Drive,Pittsburgh,PA,15275,412-787-7770,https://www.sonesta.com/sonesta-simply-suites/pa/pittsburgh/sonesta-simply-suites-pittsburgh-airport,https://www.sonesta.com/sonesta-simply-suites/pa/pittsburgh/sonesta-simply-suites-pittsburgh-airport,OFFICIAL_PROPERTY,2026-08-17,,,"Sonesta Simply Suites Pittsburg Airport is pet-friendly and welcomes well-mannered pets, with no breed or weight restrictions. Up to two pets are permitted per suite. […] $75 fee applies for stays up to 7 nights; $150 for all longer stays.",,pittsburgh-pa
TownePlace Suites Pittsburgh Airport Robinson Township,pet-friendly-hotels,1006 Sutherland Drive,Pittsburgh,PA,15205,412-494-4000,https://www.marriott.com/en-us/hotels/pittw-towneplace-suites-pittsburgh-airport-robinson-township/overview/,https://www.marriott.com/en-us/hotels/pittw-towneplace-suites-pittsburgh-airport-robinson-township/overview/,OFFICIAL_PROPERTY,2026-08-17,,,Pets Welcome […] 2 pets 75 pounds or less with USD 75 non-refundable fee per pet per stay […] Maximum Number of Pets in Room: 2,,pittsburgh-pa
Hyatt House Pittsburgh Bloomfield Shadyside,pet-friendly-hotels,5335 Baum Blvd,Pittsburgh,PA,15224,412-621-9900,https://www.hyatt.com/hyatt-house/en-US/pitxp-hyatt-house-pittsburgh-bloomfield-shadyside,https://www.hyatt.com/hyatt-house/en-US/pitxp-hyatt-house-pittsburgh-bloomfield-shadyside,OFFICIAL_PROPERTY,2026-08-17,,,"Our hotel is designed to bring home comfort to every guest—even the ones with four legs. Relax with up to two of your furry friends in a spacious, suite-inspired room. […] Maximum number of pets is 2. […] Individual pet weight limit: 25 Pounds […] Combined pets weight limit: 50 Pounds […] 1-6 nights: […] $75 […] 7-30 nights (includes cleaning fee): […] $275",,pittsburgh-pa
Hyatt Place Pittsburgh Airport,pet-friendly-hotels,6011 Campbells Run Road,Pittsburgh,PA,15205,412-494-0202,https://www.hyatt.com/hyatt-place/en-US/pitza-hyatt-place-pittsburgh-airport-robinson-mall,https://www.hyatt.com/hyatt-place/en-US/pitza-hyatt-place-pittsburgh-airport-robinson-mall,OFFICIAL_PROPERTY,2026-08-17,,,Our hotel is pet friendly for up to two housebroken dogs. Please call ahead at +1 412 494 0202 to let us know you'll be bringing canine company. […] Maximum number of pets is 2. […] Individual pet weight limit: 50 Pounds […] Combined pets weight limit: 75 Pounds […] 1–6 nights: […] $100 […] 7–30 nights + additional cleaning fee: […] $200,,pittsburgh-pa
Hyatt Place Pittsburgh North Shore,pet-friendly-hotels,260 North Shore Drive,Pittsburgh,PA,15212,412-321-3000,https://www.hyatt.com/hyatt-place/en-US/pitzn-hyatt-place-pittsburgh-north-shore,https://www.hyatt.com/hyatt-place/en-US/pitzn-hyatt-place-pittsburgh-north-shore,OFFICIAL_PROPERTY,2026-08-17,,,"We welcome a maximum of two canine companions. Please call us at +1 412 321 3000 prior to your arrival to let us know you’ll be bringing your dog(s), which must be housebroken. […] Maximum number of pets is 2. […] Individual pet weight limit: 50 Pounds […] Combined pets weight limit: 75 Pounds […] 1 - 6 nights: […] $75 […] 7 - 30 nights : […] + $100 […] Cleaning fee",,pittsburgh-pa
Joinery Hotel Pittsburgh,pet-friendly-hotels,453 Boulevard of the Allies,Pittsburgh,PA,15219,412-339-1870,https://www.joineryhotel.com/faqs,https://www.joineryhotel.com/faqs,OFFICIAL_PROPERTY,2026-08-17,,,"Yes, $50 Pet Fee per night up to 2 pets. […] Yes. Pet Fee applies $50. […] No.",,pittsburgh-pa
Courtyard by Marriott Pittsburgh University Center,pet-friendly-hotels,100 Lytton Avenue,Pittsburgh,PA,15213,,https://www.marriott.com/en-us/hotels/pityu-courtyard-pittsburgh-university-center/overview/,https://www.marriott.com/en-us/hotels/pityu-courtyard-pittsburgh-university-center/overview/,OFFICIAL_PROPERTY,2026-08-23,,,pets are welcome [.] $50.00 per stay [.] maximum weight of 50.0 lbs,true,pittsburgh-pa
DoubleTree by Hilton Pittsburgh Cranberry,pet-friendly-hotels,910 Sheraton Drive,Cranberry Township,PA,16066,,https://www.hilton.com/en/hotels/pitmadt-doubletree-pittsburgh-cranberry/,https://www.hilton.com/en/hotels/pitmadt-doubletree-pittsburgh-cranberry/,OFFICIAL_PROPERTY,2026-08-23,,,Pets allowed [.] $75.00 Non-refundable Fee [.] Max weight 50 lbs,true,pittsburgh-pa
Hampton Inn Pittsburgh Bridgeville,pet-friendly-hotels,150 Old Pond Road,Bridgeville,PA,15017,,https://www.hilton.com/en/hotels/pitbvhx-hampton-pittsburgh-bridgeville/,https://www.hilton.com/en/hotels/pitbvhx-hampton-pittsburgh-bridgeville/,OFFICIAL_PROPERTY,2026-08-23,,,Pets allowed [.] $75.00 Non-refundable Fee,true,pittsburgh-pa
Hampton Inn Pittsburgh Harmarville,pet-friendly-hotels,2805 Freeport Road,Cheswick,PA,15024,,https://www.hilton.com/en/hotels/pithahx-hampton-suites-pittsburgh-harmarville/,https://www.hilton.com/en/hotels/pithahx-hampton-suites-pittsburgh-harmarville/,OFFICIAL_PROPERTY,2026-08-23,,,Pets allowed [.] 1-4 night stay $50 [.] 5+ night stay $75 [.] Non-refundable Fee [.] 2 pets max,true,pittsburgh-pa
Hampton Inn Pittsburgh Monroeville,pet-friendly-hotels,3000 Mosside Blvd.,Monroeville,PA,15146,,https://www.hilton.com/en/hotels/pitmvhx-hampton-pittsburgh-monroeville/,https://www.hilton.com/en/hotels/pitmvhx-hampton-pittsburgh-monroeville/,OFFICIAL_PROPERTY,2026-08-23,,,Pets allowed [.] $75(1-4n [.] $125(5+n [.] Non-refundable Fee [.] Max weight 40 lbs [.] 2petsMax,true,pittsburgh-pa
Hampton Inn University Center,pet-friendly-hotels,3315 Hamlet St.,Pittsburgh,PA,15213,,https://www.hilton.com/en/hotels/pitokhx-hampton-pittsburgh-university-medical-center/,https://www.hilton.com/en/hotels/pitokhx-hampton-pittsburgh-university-medical-center/,OFFICIAL_PROPERTY,2026-08-23,,,Pets allowed [.] $75.00 Non-refundable Fee [.] 2 pets max,true,pittsburgh-pa
Hampton Inn Pittsburgh Wexford Sewickley,pet-friendly-hotels,2622 Wexford Bayne Rd.,Wexford,PA,15090,,https://www.hilton.com/en/hotels/pitwshx-hampton-pittsburgh-wexford-sewickley/,https://www.hilton.com/en/hotels/pitwshx-hampton-pittsburgh-wexford-sewickley/,OFFICIAL_PROPERTY,2026-08-23,,,Pets allowed [.] $75(1-4 nights [.] $125(5+ nights [.] Non-refundable Fee [.] Max weight 75 lbs [.] 2 pets Max,true,pittsburgh-pa
Home2 Suites Pittsburgh Cranberry Township,pet-friendly-hotels,1401 Cranberry Woods Drive,Cranberry Township,PA,16066,,https://www.hilton.com/en/hotels/pitltht-home2-suites-pittsburgh-cranberry-pa/,https://www.hilton.com/en/hotels/pitltht-home2-suites-pittsburgh-cranberry-pa/,OFFICIAL_PROPERTY,2026-08-23,,,Pets allowed [.] 1-4 night stay $50 [.] 5+ night stay $75 [.] Non-refundable Fee [.] 2 pets max,true,pittsburgh-pa
SpringHill Suites Pittsburgh Mt Lebanon,pet-friendly-hotels,611 Washington Road,Mount Lebanon,PA,15228,,https://www.marriott.com/en-us/hotels/pitle-springhill-suites-pittsburgh-mt-lebanon/overview/,https://www.marriott.com/en-us/hotels/pitle-springhill-suites-pittsburgh-mt-lebanon/overview/,OFFICIAL_PROPERTY,2026-08-23,,,pets are welcome [.] $100.00 per stay [.] up to 30.0 lbs [.] Up to 2 pets,true,pittsburgh-pa
Hampton Inn & Suites Cranberry Pittsburgh,pet-friendly-hotels,10015 Pendleton Way,Cranberry Township,PA,16066,7247201100,https://www.hilton.com/en/hotels/pitcmhx-hampton-suites-cranberry-pittsburgh/,https://www.hilton.com/en/hotels/pitcmhx-hampton-suites-cranberry-pittsburgh/,OFFICIAL_PROPERTY,2026-08-23,,,Pets allowed [.] $75 (1-4 nights [.] $125(5+ nights [.] 2 pets max,true,pittsburgh-pa
Home2 Suites by Hilton Pittsburgh,pet-friendly-hotels,8630 Duncan Avenue,Pittsburgh,PA,15237,4126308400,https://www.hilton.com/en/hotels/pitmcht-home2-suites-pittsburgh-mccandless-pa/,https://www.hilton.com/en/hotels/pitmcht-home2-suites-pittsburgh-mccandless-pa/,OFFICIAL_PROPERTY,2026-08-23,,,Pets allowed [.] $75(1-4n [.] $125(5+n [.] Non-refundable Fee [.] 2pets Max,true,pittsburgh-pa
Staybridge Suites Pittsburgh Airport,pet-friendly-hotels,239 Summit Park Drive,Pittsburgh,PA,15275,4125058218,https://www.ihg.com/staybridge/hotels/us/en/pittsburgh/pitsu/hoteldetail,https://www.ihg.com/staybridge/hotels/us/en/pittsburgh/pitsu/hoteldetail,OFFICIAL_PROPERTY,2026-08-23,,,Pets are welcome,true,pittsburgh-pa
TownePlace Suites Pittsburgh Cranberry Township,pet-friendly-hotels,2020 Cool Springs Drive,Cranberry Township,PA,16066,7247797500,https://www.marriott.com/en-us/hotels/pitrr-towneplace-suites-pittsburgh-cranberry-township/overview/,https://www.marriott.com/en-us/hotels/pitrr-towneplace-suites-pittsburgh-cranberry-township/overview/,OFFICIAL_PROPERTY,2026-08-23,,,Pets Welcome [.] Non-Refundable Pet Fee Per Stay: $100.00 [.] Maximum Number of Pets in Room: 2 [.] Maximum Number of Pets in Room: 2,true,pittsburgh-pa
La Quinta Inn & Suites Pittsburgh Airport,pet-friendly-hotels,8507 University Boulevard,Moon Township,PA,15108,,https://www.wyndhamhotels.com/laquinta/moon-township-pennsylvania/la-quinta-inn-pittsburgh-airport/overview,https://www.wyndhamhotels.com/laquinta/moon-township-pennsylvania/la-quinta-inn-pittsburgh-airport/overview,OFFICIAL_PROPERTY,2026-08-23,,,Pets Allowed [.] 25 USD nightly [.] Max 75 USD per stay [.] 75lbs or less [.] up to 2 pets,true,pittsburgh-pa
Hampton Inn & Suites Pittsburgh Waterfront,pet-friendly-hotels,301 West Waterfront Drive,West Homestead,PA,15120,,https://www.hilton.com/en/hotels/pitwhhx-hampton-suites-pittsburgh-waterfront-west-homestead/,https://www.hilton.com/en/hotels/pitwhhx-hampton-suites-pittsburgh-waterfront-west-homestead/,OFFICIAL_PROPERTY,2026-08-23,,,Pets allowed [.] Max weight 40 lbs [.] max 2 pets,true,pittsburgh-pa
Embassy Suites by Hilton Pittsburgh Downtown,pet-friendly-hotels,535 Smithfield Street,Pittsburgh,PA,15222,,https://www.hilton.com/en/hotels/pitsmes-embassy-suites-pittsburgh-downtown/,https://www.hilton.com/en/hotels/pitsmes-embassy-suites-pittsburgh-downtown/,OFFICIAL_PROPERTY,2026-08-23,,,Pets allowed Yes Deposit Yes. $75.00 Non-refundable Fee,true,pittsburgh-pa
Hyatt Regency Pittsburgh International Airport,pet-friendly-hotels,1111 Airport Boulevard,Pittsburgh,PA,15231,724-899-1234,https://www.hyatt.com/hyatt-regency/en-US/pitap-hyatt-regency-pittsburgh-international-airport,https://www.hyatt.com/hyatt-regency/en-US/pitap-hyatt-regency-pittsburgh-international-airport,OFFICIAL_PROPERTY,2026-08-31,,,We Are Pet Friendly We welcome your traveling pet companions. [.] Please inform the hotel at least three days in advance of your arrival if a pet is staying with you.,true,pittsburgh-pa
Courtyard by Marriott Cranberry Woods,pet-friendly-hotels,150 Cranberry Woods Drive,Cranberry Township,PA,16066,724-776-1900,https://www.marriott.com/en-us/hotels/pitct-courtyard-pittsburgh-north-cranberry-woods/overview/,https://www.marriott.com/en-us/hotels/pitct-courtyard-pittsburgh-north-cranberry-woods/overview/,OFFICIAL_PROPERTY,2026-09-04,,,Pets Welcome [.] Non-Refundable Pet Fee Per Stay: $75.00 [.] Non-Refundable Pet Fee Per Night: $20.00 [.] Maximum Pet Weight: 25.0lbs [.] Maximum Number of Pets in Room: 2 [.] 1st floor only,,pittsburgh-pa
Crowne Plaza Pittsburgh South,pet-friendly-hotels,164 Fort Couch Road,Pittsburgh,PA,15241,,https://www.ihg.com/crowneplaza/hotels/us/en/pittsburgh/pitso/hoteldetail,https://www.ihg.com/crowneplaza/hotels/us/en/pittsburgh/pitso/hoteldetail,OFFICIAL_PROPERTY,2026-09-03,,,pets allowed [.] Pet fee per night: 45 USD [.] 2 pets allowed,,pittsburgh-pa
Fairfield Inn & Suites Pittsburgh Downtown,pet-friendly-hotels,435 Fort Pitt Boulevard,Pittsburgh,PA,15219,412-515-2100,https://www.marriott.com/en-us/hotels/pitdf-fairfield-inn-and-suites-pittsburgh-downtown/overview/,https://www.marriott.com/en-us/hotels/pitdf-fairfield-inn-and-suites-pittsburgh-downtown/overview/,OFFICIAL_PROPERTY,2026-09-04,,,Pets Welcome [.] Non-Refundable Pet Fee Per Stay: $50.00 [.] Maximum Number of Pets in Room: 1,,pittsburgh-pa
Hotel Indigo Pittsburgh University Oakland,pet-friendly-hotels,329 Technology Drive,Pittsburgh,PA,15219,,https://www.ihg.com/hotelindigo/hotels/us/en/pittsburgh/pitgh/hoteldetail,https://www.ihg.com/hotelindigo/hotels/us/en/pittsburgh/pitgh/hoteldetail,OFFICIAL_PROPERTY,2026-09-03,,,pets allowed [.] Pet fee per night: 75 USD [.] 75 USD Pet damage deposit [.] Pet weight limit: No weight limit per pet [.] 4 pets allowed,,pittsburgh-pa
Hyatt House Pittsburgh South Side Works,pet-friendly-hotels,2795 South Water Street,Pittsburgh,PA,15203,,https://www.hyatt.com/hyatt-house/en-US/pitxs-hyatt-house-pittsburgh-south-side,https://www.hyatt.com/hyatt-house/en-US/pitxs-hyatt-house-pittsburgh-south-side,OFFICIAL_PROPERTY,2026-09-04,,,Pet Friendly [.] 1–6 nights: $75 [.] 7–30 nights (includes cleaning fee) : $150 [.] weight limit: 50 Pounds [.] Combined pets weight limit: 75 Pounds [.] Maximum number of pets is 2 [.] We happily welcome your canine travel companions [.] All dogs must be housebroken.,,pittsburgh-pa
Marriott Pittsburgh North Cranberry Woods,pet-friendly-hotels,100 Cranberry Woods Drive,Cranberry Township,PA,16066,724-772-3700,https://www.marriott.com/en-us/hotels/pitno-pittsburgh-marriott-north/overview/,https://www.marriott.com/en-us/hotels/pitno-pittsburgh-marriott-north/overview/,OFFICIAL_PROPERTY,2026-09-04,,,Pets Welcome [.] Non-Refundable Pet Fee Per Stay: $75.00 [.] Maximum Pet Weight: 25.0lbs [.] Maximum Number of Pets in Room: 2 [.] 1st floor only,,pittsburgh-pa
Residence Inn Pittsburgh Cranberry Township,pet-friendly-hotels,1308 Freedom Road,Cranberry Township,PA,16066,724-779-1000,https://www.marriott.com/en-us/hotels/pitcr-residence-inn-pittsburgh-cranberry-township/overview/,https://www.marriott.com/en-us/hotels/pitcr-residence-inn-pittsburgh-cranberry-township/overview/,OFFICIAL_PROPERTY,2026-09-04,,,Pets Welcome [.] Non-Refundable Pet Fee Per Stay: $75.00,,pittsburgh-pa
Residence Inn Pittsburgh Monroeville,pet-friendly-hotels,3455 William Penn Highway,Pittsburgh,PA,15235,412-816-1300,https://www.marriott.com/en-us/hotels/pitpm-residence-inn-pittsburgh-monroeville-wilkins-township/overview/,https://www.marriott.com/en-us/hotels/pitpm-residence-inn-pittsburgh-monroeville-wilkins-township/overview/,OFFICIAL_PROPERTY,2026-09-04,,,Pets Welcome [.] Maximum Pet Weight: 70.0lbs [.] Maximum Number of Pets in Room: 2,,pittsburgh-pa
Aloft by Marriott Raleigh,pet-friendly-hotels,2100 Hillsborough Street,Raleigh,NC,27607,+19198289900,https://www.marriott.com/en-us/hotels/rdura-aloft-raleigh/overview/,https://www.marriott.com/en-us/hotels/rdura-aloft-raleigh/overview/,OFFICIAL_PROPERTY,2026-09-11,,,Pets Welcome. Dogs only. $75 per stay (up to 3 nights). Additional nights are $15/night. Maximum Pet Weight: 40.0lbs Maximum Number of Pets in Room: 1,,raleigh-nc
Aloft by Marriott Raleigh-Durham Airport Brier Creek,pet-friendly-hotels,10020 Sellona Street,Raleigh,NC,27617,+19199578523,https://www.marriott.com/en-us/hotels/rduaf-aloft-raleigh-durham-airport-brier-creek/overview/,https://www.marriott.com/en-us/hotels/rduaf-aloft-raleigh-durham-airport-brier-creek/overview/,OFFICIAL_PROPERTY,2026-09-11,,,Pets Welcome Only Domestic Canine/Dogs Allowed Non-Refundable Pet Fee Per Night: $50.00 Maximum Number of Pets in Room: 1,,raleigh-nc
Candlewood Suites Apex Raleigh Area,pet-friendly-hotels,1005 Marco Drive,Apex,NC,27502,1-919-3878595,https://www.ihg.com/candlewood/hotels/us/en/apex/rdumd/hoteldetail,https://www.ihg.com/candlewood/hotels/us/en/apex/rdumd/hoteldetail,OFFICIAL_PROPERTY,2026-09-11,,,Pets are welcome at Candlewood Suites Apex Raleigh Area.,,raleigh-nc
Candlewood Suites Raleigh Crabtree,pet-friendly-hotels,4433 Lead Mine Road,Raleigh,NC,27612,1-919-7894840,https://www.ihg.com/candlewood/hotels/us/en/raleigh/rduct/hoteldetail,https://www.ihg.com/candlewood/hotels/us/en/raleigh/rduct/hoteldetail,OFFICIAL_PROPERTY,2026-09-11,,,Pets are welcome at Candlewood Suites Raleigh Crabtree.,,raleigh-nc
Candlewood Suites Wake Forest Raleigh Area,pet-friendly-hotels,12050 Retail Drive,Wake Forest,NC,27587,1-919-5546901,https://www.ihg.com/candlewood/hotels/us/en/wake-forest/wkfcw/hoteldetail,https://www.ihg.com/candlewood/hotels/us/en/wake-forest/wkfcw/hoteldetail,OFFICIAL_PROPERTY,2026-09-11,,,Pets are welcome at Candlewood Suites Wake Forest Raleigh Area.,,raleigh-nc
Courtyard by Marriott Raleigh Cary,pet-friendly-hotels,102 Edinburgh Drive South,Cary,NC,27511,+19194819666,https://www.marriott.com/en-us/hotels/rduca-courtyard-raleigh-cary/overview/,https://www.marriott.com/en-us/hotels/rduca-courtyard-raleigh-cary/overview/,OFFICIAL_PROPERTY,2026-09-11,,,Pets Welcome Pet fee $20/day with $100/stay nonrefundable clean fee excludes Service Animals Non-Refundable Pet Fee Per Stay: $100.00 Non-Refundable Pet Fee Per Night: $20.00,,raleigh-nc
Courtyard by Marriott Raleigh Midtown,pet-friendly-hotels,1041 Wake Towne Drive,Raleigh,NC,27609,+19198213400,https://www.marriott.com/en-us/hotels/rduwf-courtyard-raleigh-midtown/overview/,https://www.marriott.com/en-us/hotels/rduwf-courtyard-raleigh-midtown/overview/,OFFICIAL_PROPERTY,2026-09-11,,,Pets Welcome Pet fee $20/day with $150/stay nonrefundable clean fee excludes Service Animals Non-Refundable Pet Fee Per Stay: $150.00,,raleigh-nc
Crynchx Hampton Raleigh Cary,pet-friendly-hotels,201 Ashville Avenue,Cary,NC,27518,+1 919-859-5559,https://www.hilton.com/en/hotels/crynchx-hampton-raleigh-cary/,https://www.hilton.com/en/hotels/crynchx-hampton-raleigh-cary/,OFFICIAL_PROPERTY,2026-09-11,,,"Pets allowed, $75.00 non-refundable fee, $75 + Tax (1-4n), $125 + Tax (5+n) 2 pet Max, dog/cat only",,raleigh-nc
Embassy Suites by Hilton Raleigh Crabtree,pet-friendly-hotels,4700 Creedmoor Road,Raleigh,NC,27612,+1 919-881-0000,https://www.hilton.com/en/hotels/rducmes-embassy-suites-raleigh-crabtree/,https://www.hilton.com/en/hotels/rducmes-embassy-suites-raleigh-crabtree/,OFFICIAL_PROPERTY,2026-09-11,,,"Pets allowed, $75.00 non-refundable fee, $75(1-4n),$125(5+n)2petsMax,dog/cat only",,raleigh-nc
Embassy Suites by Hilton Raleigh Durham Airport Brier Creek,pet-friendly-hotels,8001 Arco Corporate Drive,Raleigh,NC,27617,+1 919-572-2200,https://www.hilton.com/en/hotels/rduaces-embassy-suites-raleigh-durham-airport-brier-creek/,https://www.hilton.com/en/hotels/rduaces-embassy-suites-raleigh-durham-airport-brier-creek/,OFFICIAL_PROPERTY,2026-09-11,,,"Pets allowed, $75.00 non-refundable fee, 75 lbs maximum, $75(1-4n),$125(5+n)2petsMax,dog/cat only",,raleigh-nc
Embassy Suites by Hilton Raleigh Durham Research Triangle,pet-friendly-hotels,201 Harrison Oaks Boulevard,Cary,NC,27513,+1 919-677-1840,https://www.hilton.com/en/hotels/rduapes-embassy-suites-raleigh-durham-research-triangle/,https://www.hilton.com/en/hotels/rduapes-embassy-suites-raleigh-durham-research-triangle/,OFFICIAL_PROPERTY,2026-09-11,,,"Pets allowed, $75.00 non-refundable fee, $75(1-4n),$125(5+n)2petsMax,dog/cat only",,raleigh-nc
Fairfield by Marriott Inn & Suites Raleigh Capital Blvd./I-540,pet-friendly-hotels,6408 Capital Boulevard,Raleigh,NC,27616,+19198781120,https://www.marriott.com/en-us/hotels/rdufn-fairfield-inn-and-suites-raleigh-capital-blvd-i-540/overview/,https://www.marriott.com/en-us/hotels/rdufn-fairfield-inn-and-suites-raleigh-capital-blvd-i-540/overview/,OFFICIAL_PROPERTY,2026-09-11,,,Pets Welcome Leashed or crated inside. Not allowed in food areas. $75 (1-4 n) or $125 (5+ n) Non-Refundable Pet Fee Per Stay: $75.00 Maximum Pet Weight: 75.0lbs,,raleigh-nc
Fairfield by Marriott Inn & Suites Raleigh Crabtree Valley,pet-friendly-hotels,2201 Summit Park Lane,Raleigh,NC,27612,+19198819800,https://www.marriott.com/en-us/hotels/rduct-fairfield-inn-and-suites-raleigh-crabtree-valley/overview/,https://www.marriott.com/en-us/hotels/rduct-fairfield-inn-and-suites-raleigh-crabtree-valley/overview/,OFFICIAL_PROPERTY,2026-09-11,,,Pets Welcome $100 Non-Refundable pet fee Non-Refundable Pet Fee Per Stay: $100.00 Maximum Pet Weight: 75.0lbs Maximum Number of Pets in Room: 2,,raleigh-nc
Four Points by Sheraton Raleigh Durham Airport,pet-friendly-hotels,1200 Claren Circle,Morrisville,NC,27560,+19193801221,https://www.marriott.com/en-us/hotels/rdufp-four-points-raleigh-durham-airport/overview/,https://www.marriott.com/en-us/hotels/rdufp-four-points-raleigh-durham-airport/overview/,OFFICIAL_PROPERTY,2026-09-11,,,Pets Welcome Non-Refundable Fee: $75 (1-4 nights) or $125 (5+ nights) Maximum Pet Weight: 75.0lbs Maximum Number of Pets in Room: 2,,raleigh-nc
Hampton Inn by Hilton Raleigh Cary Alston Town Center,pet-friendly-hotels,4050 Saint Martin Street,Cary,NC,27519,+1 984-208-5225,https://www.hilton.com/en/hotels/rdugghx-hampton-inn-raleigh-cary-alston-town-center/,https://www.hilton.com/en/hotels/rdugghx-hampton-inn-raleigh-cary-alston-town-center/,OFFICIAL_PROPERTY,2026-09-11,,,"Pets allowed, $75.00 non-refundable fee, 75 lbs maximum, $75 1-4 nights / $125 5+ nights. 2 pet max dog/cat only.",,raleigh-nc
Holiday Inn Express & Suites Raleigh North - Wake Forest,pet-friendly-hotels,11400 Common Oaks Drive,Raleigh,NC,27614,1-919-5705550,https://www.ihg.com/holidayinnexpress/hotels/us/en/raleigh/wkfnc/hoteldetail,https://www.ihg.com/holidayinnexpress/hotels/us/en/raleigh/wkfnc/hoteldetail,OFFICIAL_PROPERTY,2026-09-11,,,Pets are welcome at Holiday Inn Express & Suites Raleigh North - Wake Forest.,,raleigh-nc
Holiday Inn Express & Suites Raleigh SW NC State,pet-friendly-hotels,3741 Thistledown Drive,Raleigh,NC,27606,1-919-8540001,https://www.ihg.com/holidayinnexpress/hotels/us/en/raleigh/rdugs/hoteldetail,https://www.ihg.com/holidayinnexpress/hotels/us/en/raleigh/rdugs/hoteldetail,OFFICIAL_PROPERTY,2026-09-11,,,Pets are welcome at Holiday Inn Express & Suites Raleigh SW NC State.,,raleigh-nc
Holiday Inn Express & Suites Raleigh West - Lenovo Center,pet-friendly-hotels,6115 Corporate Ridge Rd,Raleigh,NC,27607,1-919-8098660,https://www.ihg.com/holidayinnexpress/hotels/us/en/raleigh/rducg/hoteldetail,https://www.ihg.com/holidayinnexpress/hotels/us/en/raleigh/rducg/hoteldetail,OFFICIAL_PROPERTY,2026-09-11,,,Pets are welcome at Holiday Inn Express & Suites Raleigh West - Lenovo Center.,,raleigh-nc
Holiday Inn Express Raleigh-Durham Airport,pet-friendly-hotels,1014 Airport Boulevard,Morrisville,NC,27560,1-919-6532260,https://www.ihg.com/holidayinnexpress/hotels/us/en/morrisville/rdumv/hoteldetail,https://www.ihg.com/holidayinnexpress/hotels/us/en/morrisville/rdumv/hoteldetail,OFFICIAL_PROPERTY,2026-09-11,,,Pets are welcome at Holiday Inn Express Raleigh-Durham Airport.,,raleigh-nc
Holiday Inn Raleigh-Durham Airport,pet-friendly-hotels,930 Airport Blvd.,Morrisville,NC,27560,1-919-4651910,https://www.ihg.com/holidayinn/hotels/us/en/morrisville/rdums/hoteldetail,https://www.ihg.com/holidayinn/hotels/us/en/morrisville/rdums/hoteldetail,OFFICIAL_PROPERTY,2026-09-11,,,Pets are welcome at Holiday Inn Raleigh-Durham Airport.,,raleigh-nc
Home2 Suites by Hilton Raleigh Cary,pet-friendly-hotels,350 Ashville Ave,Cary,NC,27518,,https://www.hilton.com/en/hotels/rdulsht-home2-suites-raleigh-cary/,https://www.hilton.com/en/hotels/rdulsht-home2-suites-raleigh-cary/,OFFICIAL_PROPERTY,2026-09-11,,,"Pets allowed, $75.00 non-refundable fee, $75(1-4 nights), $125(5+ nights) 2pets max, dog/cat only",,raleigh-nc
Home2 Suites by Hilton Raleigh Crabtree,pet-friendly-hotels,2051 Century Drive,Raleigh,NC,27612,+1 919-861-0005,https://www.hilton.com/en/hotels/rducdht-home2-suites-raleigh-crabtree/,https://www.hilton.com/en/hotels/rducdht-home2-suites-raleigh-crabtree/,OFFICIAL_PROPERTY,2026-09-11,,,"Pets allowed, $75.00 non-refundable fee, 50 lbs maximum",,raleigh-nc
Home2 Suites by Hilton Raleigh Durham Airport RTP,pet-friendly-hotels,1020 Lower Shiloh Way,Morrisville,NC,27560,+1 919-797-1370,https://www.hilton.com/en/hotels/rdutpht-home2-suites-raleigh-durham-airport-rtp/,https://www.hilton.com/en/hotels/rdutpht-home2-suites-raleigh-durham-airport-rtp/,OFFICIAL_PROPERTY,2026-09-11,,,"Pets allowed, $75.00 non-refundable fee, 75 lbs maximum, $75(1-4n),$125(5+n)2petsMax,dog/cat only",,raleigh-nc
Home2 Suites by Hilton Raleigh North I-540,pet-friendly-hotels,3951 Sumner Boulevard,Raleigh,NC,27616,+1 919-758-8013,https://www.hilton.com/en/hotels/rduttht-home2-suites-raleigh-north-i540/,https://www.hilton.com/en/hotels/rduttht-home2-suites-raleigh-north-i540/,OFFICIAL_PROPERTY,2026-09-11,,,"Pets allowed, $75.00 non-refundable fee, $75(1-4nts), $125(5+nts) 2petsMax, dog/cat only",,raleigh-nc
Home2 Suites by Hilton Raleigh West Lenovo Center,pet-friendly-hotels,6825 Chapel Hill Road,Raleigh,NC,27607,+1 919-863-9330,https://www.hilton.com/en/hotels/rdursht-home2-suites-raleigh-west-lenovo-center/,https://www.hilton.com/en/hotels/rdursht-home2-suites-raleigh-west-lenovo-center/,OFFICIAL_PROPERTY,2026-09-11,,,"Pets allowed, $75.00 non-refundable fee, 75 lbs maximum, $75(1-4n),$125(5+n) 2petsMax,dog/cat only",,raleigh-nc
Homewood Suites by Hilton Raleigh/Cary,pet-friendly-hotels,100 MacAlyson Court,Cary,NC,27511,+1 919-467-4444,https://www.hilton.com/en/hotels/cryhshw-homewood-suites-raleigh-cary/,https://www.hilton.com/en/hotels/cryhshw-homewood-suites-raleigh-cary/,OFFICIAL_PROPERTY,2026-09-11,,,"Pets allowed, $50.00 non-refundable fee, $50(1-4n),$75(5+n) 2petsMax,dog/cat only",,raleigh-nc
Homewood Suites by Hilton Raleigh Cary I-40,pet-friendly-hotels,555 Crossroads Blvd,Cary,NC,27518,+1 919-745-8589,https://www.hilton.com/en/hotels/rducxhw-homewood-suites-raleigh-cary-i-40/,https://www.hilton.com/en/hotels/rducxhw-homewood-suites-raleigh-cary-i-40/,OFFICIAL_PROPERTY,2026-09-11,,,"Pets allowed, $75(1-4n),$125(5+n)2petsMax,dog/cat only",,raleigh-nc
Homewood Suites by Hilton Raleigh-Crabtree Valley,pet-friendly-hotels,5400 Homewood Banks Drive,Raleigh,NC,27612,+1 919-785-1131,https://www.hilton.com/en/hotels/rducthw-homewood-suites-raleigh-crabtree-valley/,https://www.hilton.com/en/hotels/rducthw-homewood-suites-raleigh-crabtree-valley/,OFFICIAL_PROPERTY,2026-09-11,,,"Pets allowed, $75.00 non-refundable fee, 75 lbs maximum, $75(1-4 nights),$125(5+nights)2 pets Max dog/cat only",,raleigh-nc
Homewood Suites by Hilton Raleigh Downtown,pet-friendly-hotels,200 West Davie Street Suite A,Raleigh,NC,27601,+1 919-645-2570,https://www.hilton.com/en/hotels/rduwdhw-homewood-suites-raleigh-downtown/,https://www.hilton.com/en/hotels/rduwdhw-homewood-suites-raleigh-downtown/,OFFICIAL_PROPERTY,2026-09-11,,,"Pets allowed, $75.00 non-refundable fee, 75 lbs maximum, 1 - 4 nights: Maximum US$75 per stay-5+ nights: Maximum US$125 per stay 2pets Max,dog/cat only, If damage occurs, subject to additional fee up to $250",,raleigh-nc
Hotel Indigo Raleigh Downtown,pet-friendly-hotels,320 Hillsborough Street,Raleigh,NC,27603,1-984-3830320,https://www.ihg.com/hotelindigo/hotels/us/en/raleigh/rdusc/hoteldetail,https://www.ihg.com/hotelindigo/hotels/us/en/raleigh/rdusc/hoteldetail,OFFICIAL_PROPERTY,2026-09-11,,,Pets are welcome at Hotel Indigo Raleigh Downtown.,,raleigh-nc
"Oberlin Hotel Raleigh, Curio Collection by Hilton",pet-friendly-hotels,501 Woodburn Road,Raleigh,NC,27605,+1 984-344-1901,https://www.hilton.com/en/hotels/rduobqq-oberlin-hotel-raleigh/,https://www.hilton.com/en/hotels/rduobqq-oberlin-hotel-raleigh/,OFFICIAL_PROPERTY,2026-09-11,,,"Pets allowed, $75.00 non-refundable fee, 50 lbs maximum",,raleigh-nc
Rduahgi Hilton Garden Inn Raleigh Durham Airport,pet-friendly-hotels,1500 RDU Center Drive,Morrisville,NC,27560,+1 919-840-8088,https://www.hilton.com/en/hotels/rduahgi-hilton-garden-inn-raleigh-durham-airport/,https://www.hilton.com/en/hotels/rduahgi-hilton-garden-inn-raleigh-durham-airport/,OFFICIAL_PROPERTY,2026-09-11,,,"Pets allowed, $75.00 non-refundable fee, $75 plus tax(1-4n),$125 plus tax(5+n) 2petsMax,dog/cat only",,raleigh-nc
Rduanhx Hampton Suites Raleigh Durham Airport Brier Creek,pet-friendly-hotels,8021 Arco Corporate Drive,Raleigh,NC,27617,+1 919-484-0500,https://www.hilton.com/en/hotels/rduanhx-hampton-suites-raleigh-durham-airport-brier-creek/,https://www.hilton.com/en/hotels/rduanhx-hampton-suites-raleigh-durham-airport-brier-creek/,OFFICIAL_PROPERTY,2026-09-11,,,"Pets allowed, $75.00 non-refundable fee, 75 lbs maximum, $75(1-4n),$75(5+n) 2petsMax,dog/cat only",,raleigh-nc
Rduawhx Hampton Suites Raleigh Crabtree Valley,pet-friendly-hotels,3920 Arrow Drive,Raleigh,NC,27612,+1 919-881-7080,https://www.hilton.com/en/hotels/rduawhx-hampton-suites-raleigh-crabtree-valley/,https://www.hilton.com/en/hotels/rduawhx-hampton-suites-raleigh-crabtree-valley/,OFFICIAL_PROPERTY,2026-09-11,,,"Pets allowed, $75.00 non-refundable fee, 75 lbs maximum, $75(1-4n),$75(5+n) 2petsMax,dog/cat only",,raleigh-nc
Rduclhx Hampton Raleigh Clayton I,pet-friendly-hotels,100 Hampton Drive,Garner,NC,27529,+1 919-773-1977,https://www.hilton.com/en/hotels/rduclhx-hampton-raleigh-clayton-i-40/,https://www.hilton.com/en/hotels/rduclhx-hampton-raleigh-clayton-i-40/,OFFICIAL_PROPERTY,2026-09-11,,,"Pets allowed, $75.00 non-refundable fee, 75 lbs maximum, Fee $75 (1-4 nights),$125 (5+ nts). 2 pet per guest limit (cat or dogs only) with a maximum combined weight of 75 lbs.",,raleigh-nc
Rducvgi Hilton Garden Inn Raleigh Crabtree Valley,pet-friendly-hotels,3912 Arrow Drive,Raleigh,NC,27612,+1 919-703-2525,https://www.hilton.com/en/hotels/rducvgi-hilton-garden-inn-raleigh-crabtree-valley/,https://www.hilton.com/en/hotels/rducvgi-hilton-garden-inn-raleigh-crabtree-valley/,OFFICIAL_PROPERTY,2026-09-11,,,"Pets allowed, $75.00 non-refundable fee, 75 lbs maximum, $75(1-4n),$75(5+n) 2petsMax,dog/cat only",,raleigh-nc
Rducyhx Hampton Suites Raleigh Cary Lenovo Center,pet-friendly-hotels,111 Hampton Woods Lane,Raleigh,NC,27607,+1 919-233-1798,https://www.hilton.com/en/hotels/rducyhx-hampton-suites-raleigh-cary-lenovo-center/,https://www.hilton.com/en/hotels/rducyhx-hampton-suites-raleigh-cary-lenovo-center/,OFFICIAL_PROPERTY,2026-09-11,,,"Pets allowed, $75.00 non-refundable fee, 75 lbs maximum, $75(1-4 nights), $125(5+ nights) 2 pets max per room, dog/cat only. Guest is responsible for any damages by pet in the room.",,raleigh-nc
Rdudwhx Hampton Suites Raleigh Downtown,pet-friendly-hotels,600 Glenwood Avenue,Raleigh,NC,27603,+1 919-825-4770,https://www.hilton.com/en/hotels/rdudwhx-hampton-suites-raleigh-downtown/,https://www.hilton.com/en/hotels/rdudwhx-hampton-suites-raleigh-downtown/,OFFICIAL_PROPERTY,2026-09-11,,,"Pets allowed, $75(1-4n), $125(5+n) 2 pets MAX, dog / cat only",,raleigh-nc
Rdugnhx Hampton Raleigh Garner,pet-friendly-hotels,110 Drexmere Street,Garner,NC,27529,+1 919-772-6500,https://www.hilton.com/en/hotels/rdugnhx-hampton-raleigh-garner/,https://www.hilton.com/en/hotels/rdugnhx-hampton-raleigh-garner/,OFFICIAL_PROPERTY,2026-09-11,,,"Pets allowed, $50.00 non-refundable fee, $50(1-4n),$75(5+n) 2petsMax,dog/cat only",,raleigh-nc
Rduhhhx Hampton Raleigh Capital Blvd North,pet-friendly-hotels,3621 Spring Forest Road,Raleigh,NC,27616,+1 919-872-7111,https://www.hilton.com/en/hotels/rduhhhx-hampton-raleigh-capital-blvd-north/,https://www.hilton.com/en/hotels/rduhhhx-hampton-raleigh-capital-blvd-north/,OFFICIAL_PROPERTY,2026-09-11,,,"Pets allowed, $75.00 non-refundable fee, 50 lbs maximum, $75(1-4n),$125(5+n) 2petsMax,dog/cat only",,raleigh-nc
Rduhshx Hampton Suites Holly Springs,pet-friendly-hotels,1050 S Main Street,Holly Springs,NC,27540,+1 919-552-7610,https://www.hilton.com/en/hotels/rduhshx-hampton-suites-holly-springs/,https://www.hilton.com/en/hotels/rduhshx-hampton-suites-holly-springs/,OFFICIAL_PROPERTY,2026-09-11,,,"Pets allowed, $75.00 non-refundable fee, 75 lbs maximum, $75(1-4n),$100(5+n) 2petsMax,dog/cat only",,raleigh-nc
Rduknhx Hampton Suites Knightdale Raleigh,pet-friendly-hotels,405 Hinton Oaks Blvd,Knightdale,NC,27545,+1 919-217-6810,https://www.hilton.com/en/hotels/rduknhx-hampton-suites-knightdale-raleigh/,https://www.hilton.com/en/hotels/rduknhx-hampton-suites-knightdale-raleigh/,OFFICIAL_PROPERTY,2026-09-11,,,"Pets allowed, $75.00 non-refundable fee, $75(1-4n),$125(5+n) 2petsMax,dog/cat only",,raleigh-nc
Rdumvhx Hampton Raleigh Durham Airport,pet-friendly-hotels,1010 Airport Blvd.,Morrisville,NC,27560,+1 919-462-1620,https://www.hilton.com/en/hotels/rdumvhx-hampton-raleigh-durham-airport/,https://www.hilton.com/en/hotels/rdumvhx-hampton-raleigh-durham-airport/,OFFICIAL_PROPERTY,2026-09-11,,,"Pets allowed, $75.00 non-refundable fee, 75 lbs maximum, $75(1-4n),$125(5+n) 2petsMax,dog/cat only",,raleigh-nc
Rdunegi Hilton Garden Inn Raleigh Capital Blvd I,pet-friendly-hotels,6412 Capital Blvd,Raleigh,NC,27616,+1 919-876-5650,https://www.hilton.com/en/hotels/rdunegi-hilton-garden-inn-raleigh-capital-blvd-i-540/,https://www.hilton.com/en/hotels/rdunegi-hilton-garden-inn-raleigh-capital-blvd-i-540/,OFFICIAL_PROPERTY,2026-09-11,,,"Pets allowed, $75.00 non-refundable fee, 75 lbs maximum, $75(1-4n),$125(5+n) 2petsMax,dog/cat onl",,raleigh-nc
Rdunhhf Hilton North Raleigh Midtown,pet-friendly-hotels,3415  Wake Forest Road,Raleigh,NC,27609,+1 919-872-2323,https://www.hilton.com/en/hotels/rdunhhf-hilton-north-raleigh-midtown/,https://www.hilton.com/en/hotels/rdunhhf-hilton-north-raleigh-midtown/,OFFICIAL_PROPERTY,2026-09-11,,,"Pets allowed, $75.00 non-refundable fee, 75 lbs maximum, 1st Floor Rooms exclusively",,raleigh-nc
Rdurcgi Hilton Garden Inn Raleigh Cary,pet-friendly-hotels,131 Columbus Avenue,Cary,NC,27518,+1 919-377-0440,https://www.hilton.com/en/hotels/rdurcgi-hilton-garden-inn-raleigh-cary/,https://www.hilton.com/en/hotels/rdurcgi-hilton-garden-inn-raleigh-cary/,OFFICIAL_PROPERTY,2026-09-11,,,"Pets allowed, $75.00 non-refundable fee, $75(1-4n)$125(5+n) 2petsMax,dog/cat only",,raleigh-nc
Rdurdhx Hampton Suites Raleigh Midtown,pet-friendly-hotels,1229 Wake Towne Dr.,Raleigh,NC,27609,,https://www.hilton.com/en/hotels/rdurdhx-hampton-suites-raleigh-midtown/,https://www.hilton.com/en/hotels/rdurdhx-hampton-suites-raleigh-midtown/,OFFICIAL_PROPERTY,2026-09-11,,,"Pets allowed, $75.00 non-refundable fee, $75.00(1-4 nights), $125.00 4 + nights) pets Max,dog/cat only",,raleigh-nc
Rduwfhx Hampton Raleigh Town Of Wake Forest,pet-friendly-hotels,12318 Wake Union Church Road,Wake Forest,NC,27587,+1 919-554-0222,https://www.hilton.com/en/hotels/rduwfhx-hampton-raleigh-town-of-wake-forest/,https://www.hilton.com/en/hotels/rduwfhx-hampton-raleigh-town-of-wake-forest/,OFFICIAL_PROPERTY,2026-09-11,,,"Pets allowed, $75.00 non-refundable fee, 75 lbs maximum, $75(1-4nights)$125(5+)cats/dogs-max of 2",,raleigh-nc
Residence Inn by Marriott Cary Raleigh,pet-friendly-hotels,103 Edinburgh South Drive,Cary,NC,27511,+19193770700,https://www.marriott.com/en-us/hotels/rdurc-residence-inn-cary-raleigh/overview/,https://www.marriott.com/en-us/hotels/rdurc-residence-inn-cary-raleigh/overview/,OFFICIAL_PROPERTY,2026-09-11,,,Pets Welcome 2 pets 75 pounds max allowed per room with non-refundable fee Non-Refundable Pet Fee Per Stay: $150.00 Maximum Pet Weight: 75.0lbs Maximum Number of Pets in Room: 2,,raleigh-nc
Residence Inn by Marriott Raleigh Crabtree Valley,pet-friendly-hotels,2200 Summit Park Lane,Raleigh,NC,27612,+19192793000,https://www.marriott.com/en-us/hotels/rduee-residence-inn-raleigh-crabtree-valley/overview/,https://www.marriott.com/en-us/hotels/rduee-residence-inn-raleigh-crabtree-valley/overview/,OFFICIAL_PROPERTY,2026-09-11,,,"Pets Welcome Dogs, cats, birds, and fish allowed. Pet Acceptance Agreement signed at arrival. Non-Refundable Pet Fee Per Stay: $100.00 Maximum Pet Weight: 75.0lbs",,raleigh-nc
Residence Inn by Marriott Raleigh Downtown,pet-friendly-hotels,616 South Salisbury Street,Raleigh,NC,27601,+19198560017,https://www.marriott.com/en-us/hotels/rdurx-residence-inn-raleigh-downtown/overview/,https://www.marriott.com/en-us/hotels/rdurx-residence-inn-raleigh-downtown/overview/,OFFICIAL_PROPERTY,2026-09-11,,,Pets Welcome Days 1-5-$150/room+taxes then $15/day+tax. Pet cannot be left alone in room Non-Refundable Pet Fee Per Stay: $150.00 Maximum Pet Weight: 75.0lbs,,raleigh-nc
Residence Inn by Marriott Raleigh-Durham Airport/Brier Creek,pet-friendly-hotels,10600 Little Brier Creek Lane,Raleigh,NC,27617,+19194721005,https://www.marriott.com/en-us/hotels/rduac-residence-inn-raleigh-durham-airport-brier-creek/overview/,https://www.marriott.com/en-us/hotels/rduac-residence-inn-raleigh-durham-airport-brier-creek/overview/,OFFICIAL_PROPERTY,2026-09-11,,,Pets Welcome 1-5 nights $100; 5+ nights $150 non-refundable fee per stay Non-Refundable Pet Fee Per Stay: $100.00 Maximum Pet Weight: 35.0lbs,,raleigh-nc
SpringHill Suites by Marriott Raleigh Apex,pet-friendly-hotels,1100 Marco Drive,Apex,NC,27502,+19193350135,https://www.marriott.com/en-us/hotels/rdusx-springhill-suites-raleigh-apex/overview/,https://www.marriott.com/en-us/hotels/rdusx-springhill-suites-raleigh-apex/overview/,OFFICIAL_PROPERTY,2026-09-11,,,Pets Welcome Dogs Only. 2 dogs 75lb max per room. 150USD Non Refundable fee per room per stay Non-Refundable Pet Fee Per Stay: $150.00 Maximum Pet Weight: 75.0lbs,,raleigh-nc
SpringHill Suites by Marriott Raleigh Garner,pet-friendly-hotels,4108 Virtuous Street,Garner,NC,27529,+19198274430,https://www.marriott.com/en-us/hotels/rdugs-springhill-suites-raleigh-garner/overview/,https://www.marriott.com/en-us/hotels/rdugs-springhill-suites-raleigh-garner/overview/,OFFICIAL_PROPERTY,2026-09-11,,,"Pets Welcome One-time, non-refundable pet fee of $75 + $20 for each additional day Maximum Pet Weight: 50.0lbs Maximum Number of Pets in Room: 2",,raleigh-nc
Staybridge Suites Raleigh-Durham Apt-Morrisville,pet-friendly-hotels,1012 Airport Blvd.,Morrisville,NC,27560,1-919-4680180,https://www.ihg.com/staybridge/hotels/us/en/morrisville/rduab/hoteldetail,https://www.ihg.com/staybridge/hotels/us/en/morrisville/rduab/hoteldetail,OFFICIAL_PROPERTY,2026-09-11,,,"Pets are welcome at Staybridge Suites Raleigh-Durham Apt-Morrisville. There is a pet deposit per stay of 75 USD . Our Pet Policy: Nonrefundable pet fee of 75.00 USD up to 4 nights, 125.00 USD up to 5 nights or more. Pet weight limit is 50 pounds. Maximum of 2 pets per room.",,raleigh-nc
"The Casso, Raleigh, a Tribute Portfolio Hotel",pet-friendly-hotels,603 West Morgan Street,Raleigh,NC,27603,+19842752220,https://www.marriott.com/en-us/hotels/rdutx-the-casso-raleigh-a-tribute-portfolio-hotel/overview/,https://www.marriott.com/en-us/hotels/rdutx-the-casso-raleigh-a-tribute-portfolio-hotel/overview/,OFFICIAL_PROPERTY,2026-09-11,,,Pets Welcome Dogs Only. 2 pets 25lbs maximum per room with 100USD fee per room per stay. Non-Refundable Pet Fee Per Stay: $100.00,,raleigh-nc
The Westin Raleigh Durham Airport,pet-friendly-hotels,3931 Macaw Street,Raleigh,NC,27617,+19192241400,https://www.marriott.com/en-us/hotels/rduwr-the-westin-raleigh-durham-airport/overview/,https://www.marriott.com/en-us/hotels/rduwr-the-westin-raleigh-durham-airport/overview/,OFFICIAL_PROPERTY,2026-09-11,,,Pets Welcome 2 pets 50lbs max per pet per room with Non Refundable fee Non-Refundable Pet Fee Per Night: $50.00 Maximum Pet Weight: 50.0lbs,,raleigh-nc
TownePlace Suites by Marriott Raleigh Cary/Weston Parkway,pet-friendly-hotels,120 Sage Commons Way,Cary,NC,27513,+19196780005,https://www.marriott.com/en-us/hotels/rdutw-towneplace-suites-raleigh-cary-weston-parkway/overview/,https://www.marriott.com/en-us/hotels/rdutw-towneplace-suites-raleigh-cary-weston-parkway/overview/,OFFICIAL_PROPERTY,2026-09-11,,,Pets Welcome Pets accepted with a $100.00 usd non-refundable fee. Maximum 2 Pets per Room. Non-Refundable Pet Fee Per Stay: $100.00,,raleigh-nc
TownePlace Suites by Marriott Raleigh-Durham Airport/Morrisville,pet-friendly-hotels,1021 Carrington Mill Boulevard,Morrisville,NC,27560,+19199252000,https://www.marriott.com/en-us/hotels/rdutm-towneplace-suites-raleigh-durham-airport-morrisville/overview/,https://www.marriott.com/en-us/hotels/rdutm-towneplace-suites-raleigh-durham-airport-morrisville/overview/,OFFICIAL_PROPERTY,2026-09-11,,,Pets Welcome 2 pets max per pet per room 100USD non-refundable fee per room per stay Maximum Pet Weight: 50.0lbs Maximum Number of Pets in Room: 2,,raleigh-nc
TownePlace Suites by Marriott Raleigh-University Area,pet-friendly-hotels,3771 Thistledown Drive,Raleigh,NC,27606,+19843001410,https://www.marriott.com/en-us/hotels/rdutt-towneplace-suites-raleigh-university-area/overview/,https://www.marriott.com/en-us/hotels/rdutt-towneplace-suites-raleigh-university-area/overview/,OFFICIAL_PROPERTY,2026-09-11,,,Pets Welcome Pet fee is $30 per night/per pet; max fee is $150 per stay Maximum Number of Pets in Room: 2,,raleigh-nc
Tru by Hilton Raleigh Durham Airport,pet-friendly-hotels,350 Airgate Drive,Morrisville,NC,27560,+1 919-813-7129,https://www.hilton.com/en/hotels/rduatru-tru-raleigh-durham-airport/,https://www.hilton.com/en/hotels/rduatru-tru-raleigh-durham-airport/,OFFICIAL_PROPERTY,2026-09-11,,,"Pets allowed, $75.00 non-refundable fee, $75(1-4n), $125(5+n) 2 Pets Max, Dog/Cat only",,raleigh-nc
Tru by Hilton Raleigh Garner,pet-friendly-hotels,565 US Hwy 70,Garner,NC,27529,+1 919-329-6090,https://www.hilton.com/en/hotels/rdurgru-tru-raleigh-garner/,https://www.hilton.com/en/hotels/rdurgru-tru-raleigh-garner/,OFFICIAL_PROPERTY,2026-09-11,,,"Pets allowed, $75.00 non-refundable fee, 75 lbs maximum, $75(1-4n),$125(5+n)2petsMax,dog/cat only",,raleigh-nc
Tru by Hilton Wake Forest Raleigh North,pet-friendly-hotels,12315 Hampton Way Drive,Wake Forest,NC,27587,+1 919-488-4505,https://www.hilton.com/en/hotels/rdurmru-tru-wake-forest-raleigh-north/,https://www.hilton.com/en/hotels/rdurmru-tru-wake-forest-raleigh-north/,OFFICIAL_PROPERTY,2026-09-11,,,"Pets allowed, $75.00 non-refundable fee, 50 lbs maximum, $75(1-4nts),$125(5+nts) 2 pets Max, dog/cat only",,raleigh-nc
"Angad Arts Hotel St. Louis, Tapestry Collection by Hilton",pet-friendly-hotels,3550 Samuel Sheppard Dr,St. Louis,MO,63103,(314) 561-0033,https://www.hilton.com/en/hotels/stlaaup-angad-arts-hotel-st-louis/?SEO_id=GMB-AMER-UP-STLAAUP,https://www.hilton.com/en/hotels/stlaaup-angad-arts-hotel-st-louis/?SEO_id=GMB-AMER-UP-STLAAUP,OFFICIAL_PROPERTY,2026-08-23,,,Pets allowed,,st-louis-mo
Baymont By Wyndham Bridgeton St Louis,pet-friendly-hotels,12705 St Charles Rock Rd,Bridgeton,MO,63044,(314) 222-1016,https://www.wyndhamhotels.com/baymont/bridgeton-missouri/baymont-bridgeton-st-louis/overview,https://www.wyndhamhotels.com/baymont/bridgeton-missouri/baymont-bridgeton-st-louis/overview,OFFICIAL_PROPERTY,2026-08-23,,,Dog-friendly,,st-louis-mo
Candlewood Suites St. Louis - St. Charles by IHG,pet-friendly-hotels,1800 Zumbehl Rd,Saint Charles,MO,63303,(636) 949-6800,https://www.ihg.com/candlewood/hotels/us/en/st-charles/stlom/hoteldetail,https://www.ihg.com/candlewood/hotels/us/en/st-charles/stlom/hoteldetail,OFFICIAL_PROPERTY,2026-08-23,,,Pets are welcome,,st-louis-mo
Clayton Plaza Hotel,pet-friendly-hotels,7750 Carondelet Ave,Clayton,MO,63105,(314) 726-5400,https://www.cpclayton.com,https://www.cpclayton.com,OFFICIAL_PROPERTY,2026-08-23,,,dog friendly,,st-louis-mo
Comfort Inn Alton near I-255,pet-friendly-hotels,11 Crossroads Ct,Alton,IL,62002,(618) 465-9999,https://www.choicehotels.com/illinois/alton/comfort-inn-hotels/il008,https://www.choicehotels.com/illinois/alton/comfort-inn-hotels/il008,OFFICIAL_PROPERTY,2026-08-23,,,Pets allowed,,st-louis-mo
Comfort Inn & Suites OFallon - St Louis Area,pet-friendly-hotels,116 Regency Park,O'Fallon,IL,62269,(618) 622-8600,https://www.choicehotels.com/illinois/ofallon/rodeway-inn-hotels/il701,https://www.choicehotels.com/illinois/ofallon/rodeway-inn-hotels/il701,OFFICIAL_PROPERTY,2026-08-23,,,Pets Allowed,,st-louis-mo
Comfort Inn & Suites Saint Louis Lafayette Square,pet-friendly-hotels,2625 Lafayette Ave,St. Louis,MO,63104,(314) 773-6500,https://www.choicehotels.com/missouri/saint-louis/comfort-inn-hotels/mo575,https://www.choicehotels.com/missouri/saint-louis/comfort-inn-hotels/mo575,OFFICIAL_PROPERTY,2026-08-23,,,Pets are welcome,,st-louis-mo
Comfort Inn & Suites St. Louis-O'Fallon,pet-friendly-hotels,8170 Veterans Memorial Pkwy,O'Fallon,MO,63366,(636) 696-8000,https://www.choicehotels.com/missouri/o-fallon/comfort-inn-hotels/mo130,https://www.choicehotels.com/missouri/o-fallon/comfort-inn-hotels/mo130,OFFICIAL_PROPERTY,2026-08-23,,,Pets Allowed,,st-louis-mo
Comfort Inn Collinsville near St. Louis,pet-friendly-hotels,8 Commerce Dr,Collinsville,IL,62234,(618) 477-8946,https://www.choicehotels.com/illinois/collinsville/comfort-inn-hotels/il437,https://www.choicehotels.com/illinois/collinsville/comfort-inn-hotels/il437,OFFICIAL_PROPERTY,2026-08-23,,,maximum of 2 dogs per room,,st-louis-mo
Comfort Inn Pacific - St. Louis,pet-friendly-hotels,1320 Thornton St,Pacific,MO,63069,(636) 257-4600,https://www.choicehotels.com/missouri/pacific/comfort-inn-hotels/mo136,https://www.choicehotels.com/missouri/pacific/comfort-inn-hotels/mo136,OFFICIAL_PROPERTY,2026-08-23,,,Pets are allowed,,st-louis-mo
Courtyard by Marriott St. Louis Airport/Earth City,pet-friendly-hotels,3101 Rider Trail South,Hazelwood,MO,63044,(314) 209-1000,https://www.marriott.com/en-us/hotels/stlbr-courtyard-st-louis-airport-earth-city/overview/,https://www.marriott.com/en-us/hotels/stlbr-courtyard-st-louis-airport-earth-city/overview/,OFFICIAL_PROPERTY,2026-08-23,,,Pets Welcome,,st-louis-mo
Courtyard by Marriott St. Louis Westport Plaza,pet-friendly-hotels,11888 Westline Industrial Dr,St. Louis,MO,63146,(314) 997-1200,https://www.marriott.com/en-us/hotels/stlwp-courtyard-st-louis-westport-plaza/overview/?scid=f2ae0541-1279-4f24-b197-a979c79310b0,https://www.marriott.com/en-us/hotels/stlwp-courtyard-st-louis-westport-plaza/overview/?scid=f2ae0541-1279-4f24-b197-a979c79310b0,OFFICIAL_PROPERTY,2026-08-23,,,pets are welcome,,st-louis-mo
Days Inn & Suites by Wyndham Caseyville,pet-friendly-hotels,2423 Old Country Inn Drive,Caseyville,IL,62232,(618) 489-3081,https://www.wyndhamhotels.com/days-inn/caseyville-illinois/days-inn-and-suites-caseyville/overview,https://www.wyndhamhotels.com/days-inn/caseyville-illinois/days-inn-and-suites-caseyville/overview,OFFICIAL_PROPERTY,2026-08-23,,,pets allowed,,st-louis-mo
Days Inn by Wyndham Collinsville/St. Louis,pet-friendly-hotels,12 Commerce Dr,Collinsville,IL,62234,(618) 803-4032,https://www.wyndhamhotels.com/days-inn/collinsville-illinois/days-inn-collinsville-st-louis/overview,https://www.wyndhamhotels.com/days-inn/collinsville-illinois/days-inn-collinsville-st-louis/overview,OFFICIAL_PROPERTY,2026-08-23,,,Dogs Allowed,,st-louis-mo
Econo Lodge Inn & Suites Granite City - St. Louis,pet-friendly-hotels,3236 W Chain of Rocks Rd,Granite City,IL,62040,(618) 797-9835,https://www.choicehotels.com/illinois/granite-city/econo-lodge-hotels/il332,https://www.choicehotels.com/illinois/granite-city/econo-lodge-hotels/il332,OFFICIAL_PROPERTY,2026-08-23,,,Pets are welcome,,st-louis-mo
Element St. Louis Midtown,pet-friendly-hotels,3763 Forest Park Avenue,Saint Louis,MO,63108,(314) 639-0060,https://www.marriott.com/en-us/hotels/stlel-element-st-louis-midtown/overview/?scid=f2ae0541-1279-4f24-b197-a979c79310b0,https://www.marriott.com/en-us/hotels/stlel-element-st-louis-midtown/overview/?scid=f2ae0541-1279-4f24-b197-a979c79310b0,OFFICIAL_PROPERTY,2026-08-23,,,pets are welcome,,st-louis-mo
"Elimwood Hotel, A Ramada by Wyndham",pet-friendly-hotels,13735 Riverport Dr,Maryland Heights,MO,63043,(314) 377-2543,https://www.wyndhamhotels.com/ramada/maryland-heights-missouri/elimwood-hotel-a-ramada/overview,https://www.wyndhamhotels.com/ramada/maryland-heights-missouri/elimwood-hotel-a-ramada/overview,OFFICIAL_PROPERTY,2026-08-23,,,Pets Allowed,,st-louis-mo
Embassy Suites by Hilton St. Louis Downtown,pet-friendly-hotels,610 N 7th St,St. Louis,MO,63101,(314) 269-5900,https://www.hilton.com/en/hotels/stlwaes-embassy-suites-st-louis-downtown/?SEO_id=GMB-AMER-ES-STLWAES,https://www.hilton.com/en/hotels/stlwaes-embassy-suites-st-louis-downtown/?SEO_id=GMB-AMER-ES-STLWAES,OFFICIAL_PROPERTY,2026-08-23,,,Pets allowed,,st-louis-mo
Embassy Suites by Hilton St. Louis St. Charles,pet-friendly-hotels,Two Convention Center Blvd,Saint Charles,MO,63303,(636) 946-5544,https://www.hilton.com/en/hotels/stlemes-embassy-suites-st-louis-st-charles/,https://www.hilton.com/en/hotels/stlemes-embassy-suites-st-louis-st-charles/,OFFICIAL_PROPERTY,2026-08-23,,,Pets allowed,,st-louis-mo
Extended Stay America Select Suites- St. Louis - Airport - Central,pet-friendly-hotels,11252 Lone Eagle Dr,Bridgeton,MO,63044,(314) 739-0600,https://www.extendedstayamerica.com/hotels/mo/st-louis/airport-central,https://www.extendedstayamerica.com/hotels/mo/st-louis/airport-central,OFFICIAL_PROPERTY,2026-08-23,,,pets are allowed,,st-louis-mo
Extended Stay America Select Suites- St. Louis - O' Fallon,pet-friendly-hotels,154 Regency Park,O'Fallon,IL,62269,(618) 624-1757,https://www.extendedstayamerica.com/hotels/mo/st-louis/o-fallon-il,https://www.extendedstayamerica.com/hotels/mo/st-louis/o-fallon-il,OFFICIAL_PROPERTY,2026-08-23,,,pets are allowed,,st-louis-mo
Extended Stay America Select Suites- St. Louis - Westport - East Lackland Rd.,pet-friendly-hotels,11827 Lackland Rd,St. Louis,MO,63146,(314) 993-6868,https://www.extendedstayamerica.com/hotels/mo/st-louis/westport-east-lackland-rd,https://www.extendedstayamerica.com/hotels/mo/st-louis/westport-east-lackland-rd,OFFICIAL_PROPERTY,2026-08-23,,,pets are allowed,,st-louis-mo
Extended Stay America Suites- St. Louis - Fenton,pet-friendly-hotels,1662 Fenton Business Park Ct,Fenton,MO,63026,(636) 305-7000,https://www.extendedstayamerica.com/hotels/mo/st-louis/st-louis-fenton,https://www.extendedstayamerica.com/hotels/mo/st-louis/st-louis-fenton,OFFICIAL_PROPERTY,2026-08-23,,,pets are allowed,,st-louis-mo
Extended Stay America Suites- St. Louis - Westport - Central,pet-friendly-hotels,12161 Lackland Rd,St. Louis,MO,63146,(314) 878-8777,https://www.extendedstayamerica.com/hotels/mo/st-louis/westport-central,https://www.extendedstayamerica.com/hotels/mo/st-louis/westport-central,OFFICIAL_PROPERTY,2026-08-23,,,pets are allowed,,st-louis-mo
Fairfield by Marriott Inn & Suites St. Louis Chesterfield,pet-friendly-hotels,1065 Chesterfield Pkwy E,Chesterfield,MO,63017,(636) 519-7500,https://www.marriott.com/en-us/hotels/stlff-fairfield-inn-and-suites-st-louis-chesterfield/overview/?scid=f2ae0541-1279-4f24-b197-a979c79310b0,https://www.marriott.com/en-us/hotels/stlff-fairfield-inn-and-suites-st-louis-chesterfield/overview/?scid=f2ae0541-1279-4f24-b197-a979c79310b0,OFFICIAL_PROPERTY,2026-08-23,,,pets are welcome,,st-louis-mo
"Fairfield Inn St. Louis Collinsville, IL",pet-friendly-hotels,4 Gateway Dr,Collinsville,IL,62234,(618) 346-0607,https://www.marriott.com/en-us/hotels/stlcl-fairfield-inn-st-louis-collinsville-il/overview/?scid=f2ae0541-1279-4f24-b197-a979c79310b0,https://www.marriott.com/en-us/hotels/stlcl-fairfield-inn-st-louis-collinsville-il/overview/?scid=f2ae0541-1279-4f24-b197-a979c79310b0,OFFICIAL_PROPERTY,2026-08-23,,,pets are welcome,,st-louis-mo
Hampton Inn Collinsville,pet-friendly-hotels,7 Commerce Drive,Collinsville,IL,62234,(618) 346-4400,https://www.hilton.com/en/hotels/stlcvhx-hampton-collinsville/,https://www.hilton.com/en/hotels/stlcvhx-hampton-collinsville/,OFFICIAL_PROPERTY,2026-08-23,,,Pets allowed,,st-louis-mo
"Heritage Inn & Suites St. Louis/Fenton, Trademark by Wyndham",pet-friendly-hotels,1088 S Hwy Dr,Fenton,MO,63026,(636) 492-1598,https://www.wyndhamhotels.com/trademark/fenton-missouri/heritage-inn-and-suites-st-louis-fenton-trademark/overview,https://www.wyndhamhotels.com/trademark/fenton-missouri/heritage-inn-and-suites-st-louis-fenton-trademark/overview,OFFICIAL_PROPERTY,2026-08-23,,,Pets Allowed,,st-louis-mo
Holiday Inn Express & Suites Wentzville St Louis West,pet-friendly-hotels,1100 Lodora Drive,Wentzville,MO,63385,(636) 887-2700,https://www.ihg.com/holidayinnexpress/hotels/us/en/wentzville/stlws/hoteldetail,https://www.ihg.com/holidayinnexpress/hotels/us/en/wentzville/stlws/hoteldetail,OFFICIAL_PROPERTY,2026-08-23,,,pets allowed,,st-louis-mo
Holiday Inn Express & Suites St. Louis West - Fenton by IHG,pet-friendly-hotels,1848 Bowles Ave,Fenton,MO,63026,(636) 349-4444,https://www.ihg.com/holidayinnexpress/hotels/us/en/fenton/stlfe/hoteldetail,https://www.ihg.com/holidayinnexpress/hotels/us/en/fenton/stlfe/hoteldetail,OFFICIAL_PROPERTY,2026-08-23,,,pets allowed,,st-louis-mo
Holiday Inn Express & Suites St. Louis West-O'Fallon,pet-friendly-hotels,1175 Technology Dr,O'Fallon,MO,63368,(636) 300-4844,https://www.ihg.com/holidayinnexpress/hotels/us/en/o-fallon/ofltd/hoteldetail,https://www.ihg.com/holidayinnexpress/hotels/us/en/o-fallon/ofltd/hoteldetail,OFFICIAL_PROPERTY,2026-08-23,,,pets allowed,,st-louis-mo
Holiday Inn Saint Louis West at Six Flags by IHG,pet-friendly-hotels,4901 Six Flags Rd,Eureka,MO,63025,(636) 938-6661,https://www.ihg.com/holidayinn/hotels/us/en/eureka/eerek/hoteldetail,https://www.ihg.com/holidayinn/hotels/us/en/eureka/eerek/hoteldetail,OFFICIAL_PROPERTY,2026-08-23,,,Pets Allowed,,st-louis-mo
Holiday Inn St Louis SW - Route 66 by IHG,pet-friendly-hotels,10709 Watson Rd,St. Louis,MO,63127,(314) 821-6600,https://www.ihg.com/holidayinn/hotels/us/en/st-louis/stlsw/hoteldetail,https://www.ihg.com/holidayinn/hotels/us/en/st-louis/stlsw/hoteldetail,OFFICIAL_PROPERTY,2026-08-23,,,pets allowed,,st-louis-mo
Hotel Indigo St. Louis - Central West End,pet-friendly-hotels,4630 Lindell Boulevard,Saint Louis,MO,63108,(314) 361-4900,https://www.ihg.com/hotelindigo/hotels/us/en/st-louis/stlln/hoteldetail,https://www.ihg.com/hotelindigo/hotels/us/en/st-louis/stlln/hoteldetail,OFFICIAL_PROPERTY,2026-08-23,,,pets allowed,,st-louis-mo
Hotel Indigo St. Louis - Downtown by IHG,pet-friendly-hotels,501 Olive St,St. Louis,MO,63101,(314) 732-4334,https://www.ihg.com/hotelindigo/hotels/us/en/st-louis/stlid/hoteldetail,https://www.ihg.com/hotelindigo/hotels/us/en/st-louis/stlid/hoteldetail,OFFICIAL_PROPERTY,2026-08-23,,,pets allowed,,st-louis-mo
"Hotel Saint Louis, Autograph Collection",pet-friendly-hotels,705 Olive St,St. Louis,MO,63101,(314) 241-4300,https://www.marriott.com/en-us/hotels/stlak-hotel-saint-louis-autograph-collection/overview/?scid=f2ae0541-1279-4f24-b197-a979c79310b0,https://www.marriott.com/en-us/hotels/stlak-hotel-saint-louis-autograph-collection/overview/?scid=f2ae0541-1279-4f24-b197-a979c79310b0,OFFICIAL_PROPERTY,2026-08-23,,,pets are welcome,,st-louis-mo
La Quinta Inn & Suites by Wyndham Collinsville - St. Louis,pet-friendly-hotels,6 Gateway Dr,Collinsville,IL,62234,(618) 855-8400,https://www.wyndhamhotels.com/laquinta/collinsville-illinois/la-quinta-collinsville-st-louis/overview,https://www.wyndhamhotels.com/laquinta/collinsville-illinois/la-quinta-collinsville-st-louis/overview,OFFICIAL_PROPERTY,2026-08-23,,,Pets Allowed,,st-louis-mo
"La Quinta Inn & Suites by Wyndham O'Fallon, IL - St. Louis",pet-friendly-hotels,136 Regency Park,O'Fallon,IL,62269,(618) 726-2323,https://www.wyndhamhotels.com/laquinta/o-fallon-illinois/la-quinta-inn-suites-o-fallon-il-st-louis/overview,https://www.wyndhamhotels.com/laquinta/o-fallon-illinois/la-quinta-inn-suites-o-fallon-il-st-louis/overview,OFFICIAL_PROPERTY,2026-08-23,,,Pets Allowed,,st-louis-mo
La Quinta Inn & Suites by Wyndham Pontoon Beach,pet-friendly-hotels,14 Regency Pkwy,Pontoon Beach,IL,62040,(618) 797-1200,https://www.wyndhamhotels.com/laquinta/pontoon-beach-illinois/la-quinta-pontoon-beach/overview,https://www.wyndhamhotels.com/laquinta/pontoon-beach-illinois/la-quinta-pontoon-beach/overview,OFFICIAL_PROPERTY,2026-08-23,,,Pets Allowed,,st-louis-mo
La Quinta Inn & Suites by Wyndham St. Louis Hazelwood/North,pet-friendly-hotels,318 Taylor Rd,Hazelwood,MO,63042,(314) 656-7457,https://www.wyndhamhotels.com/laquinta/hazelwood-missouri/la-quinta-inn-and-suites-st-louis-hazelwood-north/overview,https://www.wyndhamhotels.com/laquinta/hazelwood-missouri/la-quinta-inn-and-suites-st-louis-hazelwood-north/overview,OFFICIAL_PROPERTY,2026-08-23,,,Pets Allowed,,st-louis-mo
La Quinta Inn & Suites by Wyndham St Louis Route 66,pet-friendly-hotels,1580 S Kirkwood Rd,St. Louis,MO,63127,(314) 717-0101,https://www.wyndhamhotels.com/laquinta/st-louis-missouri/la-quinta-inn-and-suites-st-louis-route-66/overview,https://www.wyndhamhotels.com/laquinta/st-louis-missouri/la-quinta-inn-and-suites-st-louis-route-66/overview,OFFICIAL_PROPERTY,2026-08-23,,,Pets Allowed,,st-louis-mo
La Quinta Inn & Suites by Wyndham St. Louis Westport,pet-friendly-hotels,11805 Lackland Rd,St. Louis,MO,63146,(314) 991-3262,https://www.wyndhamhotels.com/laquinta/st-louis-missouri/la-quinta-st-louis-westport/overview,https://www.wyndhamhotels.com/laquinta/st-louis-missouri/la-quinta-st-louis-westport/overview,OFFICIAL_PROPERTY,2026-08-23,,,Pets Allowed,,st-louis-mo
Live! By Loews,pet-friendly-hotels,799 Clark Avenue,Saint Louis,MO,63102,(314) 597-9700,https://www.loewshotels.com/live-by-loews-st-louis-missouri,https://www.loewshotels.com/live-by-loews-st-louis-missouri,OFFICIAL_PROPERTY,2026-08-23,,,Pets are welcome,,st-louis-mo
Magnolia Hotel St. Louis,pet-friendly-hotels,421 North 8th Street,Saint Louis,MO,63101,(314) 436-9000,https://www.marriott.com/en-us/hotels/stltr-magnolia-hotel-st-louis-a-tribute-portfolio-hotel/overview/?scid=f2ae0541-1279-4f24-b197-a979c79310b0,https://www.marriott.com/en-us/hotels/stltr-magnolia-hotel-st-louis-a-tribute-portfolio-hotel/overview/?scid=f2ae0541-1279-4f24-b197-a979c79310b0,OFFICIAL_PROPERTY,2026-08-23,,,Pets Welcome,,st-louis-mo
MainStay Suites St. Louis - Galleria,pet-friendly-hotels,8011 Galleria Pkwy,St. Louis,MO,63117,(314) 884-8882,https://www.choicehotels.com/missouri/st-louis/mainstay-hotels/mo561,https://www.choicehotels.com/missouri/st-louis/mainstay-hotels/mo561,OFFICIAL_PROPERTY,2026-08-23,,,Pets Allowed,,st-louis-mo
Quality Inn & Suites near St. Louis and I-255,pet-friendly-hotels,1607 Pontiac Dr,Sauget,IL,62206,(618) 332-2000,https://www.choicehotels.com/illinois/cahokia/quality-inn-hotels/il376,https://www.choicehotels.com/illinois/cahokia/quality-inn-hotels/il376,OFFICIAL_PROPERTY,2026-08-23,,,Pets allowed,,st-louis-mo
Quality Inn Pacific near Six Flags St. Louis,pet-friendly-hotels,1400 W Osage St,Pacific,MO,63069,(636) 271-4033,https://www.choicehotels.com/missouri/pacific/quality-inn-hotels/mo199,https://www.choicehotels.com/missouri/pacific/quality-inn-hotels/mo199,OFFICIAL_PROPERTY,2026-08-23,,,Pets Allowed,,st-louis-mo
Radisson Hotel Fairview Heights - St. Louis,pet-friendly-hotels,319 Fountains Pkwy,Fairview Heights,IL,62208,(618) 418-5186,https://www.choicehotels.com/en-au/illinois/fairview-heights/radisson-hotels/il767,https://www.choicehotels.com/en-au/illinois/fairview-heights/radisson-hotels/il767,OFFICIAL_PROPERTY,2026-08-23,,,Pets Allowed,,st-louis-mo
Radisson Hotel St. Louis Downtown—Convention Center,pet-friendly-hotels,811 N 9th St,St. Louis,MO,63101,(314) 421-4000,https://www.choicehotels.com/missouri/st-louis/radisson-hotels/mo598,https://www.choicehotels.com/missouri/st-louis/radisson-hotels/mo598,OFFICIAL_PROPERTY,2026-08-23,,,Pets Allowed,,st-louis-mo
Red Lion Inn and Suites Pontoon Beach/St. Louis,pet-friendly-hotels,1240 E Chain of Rocks Rd,Pontoon Beach,IL,62040,(618) 931-2262,https://www.sonesta.com/red-lion-inn-suites/il/pontoon-beach/red-lion-inn-suites-pontoon-beach,https://www.sonesta.com/red-lion-inn-suites/il/pontoon-beach/red-lion-inn-suites-pontoon-beach,OFFICIAL_PROPERTY,2026-08-23,,,Pets are welcome,,st-louis-mo
Residence Inn by Marriott St. Louis Chesterfield,pet-friendly-hotels,16875 N Outer 40 Rd,Chesterfield,MO,63005,(636) 777-8888,https://www.marriott.com/en-us/hotels/stlrc-residence-inn-st-louis-chesterfield/overview/?scid=f2ae0541-1279-4f24-b197-a979c79310b0,https://www.marriott.com/en-us/hotels/stlrc-residence-inn-st-louis-chesterfield/overview/?scid=f2ae0541-1279-4f24-b197-a979c79310b0,OFFICIAL_PROPERTY,2026-08-23,,,pets are welcome,,st-louis-mo
Residence Inn by Marriott St. Louis Clayton,pet-friendly-hotels,8125 Forsyth Blvd,Clayton,MO,63105,(314) 639-9030,https://www.marriott.com/en-us/hotels/stlrl-residence-inn-st-louis-clayton/overview/?scid=f2ae0541-1279-4f24-b197-a979c79310b0,https://www.marriott.com/en-us/hotels/stlrl-residence-inn-st-louis-clayton/overview/?scid=f2ae0541-1279-4f24-b197-a979c79310b0,OFFICIAL_PROPERTY,2026-08-23,,,pets are welcome,,st-louis-mo
Residence Inn by Marriott St. Louis Downtown,pet-friendly-hotels,525 South Jefferson Avenue,Saint Louis,MO,63103,(314) 289-7500,https://www.marriott.com/en-us/hotels/stlrd-residence-inn-st-louis-downtown/overview/,https://www.marriott.com/en-us/hotels/stlrd-residence-inn-st-louis-downtown/overview/,OFFICIAL_PROPERTY,2026-08-23,,,pets are welcome,,st-louis-mo
Residence Inn by Marriott St. Louis O'Fallon,pet-friendly-hotels,101 Progress Point Ct,O'Fallon,MO,63368,(636) 300-3535,https://www.marriott.com/en-us/hotels/stlof-residence-inn-st-louis-ofallon/overview/?scid=f2ae0541-1279-4f24-b197-a979c79310b0,https://www.marriott.com/en-us/hotels/stlof-residence-inn-st-louis-ofallon/overview/?scid=f2ae0541-1279-4f24-b197-a979c79310b0,OFFICIAL_PROPERTY,2026-08-23,,,pets are welcome,,st-louis-mo
"Seven Gables Inn, St. Louis West, a Tribute Portfolio Hotel",pet-friendly-hotels,26 N Meramec Ave,St. Louis,MO,63105,(314) 863-8400,https://www.marriott.com/en-us/hotels/stltw-seven-gables-inn-st-louis-west-a-tribute-portfolio-hotel/overview/?scid=f2ae0541-1279-4f24-b197-a979c79310b0,https://www.marriott.com/en-us/hotels/stltw-seven-gables-inn-st-louis-west-a-tribute-portfolio-hotel/overview/?scid=f2ae0541-1279-4f24-b197-a979c79310b0,OFFICIAL_PROPERTY,2026-08-23,,,pets are welcome,,st-louis-mo
Sleep Inn O'Fallon near I-64,pet-friendly-hotels,140 Venita Dr,O'Fallon,IL,62269,(618) 589-5852,https://www.choicehotels.com/illinois/o-fallon/sleep-inn-hotels/il431,https://www.choicehotels.com/illinois/o-fallon/sleep-inn-hotels/il431,OFFICIAL_PROPERTY,2026-08-23,,,Pets Allowed,,st-louis-mo
Sleep Inn Saint Charles North,pet-friendly-hotels,150 Fountain Lakes Blvd,Saint Charles,MO,63301,(636) 206-3170,https://www.choicehotels.com/missouri/saint-charles/sleep-inn-hotels/mo129,https://www.choicehotels.com/missouri/saint-charles/sleep-inn-hotels/mo129,OFFICIAL_PROPERTY,2026-08-23,,,Pets Allowed,,st-louis-mo
Sonesta ES Suites St. Louis - Chesterfield,pet-friendly-hotels,15431 Conway Rd,Chesterfield,MO,63017,(636) 537-1444,https://www.sonesta.com/sonesta-es-suites/mo/chesterfield/sonesta-es-suites-st-louis-chesterfield,https://www.sonesta.com/sonesta-es-suites/mo/chesterfield/sonesta-es-suites-st-louis-chesterfield,OFFICIAL_PROPERTY,2026-08-23,,,$75 non refundable pet fee for stays of up to 7 nights,,st-louis-mo
SpringHill Suites by Marriott St. Louis Brentwood,pet-friendly-hotels,1231 Strassner Dr,Brentwood,MO,63144,(314) 647-8400,https://www.marriott.com/en-us/hotels/stlbw-springhill-suites-st-louis-brentwood/overview/?scid=f2ae0541-1279-4f24-b197-a979c79310b0,https://www.marriott.com/en-us/hotels/stlbw-springhill-suites-st-louis-brentwood/overview/?scid=f2ae0541-1279-4f24-b197-a979c79310b0,OFFICIAL_PROPERTY,2026-08-23,,,pets are welcome,,st-louis-mo
SpringHill Suites St. Louis Airport/Earth City,pet-friendly-hotels,3099 Rider Trail South,Saint Louis,MO,63044,(314) 739-9991,https://www.marriott.com/en-us/hotels/stlec-springhill-suites-st-louis-airport-earth-city/overview/,https://www.marriott.com/en-us/hotels/stlec-springhill-suites-st-louis-airport-earth-city/overview/,OFFICIAL_PROPERTY,2026-08-23,,,pets are welcome,,st-louis-mo
Staybridge Suites St Louis - Westport by IHG,pet-friendly-hotels,25 Progress Pkwy,Maryland Heights,MO,63043,(314) 628-1155,https://www.ihg.com/staybridge/hotels/us/en/st-louis/stlsb/hoteldetail,https://www.ihg.com/staybridge/hotels/us/en/st-louis/stlsb/hoteldetail,OFFICIAL_PROPERTY,2026-08-23,,,Pets are welcome,,st-louis-mo
Super 8 by Wyndham Belleville IL/St. Louis Area,pet-friendly-hotels,600 E Main St,Belleville,IL,62220,(618) 234-9670,https://www.wyndhamhotels.com/super-8/belleville-illinois/super-8-belleville-il-st-louis-area/overview,https://www.wyndhamhotels.com/super-8/belleville-illinois/super-8-belleville-il-st-louis-area/overview,OFFICIAL_PROPERTY,2026-08-23,,,Pets Allowed,,st-louis-mo
Super 8 by Wyndham Collinsville St. Louis,pet-friendly-hotels,2 Gateway Dr,Collinsville,IL,62234,(618) 223-5383,https://www.wyndhamhotels.com/super-8/collinsville-illinois/super-8-collinsville-st-louis/overview,https://www.wyndhamhotels.com/super-8/collinsville-illinois/super-8-collinsville-st-louis/overview,OFFICIAL_PROPERTY,2026-08-23,,,Pets are welcome,,st-louis-mo
Super 8 by Wyndham Eureka/Six Flags Nearby,pet-friendly-hotels,1733 W 5th St,Eureka,MO,63025,(636) 938-4368,https://www.wyndhamhotels.com/super-8/eureka-missouri/super-8-eureka-six-flags-nearby/overview,https://www.wyndhamhotels.com/super-8/eureka-missouri/super-8-eureka-six-flags-nearby/overview,OFFICIAL_PROPERTY,2026-08-23,,,Pets Allowed,,st-louis-mo
Super 8 by Wyndham Fairview Heights-St. Louis,pet-friendly-hotels,45 Ludwig Dr,Fairview Heights,IL,62208,(618) 688-2526,https://www.wyndhamhotels.com/super-8/fairview-heights-illinois/super-8-fairview-heights-st-louis/overview,https://www.wyndhamhotels.com/super-8/fairview-heights-illinois/super-8-fairview-heights-st-louis/overview,OFFICIAL_PROPERTY,2026-08-23,,,Pets Allowed,,st-louis-mo
Super 8 by Wyndham O'Fallon,pet-friendly-hotels,1100 Eastgate Drive,O Fallon,IL,62269,(618) 589-8726,https://www.wyndhamhotels.com/super-8/ofallon-illinois/super-8-ofallon/overview,https://www.wyndhamhotels.com/super-8/ofallon-illinois/super-8-ofallon/overview,OFFICIAL_PROPERTY,2026-08-23,,,Pets Allowed,,st-louis-mo
Super 8 by Wyndham O'Fallon MO/St. Louis Area,pet-friendly-hotels,987 W Terra Ln,O'Fallon,MO,63366,(636) 272-7272,https://www.wyndhamhotels.com/super-8/ofallon-missouri/super-8-ofallon-mo-st-louis-area/overview,https://www.wyndhamhotels.com/super-8/ofallon-missouri/super-8-ofallon-mo-st-louis-area/overview,OFFICIAL_PROPERTY,2026-08-23,,,cats Allowed,,st-louis-mo
Super 8 by Wyndham Pontoon Beach IL/St. Louis MO Area,pet-friendly-hotels,4141 Timberlake Dr,Pontoon Beach,IL,62040,(618) 219-8112,https://www.wyndhamhotels.com/super-8/pontoon-beach-illinois/super-8-pontoon-beach-il-st-louis-mo-area/overview,https://www.wyndhamhotels.com/super-8/pontoon-beach-illinois/super-8-pontoon-beach-il-st-louis-mo-area/overview,OFFICIAL_PROPERTY,2026-08-23,,,Dogs Allowed,,st-louis-mo
Super 8 by Wyndham Troy IL/St. Louis Area,pet-friendly-hotels,Interstate 55,Troy,IL,62294,(618) 505-1189,https://www.wyndhamhotels.com/super-8/troy-illinois/super-8-troy-il-st-louis-area/overview,https://www.wyndhamhotels.com/super-8/troy-illinois/super-8-troy-il-st-louis-area/overview,OFFICIAL_PROPERTY,2026-08-23,,,15USD per pet per night,,st-louis-mo
"The Great Rivers, an Ascend Collection Hotel",pet-friendly-hotels,3559 College Ave,Alton,IL,62002,(618) 462-1220,https://www.choicehotels.com/illinois/alton/ascend-hotels/il773,https://www.choicehotels.com/illinois/alton/ascend-hotels/il773,OFFICIAL_PROPERTY,2026-08-23,,,Pets Allowed,,st-louis-mo
"The Ritz-Carlton, St. Louis",pet-friendly-hotels,100 Carondelet Plaza,St. Louis,MO,63105,(314) 863-6300,https://www.ritzcarlton.com/en/hotels/stlrz-the-ritz-carlton-st-louis/overview/,https://www.ritzcarlton.com/en/hotels/stlrz-the-ritz-carlton-st-louis/overview/,OFFICIAL_PROPERTY,2026-08-23,,,Pets Welcome,,st-louis-mo
The Royal Sonesta Chase Park Plaza St. Louis,pet-friendly-hotels,212 North Kingshighway Boulevard,Saint Louis,MO,63108,(314) 633-3000,https://www.sonesta.com/royal-sonesta/mo/st-louis/chase-park-plaza-royal-sonesta-st-louis,https://www.sonesta.com/royal-sonesta/mo/st-louis/chase-park-plaza-royal-sonesta-st-louis,OFFICIAL_PROPERTY,2026-08-23,,,Pets Are Welcome,,st-louis-mo
The Westin St. Louis,pet-friendly-hotels,811 Spruce St,St. Louis,MO,63102,(314) 621-2000,https://www.marriott.com/en-us/hotels/stlwi-the-westin-st-louis/overview/?scid=f2ae0541-1279-4f24-b197-a979c79310b0,https://www.marriott.com/en-us/hotels/stlwi-the-westin-st-louis/overview/?scid=f2ae0541-1279-4f24-b197-a979c79310b0,OFFICIAL_PROPERTY,2026-08-23,,,pets are welcome,,st-louis-mo
TownePlace Suites by Marriott Brentwood,pet-friendly-hotels,1695 S Hanley Rd,Brentwood,MO,63144,(314) 274-1800,https://www.marriott.com/en-us/hotels/stltb-towneplace-suites-brentwood/overview/?scid=f2ae0541-1279-4f24-b197-a979c79310b0,https://www.marriott.com/en-us/hotels/stltb-towneplace-suites-brentwood/overview/?scid=f2ae0541-1279-4f24-b197-a979c79310b0,OFFICIAL_PROPERTY,2026-08-23,,,pets are welcome,,st-louis-mo
TownePlace Suites by Marriott St. Louis Chesterfield,pet-friendly-hotels,748 Premium Way,Chesterfield,MO,63005,(636) 778-5100,https://www.marriott.com/en-us/hotels/stlti-towneplace-suites-st-louis-chesterfield/overview/?scid=f2ae0541-1279-4f24-b197-a979c79310b0,https://www.marriott.com/en-us/hotels/stlti-towneplace-suites-st-louis-chesterfield/overview/?scid=f2ae0541-1279-4f24-b197-a979c79310b0,OFFICIAL_PROPERTY,2026-08-23,,,pets are welcome,,st-louis-mo
"TownePlace Suites by Marriott St. Louis Edwardsville, IL",pet-friendly-hotels,6101 Center Grove Rd,Edwardsville,IL,62025,(618) 655-3001,https://www.marriott.com/en-us/hotels/stlte-towneplace-suites-st-louis-edwardsville-il/overview/?scid=f2ae0541-1279-4f24-b197-a979c79310b0,https://www.marriott.com/en-us/hotels/stlte-towneplace-suites-st-louis-edwardsville-il/overview/?scid=f2ae0541-1279-4f24-b197-a979c79310b0,OFFICIAL_PROPERTY,2026-08-23,,,pets are welcome,,st-louis-mo
TownePlace Suites by Marriott St. Louis O'Fallon,pet-friendly-hotels,445 Regency Park,O'Fallon,IL,62269,(618) 624-4900,https://www.marriott.com/en-us/hotels/stlto-towneplace-suites-st-louis-ofallon/overview/?scid=f2ae0541-1279-4f24-b197-a979c79310b0,https://www.marriott.com/en-us/hotels/stlto-towneplace-suites-st-louis-ofallon/overview/?scid=f2ae0541-1279-4f24-b197-a979c79310b0,OFFICIAL_PROPERTY,2026-08-23,,,Pets Welcome,,st-louis-mo
Travelodge St. Louis Airport,pet-friendly-hotels,9645 Natural Bridge Road,Saint Louis,MO,63134,(314) 890-9000,https://www.wyndhamhotels.com/travelodge/berkeley-missouri/st-louis-travelodge/overview,https://www.wyndhamhotels.com/travelodge/berkeley-missouri/st-louis-travelodge/overview,OFFICIAL_PROPERTY,2026-08-23,,,Pets are welcome,,st-louis-mo
Wingate by Wyndham St. Louis/Fenton Route 66,pet-friendly-hotels,1100 S Hwy Dr,Fenton,MO,63026,(636) 492-1357,https://www.wyndhamhotels.com/wingate/fenton-missouri/wingate-st-louis-fenton-rt-66/overview,https://www.wyndhamhotels.com/wingate/fenton-missouri/wingate-st-louis-fenton-rt-66/overview,OFFICIAL_PROPERTY,2026-08-23,,,Pets Allowed,,st-louis-mo
WoodSpring Suites St Louis Arnold,pet-friendly-hotels,888 Arnold Commons Dr,Arnold,MO,63010,(636) 287-6441,https://www.woodspring.com/extended-stay-hotels/locations/missouri/st-louis/woodspring-suites-st-louis-arnold,https://www.woodspring.com/extended-stay-hotels/locations/missouri/st-louis/woodspring-suites-st-louis-arnold,OFFICIAL_PROPERTY,2026-08-23,,,pets allowed,,st-louis-mo
WoodSpring Suites St Louis St Charles,pet-friendly-hotels,2100 S Old Hwy 94,Saint Charles,MO,63303,(636) 916-0001,https://www.woodspring.com/extended-stay-hotels/locations/missouri/st-louis/woodspring-suites-st-louis-st-charles,https://www.woodspring.com/extended-stay-hotels/locations/missouri/st-louis/woodspring-suites-st-louis-st-charles,OFFICIAL_PROPERTY,2026-08-23,,,pets allowed,,st-louis-mo
WoodSpring Suites St Peters-OFallon,pet-friendly-hotels,7850 Veterans Memorial Pkwy,St. Peters,MO,63376,(636) 685-2680,https://www.woodspring.com/extended-stay-hotels/locations/missouri/st-peters/woodspring-suites-st-peters-ofallon,https://www.woodspring.com/extended-stay-hotels/locations/missouri/st-peters/woodspring-suites-st-peters-ofallon,OFFICIAL_PROPERTY,2026-08-23,,,pets allowed,,st-louis-mo
Baymont by Wyndham Perrysburg/Toledo,pet-friendly-hotels,27441 Helen Drive,Perrysburg,OH,43551,419-751-2173,https://www.wyndhamhotels.com/baymont/perrysburg-ohio/baymont-perrysburg-toledo/overview,https://www.wyndhamhotels.com/baymont/perrysburg-ohio/baymont-perrysburg-toledo/overview,OFFICIAL_PROPERTY,2026-09-06,,,Pets Allowed 25USD per pet per night 25lbs or less Dogs only,,toledo-oh
Baymont Inn & Suites by Wyndham Swanton/Toledo Airport,pet-friendly-hotels,10753 Airport Hwy,Swanton,OH,43558,+1-419-491-3369,https://www.wyndhamhotels.com/baymont/swanton-ohio/baymont-inn-and-suites-swanton-toledo-airport/overview,https://www.wyndhamhotels.com/baymont/swanton-ohio/baymont-inn-and-suites-swanton-toledo-airport/overview,OFFICIAL_PROPERTY,2026-09-06,,,Pets Allowed 20USD per night per room max. 30lbs 2 pets max,,toledo-oh
Comfort Inn East Oregon - Toledo,pet-friendly-hotels,2930 Navarre Avenue,Oregon,OH,43616,419-691-8911,https://www.choicehotels.com/ohio/oregon/comfort-inn-hotels/oh073,https://www.choicehotels.com/ohio/oregon/comfort-inn-hotels/oh073,OFFICIAL_PROPERTY,2026-09-06,,,Pets allowed 25.00 USD per night..,,toledo-oh
Extended Stay America - Toledo - Maumee,pet-friendly-hotels,542 W. Dussel Dr.,Maumee,OH,43537,419-318-7462,https://www.extendedstayamerica.com/hotels/oh/toledo/maumee,https://www.extendedstayamerica.com/hotels/oh/toledo/maumee,OFFICIAL_PROPERTY,2026-09-06,,,pets are allowed $15 non-refundable fee two pets are allowed,,toledo-oh
Hampton Bowling Green,pet-friendly-hotels,142 Campbell Hill Road,Bowling Green,OH,43402,419-353-3464,https://www.hilton.com/en/hotels/bgnohhx-hampton-bowling-green/,https://www.hilton.com/en/hotels/bgnohhx-hampton-bowling-green/,OFFICIAL_PROPERTY,2026-09-06,,,"Pets allowed, $75.00 non-refundable fee, 50 lbs maximum, $75(1-4n), $125(5+n)2petsMax,dog/cat only. Each pet will be charged accordingly. Any additional cleaning or damages will be charged. Pets allowed, $75.00 non-refundable fee, 50 lbs maximum, $75(1-4n), $125(5+n)2petsMax,dog/cat only. Each pet will be charged accordingly. Any additional cleaning or damages will be charged. Pets allowed, $75.00 non-refundable fee, 50 lbs maximum, $75(1-4n), $125(5+n)2petsMax,dog/cat only. Each pet will be charged accordingly. Any additional cleaning or damages will be charged. Pets allowed, $75.00 non-refun",,toledo-oh
Hampton Inn & Suites - Toledo/Oregon,pet-friendly-hotels,2931 Navarre Avenue,Oregon,OH,43616,419-724-3333,https://www.hilton.com/en/hotels/toltohx-hampton-toledo-oregon,https://www.hilton.com/en/hotels/toltohx-hampton-toledo-oregon/,OFFICIAL_PROPERTY,2026-09-06,,,"Pets allowed, $75.00 non-refundable fee, $75 (1-4 nights), $125 (5+ nights), dog/cat only, maximum of two pets. Pets allowed, $75.00 non-refundable fee, $75 (1-4 nights), $125 (5+ nights), dog/cat only, maximum of two pets. Pets allowed, $75.00 non-refundable fee, $75 (1-4 nights), $125 (5+ nights), dog/cat only, maximum of two pets. Pets allowed, $75.00 non-refundable fee, $75 (1-4 nights), $125 (5+ nights), dog/cat only, maximum of two pets.",,toledo-oh
Hampton Inn & Suites - Toledo/Westgate,pet-friendly-hotels,3434 Secor road,Toledo,OH,43606,419-214-5555,https://www.hilton.com/en/hotels/tolwghx-hampton-suites-toledo-westgate,https://www.hilton.com/en/hotels/tolwghx-hampton-suites-toledo-westgate/,OFFICIAL_PROPERTY,2026-09-06,,,"Pets allowed, $50.00 non-refundable fee, $50(1-4n),$75(5+n) 2petsMax,dog/cat only Pets allowed, $50.00 non-refundable fee, $50(1-4n),$75(5+n) 2petsMax,dog/cat only Pets allowed, $50.00 non-refundable fee, $50(1-4n),$75(5+n) 2petsMax,dog/cat only Pets allowed, $50.00 non-refundable fee, $50(1-4n),$75(5+n) 2petsMax,dog/cat only",,toledo-oh
Hampton Inn & Suites Toledo-Perrysburg,pet-friendly-hotels,9753 Clark Drive,Rossford,OH,43460,419-662-8800,https://www.hilton.com/en/hotels/tolpghx-hampton-suites-toledo-perrysburg/,https://www.hilton.com/en/hotels/tolpghx-hampton-suites-toledo-perrysburg/,OFFICIAL_PROPERTY,2026-09-06,,,"Pets allowed, $75.00 non-refundable fee Pets allowed, $75.00 non-refundable fee",,toledo-oh
Hampton Inn Toledo - South/Maumee,pet-friendly-hotels,1409 Reynolds Road,Maumee,OH,43537,419-893-1004,https://www.hilton.com/en/hotels/tolsohx-hampton-toledo-south-maumee,https://www.hilton.com/en/hotels/tolsohx-hampton-toledo-south-maumee/,OFFICIAL_PROPERTY,2026-09-06,,,"Pets allowed, $75.00 non-refundable fee, 75 lbs maximum, $75(1-4n)-$125(5+n)2petsMax,dog/cat only Pets allowed, $75.00 non-refundable fee, 75 lbs maximum, $75(1-4n)-$125(5+n)2petsMax,dog/cat only Pets allowed, $75.00 non-refundable fee, 75 lbs maximum, $75(1-4n)-$125(5+n)2petsMax,dog/cat only Pets allowed, $75.00 non-refundable fee, 75 lbs maximum, $75(1-4n)-$125(5+n)2petsMax,dog/cat only",,toledo-oh
Hilton Garden Inn Toledo Perrysburg,pet-friendly-hotels,6165 Levis Commons Boulevard,Perrysburg,OH,43551,419-873-0700,https://www.hilton.com/en/hotels/tolpbgi-hilton-garden-inn-toledo-perrysburg/,https://www.hilton.com/en/hotels/tolpbgi-hilton-garden-inn-toledo-perrysburg/,OFFICIAL_PROPERTY,2026-09-06,,,"Pets allowed, $75.00 non-refundable fee, $75 (1-4 nights), $125 (5+ nights) 2 pets max dogs and cats only Pets allowed, $75.00 non-refundable fee, $75 (1-4 nights), $125 (5+ nights) 2 pets max dogs and cats only Pets allowed, $75.00 non-refundable fee, $75 (1-4 nights), $125 (5+ nights) 2 pets max dogs and cats only Pets allowed, $75.00 non-refundable fee, $75 (1-4 nights), $125 (5+ nights) 2 pets max dogs and cats only",,toledo-oh
Home2 Suites Bowling Green,pet-friendly-hotels,1630 East Wooster Street,Bowling Green,OH,43402,419-969-3500,https://www.hilton.com/en/hotels/tolbght-home2-suites-bowling-green/,https://www.hilton.com/en/hotels/tolbght-home2-suites-bowling-green/,OFFICIAL_PROPERTY,2026-09-06,,,"Pets allowed, $75.00 non-refundable fee, $75(1-4 nights), $150(5+ nights) 2 pets max, dog/cat only Pets allowed, $75.00 non-refundable fee, $75(1-4 nights), $150(5+ nights) 2 pets max, dog/cat only Pets allowed, $75.00 non-refundable fee, $75(1-4 nights), $150(5+ nights) 2 pets max, dog/cat only Pets allowed, $75.00 non-refundable fee, $75(1-4 nights), $150(5+ nights) 2 pets max, dog/cat only",,toledo-oh
Home2 Suites by Hilton Perrysburg Levis Commons Toledo,pet-friendly-hotels,5995 Levis Commons Boulevard,Perrysburg,OH,43551,419-931-8900,https://www.hilton.com/en/hotels/tolohht-home2-suites-perrysburg-levis-commons-toledo/,https://www.hilton.com/en/hotels/tolohht-home2-suites-perrysburg-levis-commons-toledo/,OFFICIAL_PROPERTY,2026-09-06,,,"Pets allowed, $75.00 non-refundable fee, $75 (1-4 nights), $125 (5+ nights) 2 pets max dogs and cats only Pets allowed, $75.00 non-refundable fee, $75 (1-4 nights), $125 (5+ nights) 2 pets max dogs and cats only Pets allowed, $75.00 non-refundable fee, $75 (1-4 nights), $125 (5+ nights) 2 pets max dogs and cats only Pets allowed, $75.00 non-refundable fee, $75 (1-4 nights), $125 (5+ nights) 2 pets max dogs and cats only",,toledo-oh
Staybridge Inn & Suites Toledo Rossford- Perrysburg,pet-friendly-hotels,9749 Clark Drive,Rossford,OH,43460,419-872-3700,https://www.ihg.com/staybridge/hotels/us/en/rossford/tolsb/hoteldetail,https://www.ihg.com/staybridge/hotels/us/en/rossford/tolsb/hoteldetail,OFFICIAL_PROPERTY,2026-09-06,,,Pets are welcome,,toledo-oh
Super 8 by Wyndham Millbury/Toledo,pet-friendly-hotels,3491 Latcha Road,Millbury,OH,43447,+1-419-210-5849,https://www.wyndhamhotels.com/super-8/millbury-ohio/super-8-millbury-toledo/overview,https://www.wyndhamhotels.com/super-8/millbury-ohio/super-8-millbury-toledo/overview,OFFICIAL_PROPERTY,2026-09-06,,,Pets Allowed 10USD per pet per night up to 25lbs,,toledo-oh
TownePlace Suites by Marriott Toledo Perrysburg,pet-friendly-hotels,5501 S Wilkinson Way,Perrysburg,OH,43551,+14198735656,https://www.marriott.com/en-us/hotels/tolpv-towneplace-suites-toledo-perrysburg/overview/,https://www.marriott.com/en-us/hotels/tolpv-towneplace-suites-toledo-perrysburg/overview/,OFFICIAL_PROPERTY,2026-09-06,,,Pets Welcome Non-Refundable Pet Fee Per Stay: $100.00 Maximum Pet Weight: 50.0lbs Maximum Number of Pets in Room: 2 Pets Welcome Non-Refundable Pet Fee Per Stay: $100.00 Maximum Pet Weight: 50.0lbs Maximum Number of Pets in Room: 2 Pets Welcome Non-Refundable Pet Fee Per Stay: $100.00 Maximum Pet Weight: 50.0lbs Maximum Number of Pets in Room: 2,,toledo-oh
Tru Perrysburg Toledo,pet-friendly-hotels,9735 Clark Drive,Rossford,OH,43460,,https://www.hilton.com/en/hotels/tolruru-tru-perrysburg-toledo/,https://www.hilton.com/en/hotels/tolruru-tru-perrysburg-toledo/,OFFICIAL_PROPERTY,2026-09-06,,,"Pets allowed, $50.00 non-refundable fee, $50(1-4n),$75(5+n) 2petsMax,dog/cat only Pets allowed, $50.00 non-refundable fee, $50(1-4n),$75(5+n) 2petsMax,dog/cat only Pets allowed, $50.00 non-refundable fee, $50(1-4n),$75(5+n) 2petsMax,dog/cat only Pets allowed, $50.00 non-refundable fee, $50(1-4n),$75(5+n) 2petsMax,dog/cat only",,toledo-oh
WoodSpring Suites Toledo Maumee,pet-friendly-hotels,1788 Indian Wood Circle,Maumee,OH,43537,1(419)740-5819,https://www.woodspring.com/extended-stay-hotels/locations/ohio/maumee-ohio/woodspring-suites-maumee,https://www.woodspring.com/extended-stay-hotels/locations/ohio/maumee-ohio/woodspring-suites-maumee,OFFICIAL_PROPERTY,2026-09-06,,,"pets allowed 10.00 USD per night, per pet under 80 lbs Limit 2 pets",,toledo-oh
Aloft by Marriott Wilmington at Coastline Center,pet-friendly-hotels,501 Nutt Street,Wilmington,NC,28401,+19103777600,https://www.marriott.com/en-us/hotels/ilmal-aloft-wilmington-at-coastline-center/overview/,https://www.marriott.com/en-us/hotels/ilmal-aloft-wilmington-at-coastline-center/overview/,OFFICIAL_PROPERTY,2026-09-12,,,Pet Policy | Pets Welcome | 2 pets 40 pounds max per room--cannot be left alone in room/USD 25 per night fee | Non-Refundable Pet Fee Per Night: $25.00 | Maximum Pet Weight: 40.0lbs | Maximum Number of Pets in Room: 2,,wilmington-nc
"ARRIVE Wilmington, A Member of Design Hotels",pet-friendly-hotels,101 S 2nd St.,Wilmington,NC,28401,+18887254737,https://www.marriott.com/en-us/hotels/ilmaw-arrive-wilmington-a-member-of-design-hotels/overview/,https://www.marriott.com/en-us/hotels/ilmaw-arrive-wilmington-a-member-of-design-hotels/overview/,OFFICIAL_PROPERTY,2026-09-12,,,Pet Policy | Pets Welcome | 1 pet 30lbs max per pet per room with non-refundable fee. | Maximum Pet Weight: 30.0lbs | Maximum Number of Pets in Room: 1,,wilmington-nc
Carolina Beach Inn,pet-friendly-hotels,205 Harper Ave,Carolina Beach,NC,28428,+1-910-622-8393,https://www.carolinabeachinn.com/pet-policy,https://www.carolinabeachinn.com/pet-policy,OFFICIAL_PROPERTY,2026-09-12,,,"Carolina Beach Inn is a 100% Pet-Friendly property. Our Pet Policy is simple: bring them along for your stay! We welcome friendly dogs, cats and birds. Non-refundable pet fee of $45 per night or a flat rate of $105 for 3 or more nights. (includes up to 2 pets).",,wilmington-nc
Element by Marriott Wilmington,pet-friendly-hotels,1055 International Dr.,Wilmington,NC,28405,+19108348900,https://www.marriott.com/en-us/hotels/ilmel-element-wilmington/overview/,https://www.marriott.com/en-us/hotels/ilmel-element-wilmington/overview/,OFFICIAL_PROPERTY,2026-09-12,,,Pet Policy | Pets Welcome | 2 pets allowed–Wt. limit is 100lbs. Non-refundable $100 fee is added at check-in | Maximum Pet Weight: 100.0lbs | Maximum Number of Pets in Room: 2,,wilmington-nc
Embassy Suites by Hilton Wilmington Riverfront,pet-friendly-hotels,9 Estell Lee Place,Wilmington,NC,28401,+1 910-765-1131,https://www.hilton.com/en/hotels/ilmcces-embassy-suites-wilmington-riverfront/,https://www.hilton.com/en/hotels/ilmcces-embassy-suites-wilmington-riverfront/,OFFICIAL_PROPERTY,2026-09-12,,,"Pets allowed, $75.00 non-refundable fee, $75(1-4n),$125(5+n)2petsMax,dog/cat only",,wilmington-nc
Extended Stay America - Wilmington - New Centre Drive,pet-friendly-hotels,4929 New Centre Dr.,Wilmington,NC,28403,+19107934508,https://www.extendedstayamerica.com/hotels/nc/wilmington/new-centre-drive,https://www.extendedstayamerica.com/hotels/nc/wilmington/new-centre-drive,OFFICIAL_PROPERTY,2026-09-12,,,"Yes. Extended Stay America Wilmington - New Centre Drive offers pet-friendly rooms, so you can bring your furry companion along for your stay.",,wilmington-nc
Hampton Inn Wilmington Downtown,pet-friendly-hotels,225 Grace Street,Wilmington,NC,28401,+1 910-251-3930,https://www.hilton.com/en/hotels/ilmdohx-hampton-wilmington-downtown/,https://www.hilton.com/en/hotels/ilmdohx-hampton-wilmington-downtown/,OFFICIAL_PROPERTY,2026-09-12,,,"Pets allowed, $75.00 non-refundable fee, $75(1-4n),$125(5+n)2petMax,dog/cat only",,wilmington-nc
Hampton Inn Wilmington-Medical Park,pet-friendly-hotels,2320 S. 17th Street,Wilmington,NC,28401,+1 910-796-8881,https://www.hilton.com/en/hotels/ilmmdhx-hampton-wilmington-medical-park/,https://www.hilton.com/en/hotels/ilmmdhx-hampton-wilmington-medical-park/,OFFICIAL_PROPERTY,2026-09-12,,,"Pets allowed, $75.00 non-refundable fee, 75 lbs maximum, $75(1-4n),$125(5+n) 2petsMax- 75lbs max",,wilmington-nc
Hampton Inn Wilmington-University Area/Smith Creek Station,pet-friendly-hotels,124 Old Eastwood Road,Wilmington,NC,28403,+1 910-791-9899,https://www.hilton.com/en/hotels/ilmewhx-hampton-wilmington-university-area-smith-creek-station/,https://www.hilton.com/en/hotels/ilmewhx-hampton-wilmington-university-area-smith-creek-station/,OFFICIAL_PROPERTY,2026-09-12,,,"Pets allowed, $125.00 non-refundable fee, $75(1-4n) <OR> $125(5+n) 2pets Max,dog/cat onl",,wilmington-nc
Hilton Garden Inn Wilmington Mayfaire Town Center,pet-friendly-hotels,6745 Rock Spring Road,Wilmington,NC,28405,+1 910-509-4046,https://www.hilton.com/en/hotels/ilmtcgi-hilton-garden-inn-wilmington-mayfaire-town-center/,https://www.hilton.com/en/hotels/ilmtcgi-hilton-garden-inn-wilmington-mayfaire-town-center/,OFFICIAL_PROPERTY,2026-09-12,,,"Pets allowed, $75.00 non-refundable fee, 75 lbs maximum, $75(1-4n),$125(5+n) 2petsMax,dog/cat onl",,wilmington-nc
Holiday Inn Express Leland - Wilmington Area,pet-friendly-hotels,1020 Grandiflora Drive,Leland,NC,28451,1-910-3833300,https://www.ihg.com/holidayinnexpress/hotels/us/en/leland/ilmll/hoteldetail,https://www.ihg.com/holidayinnexpress/hotels/us/en/leland/ilmll/hoteldetail,OFFICIAL_PROPERTY,2026-09-12,,,"Pets are welcome at Holiday Inn Express Leland - Wilmington Area. Pet policy description. Pet Fee: 75.00 nonrefundable, for up to 4 nights; 125.00 nonrefundable, for greater than 4 nights. Limited to 2 pets per room, 75 pounds max, per pet. Pet fee per night: 75 USD Pet weight limit: 75 2 pets allowed Pets allowed: Only dogs and cats allowed Pet policy",,wilmington-nc
Home2 Suites by Hilton Wilmington Medical Park Downtown,pet-friendly-hotels,2177 Stonecrop Drive,Wilmington,NC,28412,+1-910-523-5384,https://www.hilton.com/en/hotels/ilmmpht-home2-suites-wilmington-medical-park-downtown/,https://www.hilton.com/en/hotels/ilmmpht-home2-suites-wilmington-medical-park-downtown/,OFFICIAL_PROPERTY,2026-09-12,,,"Pets allowed, $75.00 non-refundable fee, 75 lbs maximum, $75.00 Fee 1-5 nights 6 nights and beyond $125.00",,wilmington-nc
Home2 Suites by Hilton Wilmington Wrightsville Beach,pet-friendly-hotels,5518 Market Street,Wilmington,NC,28403,+1 910-395-8000,https://www.hilton.com/en/hotels/ilmwmht-home2-suites-wilmington-wrightsville-beach/,https://www.hilton.com/en/hotels/ilmwmht-home2-suites-wilmington-wrightsville-beach/,OFFICIAL_PROPERTY,2026-09-12,,,"Pets allowed, $75.00 non-refundable fee, $75(1-4n),$125(5+n) 2petsMax,dog/cat only",,wilmington-nc
"Homewood Suites by Hilton Wilmington/Mayfaire, NC",pet-friendly-hotels,6732 Swan Mill Road,Wilmington,NC,28405,+1 910-791-7272,https://www.hilton.com/en/hotels/ilmmthw-homewood-suites-wilmington-mayfaire-nc/,https://www.hilton.com/en/hotels/ilmmthw-homewood-suites-wilmington-mayfaire-nc/,OFFICIAL_PROPERTY,2026-09-12,,,"Pets allowed, $75.00 non-refundable fee, $75 for 1-4 Nights, $125 for 5+Nights/2 Pets Max",,wilmington-nc
"Hotel Lela Wilmington, Tapestry Collection by Hilton",pet-friendly-hotels,5001 Market Street,Wilmington,NC,28405,+1 910-202-8494,https://www.hilton.com/en/hotels/ilmliup-hotel-lela-wilmington/,https://www.hilton.com/en/hotels/ilmliup-hotel-lela-wilmington/,OFFICIAL_PROPERTY,2026-09-12,,,"Pets allowed, $75.00 non-refundable fee, 50 lbs maximum, $75(1-4 nights), $125(5+ nights) 2 pets Max, dog/cat only",,wilmington-nc
Pirates Cove Hotel,pet-friendly-hotels,701 N Lake Park Blvd,Carolina Beach,NC,28428,(910) 458-5414,https://piratescovehotel.com/,https://piratescovehotel.com/,OFFICIAL_PROPERTY,2026-09-12,,,"For pet owners, the hotel provides designated pet-friendly rooms on the first floor, featuring ceramic tile floors for easy maintenance, and a dog park located at the rear of the property.",,wilmington-nc
Residence Inn by Marriott Wilmington Landfall,pet-friendly-hotels,1200 Culbreth Drive,Wilmington,NC,28405,+1 910-256-0098,https://www.marriott.com/en-us/hotels/ilmri-residence-inn-wilmington-landfall/overview/,https://www.marriott.com/en-us/hotels/ilmri-residence-inn-wilmington-landfall/overview/,OFFICIAL_PROPERTY,2026-09-12,,,"Pet Policy | Pets Welcome | Max. two pets per room, total combined weight limit of 75 lbs, must use stairs. | Non-Refundable Pet Fee Per Stay: $100.00 | Maximum Pet Weight: 75.0lbs | Maximum Number of Pets in Room: 2",,wilmington-nc
SeaBirds Motel at Kure Beach,pet-friendly-hotels,118 Fort Fisher Blvd S,Kure Beach,NC,28449,+1-910-458-5395,https://www.seabirdskb.com/pet-policy,https://www.seabirdskb.com/pet-policy,OFFICIAL_PROPERTY,2026-09-12,,,"Seabirds is a 100% Pet-Friendly property. Our Pet Policy is simple: bring them along for your stay! We welcome friendly dogs, cats and birds. Non-refundable pet fee of $45 per night (includes up to 2 pets).",,wilmington-nc
Spark by Hilton Wilmington,pet-friendly-hotels,4721 Market Street,Wilmington,NC,28405,+1 910-793-9300,https://www.hilton.com/en/hotels/ilmmipe-spark-wilmington/,https://www.hilton.com/en/hotels/ilmmipe-spark-wilmington/,OFFICIAL_PROPERTY,2026-09-12,,,"Pets allowed, $75.00 non-refundable fee, 75 lbs maximum, 75.00 for 1-4 nights 125.00 for 5 plus nights",,wilmington-nc
Spark by Hilton Wilmington Carolina Beach Rd,pet-friendly-hotels,5600 Carolina Beach Rd,Wilmington,NC,28412,+1 910-796-0770,https://www.hilton.com/en/hotels/ilmcbpe-spark-wilmington-carolina-beach-rd/,https://www.hilton.com/en/hotels/ilmcbpe-spark-wilmington-carolina-beach-rd/,OFFICIAL_PROPERTY,2026-09-12,,,"Pets allowed, $75.00 non-refundable fee, 50 lbs maximum, $75(1-4n), $125(5+n) per pet. 2 pets max, cat/dog only. Additional details available at the front desk.",,wilmington-nc
SpringHill Suites by Marriott Wilmington Wrightsville Beach,pet-friendly-hotels,1014 Ashes Drive,Wilmington,NC,28405,+1 910-239-9975,https://www.marriott.com/en-us/hotels/ilmsh-springhill-suites-wilmington-wrightsville-beach/overview/,https://www.marriott.com/en-us/hotels/ilmsh-springhill-suites-wilmington-wrightsville-beach/overview/,OFFICIAL_PROPERTY,2026-09-12,,,Pet Policy | Pets Welcome | Contact the hotel with any questions. | Non-Refundable Pet Fee Per Stay: $100.00 | Maximum Pet Weight: 75.0lbs | Maximum Number of Pets in Room: 2,,wilmington-nc
Staybridge Suites Wilmington - Wrightsville Bch,pet-friendly-hotels,5010 New Centre Drive,Wilmington,NC,28403,1-910-2028500,https://www.ihg.com/staybridge/hotels/us/en/wilmington/ilmsb/hoteldetail,https://www.ihg.com/staybridge/hotels/us/en/wilmington/ilmsb/hoteldetail,OFFICIAL_PROPERTY,2026-09-12,,,Pets are welcome at Staybridge Suites Wilmington - Wrightsville Bch. Our Pet Policy: Pets allowed with nonrefundable fee. Two pets allowed per room. 50.00 for 1 night. 75.00 for 2 to 6 nights. 150.00 for 7 nights and beyond. Guide dogs and service animals are exempt. Pets must be secured or out of the room for housekeeping service.,,wilmington-nc
StudioRes by Marriott Leland,pet-friendly-hotels,1500 Brunswick Village Boulevard,Leland,NC,28451,+19108307360,https://www.marriott.com/en-us/hotels/ilmlr-studiores-leland/overview/,https://www.marriott.com/en-us/hotels/ilmlr-studiores-leland/overview/,OFFICIAL_PROPERTY,2026-09-12,,,Pet Policy: | Pets Welcome | Pets Welcome | Non-Refundable Pet Fee Per Stay: $150.00 | Maximum Pet Weight: 75.0lbs | Maximum Number of Pets in Room: 2,,wilmington-nc
StudioRes by Marriott Wilmington,pet-friendly-hotels,6951 Cape Harbor Drive,Wilmington,NC,28411,+14722443790,https://www.marriott.com/en-us/hotels/ilmrs-studiores-wilmington/overview/,https://www.marriott.com/en-us/hotels/ilmrs-studiores-wilmington/overview/,OFFICIAL_PROPERTY,2026-09-12,,,Pet Policy: | Pets Welcome | Non-Refundable Pet Fee Per Stay: $150.00 | Maximum Pet Weight: 75.0lbs | Maximum Number of Pets in Room: 2,,wilmington-nc
The Sand Dunes Motel,pet-friendly-hotels,133 Fort Fisher Boulevard South,Kure Beach,NC,28449,+1-910-458-5470,https://www.thesanddunes.com/rooms/policies,https://www.thesanddunes.com/rooms/policies,OFFICIAL_PROPERTY,2026-09-12,,,PETS & SERVICE ANIMALS We now accept dogs only. Guests are allowed two dogs per room and they cannot be over 80 pounds combined.,,wilmington-nc
TownePlace Suites by Marriott Wilmington/Wrightsville Beach,pet-friendly-hotels,305 Eastwood Rd,Wilmington,NC,28403,+1 910-332-3326,https://www.marriott.com/en-us/hotels/ilmts-towneplace-suites-wilmington-wrightsville-beach/overview/,https://www.marriott.com/en-us/hotels/ilmts-towneplace-suites-wilmington-wrightsville-beach/overview/,OFFICIAL_PROPERTY,2026-09-12,,,Pet Policy | Pets Welcome | 2 pets 50 lbs max - must be confined for housekeeping services | Non-Refundable Pet Fee Per Stay: $75.00 | Maximum Pet Weight: 50.0lbs | Maximum Number of Pets in Room: 2,,wilmington-nc
Tru by Hilton Leland Wilmington,pet-friendly-hotels,1462 Olde Waterford Way,Leland,NC,28451,+1-910-523-5101,https://www.hilton.com/en/hotels/ilmaaru-tru-leland-wilmington/,https://www.hilton.com/en/hotels/ilmaaru-tru-leland-wilmington/,OFFICIAL_PROPERTY,2026-09-12,,,"Pets allowed, $75.00 non-refundable fee, 75 lbs maximum, $75(1-4n),$125(5+n) 2petsMax,dog/cat only, Maximum weight 75 pounds or greater",,wilmington-nc
Tru by Hilton Wilmington,pet-friendly-hotels,5001-A Market St,Wilmington,NC,28405,+1 910-202-8292,https://www.hilton.com/en/hotels/ilmturu-tru-wilmington/,https://www.hilton.com/en/hotels/ilmturu-tru-wilmington/,OFFICIAL_PROPERTY,2026-09-12,,,"Pets allowed, $75.00 non-refundable fee, 50 lbs maximum, $75(1-4 nights), $125(5+ nights) 2 pets Max, dog/cat only",,wilmington-nc
Tru by Hilton Wilmington Wrightsville Beach,pet-friendly-hotels,1010 Ashes Drive,Wilmington,NC,28405,+1 910-212-6868,https://www.hilton.com/en/hotels/ilmmmru-tru-wilmington-wrightsville-beach/,https://www.hilton.com/en/hotels/ilmmmru-tru-wilmington-wrightsville-beach/,OFFICIAL_PROPERTY,2026-09-12,,,"Pets allowed, $75.00 non-refundable fee, 75 lbs maximum, $75(1-4n), $125(5+n) 2 pet Max, dog/cat only",,wilmington-nc
