name,category,address,city,state,postal_code,phone,website_url,source_url,source_type,observed_at,rating,amenities,pet_policy,canonical,market_id
1 Hotel Austin,pet-friendly-hotels,96 Red River Street,Austin,TX,78701,,https://www.1hotels.com/austin,https://www.1hotels.com/austin/pet-friendly,OFFICIAL_PROPERTY,2026-09-30,,,"PET FRIENDLY | We know dogs are family too. That's why we warmly welcome our four-legged guests, with no extra fee. As a pet-friendly hotel in Austin, bring up to two pups along for the adventure—because travel is always better with good company.",,austin-tx
AC Hotel Austin Hill Country,pet-friendly-hotels,7415 Southwest Parkway,Building 8,TX,78735,(512) 551-4009,https://www.marriott.com/en-us/hotels/ausat-ac-hotel-austin-hill-country/overview/,https://www.marriott.com/en-us/hotels/ausat-ac-hotel-austin-hill-country/overview/,OFFICIAL_PROPERTY,2026-09-30,,,Pet Policy | Pets Welcome | Up to two dog(s) or cat(s) per room ($50 pet fee per day) | Non-Refundable Pet Fee Per Night: ... | Maximum Number of Pets in Room: 2,,austin-tx
Aiden Austin City Hotel,pet-friendly-hotels,2200 S I H 35,Austin,TX,78704,,https://austincityhotel.com/,https://austincityhotel.com/,OFFICIAL_PROPERTY,2026-09-30,,,"In-room microwave, refrigerator, and Keurig coffee maker In-room safe, customizable code, sized for a laptop 100% smoke-free environment Meeting & event rooms Business center Pet-Friendly hotel Minutes from downtown Austin, Texas Universally accessible rooms available Check-in: 4:00 pm - Check-out: 11:00 am (Minimum check-in age: 21) BOOK YOUR ROOM RESERVATION TODAY What are you waiting for?",,austin-tx
Aloft by Marriott Austin Airport,pet-friendly-hotels,8000 East Ben White Boulevard,Austin,TX,78741,(512) 987-7848,https://www.marriott.com/en-us/hotels/auspa-aloft-austin-airport/overview/,https://www.marriott.com/en-us/hotels/auspa-aloft-austin-airport/overview/,OFFICIAL_PROPERTY,2026-09-30,,,Pet Policy | Pets Welcome | Per room/2 pets 25 lbs max-USD 50 fee per night-guest responsible for damages | Non-Refundable Pet Fee Per Night: ... | Maximum Pet Weight: 25.0lbs | Maximum Number of Pets in Room: 2,,austin-tx
Aloft by Marriott Austin at The Domain,pet-friendly-hotels,11601 Domain Drive,Austin,TX,78758,+1 512-491-0777,https://www.marriott.com/en-us/hotels/ausal-aloft-austin-at-the-domain/overview/,https://www.marriott.com/en-us/hotels/ausal-aloft-austin-at-the-domain/overview/,OFFICIAL_PROPERTY,2026-09-30,,,"Pet Policy | Pets Welcome | Dogs up to 30lbs, may not be left unnattended in room at any time. | Maximum Pet Weight: 30.0lbs | Maximum Number of Pets in Room: 2",,austin-tx
Aloft by Marriott Austin Northwest,pet-friendly-hotels,14020 US 183,Austin,TX,78717,(512) 219-0267,https://www.marriott.com/en-us/hotels/austl-aloft-austin-northwest/overview/,https://www.marriott.com/en-us/hotels/austl-aloft-austin-northwest/overview/,OFFICIAL_PROPERTY,2026-09-30,,,Pet Policy | Pets Welcome | ARF Program waiver upon checkin. Non-refundable Sanitation Fee $50.00. | Non-Refundable Pet Fee Per Stay: $75.00 | Maximum Pet Weight: 55.0lbs,,austin-tx
Aloft by Marriott Austin Round Rock,pet-friendly-hotels,2951 Jazz Street,Round Rock,TX,78664,+1-512-218-5945,https://www.marriott.com/en-us/hotels/ausar-aloft-austin-round-rock/overview/,https://www.marriott.com/en-us/hotels/ausar-aloft-austin-round-rock/overview/,OFFICIAL_PROPERTY,2026-09-30,,,Pet Policy | Pets Welcome | Maximum Number of Pets in Room: 2,,austin-tx
Aloft by Marriott Austin South,pet-friendly-hotels,4108 South Interstate 35 Frontage Road,Austin,TX,78745,+1 512-401-3281,https://www.marriott.com/en-us/hotels/aussa-aloft-austin-south/overview/,https://www.marriott.com/en-us/hotels/aussa-aloft-austin-south/overview/,OFFICIAL_PROPERTY,2026-09-30,,,"Pet Policy | Pets Welcome | 2 per room, 25 lbs max. Must be registered, cannot be left alone. $50 per stay | Non-Refundable Pet Fee Per Night: ... | Maximum Pet Weight: 25.0lbs | Maximum Number of Pets in Room: 2",,austin-tx
Aloft by Marriott Austin Southwest,pet-friendly-hotels,6731 Legado Lane,Austin,TX,78749,,https://www.marriott.com/en-us/hotels/auswa-aloft-austin-southwest/overview/,https://www.marriott.com/en-us/hotels/auswa-aloft-austin-southwest/overview/,OFFICIAL_PROPERTY,2026-09-30,,,Pet Policy | Pets Welcome | Dogs up to 40lbs. May not be left unattended in room at any time. | Non-Refundable Pet Fee Per Night: ... | Maximum Pet Weight: 40.0lbs | Maximum Number of Pets in Room: 2,,austin-tx
Archer Hotel Austin,pet-friendly-hotels,3121 Palm Way,Austin,TX,78758,+1-512-836-5700,http://archerhotel.com/austin,https://archerhotel.com/austin,OFFICIAL_PROPERTY,2026-09-30,,,"Dogs + emotional support dogs + service animals Guests may bring one pet dog or emotional support dog (up to 50 lbs. A nonrefundable pet cleaning deposit of $150 per stay applies. No documentation or prior authorization is required for service animals, and the pet cleaning deposit does not apply to service animals. Are pets allowed? Archer Hotel welcomes dogs — we love to host you and your pup.",,austin-tx
ARRIVE Austin,pet-friendly-hotels,1813 E 6th Street,Austin,TX,78702,+1 737-242-8080,https://www.arrivehotels.com/austin,https://www.arrivehotels.com/hotels/austin,OFFICIAL_PROPERTY,2026-09-30,,,"As a pet-friendly hotel in Austin with meeting rooms and unique private event spaces, ARRIVE Austin is ideal for business travelers, wedding groups, and everything in-between.",,austin-tx
Atwell Suites Austin Airport,pet-friendly-hotels,7601 East Ben White Boulevard,Austin,TX,78741,(512) 386-6000,https://www.ihg.com/atwellsuites/hotels/us/en/austin/ausbw/hoteldetail,https://www.ihg.com/atwellsuites/hotels/us/en/austin/ausbw/hoteldetail,OFFICIAL_PROPERTY,2026-09-30,,,"ng and transportation details Check-in : 3:00 PM Check-out : 12:00 PM Minimum check-in age : 21 The highlights Flexible and Enriching Spaces Food and Drink to Start and End Your Day Explore Austin Like Never Before Experience a Pawsitively Pet-friendly Stay The Perfect Space for Collaboration Flexible and Enriching Spaces Thoughtfully designed to offer the perfect balance of productivity and socialization, our shared areas have ample space to relax, meet, or work. Call +1-512-3867600 Call +1-512",,austin-tx
"Austin Proper Hotel, a Member of Design Hotels",pet-friendly-hotels,600 W 2nd Street,Austin,TX,78701,+1-512-628-1500,https://www.marriott.com/en-us/hotels/ausds-austin-proper-hotel-a-member-of-design-hotels/overview/,https://www.marriott.com/en-us/hotels/ausds-austin-proper-hotel-a-member-of-design-hotels/overview/,OFFICIAL_PROPERTY,2026-09-30,,,Pet Policy | Pets Welcome | Up to two dogs under 35lbs are permitted for the fee of USD 100 per dog per stay | Maximum Pet Weight: 35.0lbs | Maximum Number of Pets in Room: 2,,austin-tx
Austin Southpark Hotel,pet-friendly-hotels,4140 Governor's Row,Austin,TX,78744,+1 512-448-2222,https://www.hilton.com/en/hotels/ausmxhh-austin-southpark-hotel/,https://www.hilton.com/en/hotels/ausmxhh-austin-southpark-hotel/hotel-info/,OFFICIAL_PROPERTY,2026-09-30,,,Pets | Pets allowed: Yes | Non-refundable fee: $150.00 | Max weight: 75 lbs | Max size: medium,,austin-tx
avid hotels Austin NW - Lakeline,pet-friendly-hotels,13830 North FM 620 Road,Austin,TX,78717,(737) 358-9090,https://www.ihg.com/avidhotels/hotels/us/en/austin/auslm/hoteldetail,https://www.ihg.com/avidhotels/hotels/us/en/austin/auslm/hoteldetail,OFFICIAL_PROPERTY,2026-09-30,,,"Pet policy Our pet friendly Austin hotel welcomes both dogs and service animals. We allow dogs up to 25 lbs. for a non refundable fee of 75 USD per dog. For your convenience, a designated pet walking area is available onsite. Can I bring my pet to avid hotels Austin NW - Lakeline? Pets are welcome at avid hotels Austin NW - Lakeline. Our Pet Policy: Our pet friendly Austin hotel welcomes both dogs and service animals.",,austin-tx
avid hotels Austin – Round Rock South,pet-friendly-hotels,2631 South A.W. Grimes Boulevard,Round Rock,TX,78664,1-512-8032708,https://www.ihg.com/avidhotels/hotels/us/en/round-rock/ausav/hoteldetail,https://www.ihg.com/avidhotels/hotels/us/en/round-rock/ausav/hoteldetail,OFFICIAL_PROPERTY,2026-09-30,,,"Pet policy Our pet friendly hotel in Round Rock, TX, welcomes pets and service animals. A one time, non refundable 25 USD pet fee per night applies to your stay up to five nights, while service animals are always welcome at no charge. Can I bring my pet to avid hotels Austin – Round Rock South? Pets are welcome at avid hotels Austin – Round Rock South. Our Pet Policy: Our pet friendly hotel in Round Rock, TX, welcomes pets and service animals.",,austin-tx
Baymont by Wyndham Austin University Area,pet-friendly-hotels,5812 N Interstate 35,Austin,TX,78751,(512) 459-4381,https://www.wyndhamhotels.com/baymont/austin-texas/baymont-by-wyndham-austin-university-area/overview,https://www.wyndhamhotels.com/baymont/austin-texas/baymont-by-wyndham-austin-university-area/overview,OFFICIAL_PROPERTY,2026-09-30,,,Service Animals - ADA-defined service animals welcome. / Pets Allowed - 2 pets max. / Fees - 15USD per pet per night. Pet Sanitation Fee 300USD. / Other Information - Contact hotel for additional details and availability.,,austin-tx
Best Western Plus Austin Central,pet-friendly-hotels,919 E Koenig Ln,Austin,TX,78751,+1 512-454-1144,https://www.bestwestern.com/plusaustincentral,https://www.bestwestern.com/en_US/book/hotel-details.44735.html,OFFICIAL_PROPERTY,2026-09-30,,,"PET POLICY | We are Pet Friendly and allow up to two dogs in a limited number of rooms. The size limit for any one dog shall be 80 pounds. Other pet types (e.g., cats) may be allowed upon the hotel's approval prior to arrival. The Pet Friendly rate is 40.00 USD per day.",,austin-tx
Cambria Hotel Austin Airport,pet-friendly-hotels,7800 E. Ben White Blvd.,Austin,TX,78741,(512) 574-4874,https://www.cambriaaustinairport.com/,https://www.cambriaaustinairport.com/,OFFICIAL_PROPERTY,2026-09-30,,,"Guests: 4 Starting at $ XXX USD 1 King Bed, Suite, Sofa Bed Book 1 King Bed, Suite, Sofa Bed Now Book Now 1 King Bed, Suite, Sofa Bed Free WiFi Valet Parking Pet Friendly Meeting Space View all Amenities Stay, Play and Save in Austin Style Exclusive Offers for Your Stay Discover special packages and limited-time deals at Cambria Hotel Austin Airport.",,austin-tx
Cambria Hotel Austin Downtown,pet-friendly-hotels,68 East Avenue,Austin,TX,78701,(512) 564-8000,https://www.cambriahotelaustin.com/,https://www.cambriahotelaustin.com/,OFFICIAL_PROPERTY,2026-09-30,,,"of flexible indoor/outdoor event space State-of-the-art oversized fitness center Secured parking (fees apply) Pet-friendly ( $75 pet fee per stay, per pet)* Valet parking with EV charging stations ($57 per vehicle, per day) *A fee of $75 per pet, per stay applies. Is the hotel pet friendly? Yes, we are pet-friendly! A fee of $75 per pet, per stay applies.",,austin-tx
Candlewood Suites Austin N-Cedar Park,pet-friendly-hotels,1100 Cottonwood Creek Trail,Cedar Park,TX,78613,1-512-9864825,https://www.ihg.com/candlewood/hotels/us/en/cedar-park/auscp/hoteldetail,https://www.ihg.com/candlewood/hotels/us/en/cedar-park/auscp/hoteldetail,OFFICIAL_PROPERTY,2026-09-30,,,"ices Important Announcements Settle In & Stay Awhile in Cedar Park Extended Stay Hotel in Cedar Park Discover Comfort and Convenience at Our Extended Stay Hotel in Cedar Park Escape to the tranquility just north of Austin at our all-suite, pet-friendly accommodations, offering a perfect blend of business and leisure amenities. Read more Extended Stay Hotel in Cedar Park Discover Comfort and Convenience at Our Extended Stay Hotel in Cedar Park Escape to the tranquility just north of Austin at our",,austin-tx
Candlewood Suites Austin North 290 & I-35,pet-friendly-hotels,8000 Cross Park Drive,Austin,TX,78754,1-512-4368099,https://www.ihg.com/candlewood/hotels/us/en/austin/ausna/hoteldetail,https://www.ihg.com/candlewood/hotels/us/en/austin/ausna/hoteldetail,OFFICIAL_PROPERTY,2026-09-30,,,"We're pet friendly too! (Ask us about our pet policies. Pet Friendly Two pets up to 80 lbs each. A non refundable pet fee will be charged to the guest account upon check in based upon the length of stay 6 nights 75 USD, 7 plus nights 150USD. Parking & transportation details Can I bring my pet to Candlewood Suites Austin North 290 & I-35? Pets are welcome at Candlewood Suites Austin North 290 & I-35. Pet policy description. Two pets up to 80 lbs each.",,austin-tx
Candlewood Suites Austin-Round Rock,pet-friendly-hotels,521 South I35,Round Rock,TX,78664,1-512-8280899,https://www.ihg.com/candlewood/hotels/us/en/round-rock/ausrt/hoteldetail,https://www.ihg.com/candlewood/hotels/us/en/round-rock/ausrt/hoteldetail,OFFICIAL_PROPERTY,2026-09-30,,,"Unwind in our spacious, pet-friendly suites, each equipped with everything you need. We welcome up to two dogs per room, up to 80 lbs. The fee per pet per day is 25 USD. Enjoy a tail-wagging good time at our pet-friendly hotel in Round Rock, TX! Pet Friendly Pets allowed with nonrefundable fee of 25. 00 per day per pet not to exceed 200. 00 per stay per pet. Pet agreement is required and no animal over 80 lbs is allowed.",,austin-tx
Candlewood Suites Buda - Austin SW,pet-friendly-hotels,2180 Main Street,Buda,TX,78610,1-512-5238233,https://www.ihg.com/candlewood/hotels/us/en/buda/ausbu/hoteldetail,https://www.ihg.com/candlewood/hotels/us/en/buda/ausbu/hoteldetail,OFFICIAL_PROPERTY,2026-09-30,,,"Pet-Friendly Hotel In South Austin, TX | Candlewood Suites Buda - Austin SW Skip To main content Your session will expire in 5 minutes , 0 seconds , due to inactivity. Pet Friendly Pets are allowed up to 75lbs. There is a 75 dollar nonrefundable fee for one to six nights of stay and 150 dollar fee for all stays of seven plus nights per pet. Parking for registered guests only Parking & transportation details Can I bring my pet to Candlewood Suites Buda - Austin SW? Pets are welcome at Candlewood",,austin-tx
Candlewood Suites Georgetown,pet-friendly-hotels,451 NORTH IH-35,Georgetown,TX,78628,+1-512-591-7888,https://www.ihg.com/candlewood/hotels/us/en/georgetown/gtngt/hoteldetail,https://www.ihg.com/candlewood/hotels/us/en/georgetown/gtngt/hoteldetail,OFFICIAL_PROPERTY,2026-09-30,,,"Pet Friendly Limited number of rooms available. Domestic dogs and cats only, 40 lb. Only 2 Pets allowed in guest room. Pet fees USD 75. Parking fee: 0 USD per day Parking for registered guests only Vehicles allowed: Bus, Truck, Trailer, Rv Parking & transportation details Can I bring my pet to Candlewood Suites Georgetown? Pets are welcome at Candlewood Suites Georgetown. Pet policy description. 00 for 7 plus Nights Non Refundable Pet fee per stay: 75 USD Pet damage deposit: 150 USD Pet weight l",,austin-tx
Canopy by Hilton Austin Downtown,pet-friendly-hotels,604 W 6th St,Austin,TX,78701,+1 512-991-3100,https://www.hilton.com/en/hotels/ausskpy-canopy-austin-downtown/,https://www.hilton.com/en/hotels/ausskpy-canopy-austin-downtown/hotel-info/,OFFICIAL_PROPERTY,2026-09-30,,,Pets | Pets allowed: Yes | Non-refundable fee: $75.00 | Max weight: 75 lbs | Max size: medium,,austin-tx
Colton House Hotel,pet-friendly-hotels,2510 S Congress Ave,Austin,TX,78704,+15122201795,https://www.coltonhousehotel.com/,https://www.coltonhousehotel.com/,OFFICIAL_PROPERTY,2026-09-30,,,"Find answers to commonly asked questions about our all-suite hotel in South Austin, including extended stays, suite amenities, coworking memberships, parking, pet-friendly accommodations, and more. What is your pet policy? Dog-friendly rooms are limited and subject to availability; advance reservations are required. Guests with dogs are required to pay a $50 non-refundable fee. 2 dog limit per room.",,austin-tx
Comfort Suites Cedar Park - Austin Northwest,pet-friendly-hotels,900 Arrow Point Drive,Cedar Park,TX,78613,,https://www.choicehotels.com/texas/cedar-park/comfort-suites-hotels/txi11,https://www.choicehotels.com/texas/cedar-park/comfort-suites-hotels/txi11,OFFICIAL_PROPERTY,2026-09-30,,,"Pets | Pets Allowed: Yes | General: Pets allowed 30.00 USD per pet, per night. A maximum of 50 pounds and 2 pets per room.. Ser",,austin-tx
Comfort Suites - South Austin,pet-friendly-hotels,5001 S IH 35,Austin,TX,78744,+1 512-953-8392,https://www.choicehotels.com/texas/austin/comfort-suites-hotels/tx600,https://www.choicehotels.com/texas/austin/comfort-suites-hotels/tx600,OFFICIAL_PROPERTY,2026-09-30,,,Pets | Pets Allowed: Yes | General: Pets are allowed 50 USD per stay. A maximum of 2 pets per room.. Service animals are permi.,,austin-tx
Commodore Perry Estate,pet-friendly-hotels,4100 Red River St,Austin,TX,78751,(512) 817-5200,https://auberge.com/commodore-perry/,https://auberge.com/commodore-perry/,OFFICIAL_PROPERTY,2026-09-30,,,"Pet Policies What is the pet fee? How many pets are allowed? Two pets maximum are allowed. Do you offer special pet amenities and services? Are support animals allowed? Yes, service animals are allowed and the pet fee is waived. Pets under 60 pounds are permitted. What is provided with the pet fee?",,austin-tx
Courtyard by Marriott Austin Airport,pet-friendly-hotels,7809 E. Ben White Blvd,Austin,TX,78741,+1 512-386-7464,https://www.marriott.com/en-us/hotels/ausaa-courtyard-austin-airport/overview/,https://www.marriott.com/en-us/hotels/ausaa-courtyard-austin-airport/overview/,OFFICIAL_PROPERTY,2026-09-30,,,Pet Policy | Pets Welcome | Pets cannot be left unattended in rooms. | Non-Refundable Pet Fee Per Stay: $100.00 | Maximum Pet Weight: 25.0lbs | Maximum Number of Pets in Room: 2,,austin-tx
Courtyard by Marriott Austin Northwest/Lakeline,pet-friendly-hotels,12833 Ranch Road 620 North,Austin,TX,78750,+1 512-580-0083,https://www.marriott.com/en-us/hotels/ausnl-courtyard-austin-northwest-lakeline/overview/,https://www.marriott.com/en-us/hotels/ausnl-courtyard-austin-northwest-lakeline/overview/,OFFICIAL_PROPERTY,2026-09-30,,,Pet Policy | Pets Welcome | Pet Friendly: 2 pets with 50 pounds max per room (dog only) $75.00 fee nonrefund | Maximum Pet Weight: 50.0lbs | Maximum Number of Pets in Room: 2,,austin-tx
Courtyard by Marriott Austin Parmer/Tech Ridge,pet-friendly-hotels,12330 North IH-35,Austin,TX,78753,+1 512-339-8374,https://www.marriott.com/en-us/hotels/ausnp-courtyard-austin-parmer-tech-ridge/overview/,https://www.marriott.com/en-us/hotels/ausnp-courtyard-austin-parmer-tech-ridge/overview/,OFFICIAL_PROPERTY,2026-09-30,,,Pet Policy | Pets Welcome | Non-Refundable Pet Fee Per Stay: $75.00 | Maximum Pet Weight: 50.0lbs | Maximum Number of Pets in Room: 2,,austin-tx
Courtyard by Marriott Austin Pflugerville and Pflugerville Conference Center,pet-friendly-hotels,16100 Impact Way,Pflugerville,TX,78660,,https://www.marriott.com/en-us/hotels/auspf-courtyard-austin-pflugerville-and-pflugerville-conference-center/overview/,https://www.marriott.com/en-us/hotels/auspf-courtyard-austin-pflugerville-and-pflugerville-conference-center/overview/,OFFICIAL_PROPERTY,2026-09-30,,,Pet Policy | Pets Welcome | Max 2 Dogs - Max 40 LBS | Non-Refundable Pet Fee Per Stay: $40.00 | Maximum Pet Weight: 40.0lbs | Maximum Number of Pets in Room: 2,,austin-tx
Courtyard by Marriott Austin-University Area,pet-friendly-hotels,5660 North Interstate Highway 35,Austin,TX,78751,(512) 458-2340,https://www.marriott.com/en-us/hotels/auscy-courtyard-austin-university-area/overview/,https://www.marriott.com/en-us/hotels/auscy-courtyard-austin-university-area/overview/,OFFICIAL_PROPERTY,2026-09-30,,,Pet Policy | Pets Welcome | Maximum of 2 Pets Per Room. | Non-Refundable Pet Fee Per Stay: $125.00 | Maximum Pet Weight: 50.0lbs | Maximum Number of Pets in Room: 2,,austin-tx
Days Inn by Wyndham Georgetown,pet-friendly-hotels,333 N. IH 35,Georgetown,TX,78628,+1 512-591-0732,https://www.wyndhamhotels.com/days-inn/georgetown-texas/days-inn-georgetown-tx/overview,https://www.wyndhamhotels.com/days-inn/georgetown-texas/days-inn-georgetown-tx/overview,OFFICIAL_PROPERTY,2026-09-30,,,Service Animals - ADA-defined service animals are welcome. / Pets Allowed - Dogs only - 2 dogs max with maximum weight of 70 lbs. / Fees - Non-refundable 20USD per pet per night. / Other information - Contact hotel for additional details and availability.,,austin-tx
Days Inn by Wyndham Round Rock,pet-friendly-hotels,1851 N Interstate Hwy 35,Round Rock,TX,78664,+1 512-255-3222,https://www.wyndhamhotels.com/days-inn/round-rock-texas/days-inn-round-rock/overview,https://www.wyndhamhotels.com/days-inn/round-rock-texas/days-inn-round-rock/overview,OFFICIAL_PROPERTY,2026-09-30,,,Service Animals - ADA-defined service animals welcome. / Pets Allowed - 2 pets max. Fees - 25USD per pet per night for up to 4 days max. / Pet Sanitation Fee 100USD if required. / Other Information - Contact hotel for additional details and availability.,,austin-tx
DoubleTree Suites by Hilton Austin Downtown Capitol,pet-friendly-hotels,303 W 15th Street,Austin,TX,78701,+1 512-478-7000,https://www.hilton.com/en/hotels/ausfldt-doubletree-suites-austin-downtown/,https://www.hilton.com/en/hotels/ausfldt-doubletree-suites-austin-downtown/hotel-info/,OFFICIAL_PROPERTY,2026-09-30,,,Pets | Pets allowed: Yes | Non-refundable fee: $75.00 | Max weight: 40 lbs | Max size: medium,,austin-tx
Drury Inn & Suites Austin North,pet-friendly-hotels,6711 I 35 North,Austin,TX,78752,15125207734,https://www.druryhotels.com/locations/austin-tx/drury-inn-and-suites-austin-north,https://www.druryhotels.com/locations/austin-tx/drury-inn-and-suites-austin-north,OFFICIAL_PROPERTY,2026-09-30,,,Pet Policy | Dogs and cats accepted. Rooms with pets will be charged a daily fee of $50 per room plus tax. Servic,,austin-tx
East Austin Hotel,pet-friendly-hotels,1108 E 6th St,Austin,TX,78702,+1-737-205-8888,https://eastaustinhotel.com/,https://eastaustinhotel.com/,OFFICIAL_PROPERTY,2026-09-30,,,"Here, you will find answers to some of our most frequently asked questions about parking, pet policies, complimentary wifi, daily housekeeping, and room service options. Whether you’re wondering about the cost of parking, if pets are allowed, or what type of room service is offered, we’ve got you covered. Q: Are pets allowed at the hotel? A: Yes, pets are allowed at the hotel for an additional fee of $30 per night.",,austin-tx
ECHO Suites Extended Stay by Wyndham Austin Round Rock,pet-friendly-hotels,1485 Meister Ln.,Round Rock,TX,78664,(512) 846-8071,https://www.wyndhamhotels.com/echo-suites/round-rock-texas/echo-suites-austin-round-rock-opening-early-2026/overview,https://www.wyndhamhotels.com/echo-suites/round-rock-texas/echo-suites-austin-round-rock-opening-early-2026/overview,OFFICIAL_PROPERTY,2026-09-30,,,Service Animals - ADA-defined service animals welcome. / Dogs Allowed. 2 dogs max. 75lbs or less per pet. / Fees - 50USD for 1st night. Plus 10USD for each additional night per dog. Other Information - Contact hotel for additional details and availability.,,austin-tx
Econo Lodge Austin North near The Domain,pet-friendly-hotels,9102 Burnet Road,Austin,TX,78758,+1 512-835-7070,https://www.choicehotels.com/texas/austin/econo-lodge-hotels/tx934,https://www.choicehotels.com/texas/austin/econo-lodge-hotels/tx934,OFFICIAL_PROPERTY,2026-09-30,,,"Pets | Pets Allowed: Yes | General: All Pets Are Allowed. Pet Accommodation fee $35.00, per Stay. There is a Refundable Deposit",,austin-tx
Element by Marriott Austin at The Domain,pet-friendly-hotels,10728 Burnet Road,Austin,TX,78758,(512) 212-3055,https://www.marriott.com/en-us/hotels/ausel-element-austin-at-the-domain/overview/,https://www.marriott.com/en-us/hotels/ausel-element-austin-at-the-domain/overview/,OFFICIAL_PROPERTY,2026-09-30,,,"Pet Policy | Pets Welcome | One (1) pet (50 lbs max) per room. $50 USD per night, max of $150 USD per stay. | Non-Refundable Pet Fee Per Night: ... | Maximum Pet Weight: 50.0lbs | Maximum Number of Pets in Room: 1",,austin-tx
Element by Marriott Austin Round Rock,pet-friendly-hotels,1770 Warner Ranch Dr,Round Rock,TX,78664,+1-512-218-4100,https://www.marriott.com/en-us/hotels/auseo-element-austin-round-rock/overview/,https://www.marriott.com/en-us/hotels/auseo-element-austin-round-rock/overview/,OFFICIAL_PROPERTY,2026-09-30,,,Pet Policy | Pets Welcome | Nightly fee WILL NOT exceed $150 per stay; Only Dogs Accepted; 40 pound max | Non-Refundable Pet Fee Per Night: ... | Maximum Pet Weight: 40.0lbs | Maximum Number of Pets in Room: 2,,austin-tx
Element by Marriott North Austin Tech Ridge,pet-friendly-hotels,900 East Parmer Lane,Austin,TX,78753,+1737-367-0001,https://www.marriott.com/en-us/hotels/ausau-element-north-austin-tech-ridge/overview/,https://www.marriott.com/en-us/hotels/ausau-element-north-austin-tech-ridge/overview/,OFFICIAL_PROPERTY,2026-09-30,,,Pet Policy | Pets Welcome | $50 USD per night. Maximum of $150 USD per stay. | Non-Refundable Pet Fee Per Stay: $50.00 | Non-Refundable Pet Fee Per Night: ... | Maximum Pet Weight: 45.0lbs | Maximum Number of Pets in Room: 2,,austin-tx
Embassy Suites by Hilton Austin Arboretum,pet-friendly-hotels,9505 Stonelake Boulevard,Austin,TX,78759,+1 512-372-8771,https://www.hilton.com/en/hotels/auseses-embassy-suites-austin-arboretum/,https://www.hilton.com/en/hotels/auseses-embassy-suites-austin-arboretum/hotel-info/,OFFICIAL_PROPERTY,2026-09-30,,,Pets | Pets allowed: Yes | Non-refundable fee: $75.00 | Pet policy: 1-4 night stay $75; 5+ night stay $125; 2 pets max; dog or cat only,,austin-tx
Embassy Suites by Hilton Austin Central,pet-friendly-hotels,5901 North IH-35,Austin,TX,78723,+1 512-454-8004,https://www.hilton.com/en/hotels/auscles-embassy-suites-austin-central/,https://www.hilton.com/en/hotels/auscles-embassy-suites-austin-central/hotel-info/,OFFICIAL_PROPERTY,2026-09-30,,,Pets | Pets allowed: Yes | Non-refundable fee: $75.00 | Pet policy: 1-4 night stay $75; 5+ night stay $125; 2 pets max; dog or cat only,,austin-tx
Embassy Suites by Hilton Austin Downtown South Congress,pet-friendly-hotels,300 South Congress Avenue,Austin,TX,78704,+1 512-469-9000,https://www.hilton.com/en/hotels/auslkes-embassy-suites-austin-downtown-south-congress/,https://www.hilton.com/en/hotels/auslkes-embassy-suites-austin-downtown-south-congress/hotel-info/,OFFICIAL_PROPERTY,2026-09-30,,,Pets | Pets allowed: Yes | Non-refundable fee: $75.00 | Pet policy: 1-4 night stay $75; 5+ night stay $125; 2 pets max; dog or cat only,,austin-tx
Embassy Suites by Hilton Round Rock,pet-friendly-hotels,270 Bass Pro Drive,Round Rock,TX,78665,+1 512-308-3883,https://www.hilton.com/en/hotels/ausnkes-embassy-suites-round-rock/,https://www.hilton.com/en/hotels/ausnkes-embassy-suites-round-rock/hotel-info/,OFFICIAL_PROPERTY,2026-09-30,,,Pets | Pets allowed: Yes | Non-refundable fee: $75.00 | Pet policy: 1-4 night stay $75; 5+ night stay $125; 2 pets max; dog or cat only,,austin-tx
Everhome Suites Georgetown - Austin,pet-friendly-hotels,301 N Interstate Hwy-35,Georgetown,TX,78628,,https://www.choicehotels.com/texas/georgetown/everhome-suites-hotels/txs02,https://www.choicehotels.com/texas/georgetown/everhome-suites-hotels/txs02,OFFICIAL_PROPERTY,2026-09-30,,,"Pets | Pets Allowed: Yes | General: Pets Allowed. Midsize Domestic Animal . Pet Charge 25.00 USD Per Pet, Per Night. Pet limit.",,austin-tx
Extended Stay America Suites Austin - Northwest/Arboretum,pet-friendly-hotels,10100 N. Capital of Texas Hwy.,Austin,TX,78759,(512) 231-1520,https://www.extendedstayamerica.com/hotels/tx/austin/northwest-arboretum,https://www.extendedstayamerica.com/hotels/tx/austin/northwest-arboretum,OFFICIAL_PROPERTY,2026-09-30,,,"Pet Policy | A maximum of two pets are allowed in each suite. Height and length restrictions apply-- pets can be | Pet fees: Not to exceed a $25.00 per day cleaning fee plus tax, for the first six (6) nights, per pe",,austin-tx
Extended Stay America Suites Austin - Northwest - Research Park,pet-friendly-hotels,12424 Research Blvd.,Austin,TX,78759,(512) 219-6500,https://www.extendedstayamerica.com/hotels/tx/austin/northwest-research-park,https://www.extendedstayamerica.com/hotels/tx/austin/northwest-research-park,OFFICIAL_PROPERTY,2026-09-30,,,Is Extended Stay America Austin - Northwest - Research Park pet friendly? | Yes. | Pet Policy | A maximum of two pets are allowed in each suite.,,austin-tx
"Extended Stay Hotel Austin, TX – Downtown",pet-friendly-hotels,7812 Clock Tower Drive,Austin,TX,78753,(512) 339-1112,https://uptownsuites.com/extended-stay-hotels/extended-stay-austin-tx-downtown/,https://uptownsuites.com/extended-stay-hotels/extended-stay-austin-tx-downtown/,OFFICIAL_PROPERTY,2026-09-30,,,Are Pets Allowed At Uptown Suites Austin TX - Downtown? Uptown Suites Austin TX – Downtown allows one dog (40 lbs. Dogs must be less than 36” long and less than 36” tall. There is a non-refundable pet fee of $20 (plus tax) per night not to exceed $200. Additional Pet policies can be found here . Pet Policies For Our Pet Friendly Hotel | Uptown Suites Skip to main content You are using an outdated browser that is no longer supported. igation Menu Locations Suites Group Travel Locations Suites Bus,,austin-tx
Fairfield by Marriott Inn & Suites Austin Georgetown,pet-friendly-hotels,930 West University Avenue,Georgetown,TX,78626,,https://www.marriott.com/en-us/hotels/ausgt-fairfield-inn-and-suites-austin-georgetown/overview/,https://www.marriott.com/en-us/hotels/ausgt-fairfield-inn-and-suites-austin-georgetown/overview/,OFFICIAL_PROPERTY,2026-09-30,,,Pet Policy | Pets Welcome | Maximum of 2 dogsMaximum of 40 lbs each | Non-Refundable Pet Fee Per Stay: $75.00 | Maximum Pet Weight: 40.0lbs | Maximum Number of Pets in Room: 2,,austin-tx
Fairfield by Marriott Inn & Suites Austin Northwest/Research Blvd,pet-friendly-hotels,13087 Research Blvd,Austin,TX,78750,,https://www.marriott.com/en-us/hotels/ausrb-fairfield-inn-and-suites-austin-northwest-research-blvd/overview/,https://www.marriott.com/en-us/hotels/ausrb-fairfield-inn-and-suites-austin-northwest-research-blvd/overview/,OFFICIAL_PROPERTY,2026-09-30,,,"Pet Policy | Pets Welcome | Pets welcome! $45 non-refundable fee per stay, max 2 pets. | Maximum Number of Pets in Room: 2",,austin-tx
Fairfield by Marriott Inn & Suites Austin Northwest/The Domain Area,pet-friendly-hotels,11201 North MoPac Expressway,Austin,TX,78759,,https://www.marriott.com/en-us/hotels/auspb-fairfield-inn-and-suites-austin-northwest-the-domain-area/overview/,https://www.marriott.com/en-us/hotels/auspb-fairfield-inn-and-suites-austin-northwest-the-domain-area/overview/,OFFICIAL_PROPERTY,2026-09-30,,,Pet Policy | Pets Welcome | Daily cleaning fee of $5/ day in addition to the one time non-refundable pet fee | Non-Refundable Pet Fee Per Stay: $50.00 | Maximum Number of Pets in Room: 2,,austin-tx
Fairfield by Marriott Inn & Suites Austin Parmer/Tech Ridge,pet-friendly-hotels,12536 North IH35,Austin,TX,78753,+1-512-821-0376,https://www.marriott.com/en-us/hotels/auspl-fairfield-inn-and-suites-austin-parmer-tech-ridge/overview/,https://www.marriott.com/en-us/hotels/auspl-fairfield-inn-and-suites-austin-parmer-tech-ridge/overview/,OFFICIAL_PROPERTY,2026-09-30,,,Pet Policy | Pets Welcome | Non-Refundable Pet Fee Per Stay: $75.00 | Maximum Pet Weight: 50.0lbs | Maximum Number of Pets in Room: 2,,austin-tx
Fairmont Austin,pet-friendly-hotels,101 Red River Street,Austin,TX,78701,(512) 600-2000,https://fairmont-austin.com/,https://www.fairmont-austin.com/faqs/,OFFICIAL_PROPERTY,2026-09-30,,,What is your pet policy? | Fairmont Austin welcomes pets weighing up to 25 pounds for a one time fee of $100. The pet must be on a leash at all times and must not be left unattended in the room. Any damage incurred to the room by the pet is the responsibility of the guest. Service animals are always welcome and exempt of charges.,,austin-tx
Four Points by Sheraton Austin Airport,pet-friendly-hotels,7800 East Riverside Drive,Austin,TX,78744,(737) 787-6054,https://www.marriott.com/en-us/hotels/ausfr-four-points-austin-airport/overview/,https://www.marriott.com/en-us/hotels/ausfr-four-points-austin-airport/overview/,OFFICIAL_PROPERTY,2026-09-30,,,Pet Policy | Pets Welcome | Non-Refundable Pet Fee Per Stay: $150.00 | Maximum Pet Weight: 50.0lbs | Maximum Number of Pets in Room: 1,,austin-tx
Four Seasons Hotel Austin,pet-friendly-hotels,98 San Jacinto Boulevard,Austin,TX,78701,(512) 478-4500,http://www.fourseasons.com/austin/,https://www.fourseasons.com/austin/services-and-amenities/pet-friendly-stays/,OFFICIAL_PROPERTY,2026-09-30,,,"Four Seasons welcomes you to stay with your dog or cat at our pet-friendly Austin hotel. | PET POLICY | Hotel policy allows cats, dogs and other domestic animals",,austin-tx
Hampton Inn & Suites Austin-Airport,pet-friendly-hotels,7712 E. Riverside Drive,Austin,TX,78744,+1 512-389-1616,https://www.hilton.com/en/hotels/ausaphx-hampton-suites-austin-airport/,https://www.hilton.com/en/hotels/ausaphx-hampton-suites-austin-airport/hotel-info/,OFFICIAL_PROPERTY,2026-09-30,,,Pets | Pets allowed: Yes | Non-refundable fee: $50.00 | Max weight: 75 lbs | Max size: large | Pet policy: 1-4 night stay $50; 5+ night stay $75; 2 pets max; dog or cat only,,austin-tx
Hampton Inn & Suites Austin Cedar Park-Lakeline,pet-friendly-hotels,10811 Pecan Park Blvd,Austin,TX,78750,+1 512-249-0045,https://www.hilton.com/en/hotels/auscchx-hampton-suites-austin-cedar-park-lakeline/,https://www.hilton.com/en/hotels/auscchx-hampton-suites-austin-cedar-park-lakeline/hotel-info/,OFFICIAL_PROPERTY,2026-09-30,,,"Pets | Pets allowed: Yes | Non-refundable fee: $75.00 | Pet policy: $75(1-4n), $100(5+n) 2petsMax,dog/cat only",,austin-tx
Hampton Inn & Suites Austin-Downtown/Convention Center,pet-friendly-hotels,200 San Jacinto Blvd.,Austin,TX,78701,+1 512-472-1500,https://www.hilton.com/en/hotels/ausdthx-hampton-suites-austin-downtown/,https://www.hilton.com/en/hotels/ausdthx-hampton-suites-austin-downtown/hotel-info/,OFFICIAL_PROPERTY,2026-09-30,,,Pets | Pets allowed: Yes | Non-refundable fee: $50.00 | Max weight: 75 lbs | Max size: large | Pet policy: $50 non-refundable pet fee per stay,,austin-tx
Hampton Inn & Suites Austin - Lakeway,pet-friendly-hotels,2013 Ranch Road 620 South,Lakeway,TX,78734,+1 512-263-7474,https://www.hilton.com/en/hotels/auslwhx-hampton-suites-austin-lakeway/,https://www.hilton.com/en/hotels/auslwhx-hampton-suites-austin-lakeway/hotel-info/,OFFICIAL_PROPERTY,2026-09-30,,,"Pets | Pets allowed: Yes | Non-refundable fee: $75.00 | Pet policy: $75(1-4n),$125(5+n) 2petsMax,dog/cat only",,austin-tx
Hampton Inn & Suites Austin South/Buda,pet-friendly-hotels,1201 Cabela's Drive,Buda,TX,78610,+1 512-295-4900,https://www.hilton.com/en/hotels/ausbuhx-hampton-suites-austin-south-buda/,https://www.hilton.com/en/hotels/ausbuhx-hampton-suites-austin-south-buda/hotel-info/,OFFICIAL_PROPERTY,2026-09-30,,,Pets | Pets allowed: Yes | Non-refundable fee: $50.00 | Max weight: 75 lbs | Pet policy: 1-4 night stay $50; 5+ night stay $75; 2 pets max; dog or cat only,,austin-tx
Hampton Inn & Suites Austin @ The University/Capitol,pet-friendly-hotels,1701 Lavaca Street,Austin,TX,78701,+1 512-499-8881,https://www.hilton.com/en/hotels/ausuahx-hampton-suites-austin-at-the-university-capitol/,https://www.hilton.com/en/hotels/ausuahx-hampton-suites-austin-at-the-university-capitol/hotel-info/,OFFICIAL_PROPERTY,2026-09-30,,,Pets | Pets allowed: Yes | Non-refundable fee: $75.00 | Max weight: 75 lbs | Pet policy: $75(1-4n) $125(5+n) per stay non refundable fee 2 pets per room max Dogs/Cats only,,austin-tx
Hampton Inn & Suites Cedar Park North Austin,pet-friendly-hotels,700 Central Park Drive,Cedar Park,TX,78613,+1 512-866-9200,https://www.hilton.com/en/hotels/auspnhx-hampton-suites-cedar-park-north-austin/,https://www.hilton.com/en/hotels/auspnhx-hampton-suites-cedar-park-north-austin/hotel-info/,OFFICIAL_PROPERTY,2026-09-30,,,Pets | Pets allowed: Yes | Non-refundable fee: $75.00 | Max weight: 50 lbs,,austin-tx
Hampton Inn & Suites Georgetown/Austin North,pet-friendly-hotels,160 River Oaks Cove,Georgetown,TX,78626,+1 512-688-5300,https://www.hilton.com/en/hotels/ausgthx-hampton-suites-georgetown-austin-north/,https://www.hilton.com/en/hotels/ausgthx-hampton-suites-georgetown-austin-north/hotel-info/,OFFICIAL_PROPERTY,2026-09-30,,,"Pets | Pets allowed: Yes | Non-refundable fee: $75.00 | Pet policy: $75(1-4n),$100(5+n) 2petsMax,dog/cat only. Notify ahead of time when bringing pet.",,austin-tx
Hampton Inn & Suites Hutto Austin,pet-friendly-hotels,327 Ed Schmidt Boulevard,Hutto,TX,78634,+1 512-846-2992,https://www.hilton.com/en/hotels/aushuhx-hampton-suites-hutto-austin/,https://www.hilton.com/en/hotels/aushuhx-hampton-suites-hutto-austin/hotel-info/,OFFICIAL_PROPERTY,2026-09-30,,,Pets | Pets allowed: Yes | Non-refundable fee: $75.00 | Pet policy: 1-4 night stay $50; 5+ night stay $75; 2 pets max; dog or cat only,,austin-tx
Hampton Inn Austin/Airport Area South,pet-friendly-hotels,4141 Governors Row,Austin,TX,78744,+1 512-442-4040,https://www.hilton.com/en/hotels/aussohx-hampton-austin-airport-area-south/,https://www.hilton.com/en/hotels/aussohx-hampton-austin-airport-area-south/hotel-info/,OFFICIAL_PROPERTY,2026-09-30,,,"Pets | Pets allowed: Yes | Non-refundable fee: $75.00 | Pet policy: $75(1-4n),$125(5+n) 2petsMax,dog/cat only",,austin-tx
Hampton Inn Austin-North @ I-35 & Hwy 183,pet-friendly-hotels,7619 I-35 North,Austin,TX,78752,+1 512-452-3300,https://www.hilton.com/en/hotels/ausnhhx-hampton-austin-north-at-i-35-and-hwy-183/,https://www.hilton.com/en/hotels/ausnhhx-hampton-austin-north-at-i-35-and-hwy-183/hotel-info/,OFFICIAL_PROPERTY,2026-09-30,,,"Pets | Pets allowed: Yes | Non-refundable fee: $125.00 | Max weight: 75 lbs | Max size: small | Pet policy: $75 1-4n,$125 5+n 2petsMax,dog/cat only",,austin-tx
Hampton Inn Austin NW near The Domain,pet-friendly-hotels,3908 West Braker Lane,Austin,TX,78759,+1 512-349-9898,https://www.hilton.com/en/hotels/ausnwhx-hampton-austin-nw-near-the-domain/,https://www.hilton.com/en/hotels/ausnwhx-hampton-austin-nw-near-the-domain/hotel-info/,OFFICIAL_PROPERTY,2026-09-30,,,Pets | Pets allowed: Yes | Non-refundable fee: $75.00 | Max weight: 75 lbs | Pet policy: 1-4 night stay $75; 5+ night stay $125; 2 pets max; dog or cat only,,austin-tx
Hampton Inn Austin/Oak Hill,pet-friendly-hotels,6401 West US 290,Austin,TX,78735,+1 512-891-7474,https://www.hilton.com/en/hotels/ausohhx-hampton-austin-oak-hill/,https://www.hilton.com/en/hotels/ausohhx-hampton-austin-oak-hill/hotel-info/,OFFICIAL_PROPERTY,2026-09-30,,,"Pets | Pets allowed: Yes | Non-refundable fee: $75.00 | Pet policy: $75(1-4n),$125(5+n)2petsMax,dog only",,austin-tx
Hampton Inn Austin-Round Rock,pet-friendly-hotels,110 Dell Way,Round Rock,TX,78664,+1 512-248-9100,https://www.hilton.com/en/hotels/ausrkhx-hampton-austin-round-rock/,https://www.hilton.com/en/hotels/ausrkhx-hampton-austin-round-rock/hotel-info/,OFFICIAL_PROPERTY,2026-09-30,,,Pets | Pets allowed: Yes | Non-refundable fee: $75.00 | Max weight: 75 lbs | Max size: medium | Pet policy: $75(1-4n)/$125(5+n) Max 2-Dog/Cat Only,,austin-tx
Hampton Inn Kyle,pet-friendly-hotels,151 Bunton Creek Rd,Kyle,TX,78640,+1 512-268-9042,https://www.hilton.com/en/hotels/auskyhx-hampton-kyle/,https://www.hilton.com/en/hotels/auskyhx-hampton-kyle/hotel-info/,OFFICIAL_PROPERTY,2026-09-30,,,Pets | Pets allowed: Yes | Non-refundable fee: $75.00 | Max weight: 30 lbs | Max size: small | Pet policy: 1-4 night stay $75; 5+ night stay $125; 2 pets max; dog or cat only,,austin-tx
Hilton Austin,pet-friendly-hotels,500 E 4th St,Austin,TX,78701,+1-512-482-8000,https://www.hilton.com/en/hotels/auscvhh-hilton-austin/,https://www.hilton.com/en/hotels/auscvhh-hilton-austin/amenities/,OFFICIAL_PROPERTY,2026-09-30,,,"Hotel Policies | Pets | Pets Allowed: Yes | Pet Policy: Pets allowed, $50.00 non-refundable fee, 75 lbs maximum | Max Size: Large | Max Weight: 75 lbs | Pet Fee: $50.00 Non-refundable",,austin-tx
Hilton Austin Airport,pet-friendly-hotels,9515 Hotel Drive,Austin,TX,78719,+1 512-385-6767,https://www.hilton.com/en/hotels/ausahhf-hilton-austin-airport/,https://www.hilton.com/en/hotels/ausahhf-hilton-austin-airport/hotel-info/,OFFICIAL_PROPERTY,2026-09-30,,,Pets | Pets allowed: Yes | Non-refundable fee: $75.00 | Max weight: 75 lbs | Max size: large | Pet policy: Bed and bowls limited,,austin-tx
Hilton Garden Inn Austin Airport,pet-friendly-hotels,7610 John Glenn Way,Austin,TX,78741,+1 512-386-7474,https://www.hilton.com/en/hotels/ausacgi-hilton-garden-inn-austin-airport/,https://www.hilton.com/en/hotels/ausacgi-hilton-garden-inn-austin-airport/hotel-info/,OFFICIAL_PROPERTY,2026-09-30,,,"Pets | Pets allowed: Yes | Non-refundable fee: $75.00 | Pet policy: $75(1-4n),$75(5+n) 2petsMax,dog/cat only",,austin-tx
Hilton Garden Inn Austin Central,pet-friendly-hotels,860 E Anderson Lane,Austin,TX,78752,+1 737-307-0225,https://www.hilton.com/en/hotels/auscngi-hilton-garden-inn-austin-cental/,https://www.hilton.com/en/hotels/auscngi-hilton-garden-inn-austin-cental/hotel-info/,OFFICIAL_PROPERTY,2026-09-30,,,Pets | Pets allowed: Yes | Non-refundable fee: $75.00 | Max weight: 50 lbs | Max size: medium,,austin-tx
Hilton Garden Inn Austin Downtown/Convention Center,pet-friendly-hotels,500 N Interstate 35,Austin,TX,78701,+1 512-480-8181,https://www.hilton.com/en/hotels/ausgigi-hilton-garden-inn-austin-downtown/,https://www.hilton.com/en/hotels/ausgigi-hilton-garden-inn-austin-downtown/hotel-info/,OFFICIAL_PROPERTY,2026-09-30,,,Pets | Pets allowed: Yes | Max weight: 75 lbs | Pet policy: $75 Dog/Cat only 2 pets maximum,,austin-tx
Hilton Garden Inn Austin North,pet-friendly-hotels,12400 North IH-35 Building C,Austin,TX,78753,+1-512-339-3626,https://www.hilton.com/en/hotels/ausangi-hilton-garden-inn-austin-north/,https://www.hilton.com/en/hotels/ausangi-hilton-garden-inn-austin-north/hotel-info/,OFFICIAL_PROPERTY,2026-09-30,,,Pets | Pets allowed: Yes | Non-refundable fee: $75.00 | Pet policy: $75 up to 4 nights and $125 for 4+ nights,,austin-tx
Hilton Garden Inn Austin North-Near the Domain,pet-friendly-hotels,2600 Brockton Dr.,Austin,TX,78758,+1 737-484-0975,https://www.hilton.com/en/hotels/ausndgi-garden-inn-austin-north-near-the-domain/,https://www.hilton.com/en/hotels/ausndgi-garden-inn-austin-north-near-the-domain/hotel-info/,OFFICIAL_PROPERTY,2026-09-30,,,Pets | Pets allowed: Yes | Non-refundable fee: $125.00 | Pet policy: 1-4 night stay $75; 5+ night stay $125; 2 pets max; dog or cat only,,austin-tx
Hilton Garden Inn Austin NW/Arboretum,pet-friendly-hotels,11617 Research Boulevard,Austin,TX,78759,+1 512-241-1600,https://www.hilton.com/en/hotels/ausaagi-hilton-garden-inn-austin-nw-arboretum/,https://www.hilton.com/en/hotels/ausaagi-hilton-garden-inn-austin-nw-arboretum/hotel-info/,OFFICIAL_PROPERTY,2026-09-30,,,Pets | Pets allowed: Yes | Non-refundable fee: $50.00 | Pet policy: 1-4 night stay $50; 5+ night stay $75; 2 pets max; dog or cat only,,austin-tx
Hilton Garden Inn Austin/Round Rock,pet-friendly-hotels,2310 North IH35,Round Rock,TX,78681,+1 512-341-8200,https://www.hilton.com/en/hotels/ausrrgi-hilton-garden-inn-austin-round-rock/,https://www.hilton.com/en/hotels/ausrrgi-hilton-garden-inn-austin-round-rock/hotel-info/,OFFICIAL_PROPERTY,2026-09-30,,,Pets | Pets allowed: Yes | Non-refundable fee: $125.00 | Max weight: 75 lbs | Pet policy: 1-4 night stay $75; 5+ night stay $125; 2 pets max; dog or cat only,,austin-tx
Hilton Garden Inn Austin University Capitol District,pet-friendly-hotels,301 W 17th Street,Austin,TX,78701,+1 512-319-3333,https://www.hilton.com/en/hotels/ausaugi-hilton-garden-inn-austin-university-capitol-district/,https://www.hilton.com/en/hotels/ausaugi-hilton-garden-inn-austin-university-capitol-district/hotel-info/,OFFICIAL_PROPERTY,2026-09-30,,,"Pets | Pets allowed: Yes | Non-refundable fee: $75.00 | Max weight: 75 lbs | Pet policy: $75+tx(1-4 nights), $125+tx(5+ nights) 2 Pets Max, Dog/Cat Only. Maximum weight combined cannot exc.",,austin-tx
Holiday Inn Express & Suites Austin Airport East,pet-friendly-hotels,3102 E. State Highway 71,Del Valle,TX,78617,(512) 240-2000,https://www.ihg.com/holidayinnexpress/hotels/us/en/austin/aushw/hoteldetail,https://www.ihg.com/holidayinnexpress/hotels/us/en/austin/aushw/hoteldetail,OFFICIAL_PROPERTY,2026-09-30,,,Traveling with your dog? We are a pet-friendly hotel near the Austin Airport where your furry companion gets a welcome treat at check-in. Shuttle service to AUS From 211 USD per night 204 room + 7 fees SELECT DATES Pet Getaway Pet Getaway Save with our Pet Package. Up to 2 dogs max 50 lb each. Nightly pet fee is included. Parking fee: 0 USD per day In and out privileges Parking for registered guests only Parking & transportation details Can I bring my pet to Holiday Inn Express & Suites Austin A,,austin-tx
Holiday Inn Express & Suites Austin NE - Hutto,pet-friendly-hotels,323 Ed Schmidt Blvd.,Hutto,TX,78634,1-737-3270010,https://www.ihg.com/holidayinnexpress/hotels/us/en/hutto/aushu/hoteldetail,https://www.ihg.com/holidayinnexpress/hotels/us/en/hutto/aushu/hoteldetail,OFFICIAL_PROPERTY,2026-09-30,,,"Starmark l Dog Training Academy is just two miles away. This pet friendly Hutto, TX hotel features a contemporary style with a trendy flair. Complimentary Self Parking In and out privileges Parking for registered guests only Parking & transportation details Can I bring my pet to Holiday Inn Express & Suites Austin NE - Hutto? Pets are welcome at Holiday Inn Express & Suites Austin NE - Hutto. Pet policy description. 00 nonrefundable pet fee per pet is required when traveling with pets other than",,austin-tx
Holiday Inn Express & Suites Austin North Central,pet-friendly-hotels,8500 North I 35,Austin,TX,78753,(512) 821-0707,https://www.ihg.com/holidayinnexpress/hotels/us/en/austin/ausbd/hoteldetail,https://www.ihg.com/holidayinnexpress/hotels/us/en/austin/ausbd/hoteldetail,OFFICIAL_PROPERTY,2026-09-30,,,"IATA # View prices View Prices Important Announcements Renovated pet-friendly hotel From the moment you arrive at our hotel in Austin, TX, everything is designed to help your stay feel simple and comfortable. We’re happy to offer pet-friendly accommodations so you can travel together more comfortably. A pet deposit applies, and we recommend calling before arrival so we can share the details and help you prepare for an easy stay. Traveling with a pet? enities See it to believe it View photos Slee",,austin-tx
Holiday Inn Express & Suites Austin - Round Rock Area,pet-friendly-hotels,301 W. Louis Henna Blvd,Austin,TX,78728,,https://www.ihg.com/holidayinnexpress/hotels/us/en/round-rock/rndes/hoteldetail,https://www.ihg.com/holidayinnexpress/hotels/us/en/round-rock/rndes/hoteldetail,OFFICIAL_PROPERTY,2026-09-30,,,"Can I bring my pet to Holiday Inn Express & Suites Austin - Round Rock Area? | Pets are welcome at Holiday Inn Express & Suites Austin - Round Rock Area. | Pet policy description. Our pet friendly hotel welcomes a maximum of 2 dogs with a treat at check in. A signed waiver, vaccination record verification, and a 75 USD per dog, per stay fee are required. Explore the city with your furry friend at our conveniently located hotel. | Pet fee per stay: 75 USD | Pet damage deposit: 75 USD | Pet weight",,austin-tx
Holiday Inn Express & Suites Dripping Springs - Austin Area,pet-friendly-hotels,333 East Hwy 290,Dripping Springs,TX,78620,1-512-8580280,https://www.ihg.com/holidayinnexpress/hotels/us/en/dripping-springs/ausds/hoteldetail,https://www.ihg.com/holidayinnexpress/hotels/us/en/dripping-springs/ausds/hoteldetail,OFFICIAL_PROPERTY,2026-09-30,,,Complimentary Self Parking Parking fee: 0 USD per day Parking for registered guests only Parking & transportation details Can I bring my pet to Holiday Inn Express & Suites Dripping Springs - Austin Area? Pets are welcome at Holiday Inn Express & Suites Dripping Springs - Austin Area. Pet policy description. Dogs are allowed with a 45lb maximum weight limit per dog. Limit of 2 dogs per stay and a 25 dollar per night plus tax pet fee. In addition there is a 100 dollar refundable pet deposit due a,,austin-tx
Home2 Suites by Hilton Austin Airport,pet-friendly-hotels,1705 Airport Commerce Drive,Austin,TX,78741,+1 512-215-0410,https://www.hilton.com/en/hotels/ausaiht-home2-suites-austin-airport/,https://www.hilton.com/en/hotels/ausaiht-home2-suites-austin-airport/hotel-info/,OFFICIAL_PROPERTY,2026-09-30,,,Pets | Pets allowed: Yes | Non-refundable fee: $50.00 | Pet policy: 1-4 night stay $50; 5+ night stay $75; 2 pets max; dog or cat only,,austin-tx
"Home2 Suites by Hilton Austin/Cedar Park, TX",pet-friendly-hotels,14022 US 183,Austin,TX,78717,+1 512-610-2107,https://www.hilton.com/en/hotels/auscdht-home2-suites-austin-cedar-park-tx/,https://www.hilton.com/en/hotels/auscdht-home2-suites-austin-cedar-park-tx/hotel-info/,OFFICIAL_PROPERTY,2026-09-30,,,Pets | Pets allowed: Yes | Non-refundable fee: $75.00 | Max weight: 40 lbs | Max size: medium | Pet policy: $75(1-4nts) OR $125 (5+nts) exclusive of tax. 2 pets max. Dogs and Cats only,,austin-tx
Home2 Suites by Hilton Austin North/Near the Domain,pet-friendly-hotels,2800 Esperanza Crossing,Austin,TX,78758,+1 512-339-2400,https://www.hilton.com/en/hotels/austdht-home2-suites-austin-north-near-the-domain/,https://www.hilton.com/en/hotels/austdht-home2-suites-austin-north-near-the-domain/hotel-info/,OFFICIAL_PROPERTY,2026-09-30,,,Pets | Pets allowed: Yes | Non-refundable fee: $125.00 | Pet policy: 1-4 night stay $75; 5+ night stay $125; 2 pets max; dog or cat only,,austin-tx
Home2 Suites by Hilton Austin Round Rock,pet-friendly-hotels,1000 West Louis Henna Blvd,Round Rock,TX,78681,+1 512-255-7000,https://www.hilton.com/en/hotels/ausrnht-home2-suites-austin-round-rock/,https://www.hilton.com/en/hotels/ausrnht-home2-suites-austin-round-rock/hotel-info/,OFFICIAL_PROPERTY,2026-09-30,,,Pets | Pets allowed: Yes | Non-refundable fee: $75.00 | Max weight: 75 lbs | Pet policy: Up to two pets allowed per room.,,austin-tx
Home2 Suites by Hilton Austin South,pet-friendly-hotels,8415 S Congress Ave,Austin,TX,78745,+1 737-238-3700,https://www.hilton.com/en/hotels/ausleht-home2-suites-austin-south-i-35/,https://www.hilton.com/en/hotels/ausleht-home2-suites-austin-south-i-35/hotel-info/,OFFICIAL_PROPERTY,2026-09-30,,,"Pets | Pets allowed: Yes | Non-refundable fee: $75.00 | Max weight: 50 lbs | Max size: medium | Pet policy: $75(1-4 Nights), $125(5+Nights) 2 pets Max, dog/cat only. No more than 2 pets are permitted per gues",,austin-tx
Home2 Suites by Hilton Georgetown Austin North,pet-friendly-hotels,1431 Rivery Blvd,Georgetown,TX,78628,+1 512-843-2029,https://www.hilton.com/en/hotels/ausowht-home2-suites-georgetown-austin-north/,https://www.hilton.com/en/hotels/ausowht-home2-suites-georgetown-austin-north/hotel-info/,OFFICIAL_PROPERTY,2026-09-30,,,"Pets | Pets allowed: Yes | Non-refundable fee: $75.00 | Max weight: 75 lbs | Max size: medium | Pet policy: $75(1-4n),$125(5+n)2pets Max, dog/cat",,austin-tx
Home2 Suites by Hilton Round Rock Medical Center,pet-friendly-hotels,425 University Blvd,Building 2,TX,78665,+1 737-910-9936,https://www.hilton.com/en/hotels/ausunht-home2-suites-round-rock-medical-center/,https://www.hilton.com/en/hotels/ausunht-home2-suites-round-rock-medical-center/hotel-info/,OFFICIAL_PROPERTY,2026-09-30,,,Pets | Pets allowed: Yes | Non-refundable fee: $75.00 | Max weight: 50 lbs | Max size: medium,,austin-tx
HomeTowne Studios Austin,pet-friendly-hotels,12621 Hymeadow Dr,Austin,TX,78729,(512) 331-4747,https://www.redroof.com/extendedstay/hometownestudios/property/TX/Austin/HTS1043,https://www.redroof.com/extendedstay/hometownestudios/property/tx/austin/hts1043,OFFICIAL_PROPERTY,2026-09-30,,,"Pet Policy: Service animals and Emotional Support Animals (""Assistance Animals"") are welcome at all of our properties and must be declared at check-in. Pets are permitted with a $10.00 fee per night up to $100.00 a month.",,austin-tx
Homewood Suites by Hilton Austin Airport,pet-friendly-hotels,3204 Caseybridge Court,Austin,TX,78744,+1 512-614-2488,https://www.hilton.com/en/hotels/auswbhw-homewood-suites-austin-airport/,https://www.hilton.com/en/hotels/auswbhw-homewood-suites-austin-airport/hotel-info/,OFFICIAL_PROPERTY,2026-09-30,,,"Pets | Pets allowed: Yes | Non-refundable fee: $125.00 | Max weight: 75 lbs | Max size: medium | Pet policy: $75(1-4n),$125(5+n) 2petsMax,dog/cat only, 75lbs max total weight allowed between the 2 pets.",,austin-tx
Homewood Suites by Hilton Austin Cedar Park Lakeline,pet-friendly-hotels,10809 Pecan Park Blvd,Austin,TX,78750,+1-512-772-1770,https://www.hilton.com/en/hotels/ausllhw-homewood-austin-cedar-park-lakeline/,https://www.hilton.com/en/hotels/ausllhw-homewood-austin-cedar-park-lakeline/hotel-info/,OFFICIAL_PROPERTY,2026-09-30,,,"Pets | Pets allowed: Yes | Non-refundable fee: $75.00 | Pet policy: $75(1-4n),$100(5+n) 2petsMax,dog/cat only",,austin-tx
Homewood Suites by Hilton Austin Downtown,pet-friendly-hotels,78 East Avenue,Austin,TX,78701,+1-512-320-5454,https://www.hilton.com/en/hotels/ausdohw-homewood-suites-austin-downtown/,https://www.hilton.com/en/hotels/ausdohw-homewood-suites-austin-downtown/hotel-info/,OFFICIAL_PROPERTY,2026-09-30,,,"Pets | Pets allowed: Yes | Non-refundable fee: $125.00 | Pet policy: $75(1-4n),$125(5+n) 2petsMax,dog/cat only",,austin-tx
Homewood Suites by Hilton Austin NW near The Domain,pet-friendly-hotels,10925 Stonelake Boulevard,Austin,TX,78759,+1 512-349-9966,https://www.hilton.com/en/hotels/ausslhw-homewood-suites-austin-nw-near-the-domain/,https://www.hilton.com/en/hotels/ausslhw-homewood-suites-austin-nw-near-the-domain/hotel-info/,OFFICIAL_PROPERTY,2026-09-30,,,Pets | Pets allowed: Yes | Non-refundable fee: $125.00 | Max weight: 75 lbs | Pet policy: 1-4 night stay $75; 5+ night stay $125; 2 pets max; dog or cat only,,austin-tx
"Homewood Suites by Hilton Austin/Round Rock, TX",pet-friendly-hotels,2201 South Mays,Round Rock,TX,78664,+1 512-341-9200,https://www.hilton.com/en/hotels/ausrohw-homewood-suites-austin-round-rock-tx/,https://www.hilton.com/en/hotels/ausrohw-homewood-suites-austin-round-rock-tx/hotel-info/,OFFICIAL_PROPERTY,2026-09-30,,,"Pets | Pets allowed: Yes | Non-refundable fee: $75.00 | Pet policy: $75(1-4n)$125(5+n) 2petsMax,dog/cat only",,austin-tx
Homewood Suites by Hilton Austin-South/Airport,pet-friendly-hotels,4143 Governor's Row,Austin,TX,78744,+1 512-445-5050,https://www.hilton.com/en/hotels/aushwhw-homewood-suites-austin-south-airport/,https://www.hilton.com/en/hotels/aushwhw-homewood-suites-austin-south-airport/hotel-info/,OFFICIAL_PROPERTY,2026-09-30,,,"Pets | Pets allowed: Yes | Non-refundable fee: $75.00 | Pet policy: $75 (1-4 nights) $125 (5+ nights) 2 pets Max, dog/cat only",,austin-tx
Homewood Suites by Hilton TechRidge Parmer @ I-35,pet-friendly-hotels,13001 Center Lake Drive,Austin,TX,78753,+1 512-989-1100,https://www.hilton.com/en/hotels/ausnrhw-homewood-suites-techridge-parmer-at-i-35/,https://www.hilton.com/en/hotels/ausnrhw-homewood-suites-techridge-parmer-at-i-35/hotel-info/,OFFICIAL_PROPERTY,2026-09-30,,,Pets | Pets allowed: Yes | Non-refundable fee: $50.00 | Max weight: 75 lbs | Max size: medium | Pet policy: 1-4 night stay $50; 5+ night stay $75; 2 pets max; dog or cat only,,austin-tx
Hotel Indigo Austin Downtown - University,pet-friendly-hotels,810 Red River Street,Austin,TX,78701,(512) 481-1000,https://www.ihg.com/hotelindigo/hotels/us/en/austin/ausit/hoteldetail,https://www.ihg.com/hotelindigo/hotels/us/en/austin/ausit/hoteldetail,OFFICIAL_PROPERTY,2026-09-30,,,"Can I bring my pet to Hotel Indigo Austin Downtown - University? | Pets are welcome at Hotel Indigo Austin Downtown - University. | Pet policy description. Hotel Indigo Austin allows pets with a one time fee of 75 USD per stay. Up to two pets per room, with a size limit of 75 pounds. The hotel also has designated areas for pets | Pet fee per stay: 75 USD | Pet damage deposit: 75 USD | Pet weight limit: 75 | 2 pets allowed | Pets allowed: Only dogs allowed",,austin-tx
"Hotel Trinity, Autograph Collection",pet-friendly-hotels,311 E 5th Street,Austin,TX,78701,+1-512-814-5990,https://www.marriott.com/en-us/hotels/ausdk-hotel-trinity-autograph-collection/overview/,https://www.marriott.com/en-us/hotels/ausdk-hotel-trinity-autograph-collection/overview/,OFFICIAL_PROPERTY,2026-09-30,,,Pet Policy | Pets Welcome | 1 pet 50 lbs max per pet per room with non-refundable fee. Dogs & Cats welcome | Maximum Pet Weight: 50.0lbs | Maximum Number of Pets in Room: 1,,austin-tx
Hotel Van Zandt,pet-friendly-hotels,605 Davis Street,Austin,TX,78701,(512) 542-5300,http://www.hotelvanzandt.com,https://www.hotelvanzandt.com/,OFFICIAL_PROPERTY,2026-09-30,,,Dog-Friendly,,austin-tx
Hyatt Centric Congress Avenue Austin,pet-friendly-hotels,721 Congress Avenue,Austin,TX,78701,+1 512-439-1234,https://www.hyatt.com/en-US/hotel/texas/hyatt-centric-congress-avenue-austin/ausct,https://www.hyatt.com/hyatt-centric/en-US/ausct-hyatt-centric-congress-avenue-austin,OFFICIAL_PROPERTY,2026-09-30,,,"Your Pet Is Welcome, Too | Your pets are welcome at Hyatt Centric Congress Avenue Austin. Bring up to two dogs along when you s | Pet Fees | Price Free | Weight Limits | Individual pet weight limit Pounds | Combined pets weight limit Pounds | Maximum number of pets is 2.",,austin-tx
Hyatt House Austin/Downtown,pet-friendly-hotels,901 Neches Street,Austin,TX,78701,(512) 391-0000,https://www.hyatt.com/en-US/hotel/texas/hyatt-house-austin-downtown/ausxd,https://www.hyatt.com/hyatt-house/en-US/ausxd-hyatt-house-austin-downtown,OFFICIAL_PROPERTY,2026-09-30,,,"We Are Pet Friendly | Whether you're visiting for a few days or a few weeks, our extended-stay hotel in Austin is happy to | Pet Fees | 1-6 nights $100 STAY | 7-30 nights + additional cleaning fee $200 STAY | Weight Limits | Individual pet weight limit Pounds | Combined pets weight limit Pounds | Maximum number of pets is 2.",,austin-tx
Hyatt Place Austin Airport,pet-friendly-hotels,9532 Spirit of Austin Lane,Austin,TX,78719,+1 512-272-5001,https://austinairport.place.hyatt.com,https://www.hyatt.com/hyatt-place/en-US/auszi-hyatt-place-austin-airport,OFFICIAL_PROPERTY,2026-09-30,,,"Pets Are Welcome | Hyatt Place Austin Airport welcomes dogs. For more information, please contact our team directly at | Pet Fees | 1-3 Nights $75 STAY | 4+ Nights $125 STAY",,austin-tx
Hyatt Place Austin / Cedar Park,pet-friendly-hotels,1315 East New Hope Drive,Cedar Park,TX,78641,,https://www.hyatt.com/en-us/hotel/texas/hyatt-place-austin-cedar-park/auszc,https://www.hyatt.com/hyatt-place/en-US/auszc-hyatt-place-austin-cedar-park,OFFICIAL_PROPERTY,2026-09-30,,,Pets Are Welcome | We are a pet-friendly hotel. Bring up to two housebroken dogs when you stay at Hyatt Place Austin / | Pet Fees | 1-6 nights $75 STAY | 7-30 nights (includes cleaning fee) $175 STAY | Weight Limits | Individual pet weight limit Pounds | Combined pets weight limit Pounds | Maximum number of pets is 2.,,austin-tx
Hyatt Place Austin Downtown,pet-friendly-hotels,211 E 3rd Street,Austin,TX,78701,+1 512-476-4440,http://www.hyattplaceaustindowntown.com,https://www.hyatt.com/hyatt-place/en-US/auszd-hyatt-place-austin-downtown?src=vanity_hyattplaceaustindowntown.com,OFFICIAL_PROPERTY,2026-09-30,,,We Are Pet Friendly | Enjoy a relaxing stay at our pet-friendly hotel in beautiful downtown Austin. We understand that you | Pet Fees | Up to 7 nights (non-refundable) $100 STAY $200 7+ nights (non-refundable) | Weight Limits | Individual pet weight limit Pounds | Combined pets weight limit Pounds | Maximum number of pets is 2.,,austin-tx
Hyatt Place Austin / Lake Travis / Four Points,pet-friendly-hotels,7300 N FM 620,Austin,TX,78726,(512) 369-3120,https://www.hyatt.com/en-US/hotel/texas/hyatt-place-austin-lake-travis-four-points/auszl,https://www.hyatt.com/hyatt-place/en-US/auszl-hyatt-place-austin-lake-travis-four-points,OFFICIAL_PROPERTY,2026-09-30,,,Pets Are Welcome | We welcome up to two housebroken dogs or cats along when you stay at Hyatt Place Austin / Lake Travi | Pet Fees | 1-6 nights $100 STAY | 7-30 nights (includes cleaning fee) $200 STAY | Weight Limits | Individual pet weight limit Pounds | Combined pets weight limit Pounds | Maximum number of pets is 2.,,austin-tx
Hyatt Place Austin/Round Rock,pet-friendly-hotels,420 Sundance Parkway,Round Rock,TX,78681,,https://www.hyatt.com/en-US/hotel/texas/hyatt-place-austin-round-rock/auszr,https://www.hyatt.com/hyatt-place/en-US/auszr-hyatt-place-austin-round-rock,OFFICIAL_PROPERTY,2026-09-30,,,Pets Are Welcome | We're happy to welcome your furry companions at our pet-friendly Hyatt Place Austin/Round Rock. For | Pet Fees | 1-6 nights (One-time nonrefundable cleaning fee) $100 STAY | 7-30 nights + additional cleaning fee $200 STAY | Weight Limits | Individual pet weight limit Pounds | Combined pets weight limit Pounds | Maximum number of pets is 2.,,austin-tx
Hyatt Place Austin The Domain Area,pet-friendly-hotels,3612 Tudor Boulevard,Austin,TX,78759,+1 512-231-8491,https://www.hyatt.com/en-US/hotel/texas/hyatt-place-austin-arboretum/ausza,https://www.hyatt.com/hyatt-place/en-US/ausza-hyatt-place-austin-the-domain-area,OFFICIAL_PROPERTY,2026-09-30,,,"Pets Are Welcome | Your pets are welcome at our pet-friendly hotel, Hyatt Place Austin The Domain Area. We allow a maxi | Pet Fees | 1-6 nights $100 STAY | 7-30 nights + additional cleaning fee $200 STAY | Weight Limits | Individual pet weight limit Pounds | Combined pets weight limit Pounds | Maximum number of pets is 2.",,austin-tx
Hyatt Regency Austin,pet-friendly-hotels,208 Barton Springs,Austin,TX,78704,+1 512-477-1234,https://www.hyatt.com/hyatt-regency/en-US/ausra-hyatt-regency-austin,https://www.hyatt.com/hyatt-regency/en-US/ausra-hyatt-regency-austin,OFFICIAL_PROPERTY,2026-09-30,,,We Are Pet Friendly | Hyatt Regency Austin's pet-friendly program makes it easier for pet lovers and their four-legged fri | Pet Fees | Up to 6 nights $150 STAY | 7-10 nights (additional fee) $150 STAY | Weight Limits | Individual pet weight limit Pounds | Combined pets weight limit Pounds | Maximum number of pets is 2.,,austin-tx
La Quinta Inn & Suites by Wyndham Austin Airport,pet-friendly-hotels,7625 E. Ben White Boulevard,Austin,TX,78741,(512) 386-6800,https://www.wyndhamhotels.com/laquinta/austin-texas/la-quinta-austin-airport/overview,https://www.wyndhamhotels.com/laquinta/austin-texas/la-quinta-austin-airport/overview,OFFICIAL_PROPERTY,2026-09-30,,,Service Animals - ADA-defined service animals are welcome free of charge. / Pets Allowed - 2 pets max. Cats and dogs only. 75lbs or less per pet. / Fees - Non-refundable 25 USD nightly for up to 2 pets. Max 75 USD per stay. / Other Information - Contact hotel for additional details and availability.,,austin-tx
La Quinta Inn & Suites by Wyndham Austin - Cedar Park,pet-friendly-hotels,1010 East Whitestone Blvd,Cedar Park,TX,78613,(512) 528-9300,https://www.wyndhamhotels.com/laquinta/cedar-park-texas/la-quinta-austin-cedar-park/overview,https://www.wyndhamhotels.com/laquinta/cedar-park-texas/la-quinta-austin-cedar-park/overview,OFFICIAL_PROPERTY,2026-09-30,,,Service Animals - ADA-defined service animals are welcome free of charge. / Pets Allowed - 2 pets max. Cats and dogs only. 75lbs or less per pet. / Fees - Non-refundable 25 USD nightly for up to 2 pets. Max 75 USD per stay. / Other Information - Contact hotel for additional details and availability.,,austin-tx
La Quinta Inn & Suites by Wyndham Austin Near The Domain,pet-friendly-hotels,11901 North Mopac Expway,Austin,TX,78759,(512) 832-2121,https://www.wyndhamhotels.com/laquinta/austin-texas/la-quinta-austin-at-the-domain/overview,https://www.wyndhamhotels.com/laquinta/austin-texas/la-quinta-austin-at-the-domain/overview,OFFICIAL_PROPERTY,2026-09-30,,,Service Animals - ADA-defined service animals are welcome free of charge. / Pets Allowed - 2 pets max. Cats and dogs only. 75lbs or less per pet. / Fees - Non-refundable 25 USD nightly for up to 2 pets. Max 75 USD per stay. / Other Information - Contact hotel for additional details in availability.,,austin-tx
La Quinta Inn & Suites by Wyndham Austin NW/Lakeline Mall,pet-friendly-hotels,10701 Lakeline Mall Drive,Austin,TX,78717,+1 512-568-3538,https://www.wyndhamhotels.com/laquinta/austin-texas/la-quinta-austin-nw-lakeline-mall/overview,https://www.wyndhamhotels.com/laquinta/austin-texas/la-quinta-austin-nw-lakeline-mall/overview,OFFICIAL_PROPERTY,2026-09-30,,,Service Animals - ADA-defined service animals are welcome free of charge. / Pets Allowed - 2 pets max. Cats and dogs only. 75lbs or less per pet. / Fees - Non-refundable 25 USD nightly for up to 2 pets. Max 75 USD per stay. / Other Information - Contact hotel for additional details and availability.,,austin-tx
La Quinta Inn & Suites by Wyndham Austin Parmer/Tech Ridge,pet-friendly-hotels,106 West Canyon Ridge Dr,Austin,TX,78753,(512) 366-5725,https://www.wyndhamhotels.com/laquinta/austin-texas/la-quinta-inn-and-suites-austin-parmer-tech-ridge/overview,https://www.wyndhamhotels.com/laquinta/austin-texas/la-quinta-inn-and-suites-austin-parmer-tech-ridge/overview,OFFICIAL_PROPERTY,2026-09-30,,,Service Animals - ADA-defined service animals are welcome free of charge./Pets Allowed - 2 pets max. Cats and dogs only. 75lbs or less per pet./Fees - Non-refundable 25 USD nightly for up to 2 pets. Max 75 USD per stay./Other Information - Contact hotel for additional details and availability.,,austin-tx
La Quinta Inn & Suites by Wyndham Austin Round Rock,pet-friendly-hotels,150 Parker Drive,Austin,TX,78728,(512) 246-2800,https://www.wyndhamhotels.com/laquinta/austin-texas/la-quinta-austin-round-rock/overview,https://www.wyndhamhotels.com/laquinta/austin-texas/la-quinta-austin-round-rock/overview,OFFICIAL_PROPERTY,2026-09-30,,,Service Animals - ADA-defined service animals are welcome free of charge. / Pets Allowed - 2 pets max. Cats and dogs only. 75lbs or less per pet. / Fees - Non-refundable 25 USD nightly for up to 2 pets. Max 75 USD per stay. / Other Information - Contact hotel for additional details and availability.,,austin-tx
La Quinta Inn & Suites by Wyndham Austin South,pet-friendly-hotels,1620 Teri Rd,Austin,TX,78744,(512) 886-0092,https://www.wyndhamhotels.com/laquinta/austin-texas/la-quinta-inn-and-suites-austin-south/overview,https://www.wyndhamhotels.com/laquinta/austin-texas/la-quinta-inn-and-suites-austin-south/overview,OFFICIAL_PROPERTY,2026-09-30,,,Service Animals - ADA-defined service animals are welcome free of charge./Pets Allowed - 2 pets max. Cats and dogs only. 75lbs or less per pet./Fees - Non-refundable 25 USD nightly for up to 2 pets. Max 75 USD per stay./Other Information - Contact hotel for additional details and availability.,,austin-tx
La Quinta Inn & Suites by Wyndham Kyle - Austin South,pet-friendly-hotels,18869 IH35 North,Kyle,TX,78640,1-512-2955599,https://www.wyndhamhotels.com/laquinta/kyle-texas/la-quinta-kyle-austin-south/overview,https://www.wyndhamhotels.com/laquinta/kyle-texas/la-quinta-kyle-austin-south/overview,OFFICIAL_PROPERTY,2026-09-30,,,Service Animals - ADA-defined service animals are welcome free of charge. / Pets Allowed - 2 pets max. Cats and dogs only. 75lbs or less per pet. / Fees - Non-refundable 25 USD nightly for up to 2 pets. Max 75 USD per stay. / Other Information - Contact hotel for additional details and availability.,,austin-tx
La Quinta Inn & Suites by Wyndham Lakeway,pet-friendly-hotels,1943 Medical Dr.,Lakeway,TX,78734,(512) 263-1300,https://www.wyndhamhotels.com/laquinta/lakeway-texas/la-quinta-inn-and-suites-lakeway/overview,https://www.wyndhamhotels.com/laquinta/lakeway-texas/la-quinta-inn-and-suites-lakeway/overview,OFFICIAL_PROPERTY,2026-09-30,,,Service Animals - ADA-defined service animals are welcome free of charge. / Pets Allowed - 2 pets max. Cats and dogs only. 75lbs or less per pet. / Fees - Non-refundable 25 USD nightly for up to 2 pets. Max 75 USD per stay. / Other Information - Contact hotel for additional details and availability.,,austin-tx
La Quinta Inn & Suites by Wyndham Round Rock near Kalahari,pet-friendly-hotels,3900 East Palm Valley Blvd,Round Rock,TX,78665,+1 737-346-6652,https://www.wyndhamhotels.com/laquinta/round-rock-texas/la-quinta-inn-and-suites-round-rock-east-near-kalahari/overview,https://www.wyndhamhotels.com/laquinta/round-rock-texas/la-quinta-inn-and-suites-round-rock-east-near-kalahari/overview,OFFICIAL_PROPERTY,2026-09-30,,,Service Animals - ADA-defined service animals are welcome free of charge. / Pets Allowed - 2 pets max. Cats and dogs only. 75lbs or less per pet. / Fees - Non-refundable 25 USD nightly for up to 2 pets. Max 75 USD per stay. / Other Information - Contact hotel for additional details and availability.,,austin-tx
La Quinta Inn & Suites by Wyndham Round Rock North,pet-friendly-hotels,2004 North I-35,Round Rock,TX,78681,+1-512-255-6666,https://www.wyndhamhotels.com/laquinta/round-rock-texas/la-quinta-round-rock-north/overview,https://www.wyndhamhotels.com/laquinta/round-rock-texas/la-quinta-round-rock-north/overview,OFFICIAL_PROPERTY,2026-09-30,,,Service Animals - ADA-defined service animals are welcome free of charge. / Pets Allowed - 2 pets max. Cats and dogs only. 75lbs or less per pet. / Fees - Non-refundable 25 USD nightly for up to 2 pets. Max 75 USD per stay. / Other Information - Contact hotel for additional details and availability.,,austin-tx
La Quinta Inn by Wyndham Austin Capitol / Downtown,pet-friendly-hotels,300 E 11th Street,Austin,TX,78701,(512) 476-1166,https://www.wyndhamhotels.com/laquinta/austin-texas/la-quinta-inn-austin-capitol-downtown/overview,https://www.wyndhamhotels.com/laquinta/austin-texas/la-quinta-inn-austin-capitol-downtown/overview,OFFICIAL_PROPERTY,2026-09-30,,,Service Animals - ADA-defined service animals are welcome free of charge. / Pets Allowed - 2 pets max. Cats and dogs only. 75lbs or less per pet. / Fees - Non-refundable 25 USD nightly for up to 2 pets. Max 75 USD per stay. / Other Information - Contact hotel for additional details and availability.,,austin-tx
La Quinta Inn by Wyndham Austin North,pet-friendly-hotels,7622 I-35 North,Austin,TX,78752,(512) 467-1701,https://www.wyndhamhotels.com/laquinta/austin-texas/la-quinta-inn-austin-north/overview,https://www.wyndhamhotels.com/laquinta/austin-texas/la-quinta-inn-austin-north/overview,OFFICIAL_PROPERTY,2026-09-30,,,Service Animals - ADA-defined service animals are welcome free of charge. / Pets Allowed - 2 pets max. Cats and dogs only. 75lbs or less per pet. / Fees - Non-refundable 25 USD nightly for up to 2 pets. Max 75 USD per stay. / Other Information - Contact hotel for additional details and availability.,,austin-tx
La Quinta Inn by Wyndham Austin Oltorf,pet-friendly-hotels,1603 E. Oltorf Boulevard,Austin,TX,78741,(719) 244-6331,https://www.wyndhamhotels.com/laquinta/austin-texas/la-quinta-inn-austin-oltorf/overview,https://www.wyndhamhotels.com/laquinta/austin-texas/la-quinta-inn-austin-oltorf/overview,OFFICIAL_PROPERTY,2026-09-30,,,Service Animals - ADA-defined service animals are welcome free of charge. / Pets Allowed - 2 pets max. Cats and dogs only. 75lbs or less per pet. / Fees - Non-refundable 25 USD nightly for up to 2 pets. Max 75 USD per stay. / Other Information - Contact hotel for additional details and availability.,,austin-tx
Lake Austin Spa Resort,pet-friendly-hotels,1705 S Quinlan Park Rd,Austin,TX,78732,(512) 372-7300,https://www.lakeaustin.com/,https://www.lakeaustin.com/,OFFICIAL_PROPERTY,2026-09-30,,,"Are pets allowed? We’re thrilled to welcome dogs at Lake Austin Spa Resort. Indeed, dogs and the lake were made for each other. So, when you bring your pup or service dog along for your resort stay, they’ll be treated with thoughtful attention and specialized pet-friendly service. For more information about what a stay with your furry friend entails, please consult our pet visitor page .",,austin-tx
Lone Star Court,pet-friendly-hotels,10901 Domain Drive,Austin,TX,78758,(210) 220-3007,https://www.lonestarcourt.com/,https://www.lonestarcourt.com/,OFFICIAL_PROPERTY,2026-09-30,,,"Pet Policy Lone Star Court does allow pets in designated pet-friendly rooms and designated public areas. Pet fee and waiver are required at check-in. Note: Emotional support animals, comfort animals, and therapy dogs are not considered service animals under Title II and Title III of the ADA, and are subject to pet fees and waivers at check-in. Pet Policy What is the pet fee? The pet fee is $150 per pet, non-refundable. Number of pets allowed? Two pets maximum are allowed. Yes, the weight limit i",,austin-tx
Marriott North Austin Round Rock,pet-friendly-hotels,2600 La Frontera Boulevard,Round Rock,TX,78681,+1 512-733-6767,https://www.marriott.com/en-us/hotels/ausno-marriott-north-austin-round-rock/overview/,https://www.marriott.com/en-us/hotels/ausno-marriott-north-austin-round-rock/overview/,OFFICIAL_PROPERTY,2026-09-30,,,Pet Policy | Pets Welcome | Non-refundable pet fee of $75 | Non-Refundable Pet Fee Per Stay: $75.00,,austin-tx
Moxy Austin - University,pet-friendly-hotels,2552 Guadalupe Street,Austin,TX,78705,(737) 471-2621,https://www.marriott.com/en-us/hotels/ausox-moxy-austin-university/overview/,https://www.marriott.com/en-us/hotels/ausox-moxy-austin-university/overview/,OFFICIAL_PROPERTY,2026-09-30,,,"Pet Policy | Pets Welcome. | Dog friendly only. 50LBS or less. $75/stay for 1 dog, $100/stay for 2 dogs. | Non-Refundable Pet Fee Per Stay: $75.00 | Maximum Pet Weight: 50.0lbs | Maximum Number of Pets in Room: 2",,austin-tx
Omni Austin Hotel Downtown,pet-friendly-hotels,700 San Jacinto at 8th Street,Austin,TX,78701,,https://www.omnihotels.com/hotels/austin-downtown/property-details/policies,https://www.omnihotels.com/hotels/austin-downtown/property-details/policies,OFFICIAL_PROPERTY,2026-09-30,,,PET POLICY | Pets under 25lbs are welcome at Omni Austin with the following conditions: A non-refundable cleaning fee of $125.00 is paid upon check-in. This is for basic cleaning of pet hair and odor (Additional charges for damage may be imposed).,,austin-tx
Omni Barton Creek Resort & Spa,pet-friendly-hotels,8212 Barton Club Drive,Austin,TX,78735,(512) 329-4000,https://www.omnihotels.com/hotels/austin-barton-creek/property-details/policies,https://www.omnihotels.com/hotels/austin-barton-creek/property-details/policies,OFFICIAL_PROPERTY,2026-09-30,,,PET POLICY | Omni Barton Creek Resort & Spa is a pet-friendly resort. Guests must have a valid credit card on their reservation. Two (2) pets up to 60 lbs. each may be registered to a room. A non-refundable cleaning fee of $150 is to be paid upon check-in.,,austin-tx
"Origin Austin, a Wyndham Hotel",pet-friendly-hotels,1825 McBee St,Austin,TX,78723,+15128611140,https://www.wyndhamhotels.com/wyndham/austin-texas/origin-austin-a-wyndham-hotel/overview,https://www.wyndhamhotels.com/wyndham/austin-texas/origin-austin-a-wyndham-hotel/overview,OFFICIAL_PROPERTY,2026-09-30,,,Service Animals - ADA-defined service animals welcome. / Dogs Allowed. 2 dogs max. 60lbs or less per pet. / Fees - 50USD per pet per stay. / Other Information - Contact hotel for additional details and availability.,,austin-tx
Quality Inn Cedar Park - Austin Northwest,pet-friendly-hotels,300 E. Whitestone Blvd,Cedar Park,TX,78613,+1-512-379-2403,https://www.choicehotels.com/texas/cedar-park/quality-inn-hotels/tx372,https://www.choicehotels.com/texas/cedar-park/quality-inn-hotels/tx372,OFFICIAL_PROPERTY,2026-09-30,,,"Pets | Pets Allowed: Yes | General: Pets allowed: Dogs only. 25 USD per pet, per night. 100 USD refundable deposit required. A",,austin-tx
Red Roof PLUS+ Austin South - Airport,pet-friendly-hotels,4701 S I-35 Frontage Rd,Austin,TX,78744,(512) 448-0091,https://www.redroof.com/property/tx/austin/RRI258,https://www.redroof.com/property/tx/austin/rri258,OFFICIAL_PROPERTY,2026-09-30,,,"Pet Policy: One, well-behaved domestic pet (cat or dog) Stays Free! Pets must be declared at check-in. Up to 2 pets allowed per room. Second pet $15/ night, not to exceed 7 nights or $105 per pet per stay. Pet not to exceed 80 pounds. Service and emotional support animals are always welcome. Guest rooms with pets will require daily housekeeping.",,austin-tx
Renaissance Austin Arboretum Domain Hotel,pet-friendly-hotels,9721 Arboretum Boulevard,Austin,TX,78759,(512) 343-2626,https://www.marriott.com/en-us/hotels/aussh-renaissance-austin-arboretum-domain-hotel/overview/,https://www.marriott.com/en-us/hotels/aussh-renaissance-austin-arboretum-domain-hotel/overview/,OFFICIAL_PROPERTY,2026-09-30,,,"Pet Policy | Pets Welcome. | $50 per day, up to $200 per week | Non-Refundable Pet Fee Per Night: $50.00",,austin-tx
Renaissance Austin Downtown Hotel,pet-friendly-hotels,701 E 11th Street,Austin,TX,78701,+1 512-478-1111,https://www.marriott.com/en-us/hotels/ausbr-renaissance-austin-downtown-hotel/overview/,https://www.marriott.com/en-us/hotels/ausbr-renaissance-austin-downtown-hotel/overview/,OFFICIAL_PROPERTY,2026-09-30,,,Pet Policy | Pets Welcome. | Non-Refundable Pet Fee Per Night: $50.00 | Maximum Pet Weight: 40.0lbs | Maximum Number of Pets in Room: 2,,austin-tx
Residence Inn by Marriott Austin Airport,pet-friendly-hotels,3201 Caseybridge Court,Austin,TX,78744,+1 512-326-1100,https://www.marriott.com/en-us/hotels/ausra-residence-inn-austin-airport/overview/,https://www.marriott.com/en-us/hotels/ausra-residence-inn-austin-airport/overview/,OFFICIAL_PROPERTY,2026-09-30,,,Pet Policy | Pets Welcome | Daily cleaning fee of $5/ day in addition to the one time non-refundable pet fee | Non-Refundable Pet Fee Per Stay: $100.00 | Non-Refundable Pet Fee Per Night: ... | Maximum Number of Pets in Room: 2,,austin-tx
Residence Inn by Marriott Austin Lake Travis/River Place,pet-friendly-hotels,6608 River Place,Austin,TX,78730,(512) 735-9300,https://www.marriott.com/en-us/hotels/ausla-residence-inn-austin-lake-travis-river-place/overview/,https://www.marriott.com/en-us/hotels/ausla-residence-inn-austin-lake-travis-river-place/overview/,OFFICIAL_PROPERTY,2026-09-30,,,Pet Policy | Pets Welcome | $20 per night up to $100 non-refundable pet fee | Non-Refundable Pet Fee Per Stay: $100.00 | Maximum Number of Pets in Room: 2,,austin-tx
Residence Inn by Marriott Austin Northwest/The Domain Area,pet-friendly-hotels,11301 Burnet Road,Austin,TX,78758,+1 512-719-7055,https://www.marriott.com/en-us/hotels/ausnb-residence-inn-austin-northwest-the-domain-area/overview/,https://www.marriott.com/en-us/hotels/ausnb-residence-inn-austin-northwest-the-domain-area/overview/,OFFICIAL_PROPERTY,2026-09-30,,,Pet Policy | Pets Welcome | Pets allowed with non-refundable sanitation fee of USD 125 per room per stay | Non-Refundable Pet Fee Per Stay: $125.00 | Maximum Pet Weight: 75.0lbs | Maximum Number of Pets in Room: 2,,austin-tx
Residence Inn by Marriott Austin Parmer/Tech Ridge,pet-friendly-hotels,12401 North Lamar Boulevard,Austin,TX,78753,+1-512-977-0544,https://www.marriott.com/en-us/hotels/ausrn-residence-inn-austin-parmer-tech-ridge/overview/,https://www.marriott.com/en-us/hotels/ausrn-residence-inn-austin-parmer-tech-ridge/overview/,OFFICIAL_PROPERTY,2026-09-30,,,Pet Policy | Pets Welcome | Pets allowed with USD 100 non-refundable cleaning fee per room per stay | Non-Refundable Pet Fee Per Stay: $100.00 | Maximum Number of Pets in Room: 2,,austin-tx
Residence Inn by Marriott Austin Round Rock/Dell Way,pet-friendly-hotels,2505 S I H-35,Round Rock,TX,78664,,https://www.marriott.com/en-us/hotels/ausrk-residence-inn-austin-round-rock-dell-way/overview/,https://www.marriott.com/en-us/hotels/ausrk-residence-inn-austin-round-rock-dell-way/overview/,OFFICIAL_PROPERTY,2026-09-30,,,Pet Policy | Pets Welcome | Pets allowed with USD $100 non-refundable cleaning fee per stay. Dogs only. | Non-Refundable Pet Fee Per Stay: $100.00 | Maximum Pet Weight: 50.0lbs | Maximum Number of Pets in Room: 1,,austin-tx
Residence Inn by Marriott Austin South,pet-friendly-hotels,4537 South IH-35,Austin,TX,78744,(512) 912-1100,https://www.marriott.com/en-us/hotels/ausrs-residence-inn-austin-south/overview/,https://www.marriott.com/en-us/hotels/ausrs-residence-inn-austin-south/overview/,OFFICIAL_PROPERTY,2026-09-30,,,Pet Policy | Pets Welcome | 2 pets 50 lbs max per room-USD 150 non-refundable cleaning fee per room per stay | Non-Refundable Pet Fee Per Stay: $150.00 | Maximum Pet Weight: 50.0lbs | Maximum Number of Pets in Room: 2,,austin-tx
Residence Inn by Marriott Austin Southwest,pet-friendly-hotels,6000 US 290 West,Austin,TX,78735,(512) 892-0577,https://www.marriott.com/en-us/hotels/auswe-residence-inn-austin-southwest/overview/,https://www.marriott.com/en-us/hotels/auswe-residence-inn-austin-southwest/overview/,OFFICIAL_PROPERTY,2026-09-30,,,Pet Policy | Pets Welcome | 2 dogs/cats allowed with non-refundable fee of USD 100 per room per stay | Non-Refundable Pet Fee Per Stay: $100.00 | Maximum Number of Pets in Room: 2,,austin-tx
Residence Inn by Marriott Austin The Domain Area,pet-friendly-hotels,3713 Tudor Boulevard,Austin,TX,78759,+1 512-502-8200,https://www.marriott.com/en-us/hotels/ausri-residence-inn-austin-the-domain-area/overview/,https://www.marriott.com/en-us/hotels/ausri-residence-inn-austin-the-domain-area/overview/,OFFICIAL_PROPERTY,2026-09-30,,,Pet Policy | Pets Welcome | Pets allowed with USD 100 non-refundable fee per room per stay | Non-Refundable Pet Fee Per Stay: $100.00 | Maximum Number of Pets in Room: 2,,austin-tx
Residence Inn by Marriott Austin-University Area,pet-friendly-hotels,1209 E 51st St,Austin,TX,78723,+1 512-469-7842,https://www.marriott.com/en-us/hotels/ausrt-residence-inn-austin-university-area/overview/,https://www.marriott.com/en-us/hotels/ausrt-residence-inn-austin-university-area/overview/,OFFICIAL_PROPERTY,2026-09-30,,,Pet Policy | Pets Welcome | Pets 50 pounds or less allowed with non-refundable fee of USD 100 per stay | Non-Refundable Pet Fee Per Stay: $100.00 | Maximum Pet Weight: 50.0lbs | Maximum Number of Pets in Room: 2,,austin-tx
Residence Inn by Marriott Georgetown,pet-friendly-hotels,934 West University Avenue,Georgetown,TX,78626,,https://www.marriott.com/en-us/hotels/ausgr-residence-inn-georgetown/overview/,https://www.marriott.com/en-us/hotels/ausgr-residence-inn-georgetown/overview/,OFFICIAL_PROPERTY,2026-09-30,,,Pet Policy | Pets Welcome | Maximum of 2 dogsMaximum of 40 lbs each | Non-Refundable Pet Fee Per Stay: $75.00 | Maximum Pet Weight: 40.0lbs | Maximum Number of Pets in Room: 2,,austin-tx
Rodeway Inn Georgetown,pet-friendly-hotels,209 N Interstate 35 Frontage Rd,Georgetown,TX,78628,+1-512-863-5572,https://www.choicehotels.com/texas/georgetown/rodeway-inn-hotels/txl97,https://www.choicehotels.com/texas/georgetown/rodeway-inn-hotels/txl97,OFFICIAL_PROPERTY,2026-09-30,,,"Pets | Pets Allowed: Yes | General: Pets allowed 10.00 USD per pet, per night. Max 50 lbs, 2 pets per room.. Service animals ar",,austin-tx
ROOST Rainey,pet-friendly-hotels,80 Rainey St,Austin,TX,78701,(512) 547-3080,https://www.myroost.com/hotel/rainey-austin-texas,https://www.myroost.com/hotel/rainey-austin-texas,OFFICIAL_PROPERTY,2026-09-30,,,"Is ROOST pet friendly? We love pets! In the interest of the security and safety of all our guests, we do not allow dogs above 40 lbs. We only allow dogs. We charge a cleaning fee up to $350 for all pets (depending on length of stay).",,austin-tx
Sheraton Austin Georgetown Hotel & Conference Center,pet-friendly-hotels,1101 Woodlawn Avenue,Georgetown,TX,78628,+1 737 444 2700,https://www.marriott.com/en-us/hotels/ilegt-sheraton-austin-georgetown-hotel-and-conference-center/overview/,https://www.marriott.com/en-us/hotels/ilegt-sheraton-austin-georgetown-hotel-and-conference-center/overview/,OFFICIAL_PROPERTY,2026-09-30,,,"Pet Policy | Pets Welcome | Dogs/cats. 40 lbs. max. $100 non-refundable fee per stay, $20 fee per night. | Non-Refundable Pet Fee Per Stay: $100.00 | Non-Refundable Pet Fee Per Night: ... | Maximum Pet Weight: 40.0lbs",,austin-tx
Sleep Inn & Suites Austin - Northeast,pet-friendly-hotels,8410 Highway 290 East,Austin,TX,78724,+1 512-524-5400,https://www.choicehotels.com/texas/austin/sleep-inn-hotels/txd33,https://www.choicehotels.com/texas/austin/sleep-inn-hotels/txd33,OFFICIAL_PROPERTY,2026-09-30,,,Pets | Pets Allowed: Yes | General: Pets Are Allowed. 25.00 USD Per Night and Per Pet. A maximum of 60 pounds. A maximum of 2 p,,austin-tx
Sonesta Bee Cave Austin Hill Country,pet-friendly-hotels,12525 Bee Cave Parkway,Bee Cave,TX,78738,,https://www.sonesta.com/sonesta-hotels-resorts/tx/bee-cave/sonesta-bee-cave-austin,https://www.sonesta.com/sonesta-hotels-resorts/tx/bee-cave/sonesta-bee-cave-austin,OFFICIAL_PROPERTY,2026-09-30,,,"Pet-Friendly Hotel in Bee Cave, TX | Sonesta Bee Cave Austin Hill Country is pet-friendly and welcomes well-mannered pets, with no breed or weight restrictions. | $75 fee per stay applies.",,austin-tx
Sonesta ES Suites Austin The Domain Area,pet-friendly-hotels,10201 Stonelake Blvd,Austin,TX,78759,(512) 349-0888,https://www.sonesta.com/sonesta-es-suites/tx/austin/sonesta-es-suites-austin-domain-area,https://www.sonesta.com/sonesta-es-suites/tx/austin/sonesta-es-suites-austin-domain-area,OFFICIAL_PROPERTY,2026-09-30,,,"Pet-Friendly Hotel Near The Domain, Austin | Sonesta ES Suites Austin The Domain Area is pet-friendly and welcomes well-mannered pets, with no br | $75 fee applies for stays up to 7 nights; $150 for all longer stays.",,austin-tx
Sonesta Select Austin North,pet-friendly-hotels,7522 North IH-35,Austin,TX,78752,+1-512-323-2121,https://www.sonesta.com/sonesta-select/tx/austin/sonesta-select-austin-north,https://www.sonesta.com/sonesta-select/tx/austin/sonesta-select-austin-north,OFFICIAL_PROPERTY,2026-09-30,,,"Pet-Friendly Hotel in North Austin | Sonesta Select Austin North is pet-friendly and welcomes well-mannered pets, with no breed or weight | $75 per stay for up to 6 nights and from night 7, add $100 cleaning fee.",,austin-tx
Sonesta Simply Suites Austin The Domain Area,pet-friendly-hotels,9701 Stonelake Boulevard,Austin,TX,78759,(512) 338-1611,https://www.sonesta.com/sonesta-simply-suites/tx/austin/sonesta-simply-suites-austin-domain-area,https://www.sonesta.com/sonesta-simply-suites/tx/austin/sonesta-simply-suites-austin-domain-area,OFFICIAL_PROPERTY,2026-09-30,,,"Pet-Friendly Hotel Near The Domain | Sonesta Simply Suites Austin The Domain is pet-friendly and welcomes well-mannered pets, with no bre | $75 fee applies for stays up to 7 nights; $150 for all longer stays.",,austin-tx
Spark by Hilton Round Rock,pet-friendly-hotels,609 Chisholm Trail Road,Round Rock,TX,78681,+1 512-244-2700,https://www.hilton.com/en/hotels/ausrdpe-spark-round-rock/,https://www.hilton.com/en/hotels/ausrdpe-spark-round-rock/hotel-info/,OFFICIAL_PROPERTY,2026-09-30,,,Pets | Pets allowed: Yes | Non-refundable fee: $75.00 | Max weight: 50 lbs | Max size: medium,,austin-tx
SpringHill Suites by Marriott Austin Round Rock,pet-friendly-hotels,2960 Hoppe Trail,Round Rock,TX,78681,+1 512-733-6700,https://www.marriott.com/en-us/hotels/ausan-springhill-suites-austin-round-rock/overview/,https://www.marriott.com/en-us/hotels/ausan-springhill-suites-austin-round-rock/overview/,OFFICIAL_PROPERTY,2026-09-30,,,Pet Policy | Pets Welcome | Maximum Number of Pets in Room: 2,,austin-tx
SpringHill Suites by Marriott Austin South,pet-friendly-hotels,4501 South IH-35,Austin,TX,78744,(512) 441-8270,https://www.marriott.com/en-us/hotels/ausst-springhill-suites-austin-south/overview/,https://www.marriott.com/en-us/hotels/ausst-springhill-suites-austin-south/overview/,OFFICIAL_PROPERTY,2026-09-30,,,Pet Policy | Pets Welcome | Dogs Welcomed | Non-Refundable Pet Fee Per Stay: $75.00 | Maximum Pet Weight: 50.0lbs | Maximum Number of Pets in Room: 2,,austin-tx
SpringHill Suites by Marriott Austin The Domain Area,pet-friendly-hotels,10936 Stonelake Blvd.,Austin,TX,78759,+1 512-349-0444,https://www.marriott.com/en-us/hotels/aussn-springhill-suites-austin-the-domain-area/overview/,https://www.marriott.com/en-us/hotels/aussn-springhill-suites-austin-the-domain-area/overview/,OFFICIAL_PROPERTY,2026-09-30,,,Pet Policy | Pets Welcome | Dogs only 60lb max. Non refundable $75 fee per 5 nights. 1 dog per room. | Maximum Pet Weight: 60.0lbs | Maximum Number of Pets in Room: 1,,austin-tx
SpringHill Suites by Marriott Austin West/Lakeway,pet-friendly-hotels,322 Medical Parkway,Lakeway,TX,78738,+1 512-599-4434,https://www.marriott.com/en-us/hotels/auswl-springhill-suites-austin-west-lakeway/overview/,https://www.marriott.com/en-us/hotels/auswl-springhill-suites-austin-west-lakeway/overview/,OFFICIAL_PROPERTY,2026-09-30,,,Pet Policy | Pets Welcome | Non-Refundable Pet Fee Per Stay: $125.00 | Maximum Number of Pets in Room: 1,,austin-tx
Staybridge Suites Austin Airport,pet-friendly-hotels,1611 Airport Commerce Drive,Austin,TX,78741,(512) 389-9767,https://www.ihg.com/staybridge/hotels/us/en/austin/ausrs/hoteldetail,https://www.ihg.com/staybridge/hotels/us/en/austin/ausrs/hoteldetail,OFFICIAL_PROPERTY,2026-09-30,,,Amenities Parking Pet friendly Pool Fitness center Wi-Fi included Parking Pet friendly Pool Fitness center Wi-Fi included VIEW ALL AMENITIES Social Hour Join us for a variety of free appetizers and beverages at our evening reception. Can I bring my pet to Staybridge Suites Austin Airport? Pets are welcome at Staybridge Suites Austin Airport. Our Pet Policy: Guidelines for guests traveling with pets Dogs only up to 50 pounds each with updated vaccination records Maximum of two dogs per suite Non,,austin-tx
Staybridge Suites Austin North - Parmer Lane,pet-friendly-hotels,13000 N. IH 35 Bldg 9,Austin,TX,78753,(512) 410-4747,https://www.ihg.com/staybridge/hotels/us/en/austin/ausst/hoteldetail,https://www.ihg.com/staybridge/hotels/us/en/austin/ausst/hoteldetail,OFFICIAL_PROPERTY,2026-09-30,,,Amenities Parking Pet friendly Pool Fitness center Wi-Fi included Meeting facilities Parking Pet friendly Pool Fitness center Wi-Fi included Meeting facilities VIEW ALL AMENITIES Social Hour Join us for a variety of free appetizers and beverages at our evening reception. Can I bring my pet to Staybridge Suites Austin North - Parmer Lane? Pets are welcome at Staybridge Suites Austin North - Parmer Lane. There is a pet deposit per stay of 75 USD . Our Pet Policy: Pets allowed with nonrefundable fe,,austin-tx
Staybridge Suites Austin Northwest,pet-friendly-hotels,13087 Hwy 183 North,Austin,TX,78750,(512) 336-7829,https://www.ihg.com/staybridge/hotels/us/en/austin/aushc/hoteldetail,https://www.ihg.com/staybridge/hotels/us/en/austin/aushc/hoteldetail,OFFICIAL_PROPERTY,2026-09-30,,,Amenities Parking Pet friendly Pool Fitness center Wi-Fi included Meeting facilities Parking Pet friendly Pool Fitness center Wi-Fi included Meeting facilities VIEW ALL AMENITIES Social Hour Join us for a variety of free appetizers and beverages at our evening reception. Can I bring my pet to Staybridge Suites Austin Northwest? Pets are welcome at Staybridge Suites Austin Northwest. There is a pet deposit per stay of 75 USD . Our Pet Policy: Pet fee is a nonrefundable fee of 75 dollars for the f,,austin-tx
Staybridge Suites Austin NW – Lake Travis Area,pet-friendly-hotels,7710 North FM 620,Austin,TX,78726,1-512-8794046,https://www.ihg.com/staybridge/hotels/us/en/austin/ausvp/hoteldetail,https://www.ihg.com/staybridge/hotels/us/en/austin/ausvp/hoteldetail,OFFICIAL_PROPERTY,2026-09-30,,,"Amenities Parking Pet friendly Pool Fitness center Wi-Fi included Meeting facilities Parking Pet friendly Pool Fitness center Wi-Fi included Meeting facilities VIEW ALL AMENITIES Social Hour Join us for a variety of free appetizers and beverages at our evening reception. Wednesday, Thursday, Friday 7:00 AM - 10:00 AM Saturday, Sunday Additional Offers --> View All Offers Hotel Highlights Hotel Highlights Fully Equipped Kitchen The Social Happy Hour Complimentary Hot Breakfast Complimentary Laund",,austin-tx
Staybridge Suites Austin-Round Rock,pet-friendly-hotels,520 I-35,Round Rock,TX,78681,1-512-7330942,https://www.ihg.com/staybridge/hotels/us/en/round-rock/ausrr/hoteldetail,https://www.ihg.com/staybridge/hotels/us/en/round-rock/ausrr/hoteldetail,OFFICIAL_PROPERTY,2026-09-30,,,Amenities Parking Pet friendly Pool Fitness center Wi-Fi included Meeting facilities Parking Pet friendly Pool Fitness center Wi-Fi included Meeting facilities VIEW ALL AMENITIES Social Hour Join us for a variety of free appetizers and beverages at our evening reception. Can I bring my pet to Staybridge Suites Austin-Round Rock? Pets are welcome at Staybridge Suites Austin-Round Rock. There is a pet deposit per stay of 75 USD . Our Pet Policy: Pets allowed with nonrefundable fee 1 to 6 nts is 75,,austin-tx
Staybridge Suites Cedar Park - Austin N,pet-friendly-hotels,1110 Arrow Point Drive,Cedar Park,TX,78613,1-512-5285750,https://www.ihg.com/staybridge/hotels/us/en/cedar-park/auscr/hoteldetail,https://www.ihg.com/staybridge/hotels/us/en/cedar-park/auscr/hoteldetail,OFFICIAL_PROPERTY,2026-09-30,,,"Pet-Friendly Cedar Park, TX Hotel | Staybridge Suites Cedar Park - Austin N Skip To main content Your session will expire in 5 minutes , 0 seconds , due to inactivity. Enjoy complimentary guest laundry, high speed Wi Fi, a 24 hour fitness center, business center, outdoor pool, grilling area, and pet friendly accommodations. Amenities Parking Pet friendly Pool Fitness center Wi-Fi included Meeting facilities Parking Pet friendly Pool Fitness center Wi-Fi included Meeting facilities VIEW ALL AMENI",,austin-tx
Super 8 by Wyndham Austin Downtown/Capitol Area,pet-friendly-hotels,1201 North I 35,Austin,TX,78702,(512) 472-8331,https://www.wyndhamhotels.com/super-8/austin-texas/super-8-austin-dtwn-capitol-area/overview,https://www.wyndhamhotels.com/super-8/austin-texas/super-8-austin-dtwn-capitol-area/overview,OFFICIAL_PROPERTY,2026-09-30,,,Pets are welcome for a fee. 35USD per pet per night. ADA defined service animals are welcome at this hotel.,,austin-tx
The Inn at Green Pastures,pet-friendly-hotels,811 West Live Oak Street,Austin,TX,78704,(512) 640-2000,https://www.greenpasturesaustin.com/,https://greenpasturesaustin.com/faq/,OFFICIAL_PROPERTY,2026-09-30,,,Pet Friendly | The Inn is dog-friendly and allows up to two dogs per room. A non-refundable pet fee of $100 is collected at check-in. 15% of the fee is donated to Austin Pets Alive.,,austin-tx
The LINE Austin,pet-friendly-hotels,111 E Cesar Chavez St,Austin,TX,78701,(512) 478-9611,https://www.thelinehotel.com/austin/,https://www.thelinehotel.com/austin/,OFFICIAL_PROPERTY,2026-09-30,,,"Animals We allow domesticated dogs and cats, provided, that animals may not be left unattended. No other animals or unattended pets are permitted in the Hotel, without prior approval. No animals or pets are permitted in restaurants, or in bar spaces at the Hotel except for trained service animals. Guests are solely responsible for any damages and/or cleaning costs caused by their animals. Can I bring my pet to the hotel? Pets are welcome at the LINE Austin free of charge.",,austin-tx
The Loren Austin,pet-friendly-hotels,1211 W Riverside Dr,Austin,TX,78704,+1-512-580-1182,https://www.thelorenhotels.com/austin,https://www.thelorenhotels.com/austin,OFFICIAL_PROPERTY,2026-09-30,,,"Pet Policy Pets are always welcome at The Loren Hotel Austin. $100 one time, non-refundable fee per dog, per stay 2 dogs max per room Max weight of 45 lb per pet Sorry, no cats Additional fees may apply for deep cleaning or damages that occur TAXES & FEES Room rates are subject to the following nightly fees: Hotel Occupancy Tax of 17. Is the hotel pet-friendly? Yes, we are a pet friendly hotel.",,austin-tx
The Stephen F Austin Royal Sonesta Hotel,pet-friendly-hotels,701 Congress Avenue,Austin,TX,78701,+1 512 457 8800,https://www.sonesta.com/royal-sonesta/tx/austin/stephen-f-austin-royal-sonesta-hotel,https://www.sonesta.com/royal-sonesta/tx/austin/stephen-f-austin-royal-sonesta-hotel,OFFICIAL_PROPERTY,2026-09-30,,,pets are permitted,,austin-tx
The Westin Austin at The Domain,pet-friendly-hotels,11301 Domain Drive,Austin,TX,78758,+1 512-832-4197,https://www.marriott.com/en-us/hotels/ausdw-the-westin-austin-at-the-domain/overview/,https://www.marriott.com/en-us/hotels/ausdw-the-westin-austin-at-the-domain/overview/,OFFICIAL_PROPERTY,2026-09-30,,,Pet Policy | Pets Welcome. | Dogs allowed under 40 pounds | Non-Refundable Pet Fee Per Stay: $49.00 | Maximum Pet Weight: 40.0lbs | Maximum Number of Pets in Room: 1,,austin-tx
The Westin Austin Downtown,pet-friendly-hotels,310 E 5th Street,Austin,TX,78701,+1 512-391-2333,https://www.marriott.com/en-us/hotels/auswi-the-westin-austin-downtown/overview/,https://www.marriott.com/en-us/hotels/auswi-the-westin-austin-downtown/overview/,OFFICIAL_PROPERTY,2026-09-30,,,"Pet Policy | Pets Welcome. | Dogs up to 70 lbs are welcome, and there's no additional pet fee. | Maximum Pet Weight: 70.0lbs | Maximum Number of Pets in Room: 2",,austin-tx
TownePlace Suites by Marriott Austin Northwest/The Domain Area,pet-friendly-hotels,2237 West Braker Lane,Austin,TX,78758,+1 512-835-6000,https://www.marriott.com/en-us/hotels/auste-towneplace-suites-austin-northwest-the-domain-area/overview/,https://www.marriott.com/en-us/hotels/auste-towneplace-suites-austin-northwest-the-domain-area/overview/,OFFICIAL_PROPERTY,2026-09-30,,,Pet Policy | Pets Welcome | 2 pets maximum per room with 100USD Non Refundable fee per room per stay | Non-Refundable Pet Fee Per Stay: $100.00 | Maximum Pet Weight: 80.0lbs | Maximum Number of Pets in Room: 2,,austin-tx
TownePlace Suites by Marriott Austin Parmer/Tech Ridge,pet-friendly-hotels,12427 Tech Ridge Boulevard,Austin,TX,78753,+1 512-339-4200,https://www.marriott.com/en-us/hotels/austs-towneplace-suites-austin-parmer-tech-ridge/overview/,https://www.marriott.com/en-us/hotels/austs-towneplace-suites-austin-parmer-tech-ridge/overview/,OFFICIAL_PROPERTY,2026-09-30,,,"Pet Policy | Pets Welcome | $50 daily fee, not to exceed $150 total. | Non-Refundable Pet Fee Per Stay: $100.00 | Non-Refundable Pet Fee Per Night: ... | Maximum Number of Pets in Room: 2",,austin-tx
TownePlace Suites by Marriott Austin Round Rock,pet-friendly-hotels,541 Parker Drive,Austin,TX,78728,+1 512-255-0600,https://www.marriott.com/en-us/hotels/austn-towneplace-suites-austin-round-rock/overview/,https://www.marriott.com/en-us/hotels/austn-towneplace-suites-austin-round-rock/overview/,OFFICIAL_PROPERTY,2026-09-30,,,Pet Policy | Pets Welcome | 2 pets 50 lbs max per room with USD 100 fee per room per stay and signed waiver | Non-Refundable Pet Fee Per Stay: $100.00 | Maximum Pet Weight: 50.0lbs | Maximum Number of Pets in Room: 2,,austin-tx
TownePlace Suites by Marriott Hutto,pet-friendly-hotels,411 Ed Schmidt Blvd,Hutto,TX,78634,,https://www.marriott.com/en-us/hotels/ausht-towneplace-suites-hutto/overview/,https://www.marriott.com/en-us/hotels/ausht-towneplace-suites-hutto/overview/,OFFICIAL_PROPERTY,2026-09-30,,,"Pet Policy | Pets Welcome | 2 pets 40lbs max per pet per room, 150USD non-refundable fee per room per night | Non-Refundable Pet Fee Per Night: ... | Maximum Pet Weight: 40.0lbs",,austin-tx
Tru by Hilton Austin Airport,pet-friendly-hotels,7900 E. Ben White Blvd,Austin,TX,78741,+1 512-385-0200,https://www.hilton.com/en/hotels/ausbwru-tru-austin-airport/,https://www.hilton.com/en/hotels/ausbwru-tru-austin-airport/hotel-info/,OFFICIAL_PROPERTY,2026-09-30,,,"Pets | Pets allowed: Yes | Non-refundable fee: $75.00 | Pet policy: $75(1-5n)$125(5+n) 2petsMax,dog/cat only",,austin-tx
Tru by Hilton Austin NW Arboretum,pet-friendly-hotels,11603 Jollyville Rd,Austin,TX,78759,+1 737-300-1473,https://www.hilton.com/en/hotels/austkru-tru-austin-nw-arboretum/,https://www.hilton.com/en/hotels/austkru-tru-austin-nw-arboretum/hotel-info/,OFFICIAL_PROPERTY,2026-09-30,,,"Pets | Pets allowed: Yes | Non-refundable fee: $75.00 | Max weight: 75 lbs | Max size: medium | Pet policy: 2petsMax,dog/cat only",,austin-tx
Tru by Hilton Austin University Capitol District,pet-friendly-hotels,1715 Guadalupe Street,Austin,TX,78705,+1 737-270-8340,https://www.hilton.com/en/hotels/austeru-tru-austin-university-capitol-district/,https://www.hilton.com/en/hotels/austeru-tru-austin-university-capitol-district/hotel-info/,OFFICIAL_PROPERTY,2026-09-30,,,"Pets | Pets allowed: Yes | Non-refundable fee: $50.00 | Max weight: 50 lbs | Max size: large | Pet policy: $50 (1-4 nights), $75 (5+ nights) 2 pets max, dog/cat only",,austin-tx
Tru by Hilton Round Rock,pet-friendly-hotels,2900 Hoppe Trail,Round Rock,TX,78681,+1 512-248-8442,https://www.hilton.com/en/hotels/ausruru-tru-round-rock/,https://www.hilton.com/en/hotels/ausruru-tru-round-rock/hotel-info/,OFFICIAL_PROPERTY,2026-09-30,,,Pets | Pets allowed: Yes | Non-refundable fee: $50.00 | Pet policy: 1-4 night stay $50; 5+ night stay $75; 2 pets max; dog or cat only,,austin-tx
W Austin,pet-friendly-hotels,200 Lavaca Street,Austin,TX,78701,+1 512-542-3600,https://www.marriott.com/en-us/hotels/auswh-w-austin/overview/,https://www.marriott.com/en-us/hotels/auswh-w-austin/overview/,OFFICIAL_PROPERTY,2026-09-30,,,Pet Policy | Pets Welcome. | Up to 2 dogs or cats 50 lbs max with USD100 cleaning fee | Non-Refundable Pet Fee Per Stay: $100.00 | Maximum Pet Weight: 50.0lbs | Maximum Number of Pets in Room: 2,,austin-tx
WoodSpring Suites Austin Northwest,pet-friendly-hotels,13689 Research Blvd,Austin,TX,78750,(512) 506-8270,https://www.woodspring.com/extended-stay-hotels/locations/texas/austin/woodspring-suites,https://www.woodspring.com/extended-stay-hotels/locations/texas/austin/woodspring-suites,OFFICIAL_PROPERTY,2026-09-30,,,"Pet Policy | Pets Allowed. Pet Charge 10.00 USD Per Pet, Per Night. Pet limit 2 Pet Per Room. Max 40 Pounds",,austin-tx
WoodSpring Suites Austin South Central I-35,pet-friendly-hotels,4911 S IH 35,Austin,TX,78744,(512) 344-9271,https://www.woodspring.com/extended-stay-hotels/locations/texas/austin-round-rock/woodspring-suites-austin-south-central,https://www.woodspring.com/extended-stay-hotels/locations/texas/austin-round-rock/woodspring-suites-austin-south-central,OFFICIAL_PROPERTY,2026-09-30,,,pets allowed,,austin-tx
WoodSpring Suites Cedar Park - Austin North,pet-friendly-hotels,5210 183A Toll Road,Cedar Park,TX,78613,,https://www.woodspring.com/extended-stay-hotels/locations/texas/cedar-park/woodspring-suites-cedar-park-austin-north,https://www.woodspring.com/extended-stay-hotels/locations/texas/cedar-park/woodspring-suites-cedar-park-austin-north,OFFICIAL_PROPERTY,2026-09-30,,,Pets are allowed,,austin-tx
