name,category,address,city,state,postal_code,phone,website_url,source_url,source_type,observed_at,rating,amenities,pet_policy,canonical,market_id
AC Hotel Denver Downtown,pet-friendly-hotels,750 15th Street,Denver,CO,80202,(303) 825-2888,https://www.marriott.com/en-us/hotels/denac-ac-hotel-denver-downtown/overview/,https://www.marriott.com/en-us/hotels/denac-ac-hotel-denver-downtown/overview/,OFFICIAL_PROPERTY,2026-09-27,,,Pet Policy | Pets Welcome | Only pets permitted are dogs under 50lbs. Non-refundable fee: $50/night. | Non-Refundable Pet Fee Per Night: ... | Maximum Pet Weight: 50.0lbs | Maximum Number of Pets in Room: 1,,denver-co
All Inn Hotel,pet-friendly-hotels,3015 East Colfax Avenue,Denver,CO,80206,+13032844545,https://theallinnhotel.com/,https://theallinnhotel.com/,OFFICIAL_PROPERTY,2026-09-27,,,"Pets At The All Inn Hotel - All Inn Hotel Stay Close Stay Open Stay Enjoy your stay with us. (ADA) King Suite Gather Eat & Drink Events Calendar About Gallery Offers Rooms Standard King Signature King Signature Queen (ADA) Two Queen Suite (ADA) King Suite Gather Eat & Drink Events Calendar About Gallery BOOK NOW BOOK NOW A Denver Dog-Friendly Hotel The All Inn Hotel A Denver stay for you and your Pup. Settle into one of our dog-friendly rooms, step out into one of Denver’s most walkable neighbor",,denver-co
Aloft by Marriott Broomfield Denver,pet-friendly-hotels,8300 Arista Place,Broomfield,CO,80021,,https://www.marriott.com/en-us/hotels/denal-aloft-broomfield-denver/overview/,https://www.marriott.com/en-us/hotels/denal-aloft-broomfield-denver/overview/,OFFICIAL_PROPERTY,2026-09-27,,,Pet Policy | Pets Welcome | Pets are welcome at $35/day max of $250 per stay | Maximum Pet Weight: 50.0lbs | Maximum Number of Pets in Room: 2,,denver-co
Aloft by Marriott Denver Airport at Gateway Park,pet-friendly-hotels,16470 East 40th Circle,Aurora,CO,80011,+1-303-371-9500,https://www.marriott.com/en-us/hotels/denia-aloft-denver-airport-at-gateway-park/overview/,https://www.marriott.com/en-us/hotels/denia-aloft-denver-airport-at-gateway-park/overview/,OFFICIAL_PROPERTY,2026-09-27,,,Pet Policy | Pets Welcome | Pets allowed with a $75 non-refundable deposit per stay. | Maximum Pet Weight: 75.0lbs | Maximum Number of Pets in Room: 1,,denver-co
Aloft by Marriott Denver Downtown,pet-friendly-hotels,800 15th Street,Denver,CO,80202,(303) 623-3063,https://www.marriott.com/en-us/hotels/dendw-aloft-denver-downtown/overview/,https://www.marriott.com/en-us/hotels/dendw-aloft-denver-downtown/overview/,OFFICIAL_PROPERTY,2026-09-27,,,Pet Policy | Pets Welcome | Hotel accepts dogs. $75 fee applied per stay. Must sign liability waiver. | Maximum Pet Weight: 75.0lbs | Maximum Number of Pets in Room: 2,,denver-co
Aloft by Marriott Denver North Westminster,pet-friendly-hotels,14780 Delaware Street,Westminster,CO,80023,(303) 427-5121,https://www.marriott.com/en-us/hotels/denan-aloft-denver-north-westminster/overview/,https://www.marriott.com/en-us/hotels/denan-aloft-denver-north-westminster/overview/,OFFICIAL_PROPERTY,2026-09-27,,,Pet Policy | Pets Welcome | 2 pets maximum per room with 25USD Non Refundable fee per room per night | Non-Refundable Pet Fee Per Night: ... | Maximum Number of Pets in Room: 2,,denver-co
Apiary Hotel Belleview Station Denver,pet-friendly-hotels,4855 S Quebec,Suite 150,CO,80237,(720) 791-4700,https://www.marriott.com/en-us/hotels/denht-apiary-hotel-belleview-station-denver/overview/,https://www.marriott.com/en-us/hotels/denht-apiary-hotel-belleview-station-denver/overview/,OFFICIAL_PROPERTY,2026-09-27,,,Pet Policy | Pets Welcome | Pets are welcome a with a non-refundable pet fee per stay of $100.00. | Maximum Pet Weight: 75.0lbs | Maximum Number of Pets in Room: 2,,denver-co
Atwell Suites Denver Airport – Tower Road,pet-friendly-hotels,18350 E 65th Ave,Denver,CO,80249,+1-303-306-8249,https://www.ihg.com/atwellsuites/hotels/us/en/denver/denwl/hoteldetail,https://www.ihg.com/atwellsuites/hotels/us/en/denver/denwl/hoteldetail,OFFICIAL_PROPERTY,2026-09-27,,,pets allowed,,denver-co
avid hotels Denver Airport Area,pet-friendly-hotels,6785 North Argonne Street,Denver,CO,80249,+1-303-375-0101,https://www.ihg.com/avidhotels/hotels/us/en/denver/denav/hoteldetail,https://www.ihg.com/avidhotels/hotels/us/en/denver/denav/hoteldetail,OFFICIAL_PROPERTY,2026-09-27,,,Daily Parking: View parking and transportation details Technology Free High Speed Wi-Fi 24hr Gym Pet policy One time 75 dollar non refundable deposit required per animal. Can I bring my pet to avid hotels Denver Airport Area? Pets are welcome at avid hotels Denver Airport Area. There is a pet deposit per stay of 75 USD . Our Pet Policy: One time 75 dollar non refundable deposit required per animal.,,denver-co
Basecamp Boulder,pet-friendly-hotels,2020 Arapahoe Ave,Boulder,CO,80302,(303) 449-7550,https://www.basecamphotels.com/boulder,https://www.basecamphotels.com/boulder,OFFICIAL_PROPERTY,2026-09-27,,,"Pet friendly Furry friends love Basecamp Hotels. All of our properties include pet-friendly rooms. Are Basecamp properties pet-friendly? We allow dogs in select rooms and throughout the common areas on property. Please note that pets are not to be left alone in rooms during your visit. There is a one-time pet fee per visit of $45 plus tax. Please notify us in advance if you are bringing a dog so we can arrange a pet-friendly room for your stay, which is allocated on a first come first serve basi",,denver-co
Baymont by Wyndham Denver International Airport,pet-friendly-hotels,6805 North Argonne Street,Denver,CO,80249,+1 303-373-5400,https://www.wyndhamhotels.com/baymont/denver-colorado/baymont-inn-and-suites-denver-international-airport/overview,https://www.wyndhamhotels.com/baymont/denver-colorado/baymont-inn-and-suites-denver-international-airport/overview,OFFICIAL_PROPERTY,2026-09-27,,,Service Animals - ADA-defined service animals welcome. / Pets Allowed - 2 pets max. / Fees - 25USD per pet. / Contact hotel for additional details and availability.,,denver-co
Best Western Brighton Inn,pet-friendly-hotels,15151 Brighton Road,Brighton,CO,80601,,https://www.bestwestern.com/en_US/book/hotels-in-brighton/best-western-brighton-inn/propertyCode.06173.html,https://www.bestwestern.com/en_US/book/hotels-in-brighton/best-western-brighton-inn/propertyCode.06173.html,OFFICIAL_PROPERTY,2026-09-27,,,Pet Policy | We are Pet Friendly and allow up to two dogs in a limited number of rooms. The size limit for any on,,denver-co
Best Western Plus Boulder Louisville,pet-friendly-hotels,960 W Dillon Road,Louisville,CO,80027,,https://www.bestwestern.com/en_US/book/hotels-in-louisville/best-western-plus-boulder-louisville/propertyCode.06179.html,https://www.bestwestern.com/en_US/book/hotels-in-louisville/best-western-plus-boulder-louisville/propertyCode.06179.html,OFFICIAL_PROPERTY,2026-09-27,,,Pet Policy | We are Pet Friendly and allow up to two dogs in a limited number of rooms. The size limit for any on,,denver-co
Best Western Plus Gateway Inn & Suites,pet-friendly-hotels,800 S Abilene Street,Aurora,CO,80012,+1-720-748-4800,https://www.bestwestern.com/en_US/book/hotels-in-aurora/best-western-plus-gateway-inn-suites/propertyCode.06161.html,https://www.bestwestern.com/en_US/book/hotels-in-aurora/best-western-plus-gateway-inn-suites/propertyCode.06161.html,OFFICIAL_PROPERTY,2026-09-27,,,Pet Policy | We are Pet Friendly and allow up to two dogs in a limited number of rooms. The size limit for any on,,denver-co
Best Western Premier Denver East,pet-friendly-hotels,4411 Peoria St.,Denver,CO,80239,(303) 373-1444,https://www.bestwestern.com/en_US/book/hotels-in-denver/best-western-premier-denver-east/propertyCode.06195.html,https://www.bestwestern.com/en_US/book/hotels-in-denver/best-western-premier-denver-east/propertyCode.06195.html,OFFICIAL_PROPERTY,2026-09-27,,,Pet Policy | We are Pet Friendly and allow up to two dogs in a limited number of rooms. The size limit for any on,,denver-co
Boulder Marriott,pet-friendly-hotels,2660 Canyon Boulevard,Boulder,CO,80302,+1-303-440-8877,https://www.marriott.com/en-us/hotels/denbo-boulder-marriott/overview/,https://www.marriott.com/en-us/hotels/denbo-boulder-marriott/overview/,OFFICIAL_PROPERTY,2026-09-27,,,Pet Policy | Pets Welcome | Only dogs accepted for a fee | Non-Refundable Pet Fee Per Stay: $100.00 | Maximum Number of Pets in Room: 2,,denver-co
Boulder University Inn,pet-friendly-hotels,1632 Broadway,Boulder,CO,80302,(303) 417-1700,http://www.boulderuniversityinn.com,https://www.boulderuniversityinn.com/,OFFICIAL_PROPERTY,2026-09-27,,,welcome dogs,,denver-co
Cambria Hotel Denver Downtown RiNo,pet-friendly-hotels,3601 Brighton Blvd.,Denver,CO,80216,(720) 806-7251,https://www.choicehotels.com/colorado/denver/cambria-hotels/co482,https://www.choicehotels.com/colorado/denver/cambria-hotels/co482,OFFICIAL_PROPERTY,2026-09-27,,,"Pets Allowed: Yes | General: Pets Allowed. Dogs only. Pet Charge 75.00 USD Per Pet, Per Stay. 150.00 USD maximum per sta",,denver-co
Cambria Hotel Denver International Airport,pet-friendly-hotels,16001 E. 40th Circle,Aurora,CO,80011,+1-303-576-9600,https://www.choicehotels.com/colorado/aurora/cambria-hotels/co215,https://www.choicehotels.com/colorado/aurora/cambria-hotels/co215,OFFICIAL_PROPERTY,2026-09-27,,,Pets Allowed,,denver-co
Candlewood Suites Denver North - Thornton,pet-friendly-hotels,14362 Lincoln Way,Thornton,CO,80023,1-303-2273505,https://www.ihg.com/candlewood/hotels/us/en/thornton/denyo/hoteldetail,https://www.ihg.com/candlewood/hotels/us/en/thornton/denyo/hoteldetail,OFFICIAL_PROPERTY,2026-09-27,,,pets allowed,,denver-co
Candlewood Suites Denver Northeast - Brighton,pet-friendly-hotels,2204 South Medical Center Drive,Brighton,CO,80601,1-303-6596929,https://www.ihg.com/candlewood/hotels/us/en/brighton/denbn/hoteldetail,https://www.ihg.com/candlewood/hotels/us/en/brighton/denbn/hoteldetail,OFFICIAL_PROPERTY,2026-09-27,,,"Pet Friendly The Candlewood Suites accepts pets and requires a non refundable fee upon check in, and pet medical documentation if requested by hotel. Guide dogs require no deposit. Parking for registered guests only Parking & transportation details Can I bring my pet to Candlewood Suites Denver Northeast - Brighton? Pets are welcome at Candlewood Suites Denver Northeast - Brighton. Pet policy description. The Candlewood Suites accepts pets and requires a non refundable fee upon check in, and pet",,denver-co
Candlewood Suites Longmont - Boulder Area,pet-friendly-hotels,1340 Dry Creek Drive,Longmont,CO,80503,(303) 485-1953,https://www.ihg.com/candlewood/hotels/us/en/longmont/qwmcw/hoteldetail,https://www.ihg.com/candlewood/hotels/us/en/longmont/qwmcw/hoteldetail,OFFICIAL_PROPERTY,2026-09-27,,,"Pet Friendly Extended Stay Hotel North Of Denver | Candlewood Suites Longmont Skip To main content Your session will expire in 5 minutes , 0 seconds , due to inactivity. Pet Friendly We'd love for your furry friends to join you at the hotel! Please limit them to just two dogs per room, under 50 lbs. It's only a 30 dollar non refundable pet fee per pet; charged just once. Our pet friendly hotel can't wait to meet them! Parking fee: 0 USD per day Parking for registered guests only Vehicles allowed",,denver-co
Catbird Hotel,pet-friendly-hotels,3770 Walnut Street,Denver,CO,80205,+1 720 990 5555,https://www.catbirdhotel.com/,https://www.catbirdhotel.com/,OFFICIAL_PROPERTY,2026-09-27,,,Dogs Welcome,,denver-co
Clayton Hotel & Members Club,pet-friendly-hotels,233 Clayton St.,Denver,CO,80206,(303) 551-1600,https://www.claytondenver.com/,https://www.claytondenver.com/,OFFICIAL_PROPERTY,2026-09-27,,,"Pet Friendly Hotel In Cherry Creek, Denver | Clayton Hotel Celebrate Halloween at Clayton with Society of Seven on October 24. Close Reserve Room Member Login 303-551-1600 Menu Members Club Previous slide Next slide Item 1 div ""> You're Pup Is Going to Love Clayton Pet Friendly Stay in Denver At Clayton, a pet-friendly social stay in Denver’s Cherry Creek neighborhood, your dog is treated like a true guest. This dog-friendly Cherry Creek hotel blends lifestyle hospitality with curated comfort, o",,denver-co
Comfort Inn & Suites Boulder,pet-friendly-hotels,4777 North Broadway Street,Boulder,CO,80304,(303) 442-6600,https://www.choicehotels.com/colorado/boulder/comfort-inn-hotels/co439,https://www.choicehotels.com/colorado/boulder/comfort-inn-hotels/co439,OFFICIAL_PROPERTY,2026-09-27,,,"Pets Allowed: Yes | General: Pets Allowed. Pet Charge 30 USD Per Pet,Per Night. Pet limit 2 Pet Per Room. Max 80 Pounds.",,denver-co
Comfort Inn & Suites Denver West - Golden,pet-friendly-hotels,15059 W Colfax Ave,Golden,CO,80401,,https://www.choicehotels.com/colorado/golden/comfort-inn-hotels/co465,https://www.choicehotels.com/colorado/golden/comfort-inn-hotels/co465,OFFICIAL_PROPERTY,2026-09-27,,,"Pets | General: Pets Allowed. Pet Charge 25.00 USD Per Pet, Per Stay.. Service animals are permitted, witho",,denver-co
Comfort Inn Denver Southeast Area,pet-friendly-hotels,14071 E. Iliff Ave.,Aurora,CO,80014,+1 720-961-7494,https://www.choicehotels.com/colorado/aurora/comfort-inn-hotels/co714,https://www.choicehotels.com/colorado/aurora/comfort-inn-hotels/co714,OFFICIAL_PROPERTY,2026-09-27,,,Pets are allowed,,denver-co
Comfort Inn Denver West Arvada Station,pet-friendly-hotels,10200 W. I-70 Frontage Rd. S,Wheat Ridge,CO,80033,,https://www.choicehotels.com/colorado/wheat-ridge/comfort-inn-hotels/co157,https://www.choicehotels.com/colorado/wheat-ridge/comfort-inn-hotels/co157,OFFICIAL_PROPERTY,2026-09-27,,,"Pets Allowed: Yes | General: Pet accomodation: Dogs only, 25.00 USD per pet per room. Max 2 pets with a maximum of 50lb",,denver-co
Comfort Suites Broomfield-Boulder/Interlocken,pet-friendly-hotels,8679 Destination Way,Broomfield,CO,80021,,https://www.choicehotels.com/colorado/broomfield/comfort-suites-hotels/co352,https://www.choicehotels.com/colorado/broomfield/comfort-suites-hotels/co352,OFFICIAL_PROPERTY,2026-09-27,,,Pets Allowed: Yes | General: Pets are allowed. Dogs only. $25 per night per pet. Limit of 2 pets per room.. Service anim,,denver-co
Comfort Suites Denver International Airport,pet-friendly-hotels,5940 Tower Road,Denver,CO,80249,+1-720-535-9110,https://www.choicehotels.com/colorado/denver/comfort-suites-hotels/co336,https://www.choicehotels.com/colorado/denver/comfort-suites-hotels/co336,OFFICIAL_PROPERTY,2026-09-27,,,"Pets | General: Pets are allowed, Pet fee $25 per night per pet, $50 Refundable deposit is required, 65 lbs",,denver-co
Comfort Suites Denver near Anschutz Medical Campus,pet-friendly-hotels,14571 E. Colfax Avenue,Aurora,CO,80010,+1-303-754-1000,https://www.choicehotels.com/colorado/aurora/comfort-suites-hotels/co327,https://www.choicehotels.com/colorado/aurora/comfort-suites-hotels/co327,OFFICIAL_PROPERTY,2026-09-27,,,"Pets Allowed: Yes | General: Midsize Domestic Animal are only allowed. 40.00 USD per night, per pet. A maximum limit siz",,denver-co
Comfort Suites Denver North - Westminster,pet-friendly-hotels,12085 Delaware St.,Westminster,CO,80234,,https://www.choicehotels.com/colorado/westminster/comfort-suites-hotels/co734,https://www.choicehotels.com/colorado/westminster/comfort-suites-hotels/co734,OFFICIAL_PROPERTY,2026-09-27,,,Pets Allowed: Yes | General: Pets Allowed. 30.00 USD per night and per pet in every room type. Maximum of 40 lbs. Maximum of 2 dogs...,,denver-co
Comfort Suites Lakewood - Denver,pet-friendly-hotels,7260 W. Jefferson,Lakewood,CO,80235,+1 303-988-8600,https://www.choicehotels.com/colorado/lakewood/comfort-suites-hotels/co104,https://www.choicehotels.com/colorado/lakewood/comfort-suites-hotels/co104,OFFICIAL_PROPERTY,2026-09-27,,,"Pets Allowed: Yes | General: Pet Charge: 25.00 USD per night, per pet.. Service animals are permitted, without charge.",,denver-co
Courtyard by Marriott Boulder,pet-friendly-hotels,4710 Pearl East Circle,Boulder,CO,80301,(303) 440-4700,https://www.marriott.com/en-us/hotels/denbd-courtyard-boulder/overview/,https://www.marriott.com/en-us/hotels/denbd-courtyard-boulder/overview/,OFFICIAL_PROPERTY,2026-09-27,,,Pet Policy | Pets Welcome | $20/day (caps at 5 days) with $100/stay nonrefundable cleaning fee. | Maximum Pet Weight: 100.0lbs | Maximum Number of Pets in Room: 2,,denver-co
Courtyard by Marriott Denver Airport at Gateway Park,pet-friendly-hotels,4343 Airport Way,Denver,CO,80239,+1 303-574-1212,https://www.marriott.com/en-us/hotels/denuc-courtyard-denver-airport-at-gateway-park/overview/,https://www.marriott.com/en-us/hotels/denuc-courtyard-denver-airport-at-gateway-park/overview/,OFFICIAL_PROPERTY,2026-09-27,,,Pet Policy | Pets Welcome | $150 non-refundable cleaning fee per stay. | Maximum Pet Weight: 70.0lbs | Maximum Number of Pets in Room: 2,,denver-co
Courtyard by Marriott Denver Aurora,pet-friendly-hotels,255 North Blackhawk Street,Aurora,CO,80011,+1 720-769-1600,https://www.marriott.com/en-us/hotels/dencu-courtyard-denver-aurora/overview/,https://www.marriott.com/en-us/hotels/dencu-courtyard-denver-aurora/overview/,OFFICIAL_PROPERTY,2026-09-27,,,Pet Policy | Pets Welcome | $75 non refundable pet fee per stay per a pet. DOGS ONLY. | Maximum Pet Weight: 75.0lbs | Maximum Number of Pets in Room: 2,,denver-co
Courtyard by Marriott Denver Cherry Creek,pet-friendly-hotels,1475 S. Colorado Blvd,Denver,CO,80222,+1 303-757-8797,https://www.marriott.com/en-us/hotels/dench-courtyard-denver-cherry-creek/overview/,https://www.marriott.com/en-us/hotels/dench-courtyard-denver-cherry-creek/overview/,OFFICIAL_PROPERTY,2026-09-27,,,Pet Policy | Pets Welcome | Dogs only accepted with a $75 per dog non-refundable deposit per stay. | Maximum Pet Weight: 75.0lbs | Maximum Number of Pets in Room: 2,,denver-co
Courtyard by Marriott Denver Downtown,pet-friendly-hotels,934 16th Street,Denver,CO,80202,(303) 571-1114,https://www.marriott.com/en-us/hotels/dencd-courtyard-denver-downtown/overview/,https://www.marriott.com/en-us/hotels/dencd-courtyard-denver-downtown/overview/,OFFICIAL_PROPERTY,2026-09-27,,,Pet Policy | Pets Welcome. | We currently accommodate dogs only. | Non-Refundable Pet Fee Per Stay: $75.00 | Maximum Number of Pets in Room: 2,,denver-co
Courtyard by Marriott Denver South/Park Meadows Mall,pet-friendly-hotels,8320 S Valley Hwy,Englewood,CO,80112,+1 720-895-0300,https://www.marriott.com/en-us/hotels/deniv-courtyard-denver-south-park-meadows-mall/overview/,https://www.marriott.com/en-us/hotels/deniv-courtyard-denver-south-park-meadows-mall/overview/,OFFICIAL_PROPERTY,2026-09-27,,,Pet Policy | Pets Welcome | Pets allowed with USD $100 non-refundable fee per stay | Non-Refundable Pet Fee Per Stay: $100.00 | Maximum Number of Pets in Room: 2,,denver-co
Courtyard by Marriott Denver Tech Center,pet-friendly-hotels,6565 South Boston Street,Greenwood Village,CO,80111,+1 303-721-0300,https://www.marriott.com/en-us/hotels/dense-courtyard-denver-tech-center/overview/,https://www.marriott.com/en-us/hotels/dense-courtyard-denver-tech-center/overview/,OFFICIAL_PROPERTY,2026-09-27,,,Pet Policy | Pets Welcome | Pet fee $20/day with $100/stay nonrefundable clean fee excludes Service Animals | Non-Refundable Pet Fee Per Stay: $100.00 | Non-Refundable Pet Fee Per Night: ... | Maximum Pet Weight: 50.0lbs | Maximum Number of Pets in Room: 2,,denver-co
Days Inn by Wyndham Denver Downtown,pet-friendly-hotels,930 East Colfax Ave,Denver,CO,80218,(303) 813-8000,https://www.wyndhamhotels.com/days-inn/denver-colorado/days-inn-denver-downtown/overview,https://www.wyndhamhotels.com/days-inn/denver-colorado/days-inn-denver-downtown/overview,OFFICIAL_PROPERTY,2026-09-27,,,Service Animals - ADA-defined service animals welcome. / Dogs and cats Allowed. 4 pets max. / Fees - 25USD per pet per night. / Other Information - 1pet per night is 25USD but if 2 pets per night become 40USD and 3 pets become 45USD/night. Contact hotel for additional details and availability.,,denver-co
Days Inn by Wyndham Thornton,pet-friendly-hotels,12101 Grant Street,Thornton,CO,80241,+1 303-280-9818,https://www.wyndhamhotels.com/days-inn/thornton-colorado/days-inn-thornton/overview,https://www.wyndhamhotels.com/days-inn/thornton-colorado/days-inn-thornton/overview,OFFICIAL_PROPERTY,2026-09-27,,,Service Animals - ADA-defined service animals welcome. / Dogs Allowed - 2 pets max. Dogs only. 60lbs or less per pet. / Fees - 25USD per pet per night. Maximum 60 USD per week per pet. Pet Sanitation Fee 250USD if required. / Other information - Contact hotel for additional details and availability.,,denver-co
Days Inn by Wyndham Wheat Ridge/Denver West,pet-friendly-hotels,10300 Interstate 70,Wheat Ridge,CO,80033,(303) 940-1234,https://www.wyndhamhotels.com/days-inn/wheat-ridge-colorado/days-inn-wheat-ridge-denver-west/overview,https://www.wyndhamhotels.com/days-inn/wheat-ridge-colorado/days-inn-wheat-ridge-denver-west/overview,OFFICIAL_PROPERTY,2026-09-27,,,Service Animals - ADA-defined service animals welcome. Pets Allowed. 2 pets max. / Fees – 25USD per pet per night. Other Information – Contact hotel for additional details and availability.,,denver-co
Delta Hotels Denver Thornton,pet-friendly-hotels,10 E 120th Avenue,Northglenn,CO,80233,(720) 221-2705,https://www.marriott.com/en-us/hotels/dende-delta-hotels-denver-thornton/overview/,https://www.marriott.com/en-us/hotels/dende-delta-hotels-denver-thornton/overview/,OFFICIAL_PROPERTY,2026-09-27,,,Pet Policy | Pets Welcome | We allow pets up to 60lbs for a non-refundable fee of $75 per stay | Non-Refundable Pet Fee Per Stay: $75.00 | Maximum Number of Pets in Room: 2,,denver-co
Denver Airport Marriott at Gateway Park,pet-friendly-hotels,16455 E. 40th Circle,Aurora,CO,80011,+1-303-371-4333,https://www.marriott.com/en-us/hotels/dengp-denver-airport-marriott-at-gateway-park/overview/,https://www.marriott.com/en-us/hotels/dengp-denver-airport-marriott-at-gateway-park/overview/,OFFICIAL_PROPERTY,2026-09-27,,,Pet Policy | Pets Welcome | Small dogs only | Non-Refundable Pet Fee Per Stay: $150.00 | Maximum Pet Weight: 75.0lbs | Maximum Number of Pets in Room: 1,,denver-co
Denver Marriott South at Park Meadows,pet-friendly-hotels,10345 Park Meadows Drive,Lone Tree,CO,80124,(303) 925-0004,https://www.marriott.com/en-us/hotels/denms-denver-marriott-south-at-park-meadows/overview/,https://www.marriott.com/en-us/hotels/denms-denver-marriott-south-at-park-meadows/overview/,OFFICIAL_PROPERTY,2026-09-27,,,"Pet Policy | Pets Welcome | Dogs, cats & service animals allowed. Non-refundable $50 fee for second pet. | Non-Refundable Pet Fee Per Stay: $75.00 | Maximum Number of Pets in Room: 2",,denver-co
Denver Marriott Tech Center,pet-friendly-hotels,4900 S. Syracuse Street,Denver,CO,80237,+1-303-779-1100,https://www.marriott.com/en-us/hotels/dentc-denver-marriott-tech-center/overview/,https://www.marriott.com/en-us/hotels/dentc-denver-marriott-tech-center/overview/,OFFICIAL_PROPERTY,2026-09-27,,,Pet Policy | Pets Welcome | Dogs welcome. A one-time $100 pet fee applies per room for additional cleaning. | Non-Refundable Pet Fee Per Stay: $100.00 | Maximum Number of Pets in Room: 1,,denver-co
Denver Marriott West,pet-friendly-hotels,1717 Denver West Boulevard,Golden,CO,80401,(303) 279-9100,https://www.marriott.com/en-us/hotels/denwe-denver-marriott-west/overview/,https://www.marriott.com/en-us/hotels/denwe-denver-marriott-west/overview/,OFFICIAL_PROPERTY,2026-09-27,,,Pet Policy | Pets Welcome | 2 pets per room allowed with non-refundable fee of USD 75 each per room per stay | Non-Refundable Pet Fee Per Stay: $75.00 | Maximum Number of Pets in Room: 2,,denver-co
Denver Marriott Westminster,pet-friendly-hotels,7000 Church Ranch Boulevard,Westminster,CO,80021,(720) 887-1177,http://www.denvermarriottwestminster.com,https://www.marriott.com/en-us/hotels/denmw-denver-marriott-westminster/overview/,OFFICIAL_PROPERTY,2026-09-27,,,Pet Policy | Pets Welcome. | Dogs only. Cannot be left unattended in room | Non-Refundable Pet Fee Per Stay: $80.00 | Maximum Pet Weight: 80.0lbs | Maximum Number of Pets in Room: 2,,denver-co
DoubleTree by Hilton Denver International Airport,pet-friendly-hotels,6900 Tower Road,Denver,CO,80249,+1-303-574-1300,https://www.hilton.com/en/hotels/denaadt-doubletree-denver-international-airport/,https://www.hilton.com/en/hotels/denaadt-doubletree-denver-international-airport/hotel-info/,OFFICIAL_PROPERTY,2026-09-27,,,Pets | Pets allowed: Yes | Non-refundable fee: $75.00 | Max weight: 50 lbs | Max size: medium | Pet policy: 1 to 4 nights $75 per stay - $125 for 5 nights per stay,,denver-co
DoubleTree by Hilton Hotel Denver,pet-friendly-hotels,3203 Quebec Street,Denver,CO,80207,+1 303-321-3333,https://www.hilton.com/en/hotels/rldv-dt-doubletree-denver/,https://www.hilton.com/en/hotels/rldv-dt-doubletree-denver/hotel-info/,OFFICIAL_PROPERTY,2026-09-27,,,Pets | Pets allowed: Yes | Non-refundable fee: $75.00 | Max weight: 75 lbs | Max size: medium,,denver-co
DoubleTree by Hilton Hotel Denver - Aurora,pet-friendly-hotels,13696 East Iliff Place,Aurora,CO,80014,+1 303-337-2800,https://www.hilton.com/en/hotels/denitdt-doubletree-denver-aurora/,https://www.hilton.com/en/hotels/denitdt-doubletree-denver-aurora/hotel-info/,OFFICIAL_PROPERTY,2026-09-27,,,"Pets | Pets allowed: Yes | Non-refundable fee: $75.00 | Max weight: 75 lbs | Max size: large | Pet policy: Dogs Only. 1-4 nights $75 per stay, 5+ nights starts at $125 per stay. 2 dogs maximum per room.",,denver-co
DoubleTree by Hilton Hotel Denver Tech Center,pet-friendly-hotels,7801 East Orchard Rd,Greenwood Village,CO,80111,+1 303-779-6161,https://www.hilton.com/en/hotels/denewdt-doubletree-denver-tech-center/,https://www.hilton.com/en/hotels/denewdt-doubletree-denver-tech-center/hotel-info/,OFFICIAL_PROPERTY,2026-09-27,,,Pets | Pets allowed: Yes | Non-refundable fee: $75.00 | Max weight: 50 lbs | Max size: medium | Pet policy: Dogs Only,,denver-co
DoubleTree by Hilton Hotel Denver - Thornton,pet-friendly-hotels,83 E 120th Avenue,Thornton,CO,80233,+1 303-920-8000,https://www.hilton.com/en/hotels/dentndt-doubletree-denver-thornton/,https://www.hilton.com/en/hotels/dentndt-doubletree-denver-thornton/hotel-info/,OFFICIAL_PROPERTY,2026-09-27,,,Pets | Pets allowed: Yes | Non-refundable fee: $75.00 | Max weight: 80 lbs | Max size: large,,denver-co
DoubleTree by Hilton Hotel Denver - Westminster,pet-friendly-hotels,8773 Yates Drive,Westminster,CO,80031,+1 303-427-4000,https://www.hilton.com/en/hotels/dennsdt-doubletree-denver-westminster/,https://www.hilton.com/en/hotels/dennsdt-doubletree-denver-westminster/hotel-info/,OFFICIAL_PROPERTY,2026-09-27,,,"Pets | Pets allowed: Yes | Non-refundable fee: $75.00 | Max weight: 50 lbs | Max size: large | Pet policy: $75 non-refundable fee, 1 pet per room.",,denver-co
Drury Inn & Suites Denver Near the Tech Center,pet-friendly-hotels,9445 East Dry Creek Road,Englewood,CO,80112,,https://www.druryhotels.com/locations/denver-co/drury-inn-and-suites-denver-near-the-tech-center,https://www.druryhotels.com/locations/denver-co/drury-inn-and-suites-denver-near-the-tech-center,OFFICIAL_PROPERTY,2026-09-27,,,Dogs and cats accepted. Rooms with pets will be charged a daily fee of $65 before tax for one pet an,,denver-co
Drury Plaza Hotel Denver Westminster,pet-friendly-hotels,10393 Reed Street,Westminster,CO,80021,,https://www.druryhotels.com/locations/denver-co/drury-plaza-hotel-denver-westminster,https://www.druryhotels.com/locations/denver-co/drury-plaza-hotel-denver-westminster,OFFICIAL_PROPERTY,2026-09-27,,,Dogs and cats accepted. Rooms with pets will be charged a daily fee of $60 before tax for one pet an,,denver-co
ECHO Suites Denver North - Thornton - Opening Early 2027,pet-friendly-hotels,13560 Grant Street,Thornton,CO,80241,(877) 999-3223,https://www.wyndhamhotels.com/echo-suites/thornton-colorado/echo-suites-extended-stay-denver-north-thornton/overview,https://www.wyndhamhotels.com/echo-suites/thornton-colorado/echo-suites-extended-stay-denver-north-thornton/overview,OFFICIAL_PROPERTY,2026-09-27,,,Service Animals - ADA-defined service animals welcome. / Dogs Allowed. / 2 dogs max. 75lbs or less per pet. / Fees - 50USD 1st night. Plus 10USD for each additional night per dog. / Other Information - Contact hotel for additional details and availability.,,denver-co
ECHO Suites Extended Stay by Wyndham Aurora Denver,pet-friendly-hotels,18800 E 32nd Parkway,Aurora,CO,80011,+1-720-307-5920,https://www.wyndhamhotels.com/echo-suites/aurora-colorado/echo-suites-extended-stay-aurora-denver/overview,https://www.wyndhamhotels.com/echo-suites/aurora-colorado/echo-suites-extended-stay-aurora-denver/overview,OFFICIAL_PROPERTY,2026-09-27,,,Service Animals - ADA-defined service animals welcome./Dogs Allowed. 2 dogs max. 75lbs or less per pet./Fees – 10USD per pet per night./Other Information - 50USD non-refundable deposit per pet. Contact hotel for additional details and availability.,,denver-co
Econo Lodge Denver International Airport,pet-friendly-hotels,15900 E 40th Ave,Aurora,CO,80011,+1 303-373-1616,https://www.choicehotels.com/colorado/aurora/econo-lodge-hotels/co735,https://www.choicehotels.com/colorado/aurora/econo-lodge-hotels/co735,OFFICIAL_PROPERTY,2026-09-27,,,Pets are allowed,,denver-co
Element by Marriott Denver Downtown East,pet-friendly-hotels,1314 Elati Street,Denver,CO,80204,(720) 614-5555,https://www.marriott.com/en-us/hotels/dened-element-denver-downtown-east/overview/,https://www.marriott.com/en-us/hotels/dened-element-denver-downtown-east/overview/,OFFICIAL_PROPERTY,2026-09-27,,,Pet Policy | Pets Welcome | Dogs allowed with USD 25 per night fee up to USD 150 max charge-fee is per room | Non-Refundable Pet Fee Per Night: ... | Maximum Pet Weight: 40.0lbs | Maximum Number of Pets in Room: 2,,denver-co
Element by Marriott Denver International Airport,pet-friendly-hotels,6672 Tower Road,Denver,CO,80249,+1-303-307-8350,https://www.marriott.com/en-us/hotels/denea-element-denver-international-airport/overview/,https://www.marriott.com/en-us/hotels/denea-element-denver-international-airport/overview/,OFFICIAL_PROPERTY,2026-09-27,,,Pet Policy | Pets Welcome | Dogs allowed with USD 50 per night fee up to USD 150 max charge-fee is per room | Maximum Pet Weight: 30.0lbs | Maximum Number of Pets in Room: 1,,denver-co
Element by Marriott Denver Park Meadows,pet-friendly-hotels,9985 Park Meadows Drive,Lone Tree,CO,80124,,https://www.marriott.com/en-us/hotels/denel-element-denver-park-meadows/overview/,https://www.marriott.com/en-us/hotels/denel-element-denver-park-meadows/overview/,OFFICIAL_PROPERTY,2026-09-27,,,Pet Policy | Pets Welcome | $50 pet fee first night. $25 each additional night. First floor only. Dogs only | Maximum Pet Weight: 45.0lbs | Maximum Number of Pets in Room: 2,,denver-co
Embassy Suites by Hilton Boulder,pet-friendly-hotels,2601 Canyon Boulevard,Boulder,CO,80302,+1 303-443-2600,https://www.hilton.com/en/hotels/denboes-embassy-suites-boulder/,https://www.hilton.com/en/hotels/denboes-embassy-suites-boulder/hotel-info/,OFFICIAL_PROPERTY,2026-09-27,,,"Pets | Pets allowed: Yes | Non-refundable fee: $150.00 | Pet policy: $150(1-4n),$300(5+n)2petsMax,dog/cat only",,denver-co
Embassy Suites by Hilton Denver Central Park,pet-friendly-hotels,4444 North Havana Street,Denver,CO,80239,+1 303-375-0400,https://www.hilton.com/en/hotels/denares-embassy-suites-denver-central-park/,https://www.hilton.com/en/hotels/denares-embassy-suites-denver-central-park/hotel-info/,OFFICIAL_PROPERTY,2026-09-27,,,"Pets | Pets allowed: Yes | Non-refundable fee: $100.00 | Max weight: 75 lbs | Max size: medium | Pet policy: $100 (1-4 nights),$125(5+ nights) 2 pets Max, 75lbs Max, DOGS ONLY",,denver-co
Embassy Suites by Hilton Denver Downtown Convention Center,pet-friendly-hotels,1420 Stout Street,Denver,CO,80202,+1 303-592-1000,https://www.hilton.com/en/hotels/deneses-embassy-suites-denver-downtown-convention-center/,https://www.hilton.com/en/hotels/deneses-embassy-suites-denver-downtown-convention-center/hotel-info/,OFFICIAL_PROPERTY,2026-09-27,,,Pets | Pets allowed: Yes | Non-refundable fee: $75.00 | Pet policy: 1-4 night stay $75; 5+ night stay $125; 2 pets max; dog or cat only,,denver-co
Embassy Suites by Hilton Denver International Airport,pet-friendly-hotels,7001 Yampa Street,Denver,CO,80249,+1 303-574-3000,https://www.hilton.com/en/hotels/deniaes-embassy-suites-denver-international-airport/,https://www.hilton.com/en/hotels/deniaes-embassy-suites-denver-international-airport/hotel-info/,OFFICIAL_PROPERTY,2026-09-27,,,Pets | Pets allowed: Yes | Non-refundable fee: $75.00 | Pet policy: 1-4 night stay $75; 5+ night stay $125; 2 pets max; dog or cat only,,denver-co
Embassy Suites by Hilton Denver Tech Center,pet-friendly-hotels,10250 East Costilla Avenue,Centennial,CO,80112,+1 303-792-0433,https://www.hilton.com/en/hotels/dentces-embassy-suites-denver-tech-center/,https://www.hilton.com/en/hotels/dentces-embassy-suites-denver-tech-center/hotel-info/,OFFICIAL_PROPERTY,2026-09-27,,,Pets | Pets allowed: Yes | Non-refundable fee: $75.00 | Pet policy: 1-4 night stay $75; 5+ night stay $125; 2 pets max; dog or cat only,,denver-co
Everhome Suites Denver Airport,pet-friendly-hotels,4718 North Rifle Way,Denver,CO,80239,,https://www.choicehotels.com/colorado/denver/everhome-suites-hotels/co534,https://www.choicehotels.com/colorado/denver/everhome-suites-hotels/co534,OFFICIAL_PROPERTY,2026-09-27,,,"Pets Allowed: Yes | General: Pets Allowed. Pet Charge 15.00 USD Per Pet, Per Night. Non-Refundable deposit of 50.00 USD",,denver-co
Extended Stay America Premier Suites Denver International Airport,pet-friendly-hotels,18331 E 71st Avenue,Denver,CO,80249,,https://www.extendedstayamerica.com/hotels/co/denver/denver-international-airport,https://www.extendedstayamerica.com/hotels/co/denver/denver-international-airport,OFFICIAL_PROPERTY,2026-09-27,,,"Pet Policy | A maximum of two pets are allowed in each suite. Height and length restrictions apply-- pets can be | Pet fees: Not to exceed a $25.00 per day cleaning fee plus tax, for the first six (6) nights, per pe",,denver-co
Extended Stay America Select Suites Denver - Aurora,pet-friendly-hotels,575 N Billings Street,Aurora,CO,80011,+1-303-344-4646,https://www.extendedstayamerica.com/hotels/co/denver/aurora,https://www.extendedstayamerica.com/hotels/co/denver/aurora,OFFICIAL_PROPERTY,2026-09-27,,,pets are allowed,,denver-co
Extended Stay America Select Suites Denver - Aurora South,pet-friendly-hotels,13941 E. Harvard Ave.,Aurora,CO,80014,+1-303-750-9116,https://www.extendedstayamerica.com/hotels/co/denver/aurora-south,https://www.extendedstayamerica.com/hotels/co/denver/aurora-south,OFFICIAL_PROPERTY,2026-09-27,,,pets are allowed,,denver-co
Extended Stay America Select Suites Denver - Cherry Creek,pet-friendly-hotels,4444 Leetsdale Dr.,Glendale,CO,80246,,https://www.extendedstayamerica.com/hotels/co/denver/cherry-creek,https://www.extendedstayamerica.com/hotels/co/denver/cherry-creek,OFFICIAL_PROPERTY,2026-09-27,,,"Pet Policy | A maximum of two pets are allowed in each suite. Height and length restrictions apply-- pets can be | Pet fees: Not to exceed a $25.00 per day cleaning fee plus tax, for the first six (6) nights, per pe",,denver-co
Extended Stay America Select Suites Denver - Lakewood South,pet-friendly-hotels,7393 W. Jefferson Ave.,Lakewood,CO,80235,,https://www.extendedstayamerica.com/hotels/co/denver/lakewood-south,https://www.extendedstayamerica.com/hotels/co/denver/lakewood-south,OFFICIAL_PROPERTY,2026-09-27,,,"Pet Policy | A maximum of two pets are allowed in each suite. Height and length restrictions apply-- pets can be | Pet fees: Not to exceed a $25.00 per day cleaning fee plus tax, for the first six (6) nights, per pe",,denver-co
Extended Stay America Select Suites Denver - Tech Center - Central,pet-friendly-hotels,5200 S. Quebec St.,Greenwood Village,CO,80111,,https://www.extendedstayamerica.com/hotels/co/denver/tech-center-central,https://www.extendedstayamerica.com/hotels/co/denver/tech-center-central,OFFICIAL_PROPERTY,2026-09-27,,,"Pet Policy | A maximum of two pets are allowed in each suite. Height and length restrictions apply-- pets can be | Pet fees: Not to exceed a $25.00 per day cleaning fee plus tax, for the first six (6) nights, per pe",,denver-co
Extended Stay America Select Suites Denver - Tech Center South,pet-friendly-hotels,9604 E. Easter Ave.,Englewood,CO,80112,,https://www.extendedstayamerica.com/hotels/co/denver/tech-center-south,https://www.extendedstayamerica.com/hotels/co/denver/tech-center-south,OFFICIAL_PROPERTY,2026-09-27,,,"Pet Policy | A maximum of two pets are allowed in each suite. Height and length restrictions apply-- pets can be | Pet fees: Not to exceed a $25.00 per day cleaning fee plus tax, for the first six (6) nights, per pe",,denver-co
Extended Stay America Select Suites Denver - Tech Center South - Greenwood Village,pet-friendly-hotels,9253 E. Costilla Ave.,Greenwood Village,CO,80112,,https://www.extendedstayamerica.com/hotels/co/denver/tech-center-south-greenwood-village,https://www.extendedstayamerica.com/hotels/co/denver/tech-center-south-greenwood-village,OFFICIAL_PROPERTY,2026-09-27,,,"Pet Policy | A maximum of two pets are allowed in each suite. Height and length restrictions apply-- pets can be | Pet fees: Not to exceed a $25.00 per day cleaning fee plus tax, for the first six (6) nights, per pe",,denver-co
Extended Stay America Suites Denver - Airport,pet-friendly-hotels,15105 E 38th Ave,Aurora,CO,80011,+1-303-574-0840,https://www.extendedstayamerica.com/hotels/co/denver/airport,https://www.extendedstayamerica.com/hotels/co/denver/airport,OFFICIAL_PROPERTY,2026-09-27,,,"Pet Policy | A maximum of two pets are allowed in each suite. Height and length restrictions apply-- pets can be | Pet fees: Not to exceed a $25.00 per day cleaning fee plus tax, for the first six (6) nights, per pe",,denver-co
Extended Stay America Suites Denver - Aurora North,pet-friendly-hotels,14095 East Evans Ave,Aurora,CO,80014,+1-303-337-7000,https://www.extendedstayamerica.com/hotels/co/denver/aurora-north,https://www.extendedstayamerica.com/hotels/co/denver/aurora-north,OFFICIAL_PROPERTY,2026-09-27,,,pets are allowed,,denver-co
Extended Stay America Suites Denver - Broomfield,pet-friendly-hotels,480 Flatiron Blvd,Broomfield,CO,80021,+1 303-466-2200,https://www.extendedstayamerica.com/hotels/co/denver/broomfield,https://www.extendedstayamerica.com/hotels/co/denver/broomfield,OFFICIAL_PROPERTY,2026-09-27,,,"Pet Policy | A maximum of two pets are allowed in each suite. Height and length restrictions apply-- pets can be | Pet fees: Not to exceed a $25.00 per day cleaning fee plus tax, for the first six (6) nights, per pe",,denver-co
Extended Stay America Suites Denver - Centennial,pet-friendly-hotels,13253 E Briarwood Ave,Centennial,CO,80112,,https://www.extendedstayamerica.com/hotels/co/denver/centennial,https://www.extendedstayamerica.com/hotels/co/denver/centennial,OFFICIAL_PROPERTY,2026-09-27,,,"Pet Policy | A maximum of two pets are allowed in each suite. Height and length restrictions apply-- pets can be | Pet fees: Not to exceed a $25.00 per day cleaning fee plus tax, for the first six (6) nights, per pe",,denver-co
Extended Stay America Suites Denver - Park Meadows,pet-friendly-hotels,8752 S. Yosemite St.,Lone Tree,CO,80124,,https://www.extendedstayamerica.com/hotels/co/denver/park-meadows,https://www.extendedstayamerica.com/hotels/co/denver/park-meadows,OFFICIAL_PROPERTY,2026-09-27,,,"Pet Policy | A maximum of two pets are allowed in each suite. Height and length restrictions apply-- pets can be | Pet fees: Not to exceed a $25.00 per day cleaning fee plus tax, for the first six (6) nights, per pe",,denver-co
Extended Stay America Suites Denver - Tech Center South - Inverness,pet-friendly-hotels,9650 E. Geddes Ave.,Englewood,CO,80112,,https://www.extendedstayamerica.com/hotels/co/denver/tech-center-south-inverness,https://www.extendedstayamerica.com/hotels/co/denver/tech-center-south-inverness,OFFICIAL_PROPERTY,2026-09-27,,,"Pet Policy | A maximum of two pets are allowed in each suite. Height and length restrictions apply-- pets can be | Pet fees: Not to exceed a $25.00 per day cleaning fee plus tax, for the first six (6) nights, per pe",,denver-co
Extended Stay America Suites Denver - Westminster,pet-friendly-hotels,1291 W 120th Ave.,Westminster,CO,80234,,https://www.extendedstayamerica.com/hotels/co/denver/westminster,https://www.extendedstayamerica.com/hotels/co/denver/westminster,OFFICIAL_PROPERTY,2026-09-27,,,"Pet Policy | A maximum of two pets are allowed in each suite. Height and length restrictions apply-- pets can be | Pet fees: Not to exceed a $25.00 per day cleaning fee plus tax, for the first six (6) nights, per pe",,denver-co
Fairfield by Marriott Inn & Suites Boulder,pet-friendly-hotels,5397 South Boulder Road,Boulder,CO,80303,(720) 673-8900,https://www.marriott.com/en-us/hotels/vboff-fairfield-inn-and-suites-boulder/overview/,https://www.marriott.com/en-us/hotels/vboff-fairfield-inn-and-suites-boulder/overview/,OFFICIAL_PROPERTY,2026-09-27,,,Pet Policy | Pets Welcome | Up to 2 pets per room with $50.00 USD non Refundable fee per room per stay. | Non-Refundable Pet Fee Per Stay: $50.00 | Maximum Number of Pets in Room: 2,,denver-co
Fairfield by Marriott Inn & Suites Boulder Longmont,pet-friendly-hotels,1089 South Hover Street,Longmont,CO,80501,,https://www.marriott.com/en-us/hotels/vbofi-fairfield-inn-and-suites-boulder-longmont/overview/,https://www.marriott.com/en-us/hotels/vbofi-fairfield-inn-and-suites-boulder-longmont/overview/,OFFICIAL_PROPERTY,2026-09-27,,,"Pet Policy | Pets Welcome | Non Refundable Pet fee: $50 1-2 nights, $75 3-4 nights, $150 5+ night stays | Maximum Number of Pets in Room: 2",,denver-co
Fairfield by Marriott Inn & Suites Denver Airport at Gateway Park,pet-friendly-hotels,16191 E 40th Ave,Denver,CO,80239,+1-303-214-7888,https://www.marriott.com/en-us/hotels/denfy-fairfield-inn-and-suites-denver-airport-at-gateway-park/overview/,https://www.marriott.com/en-us/hotels/denfy-fairfield-inn-and-suites-denver-airport-at-gateway-park/overview/,OFFICIAL_PROPERTY,2026-09-27,,,"Pet Policy | Pets Welcome | 2 Pets, 50lbs maximum per room with $75USD non-refundable fee per room per stay. | Non-Refundable Pet Fee Per Stay: $75.00 | Maximum Pet Weight: 50.0lbs | Maximum Number of Pets in Room: 2",,denver-co
Fairfield by Marriott Inn & Suites Denver Aurora/Medical Center,pet-friendly-hotels,13851 East Harvard Avenue,Aurora,CO,80014,+1-303-745-6700,https://www.marriott.com/en-us/hotels/denau-fairfield-inn-and-suites-denver-aurora-medical-center/overview/,https://www.marriott.com/en-us/hotels/denau-fairfield-inn-and-suites-denver-aurora-medical-center/overview/,OFFICIAL_PROPERTY,2026-09-27,,,Pet Policy | Pets Welcome | We love pets! There is a non-refundable pet fee per night. | Maximum Number of Pets in Room: 2,,denver-co
Fairfield by Marriott Inn & Suites Denver Aurora/Parker,pet-friendly-hotels,24192 East Prospect Avenue,Aurora,CO,80016,+1-303-928-7500,https://www.marriott.com/en-us/hotels/denas-fairfield-inn-and-suites-denver-aurora-parker/overview/,https://www.marriott.com/en-us/hotels/denas-fairfield-inn-and-suites-denver-aurora-parker/overview/,OFFICIAL_PROPERTY,2026-09-27,,,"Pet Policy | Pets Welcome | Dogs only, 2 max, $75 non refundable fee. | Maximum Pet Weight: 50.0lbs | Maximum Number of Pets in Room: 2",,denver-co
Fairfield by Marriott Inn & Suites Denver Southwest/Lakewood,pet-friendly-hotels,3605 South Wadsworth Boulevard,Lakewood,CO,80235,,https://www.marriott.com/en-us/hotels/denfl-fairfield-inn-and-suites-denver-southwest-lakewood/overview/,https://www.marriott.com/en-us/hotels/denfl-fairfield-inn-and-suites-denver-southwest-lakewood/overview/,OFFICIAL_PROPERTY,2026-09-27,,,"Pet Policy | Pets Welcome | Pets welcome with a one-time, non-refundable 75.00USD fee. | Non-Refundable Pet Fee Per Stay: $75.00 | Maximum Pet Weight: 50.0lbs | Maximum Number of Pets in Room: 2",,denver-co
Fairfield by Marriott Inn & Suites Denver West/Federal Center,pet-friendly-hotels,140 South Union Boulevard,Lakewood,CO,80228,(303) 233-3133,https://www.marriott.com/en-us/hotels/denfw-fairfield-inn-and-suites-denver-west-federal-center/overview/,https://www.marriott.com/en-us/hotels/denfw-fairfield-inn-and-suites-denver-west-federal-center/overview/,OFFICIAL_PROPERTY,2026-09-27,,,Pet Policy | Pets Welcome | Pets welcome.Unattended pets must be crated.Non-refundable pet fee | Non-Refundable Pet Fee Per Stay: $75.00 | Maximum Pet Weight: 50.0lbs | Maximum Number of Pets in Room: 2,,denver-co
Foot of the Mountain Motel,pet-friendly-hotels,200 Arapahoe Avenue,Boulder,CO,80302,+1-855-774-0828,https://footofthemountainmotel.com/,https://footofthemountainmotel.com/,OFFICIAL_PROPERTY,2026-09-27,,,"Boutique Motel in Boulder, CO | Foot of the Mountain Motel Skip to content Fall Getaway Stay Close Stay Open Stay BOULDER ROOMS & SUITES Find cozy Boulder hotel rooms and spacious mountain-style suites designed for couples, families, pet-friendly getaways, and longer stays near Boulder Canyon, downtown Boulder, Pearl Street, and the trails. Explore Around Boulder We Love Pets Offers Summer Packages In Boulder Explore All Offers Rooms Cozy Up Cozy Queen Cozy King Buckaroo Queen Bunk House Queen H",,denver-co
Four Points by Sheraton Englewood Centennial Airport,pet-friendly-hotels,7770 South Peoria Street,Englewood,CO,80112,(720) 722-1098,https://www.marriott.com/en-us/hotels/deneu-four-points-englewood-centennial-airport/overview/,https://www.marriott.com/en-us/hotels/deneu-four-points-englewood-centennial-airport/overview/,OFFICIAL_PROPERTY,2026-09-27,,,Pet Policy | Pets Welcome | Max 2 pets per room. $120 non-refundable fee per pet per stay. | Non-Refundable Pet Fee Per Stay: $120.00 | Maximum Pet Weight: 40.0lbs | Maximum Number of Pets in Room: 2,,denver-co
Four Seasons Hotel Denver,pet-friendly-hotels,1111 14th Street,Denver,CO,80202,(303) 389-3000,http://www.fourseasons.com/denver,https://www.fourseasons.com/denver/services-and-amenities/pet-friendly-stays/,OFFICIAL_PROPERTY,2026-09-27,,,"Pet Policy | Yes, Four Seasons Hotel Denver is a pet-friendly hotel that welcomes pets of all sizes. Pets are wel... | Four Seasons Hotel Denver does not charge an upfront pet fee. However, should additional deep cleani...",,denver-co
Gaylord Rockies Resort & Convention Center,pet-friendly-hotels,6700 North Gaylord Rockies Boulevard,Aurora,CO,80019,+1-720-452-6900,https://www.marriott.com/en-us/hotels/dengr-gaylord-rockies-resort-and-convention-center/overview/,https://www.marriott.com/en-us/hotels/dengr-gaylord-rockies-resort-and-convention-center/overview/,OFFICIAL_PROPERTY,2026-09-27,,,Pet Policy | Pets Welcome. | Non-Refundable Pet Fee Per Stay: $125.00 | Maximum Pet Weight: 50.0lbs | Maximum Number of Pets in Room: 2,,denver-co
Grand Hyatt Denver,pet-friendly-hotels,1750 Welton Street,Denver,CO,80202,(303) 295-1234,https://www.hyatt.com/grand-hyatt/en-US/denrd-grand-hyatt-denver,https://www.hyatt.com/grand-hyatt/en-US/denrd-grand-hyatt-denver,OFFICIAL_PROPERTY,2026-09-27,,,"We Are Pet Friendly | Grand Hyatt Denver is a dog-friendly hotel, and we'll warmly greet your pup with treats to make them | Pet Fees | 1–6 Nights $125 STAY | 7–30 Nights (Additional fee) $125 STAY | Weight Limits | Maximum number of pets is 2.",,denver-co
"HALCYON, a hotel in Cherry Creek",pet-friendly-hotels,245 Columbine Street,Denver,CO,80206,(720) 772-5000,https://www.halcyonhotelcherrycreek.com/,https://www.halcyonhotelcherrycreek.com/,OFFICIAL_PROPERTY,2026-09-27,,,"Is Halcyon pet friendly? Yes, we’d love to welcome your pet. Ten percent of every monthly pet fee is donated to support the lifesaving work of True Companions Animal Shelter & Clinic , helping provide care and shelter for animals in need. For more information about our pet policy, please click here .",,denver-co
Hampton Inn & Suites Aurora South Denver,pet-friendly-hotels,2525 S. Anaheim St.,Aurora,CO,80014,+1 720-500-0010,https://www.hilton.com/en/hotels/dencrhx-hampton-suites-aurora-south-denver/,https://www.hilton.com/en/hotels/dencrhx-hampton-suites-aurora-south-denver/hotel-info/,OFFICIAL_PROPERTY,2026-09-27,,,Pets | Pets allowed: Yes | Non-refundable fee: $75.00 | Max weight: 30 lbs | Max size: medium,,denver-co
Hampton Inn & Suites Boulder-North,pet-friendly-hotels,6333 Lookout Road,Boulder,CO,80301,+1 303-530-3300,https://www.hilton.com/en/hotels/wbugbhx-hampton-suites-boulder-north/,https://www.hilton.com/en/hotels/wbugbhx-hampton-suites-boulder-north/hotel-info/,OFFICIAL_PROPERTY,2026-09-27,,,"Pets | Pets allowed: Yes | Non-refundable fee: $75.00 | Max weight: 75 lbs | Pet policy: $75(1-4n),$125(5+n) 2petsMax,dog/cat only",,denver-co
Hampton Inn & Suites by Hilton Wheat Ridge Denver West,pet-friendly-hotels,4025 Clear Creek Drive,Wheat Ridge,CO,80401,+1 720-828-2727,https://www.hilton.com/en/hotels/denwrhx-hampton-suites-wheat-ridge-denver-west/,https://www.hilton.com/en/hotels/denwrhx-hampton-suites-wheat-ridge-denver-west/hotel-info/,OFFICIAL_PROPERTY,2026-09-27,,,"Pets | Pets allowed: Yes | Non-refundable fee: $75.00 | Max weight: 50 lbs | Max size: large | Pet policy: $75(1-4n),$125(5+n) 2petsMax,dog/cat only",,denver-co
Hampton Inn & Suites Denver/Airport-Gateway Park,pet-friendly-hotels,4310 Airport Way,Denver,CO,80239,+1-303-375-8118,https://www.hilton.com/en/hotels/denaphx-hampton-suites-denver-airport-gateway-park/,https://www.hilton.com/en/hotels/denaphx-hampton-suites-denver-airport-gateway-park/hotel-info/,OFFICIAL_PROPERTY,2026-09-27,,,"Pets | Pets allowed: Yes | Non-refundable fee: $75.00 | Max weight: 75 lbs | Max size: large | Pet policy: $75(1-4n),$125(5+n) 2petsMax,dog/cat only",,denver-co
Hampton Inn & Suites Denver-Cherry Creek,pet-friendly-hotels,4150 East Kentucky Ave.,Glendale,CO,80246,+1 303-692-1800,https://www.hilton.com/en/hotels/dencchx-hampton-suites-denver-cherry-creek/,https://www.hilton.com/en/hotels/dencchx-hampton-suites-denver-cherry-creek/hotel-info/,OFFICIAL_PROPERTY,2026-09-27,,,Pets | Pets allowed: Yes | Non-refundable fee: $75.00,,denver-co
Hampton Inn & Suites Denver-Downtown,pet-friendly-hotels,1845 Sherman Street,Denver,CO,80203,+1 303-864-8000,https://www.hilton.com/en/hotels/dendthx-hampton-suites-denver-downtown/,https://www.hilton.com/en/hotels/dendthx-hampton-suites-denver-downtown/hotel-info/,OFFICIAL_PROPERTY,2026-09-27,,,"Pets | Pets allowed: Yes | Non-refundable fee: $75.00 | Max weight: 75 lbs | Max size: medium | Pet policy: 1-4 nights $75, 5+ nights $125. 2 pets Max,dog/cat only",,denver-co
Hampton Inn & Suites Denver/Highlands Ranch,pet-friendly-hotels,3095 W. County Line Road,Highlands Ranch,CO,80129,+1 303-794-1800,https://www.hilton.com/en/hotels/denhlhx-hampton-suites-denver-highlands-ranch/,https://www.hilton.com/en/hotels/denhlhx-hampton-suites-denver-highlands-ranch/hotel-info/,OFFICIAL_PROPERTY,2026-09-27,,,Pets | Pets allowed: Yes | Non-refundable fee: $50.00 | Max weight: 75 lbs | Max size: large | Pet policy: 1-4 night stay $50; 5+ night stay $75; 2 pets max; dog or cat only,,denver-co
Hampton Inn & Suites Denver Littleton,pet-friendly-hotels,7611 Shaffer Parkway,Littleton,CO,80127,+1 303-973-2400,https://www.hilton.com/en/hotels/denlthx-hampton-suites-denver-littleton/,https://www.hilton.com/en/hotels/denlthx-hampton-suites-denver-littleton/hotel-info/,OFFICIAL_PROPERTY,2026-09-27,,,"Pets | Pets allowed: Yes | Non-refundable fee: $50.00 | Max weight: 75 lbs | Pet policy: $50(1-4n),$75(5+n) 2petsMax",,denver-co
Hampton Inn & Suites Denver/South-RidgeGate,pet-friendly-hotels,10030 Trainstation Circle,Lone Tree,CO,80124,+1 303-790-4100,https://www.hilton.com/en/hotels/denrghx-hampton-suites-denver-south-ridgegate/,https://www.hilton.com/en/hotels/denrghx-hampton-suites-denver-south-ridgegate/hotel-info/,OFFICIAL_PROPERTY,2026-09-27,,,"Pets | Pets allowed: Yes | Non-refundable fee: $50.00 | Max weight: 100 lbs | Max size: large | Pet policy: $50(1-4 nights), $125(5+ nights) 2 Pet Max, Dog/Cat only",,denver-co
Hampton Inn & Suites Denver-Speer Boulevard,pet-friendly-hotels,2728 Zuni Street,Denver,CO,80211,+1 303-455-4588,https://www.hilton.com/en/hotels/dencohx-hampton-suites-denver-speer-boulevard/,https://www.hilton.com/en/hotels/dencohx-hampton-suites-denver-speer-boulevard/hotel-info/,OFFICIAL_PROPERTY,2026-09-27,,,"Pets | Pets allowed: Yes | Non-refundable fee: $75.00 | Max weight: 75 lbs | Max size: medium | Pet policy: $75(1-4n),$100(5+n) 2 pets Max, dog/cat only",,denver-co
Hampton Inn & Suites Denver Tech Center,pet-friendly-hotels,5001 S. Ulster Street,Denver,CO,80237,+1 303-804-9900,https://www.hilton.com/en/hotels/denushx-hampton-suites-denver-tech-center/,https://www.hilton.com/en/hotels/denushx-hampton-suites-denver-tech-center/hotel-info/,OFFICIAL_PROPERTY,2026-09-27,,,"Pets | Pets allowed: Yes | Non-refundable fee: $75.00 | Max weight: 45 lbs | Pet policy: 1-4 nights: $75, 5+: $125, 2 pets Max, dog/cat only",,denver-co
"Hampton Inn & Suites Lafayette Medical Center, CO",pet-friendly-hotels,317 Exempla Circle,Lafayette,CO,80026,+1 720-890-2000,https://www.hilton.com/en/hotels/denlfhx-hampton-suites-lafayette-medical-center-co/,https://www.hilton.com/en/hotels/denlfhx-hampton-suites-lafayette-medical-center-co/hotel-info/,OFFICIAL_PROPERTY,2026-09-27,,,Pets | Pets allowed: Yes | Non-refundable fee: $75.00 | Max weight: 75 lbs | Max size: small | Pet policy: 1-4 night stay $75; 5+ night stay $125; 2 pets max; dog or cat only,,denver-co
Hampton Inn & Suites Parker,pet-friendly-hotels,19010 East Cottonwood Drive,Parker,CO,80138,+1 303-841-2977,https://www.hilton.com/en/hotels/denpahx-hampton-suites-parker/,https://www.hilton.com/en/hotels/denpahx-hampton-suites-parker/hotel-info/,OFFICIAL_PROPERTY,2026-09-27,,,"Pets | Pets allowed: Yes | Non-refundable fee: $75.00 | Max weight: 75 lbs | Max size: medium | Pet policy: $125 (5+ night), 2 pets maximum, per pet. Dogs only.",,denver-co
Hampton Inn Boulder/Louisville,pet-friendly-hotels,912 W. Dillon Road,Louisville,CO,80027,+1 303-666-7700,https://www.hilton.com/en/hotels/denlvhx-hampton-boulder-louisville/,https://www.hilton.com/en/hotels/denlvhx-hampton-boulder-louisville/hotel-info/,OFFICIAL_PROPERTY,2026-09-27,,,"Pets | Pets allowed: Yes | Non-refundable fee: $75.00 | Pet policy: 2 Pets Max, Dogs Only",,denver-co
Hampton Inn by Hilton Denver West Federal Center,pet-friendly-hotels,137 Union Boulevard,Lakewood,CO,80228,+1 303-969-9900,https://www.hilton.com/en/hotels/denlwhx-hampton-denver-west-federal-center/,https://www.hilton.com/en/hotels/denlwhx-hampton-denver-west-federal-center/hotel-info/,OFFICIAL_PROPERTY,2026-09-27,,,Pets | Pets allowed: Yes | Non-refundable fee: $50.00 | Max weight: 50 lbs | Max size: medium | Pet policy: Pets on 3rd and 4th floor,,denver-co
Hampton Inn Denver-International Airport,pet-friendly-hotels,6290 Tower Road,Denver,CO,80249,+1 303-371-0200,https://www.hilton.com/en/hotels/dengwhx-hampton-denver-international-airport/,https://www.hilton.com/en/hotels/dengwhx-hampton-denver-international-airport/hotel-info/,OFFICIAL_PROPERTY,2026-09-27,,,Pets | Pets allowed: Yes | Non-refundable fee: $75.00 | Max weight: 75 lbs | Max size: medium | Pet policy: From 1 to 4 nights we require a $75 non-refundable deposit.,,denver-co
Hampton Inn Denver Northeast-Brighton,pet-friendly-hotels,992 Platte River Blvd,Brighton,CO,80601,+1 303-654-8055,https://www.hilton.com/en/hotels/wbucohx-hampton-denver-northeast-brighton/,https://www.hilton.com/en/hotels/wbucohx-hampton-denver-northeast-brighton/hotel-info/,OFFICIAL_PROPERTY,2026-09-27,,,Pets | Pets allowed: Yes | Non-refundable fee: $50.00 | Pet policy: 1-4 night stay $50; 5+ night stay $75; 2 pets max; dog or cat only,,denver-co
Hampton Inn Denver-Northwest/Westminster,pet-friendly-hotels,5030 W 88th Place,Westminster,CO,80031,+1 303-427-0700,https://www.hilton.com/en/hotels/denwmhx-hampton-denver-northwest-westminster/,https://www.hilton.com/en/hotels/denwmhx-hampton-denver-northwest-westminster/hotel-info/,OFFICIAL_PROPERTY,2026-09-27,,,Pets | Pets allowed: Yes | Non-refundable fee: $50.00 | Pet policy: 1-4 night stay $50; 5+ night stay $75; 2 pets max; dog or cat only,,denver-co
Hampton Inn Denver Tech Center South,pet-friendly-hotels,7079 South Kenton Street,Centennial,CO,80112,+1 303-790-8800,https://www.hilton.com/en/hotels/dentshx-hampton-denver-tech-center-south/,https://www.hilton.com/en/hotels/dentshx-hampton-denver-tech-center-south/hotel-info/,OFFICIAL_PROPERTY,2026-09-27,,,Pets | Pets allowed: Yes | Non-refundable fee: $75.00 | Max weight: 75 lbs,,denver-co
Hampton Inn Denver-West/Golden,pet-friendly-hotels,17150 W. Colfax Avenue,Golden,CO,80401,+1 303-278-6600,https://www.hilton.com/en/hotels/dengdhx-hampton-denver-west-golden/,https://www.hilton.com/en/hotels/dengdhx-hampton-denver-west-golden/hotel-info/,OFFICIAL_PROPERTY,2026-09-27,,,"Pets | Pets allowed: Yes | Non-refundable fee: $50.00 | Pet policy: $50 (1-4n), $75(5+n) 2 pets max, dogs only.",,denver-co
Hampton Inn Longmont,pet-friendly-hotels,850 S. Main Street,Longmont,CO,80501,+1 303-772-2554,https://www.hilton.com/en/hotels/denlmhx-hampton-longmont/,https://www.hilton.com/en/hotels/denlmhx-hampton-longmont/hotel-info/,OFFICIAL_PROPERTY,2026-09-27,,,"Pets | Pets allowed: Yes | Non-refundable fee: $75.00 | Max weight: 75 lbs | Max size: medium | Pet policy: $75(1-4nt),$125(5+nt) No More Than 2 pets per Room with combined weight of 75 pounds Domesticated Ca",,denver-co
Hilton Denver City Center,pet-friendly-hotels,1701 California Street,Denver,CO,80202,+1 303-297-1300,https://www.hilton.com/en/hotels/dencyhh-hilton-denver-city-center/,https://www.hilton.com/en/hotels/dencyhh-hilton-denver-city-center/hotel-info/,OFFICIAL_PROPERTY,2026-09-27,,,Pets | Pets allowed: Yes | Non-refundable fee: $50.00 | Max weight: 75 lbs,,denver-co
Hilton Garden Inn Arvada Denver,pet-friendly-hotels,5455 Olde Wadsworth Blvd,Arvada,CO,80002,+1 303-420-9799,https://www.hilton.com/en/hotels/denavgi-hilton-garden-inn-arvada-denver/,https://www.hilton.com/en/hotels/denavgi-hilton-garden-inn-arvada-denver/hotel-info/,OFFICIAL_PROPERTY,2026-09-27,,,"Pets | Pets allowed: Yes | Non-refundable fee: $75.00 | Max weight: 75 lbs | Pet policy: $75 fee 1-4N, 2 pets max,dogs only $125 5-29N",,denver-co
Hilton Garden Inn Boulder,pet-friendly-hotels,2701 Canyon Boulevard,Boulder,CO,80302,+1 303-443-2200,https://www.hilton.com/en/hotels/wbubogi-hilton-garden-inn-boulder/,https://www.hilton.com/en/hotels/wbubogi-hilton-garden-inn-boulder/hotel-info/,OFFICIAL_PROPERTY,2026-09-27,,,"Pets | Pets allowed: Yes | Non-refundable fee: $150.00 | Pet policy: $150(1-4n)$300(5+n) 2petsMax,dog/cat only",,denver-co
Hilton Garden Inn Broomfield Boulder,pet-friendly-hotels,576 Flatiron Blvd.,Broomfield,CO,80021,+1 303-466-9102,https://www.hilton.com/en/hotels/denbagi-hilton-garden-inn-broomfield-boulder/,https://www.hilton.com/en/hotels/denbagi-hilton-garden-inn-broomfield-boulder/hotel-info/,OFFICIAL_PROPERTY,2026-09-27,,,"Pets | Pets allowed: Yes | Non-refundable fee: $75.00 | Max weight: 75 lbs | Pet policy: $75(1-4n)$125(5+n)2pets Max,dog/cat only",,denver-co
Hilton Garden Inn Denver Airport,pet-friendly-hotels,16475 East 40th Circle,Aurora,CO,80011,+1 303-371-9393,https://www.hilton.com/en/hotels/denahgi-hilton-garden-inn-denver-airport/,https://www.hilton.com/en/hotels/denahgi-hilton-garden-inn-denver-airport/hotel-info/,OFFICIAL_PROPERTY,2026-09-27,,,"Pets | Pets allowed: Yes | Non-refundable fee: $75.00 | Max weight: 75 lbs | Max size: medium | Pet policy: $75 per stay for 1-4 nights,$125 per stay for 5+nights-2 pets max, dog/cat only. SEE ADDITIONAL INF.",,denver-co
Hilton Garden Inn Denver Airport Tower Road,pet-friendly-hotels,18600 E 66th Avenue,Denver,CO,80249,+1 303-278-8600,https://www.hilton.com/en/hotels/denvagi-hilton-garden-inn-denver-airport-tower-road/,https://www.hilton.com/en/hotels/denvagi-hilton-garden-inn-denver-airport-tower-road/hotel-info/,OFFICIAL_PROPERTY,2026-09-27,,,"Pets | Pets allowed: Yes | Non-refundable fee: $75.00 | Max weight: 75 lbs | Pet policy: Maximum of 2 Pets, 125lbs combined. Dogs & Cats only.",,denver-co
Hilton Garden Inn Denver Downtown,pet-friendly-hotels,1400 Welton Street,Denver,CO,80202,+1 303-603-8000,https://www.hilton.com/en/hotels/denddgi-hilton-garden-inn-denver-downtown/,https://www.hilton.com/en/hotels/denddgi-hilton-garden-inn-denver-downtown/hotel-info/,OFFICIAL_PROPERTY,2026-09-27,,,Pets | Pets allowed: Yes | Non-refundable fee: $50.00 | Pet policy: 1-4 night stay $50; 5+ night stay $75; 2 pets max; dog or cat only,,denver-co
Hilton Garden Inn Denver/Highlands Ranch,pet-friendly-hotels,1050 Plaza Drive,Highlands Ranch,CO,80126,+1 303-683-4100,https://www.hilton.com/en/hotels/denswgi-hilton-garden-inn-denver-highlands-ranch/,https://www.hilton.com/en/hotels/denswgi-hilton-garden-inn-denver-highlands-ranch/hotel-info/,OFFICIAL_PROPERTY,2026-09-27,,,Pets | Pets allowed: Yes | Non-refundable fee: $50.00 | Pet policy: 1-4 night stay $50; 5+ night stay $75; 2 pets max; dog or cat only,,denver-co
Hilton Garden Inn Denver South Park Meadows Area,pet-friendly-hotels,9290 Meridian Boulevard,Englewood,CO,80112,+1 303-824-1550,https://www.hilton.com/en/hotels/dendsgi-hilton-garden-inn-denver-south-park-meadows-area/,https://www.hilton.com/en/hotels/dendsgi-hilton-garden-inn-denver-south-park-meadows-area/hotel-info/,OFFICIAL_PROPERTY,2026-09-27,,,Pets | Pets allowed: Yes | Non-refundable fee: $75.00,,denver-co
Hilton Garden Inn Denver Tech Center,pet-friendly-hotels,7675 East Union Ave.,Denver,CO,80237,+1 303-770-4200,https://www.hilton.com/en/hotels/dentrgi-hilton-garden-inn-denver-tech-center/,https://www.hilton.com/en/hotels/dentrgi-hilton-garden-inn-denver-tech-center/hotel-info/,OFFICIAL_PROPERTY,2026-09-27,,,"Pets | Pets allowed: Yes | Non-refundable fee: $75.00 | Max weight: 75 lbs | Pet policy: $75 (1-4n), $125 (5+n) 2 pets Max, dog/cat only.",,denver-co
Hilton Garden Inn Denver/Thornton,pet-friendly-hotels,14275 Lincoln St,Thornton,CO,80023,+1 303-255-1000,https://www.hilton.com/en/hotels/dengigi-hilton-garden-inn-denver-thornton/,https://www.hilton.com/en/hotels/dengigi-hilton-garden-inn-denver-thornton/hotel-info/,OFFICIAL_PROPERTY,2026-09-27,,,"Pets | Pets allowed: Yes | Non-refundable fee: $75.00 | Max weight: 75 lbs | Pet policy: $75 for 1 to 4 nights, $125.00 5+ nights 2pets Max, dog/cat only",,denver-co
Hilton Garden Inn Denver Union Station,pet-friendly-hotels,1999 Chestnut Place,Denver,CO,80202,+1 720-643-1999,https://www.hilton.com/en/hotels/denungi-hilton-garden-inn-denver-union-station/,https://www.hilton.com/en/hotels/denungi-hilton-garden-inn-denver-union-station/hotel-info/,OFFICIAL_PROPERTY,2026-09-27,,,"Pets | Pets allowed: Yes | Non-refundable fee: $75.00 | Max weight: 75 lbs | Pet policy: $75 (1-4n), $125 (5+n) 2 pets Max, dog/cat only",,denver-co
Hilton Garden Inn Longmont,pet-friendly-hotels,470 South Martin Street,Longmont,CO,80501,+1 720-759-4422,https://www.hilton.com/en/hotels/denlcgi-hilton-garden-inn-longmont/,https://www.hilton.com/en/hotels/denlcgi-hilton-garden-inn-longmont/hotel-info/,OFFICIAL_PROPERTY,2026-09-27,,,"Pets | Pets allowed: Yes | Non-refundable fee: $75.00 | Max weight: 75 lbs | Max size: large | Pet policy: $75(1-4 nights),$125(5 or more nights)+ tax 2 pets Max, dog or cat only. Pet fee non refundable. Max",,denver-co
Holiday Inn Denver-Parker-E470/Parker Rd,pet-friendly-hotels,19308 Cottonwood Drive,Parker,CO,80138,1-303-2482147,https://www.ihg.com/holidayinn/hotels/us/en/parker/denpr/hoteldetail,https://www.ihg.com/holidayinn/hotels/us/en/parker/denpr/hoteldetail,OFFICIAL_PROPERTY,2026-09-27,,,pets allowed,,denver-co
Holiday Inn Express & Suites Denver Airport,pet-friendly-hotels,6910 Tower Road,Denver,CO,80249,+1-303-373-4100,https://www.ihg.com/holidayinnexpress/hotels/us/en/denver/dentr/hoteldetail,https://www.ihg.com/holidayinnexpress/hotels/us/en/denver/dentr/hoteldetail,OFFICIAL_PROPERTY,2026-09-27,,,pets allowed,,denver-co
Holiday Inn Express & Suites Denver - Aurora Medical Campus,pet-friendly-hotels,14200 East Colfax Avenue,Aurora,CO,80011,+1-720-859-6444,https://www.ihg.com/holidayinnexpress/hotels/us/en/aurora/denam/hoteldetail,https://www.ihg.com/holidayinnexpress/hotels/us/en/aurora/denam/hoteldetail,OFFICIAL_PROPERTY,2026-09-27,,,"nities See it to believe it View photos Sleep well, rest easy View rooms Elevate your experience View amenities See it to believe it View photos Hotel packages available Prices shown reflect an average per night stay from Sep 27 - 28, 2026 Pet Getaway Pet Getaway Pets are allowed in designated rooms on floor 1 and 2 limited availability. Parking fee: 3 USD per day In and out privileges Parking for registered guests only Parking & transportation details Can I bring my pet to Holiday Inn Express &",,denver-co
Holiday Inn Express & Suites Denver East-Peoria Street,pet-friendly-hotels,12140 E 45th Ave,Denver,CO,80239,1-303-3719498,https://www.ihg.com/holidayinnexpress/hotels/us/en/denver/denps/hoteldetail,https://www.ihg.com/holidayinnexpress/hotels/us/en/denver/denps/hoteldetail,OFFICIAL_PROPERTY,2026-09-27,,,"Parking for registered guests only Vehicles allowed: Bus, Truck, Trailer, Rv Parking & transportation details Can I bring my pet to Holiday Inn Express & Suites Denver East-Peoria Street? Pets are welcome at Holiday Inn Express & Suites Denver East-Peoria Street. Pet policy description. 75 per stay, charged as one fee Pet fee per night: 75 USD Pet weight limit: 50 2 pets allowed Pets allowed: Only dogs and cats allowed Pet policy Does Holiday Inn Express & Suites Denver East-Peoria Street offer",,denver-co
Holiday Inn Express & Suites Denver North - Thornton,pet-friendly-hotels,12030 Grant Street,Thornton,CO,80241,1-303-4520800,https://www.ihg.com/holidayinnexpress/hotels/us/en/thornton/denth/hoteldetail,https://www.ihg.com/holidayinnexpress/hotels/us/en/thornton/denth/hoteldetail,OFFICIAL_PROPERTY,2026-09-27,,,pets allowed,,denver-co
Holiday Inn Express & Suites Denver SW-Littleton,pet-friendly-hotels,12683 West Indore Place,Littleton,CO,80127,1-720-9811000,https://www.ihg.com/holidayinnexpress/hotels/us/en/littleton/denlt/hoteldetail,https://www.ihg.com/holidayinnexpress/hotels/us/en/littleton/denlt/hoteldetail,OFFICIAL_PROPERTY,2026-09-27,,,Pets are welcome,,denver-co
Holiday Inn Express & Suites Longmont - Boulder Area,pet-friendly-hotels,1355 Dry Creek Drive,Longmont,CO,80503,(303) 684-0404,https://www.ihg.com/holidayinnexpress/hotels/us/en/longmont/qwmco/hoteldetail,https://www.ihg.com/holidayinnexpress/hotels/us/en/longmont/qwmco/hoteldetail,OFFICIAL_PROPERTY,2026-09-27,,,"nities See it to believe it View photos Sleep well, rest easy View rooms Elevate your experience View amenities See it to believe it View photos Hotel packages available Prices shown reflect an average per night stay from Sep 27 - 28, 2026 Pet Getaway Pet Getaway We would love for your furry friends to join you at the hotel. You and up to two pet companions per room may enjoy up to a one week stay. A 30 dollar nonrefundable pet fee has already been included with this rate. Our pet friendly hotel",,denver-co
Holiday Inn Express & Suites Wheat Ridge-Denver West,pet-friendly-hotels,10101 W 48th Avenue,Wheat Ridge,CO,80033,1-303-4248300,https://www.ihg.com/holidayinnexpress/hotels/us/en/wheat-ridge/denwr/hoteldetail,https://www.ihg.com/holidayinnexpress/hotels/us/en/wheat-ridge/denwr/hoteldetail,OFFICIAL_PROPERTY,2026-09-27,,,"Within walking distance, guests can explore dining options, dog-friendly parks, and a plethora of outdoor activities after indulging in our complimentary hot breakfast. Parking for registered guests only Vehicles allowed: Bus, Rv, Trailer Parking & transportation details Can I bring my pet to Holiday Inn Express & Suites Wheat Ridge-Denver West? Pets are welcome at Holiday Inn Express & Suites Wheat Ridge-Denver West. Pet policy description. Pets are allowed up to 30 lbs. There is a 250 USD pet",,denver-co
Holiday Inn Express Denver Central - North,pet-friendly-hotels,401 E 58th Ave,Denver,CO,80216,+1-720-484-6874,https://www.ihg.com/holidayinnexpress/hotels/us/en/denver/denmd/hoteldetail,https://www.ihg.com/holidayinnexpress/hotels/us/en/denver/denmd/hoteldetail,OFFICIAL_PROPERTY,2026-09-27,,,"Plus, we’re a pet-friendly hotel, so you can bring your furry friends along to enjoy your Denver getaway. Complimentary Parking Parking for registered guests only Vehicles allowed: Bus, Rv, Trailer, Truck Parking & transportation details Can I bring my pet to Holiday Inn Express Denver Central - North? Pets are welcome at Holiday Inn Express Denver Central - North. Pet policy description. We charge a small fee of 25 USD per pet, per night, and can accommodate up to two pals per room under 50 pou",,denver-co
Holiday Inn Express Denver Downtown,pet-friendly-hotels,1715 Tremont Place,Denver,CO,80202,(303) 296-0400,https://www.ihg.com/holidayinnexpress/hotels/us/en/denver/dende/hoteldetail,https://www.ihg.com/holidayinnexpress/hotels/us/en/denver/dende/hoteldetail,OFFICIAL_PROPERTY,2026-09-27,,,"From 190 USD per night Price excludes taxes and fees SELECT DATES Pet Getaway Pet Getaway Bring your furry friend and stay with us here in the Mile High City. Parking is Valet only, IHG Rewards members save $5 In and out privileges Parking & transportation details Can I bring my pet to Holiday Inn Express Denver Downtown? Pets are welcome at Holiday Inn Express Denver Downtown. Pet policy description. Maximum of one dog per room. Dogs Only. Pet damage deposit: 75 USD Pet weight limit: 50 1 pets",,denver-co
Home2 by Hilton Denver Downtown Convention Center,pet-friendly-hotels,801 15th Street,Denver,CO,80202,+1 303-759-1301,https://www.hilton.com/en/hotels/dentiht-home2-suites-denver-downtown-convention-center/,https://www.hilton.com/en/hotels/dentiht-home2-suites-denver-downtown-convention-center/hotel-info/,OFFICIAL_PROPERTY,2026-09-27,,,Pets | Pets allowed: Yes | Non-refundable fee: $50.00 | Pet policy: 1-4 night stay $50; 5+ night stay $75; 2 pets max; dog or cat only,,denver-co
Home2 Suites by Hilton Denver Central Park,pet-friendly-hotels,9193 E 47th Avenue,Denver,CO,80238,+1 303-371-4888,https://www.hilton.com/en/hotels/dennfht-home2-suites-denver-central-park/,https://www.hilton.com/en/hotels/dennfht-home2-suites-denver-central-park/hotel-info/,OFFICIAL_PROPERTY,2026-09-27,,,"Pets | Pets allowed: Yes | Non-refundable fee: $75.00 | Pet policy: $75(1-4n), $125(5+n), 2 pets max, dog/cat only",,denver-co
Home2 Suites by Hilton Denver/Highlands Ranch,pet-friendly-hotels,1405 Plaza Drive,Highlands Ranch,CO,80129,+1 303-791-1560,https://www.hilton.com/en/hotels/denraht-home2-suites-denver-highlands-ranch/,https://www.hilton.com/en/hotels/denraht-home2-suites-denver-highlands-ranch/hotel-info/,OFFICIAL_PROPERTY,2026-09-27,,,"Pets | Pets allowed: Yes | Non-refundable fee: $75.00 | Max weight: 75 lbs | Pet policy: $75(1-4n),$125(5+n) 2 pets max. Hotel accepts dogs only.",,denver-co
Home2 Suites by Hilton Denver International Airport,pet-friendly-hotels,6792 Tower Road,Denver,CO,80249,+1 303-307-4444,https://www.hilton.com/en/hotels/denaiht-home2-suites-denver-international-airport/,https://www.hilton.com/en/hotels/denaiht-home2-suites-denver-international-airport/hotel-info/,OFFICIAL_PROPERTY,2026-09-27,,,Pets | Pets allowed: Yes | Non-refundable fee: $50.00 | Pet policy: 1-4 night stay $50; 5+ night stay $75; 2 pets max; dog or cat only,,denver-co
Home2 Suites by Hilton Denver South Centennial Airport,pet-friendly-hotels,6640 South Paris Street,Centennial,CO,80112,+1 303-662-8888,https://www.hilton.com/en/hotels/denctht-home2-suites-denver-south-centennial-airport/,https://www.hilton.com/en/hotels/denctht-home2-suites-denver-south-centennial-airport/hotel-info/,OFFICIAL_PROPERTY,2026-09-27,,,Pets | Pets allowed: Yes | Non-refundable fee: $125.00 | Max weight: 150 lbs | Pet policy: $75(1-4) $125(5 +) 2 pets Max dog/cat only,,denver-co
"Home2 Suites by Hilton Denver West - Federal Center, CO",pet-friendly-hotels,50 Van Gordon Street,Lakewood,CO,80228,+1 303-985-7100,https://www.hilton.com/en/hotels/denllht-home2-suites-denver-west-federal-center-co/,https://www.hilton.com/en/hotels/denllht-home2-suites-denver-west-federal-center-co/hotel-info/,OFFICIAL_PROPERTY,2026-09-27,,,Pets | Pets allowed: Yes | Non-refundable fee: $50.00 | Pet policy: 1-4 night stay $50; 5+ night stay $75; 2 pets max; dog or cat only,,denver-co
Home2 Suites by Hilton Longmont,pet-friendly-hotels,710 S. Sherman Street,Longmont,CO,80501,+1 303-485-1030,https://www.hilton.com/en/hotels/qwmlcht-home2-suites-longmont/,https://www.hilton.com/en/hotels/qwmlcht-home2-suites-longmont/hotel-info/,OFFICIAL_PROPERTY,2026-09-27,,,"Pets | Pets allowed: Yes | Non-refundable fee: $75.00 | Pet policy: $75(1-4n),$125(5+n) 2petsMax,dog/cat",,denver-co
Home2 Suites by Hilton Wheat Ridge Golden,pet-friendly-hotels,13150 W 40th Ave,Wheat Ridge,CO,80401,+1 983-203-8690,https://www.hilton.com/en/hotels/denetht-home2-suites-wheat-ridge-golden/,https://www.hilton.com/en/hotels/denetht-home2-suites-wheat-ridge-golden/hotel-info/,OFFICIAL_PROPERTY,2026-09-27,,,Pets | Pets allowed: Yes | Non-refundable fee: $75.00 | Max weight: 75 lbs | Max size: large,,denver-co
Homewood Suites by Hilton - Boulder,pet-friendly-hotels,4950 Baseline Rd.,Boulder,CO,80303,+1 303 499 9922,https://www.hilton.com/en/hotels/boucohw-homewood-suites-boulder/,https://www.hilton.com/en/hotels/boucohw-homewood-suites-boulder/hotel-info/,OFFICIAL_PROPERTY,2026-09-27,,,"Pets | Pets allowed: Yes | Non-refundable fee: $75.00 | Max weight: 50 lbs | Pet policy: 1-4 Nights, $75 5+ Nights, $125. Cats & dogs only 2 pet maximum. Leash required at all times. Guest",,denver-co
Homewood Suites by Hilton Broomfield Boulder,pet-friendly-hotels,570 Flatiron Blvd.,Broomfield,CO,80021,+1 303-466-9722,https://www.hilton.com/en/hotels/dendbhw-homewood-suites-broomfield-boulder/,https://www.hilton.com/en/hotels/dendbhw-homewood-suites-broomfield-boulder/hotel-info/,OFFICIAL_PROPERTY,2026-09-27,,,Pets | Pets allowed: Yes | Non-refundable fee: $75.00 | Max weight: 75 lbs | Pet policy: $75(1-4n)$125(5+n)2pets Max dog/cat only,,denver-co
Homewood Suites by Hilton Denver International Airport,pet-friendly-hotels,4210 Airport Way,Denver,CO,80239,+1 303-371-4555,https://www.hilton.com/en/hotels/deniphw-homewood-suites-denver-international-airport/,https://www.hilton.com/en/hotels/deniphw-homewood-suites-denver-international-airport/hotel-info/,OFFICIAL_PROPERTY,2026-09-27,,,"Pets | Pets allowed: Yes | Non-refundable fee: $75.00 | Max weight: 75 lbs | Pet policy: $75(1-4nights), $125(5+n), 2 pets Max , dog/cat only",,denver-co
Homewood Suites by Hilton Denver - Littleton,pet-friendly-hotels,7630 Shaffer Parkway,Littleton,CO,80127,+1 720 981 4763,https://www.hilton.com/en/hotels/denlihw-homewood-suites-denver-littleton/,https://www.hilton.com/en/hotels/denlihw-homewood-suites-denver-littleton/hotel-info/,OFFICIAL_PROPERTY,2026-09-27,,,Pets | Pets allowed: Yes | Non-refundable fee: $75.00 | Pet policy: 1-4 night stay $75; 5+ night stay $125; 2 pets max; dog or cat only,,denver-co
Homewood Suites by Hilton Denver Tech Center,pet-friendly-hotels,199 Inverness Drive West,Englewood,CO,80112,+1 303-706-0102,https://www.hilton.com/en/hotels/denhwhw-homewood-suites-denver-tech-center/,https://www.hilton.com/en/hotels/denhwhw-homewood-suites-denver-tech-center/hotel-info/,OFFICIAL_PROPERTY,2026-09-27,,,"Pets | Pets allowed: Yes | Non-refundable fee: $75.00 | Max weight: 75 lbs | Max size: large | Pet policy: $75(1-29n), $125(30+) 2 pets Max,dog/cat ONLY",,denver-co
Homewood Suites by Hilton Denver West - Lakewood,pet-friendly-hotels,139 Union Blvd.,Lakewood,CO,80228,+1 303-716-5737,https://www.hilton.com/en/hotels/denldhw-homewood-suites-denver-west-lakewood/,https://www.hilton.com/en/hotels/denldhw-homewood-suites-denver-west-lakewood/hotel-info/,OFFICIAL_PROPERTY,2026-09-27,,,"Pets | Pets allowed: Yes | Non-refundable fee: $75.00 | Pet policy: $75(1-4n), $150(5+n) 2 pets max, dogs only",,denver-co
Homewood Suites by Hilton Thornton Denver,pet-friendly-hotels,12150 Grant Street,Thornton,CO,80241,+1 720-833-4138,https://www.hilton.com/en/hotels/dennnhw-homewood-suites-thornton-denver/,https://www.hilton.com/en/hotels/dennnhw-homewood-suites-thornton-denver/hotel-info/,OFFICIAL_PROPERTY,2026-09-27,,,Pets | Pets allowed: Yes | Non-refundable fee: $75.00 | Max weight: 50 lbs | Max size: large,,denver-co
Hotel Boulderado,pet-friendly-hotels,2115 13th Street,Boulder,CO,80302,+1-303-442-4344,https://www.boulderado.com/,https://www.boulderado.com/,OFFICIAL_PROPERTY,2026-09-27,,,"Do you allow dogs? What is your dog policy? Dogs are allowed in rooms located on the first floor of the North Wing. $100 one time non-refundable fee will be charged to reservations made with dogs. Dogs may not be left in the room alone at any time. Dog friendly accommodation includes a dog bed, bowls and a single turn down chew bone. Please be sure to contact the hotel at least 72 hours prior to arrival if you will be traveling with a dog. Without notice, we cannot guarantee availability of dog",,denver-co
"Hotel Clio, a Luxury Collection Hotel, Denver Cherry Creek",pet-friendly-hotels,150 Clayton Lane,Denver,CO,80206,+1 303-316-2700,https://www.marriott.com/en-us/hotels/denld-hotel-clio-a-luxury-collection-hotel-denver-cherry-creek/overview/,https://www.marriott.com/en-us/hotels/denld-hotel-clio-a-luxury-collection-hotel-denver-cherry-creek/overview/,OFFICIAL_PROPERTY,2026-09-27,,,Pet Policy | Pets Welcome. | Dogs are allowed at Hotel Clio for an additional fee. | Non-Refundable Pet Fee Per Stay: $150.00 | Maximum Number of Pets in Room: 2,,denver-co
Hotel Indigo Denver Downtown-Union Station,pet-friendly-hotels,1801 Wewatta Street,Denver,CO,80202,(720) 544-6102,https://www.ihg.com/hotelindigo/hotels/us/en/denver/denws/hoteldetail,https://www.ihg.com/hotelindigo/hotels/us/en/denver/denws/hoteldetail,OFFICIAL_PROPERTY,2026-09-27,,,"Whether you're thinking of relocating to Denver or waiting to move in to your new home, our pet-friendly hotel offers the comforts you need while discovering the neighborhood. Parking fee: 45 USD per day In and out privileges Parking & transportation details Can I bring my pet to Hotel Indigo Denver Downtown-Union Station? Pets are welcome at Hotel Indigo Denver Downtown-Union Station. Pet policy description. Pet fee of 75 dollars per stay. Accept dogs under 40lbs. Limit 2 animals per room Pet f",,denver-co
Hotel Teatro,pet-friendly-hotels,1100 14th Street,Denver,CO,80202,+1 888-727-1200,https://hotelteatro.com/,https://hotelteatro.com/,OFFICIAL_PROPERTY,2026-09-27,,,"heater Nights Hotel Teatro is Denver’s original boutique hotel steps from the Learn More Bed & Breakfast Bundle and save to complete the perfect getaway with breakfast Learn More Pampered Pups Welcome your furry family member to our luxury dog-friendly hotel Learn More Elevated Experiences Amenities designed for a memorable Stay From in-room dining to dog-friendly perks, Hotel Teatro blends comfort with convenience. Dog Friendly Boutique Hotel in Denver Colorado - Hotel Teatro Skip to content St",,denver-co
Hyatt Centric Downtown Denver,pet-friendly-hotels,1776 Champa Street,Denver,CO,80202,(303) 301-8983,https://www.hyatt.com/en-US/hotel/colorado/hyatt-centric-downtown-denver/denct,https://www.hyatt.com/en-US/hotel/colorado/hyatt-centric-downtown-denver/denct,OFFICIAL_PROPERTY,2026-09-27,,,"Your Pet Is Welcome, Too | At Hyatt Centric Downtown Denver, we understand your dogs are part of the family and want to explore | Pet Fees | 1-6 Nights $75 | 7-30 Nights $150 | Weight Limits | Maximum number of pets is 2",,denver-co
Hyatt House Boulder/Broomfield,pet-friendly-hotels,13351 W. Midway Blvd.,Broomfield,CO,80020,,https://broomfield.house.hyatt.com/en/hotel/home.html,https://www.hyatt.com/hyatt-house/en-US/denxb-hyatt-house-boulder-broomfield,OFFICIAL_PROPERTY,2026-09-27,,,"We Are Pet Friendly | Whether you're staying for a few days or settling in for a few weeks, our extended-stay hotel in Bro | Pet Fees | 1–6 nights $100 STAY | 7–30 nights (includes cleaning fee) $200 STAY | Weight Limits | Maximum number of pets is 2.",,denver-co
Hyatt House Denver Airport,pet-friendly-hotels,18741 E 71st Avenue,Denver,CO,80249,+1 303-628-7777,http://www.hyatthousedenverairport.com,http://www.hyatthousedenverairport.com,OFFICIAL_PROPERTY,2026-09-27,,,We Are Pet Friendly | Your dogs are welcome at Hyatt House Denver Airport. Enjoy exploring the array of dog parks and walk | Pet Fees | 1–6 nights $100 | 7-30 nights + additional cleaning fee $200 | Weight Limits | Maximum number of pets is 2,,denver-co
Hyatt House Denver Aurora Anschutz Medical Campus,pet-friendly-hotels,12230 E. Colfax Ave.,Aurora,CO,80011,+1 303-364-1468,http://Hyatthousedenveraurora.com,https://www.hyatt.com/hyatt-house/en-US/denxo-hyatt-house-denver-aurora-anschutz-medical-campus,OFFICIAL_PROPERTY,2026-09-27,,,We Are Pet Friendly | Your furry companions are welcome at our pet-friendly hotel. The maximum is two dogs. Please contact | Pet Fees | 1–6 nights | 7–30 nights + additional cleaning fee | Weight Limits | Maximum number of pets is 2.,,denver-co
Hyatt House Denver/Lakewood at Belmar,pet-friendly-hotels,7310 West Alaska Drive,Lakewood,CO,80226,+1-303-922-2511,http://denverlakewood.house.hyatt.com/en/hotel/home.html,http://denverlakewood.house.hyatt.com/en/hotel/home.html,OFFICIAL_PROPERTY,2026-09-27,,,"We Are Pet Friendly | We welcome your canine companions, with two dogs allowed per room, provided they meet the weight lim | Pet Fees | 1-6 Nights $100 | 7-16 Nights (including cleaning fee) $200 | Weight Limits | Maximum number of pets is 2",,denver-co
Hyatt House Denver Tech Center,pet-friendly-hotels,9280 E. Costilla Avenue,Englewood,CO,80112,,https://www.hyatt.com/en-US/hotel/colorado/hyatt-house-denver-tech-center/denxt,https://www.hyatt.com/hyatt-house/en-US/denxt-hyatt-house-denver-tech-center,OFFICIAL_PROPERTY,2026-09-27,,,We Are Pet Friendly | Hyatt House Denver Tech Center welcomes you and your dog. | Pet Fees | 1–6 nights: $75 STAY | 7–30 nights (includes cleaning fee) $175 STAY | Weight Limits | Maximum number of pets is 2.,,denver-co
Hyatt Place Boulder/Pearl Street,pet-friendly-hotels,2280 Junction Pl,Boulder,CO,80301,+1 303-442-0160,https://boulderpearlstreet.place.hyatt.com,https://www.hyatt.com/hyatt-place/en-US/denzb-hyatt-place-boulder-pearl-street,OFFICIAL_PROPERTY,2026-09-27,,,"Pets Are Welcome | Like the rest of Boulder, Hyatt Place Boulder/Pearl Street loves dogs. Please call our hotel at +1 3 | Pet Fees | 1-6 nights $75 | 7-30 nights (includes cleaning fee) $175 | Weight Limits | Maximum number of pets is 2",,denver-co
Hyatt Place Denver Airport,pet-friendly-hotels,16250 E 40th Avenue,Aurora,CO,80011,+1-303-371-0700,https://denverairport.place.hyatt.com/en/hotel/home.html,https://denverairport.place.hyatt.com/en/hotel/home.html,OFFICIAL_PROPERTY,2026-09-27,,,"Pets Are Welcome | Whether you're here for a layover or staying a bit, bring your canine companion along to enjoy all t | Pet Fees | 1-6 nights / $100 / STAY | 7-30 nights + additional cleaning fee / $100 / STAY | 30+ nights + addtional cleaning fee / $300 / STAY | Weight Limits | Maximum number of pets is 2.",,denver-co
Hyatt Place Denver/Cherry Creek,pet-friendly-hotels,4150 East Mississippi Avenue,Glendale,CO,80246,+1 303-782-9300,http://denvercherrycreek.place.hyatt.com/en/hotel/home.html,https://www.hyatt.com/hyatt-place/en-US/denzc-hyatt-place-denver-cherry-creek,OFFICIAL_PROPERTY,2026-09-27,,,"Pets Are Welcome | We welcome your pets at Hyatt Place Denver/Cherry Creek. For stays exceeding 30 nights, please conta | Pet Fees | 1 - 6 nights $100 STAY | 7 - 30 nights $200 STAY | Weight Limits | Maximum number of pets is 2.",,denver-co
Hyatt Place Denver/Downtown,pet-friendly-hotels,440 14th Street,Denver,CO,80202,(303) 893-2900,https://www.hyatt.com/en-US/hotel/colorado/hyatt-place-denver-downtown/denzd,https://www.hyatt.com/hyatt-place/en-US/denzd-hyatt-place-denver-downtown,OFFICIAL_PROPERTY,2026-09-27,,,Pets Are Welcome | You're welcome to bring your dog when you stay at Hyatt Place Denver / Downtown. Contact the hotel t | Pet Fees | 1 - 6 nights $100 | 7-30 nights + additional cleaning fee $200,,denver-co
Hyatt Place Denver-South/Park Meadows,pet-friendly-hotels,9030 East Westview Road,Lone Tree,CO,80124,,https://www.hyatt.com/en-us/hotel/colorado/hyatt-place-denver-south-park-meadows/denzs,https://www.hyatt.com/en-us/hotel/colorado/hyatt-place-denver-south-park-meadows/denzs,OFFICIAL_PROPERTY,2026-09-27,,,Pets Are Welcome | We welcome your canine companions at Hyatt Place Denver-South/Park Meadows. All dogs must be housebr | Pet Fees | 1-6 nights $100 STAY | 7-30 nights additional cleaning fee $200 STAY | Weight Limits | Maximum number of pets is 2.,,denver-co
Hyatt Place Denver Tech Center,pet-friendly-hotels,8300 East Crescent Parkway,Greenwood Village,CO,80111,,https://www.hyatt.com/en-us/hotel/colorado/hyatt-place-denver-tech-center/denzt,https://www.hyatt.com/en-us/hotel/colorado/hyatt-place-denver-tech-center/denzt,OFFICIAL_PROPERTY,2026-09-27,,,Pets Are Welcome | We welcome your canine companions at Hyatt Place Denver Tech Center. Dogs only. All dogs must be hou | Pet Fees | 1–6 nights $100 | 7–30 nights (includes cleaning fee) $175 | Weight Limits | Maximum number of pets is 2.,,denver-co
Hyatt Place Denver / Westminster,pet-friendly-hotels,6865 W 103rd Avenue,Westminster,CO,80021,,https://www.hyatt.com/en-us/hotel/colorado/hyatt-place-denver-westminster/denzw,https://www.hyatt.com/en-us/hotel/colorado/hyatt-place-denver-westminster/denzw,OFFICIAL_PROPERTY,2026-09-27,,,"Pets Are Welcome | Bring your furry canine friend to our hotel in Westminster, Colorado. We offer complimentary dog tre | Pet Fees | 1-6 nights $100 | 7-30 nights $200 | Weight Limits | Maximum number of pets is 2",,denver-co
Hyatt Place Pena Station / Denver Airport,pet-friendly-hotels,6110 North Panasonic Way,Denver,CO,80249,+1 720-405-4321,http://www.hyattplacepenastationdenverairport.com,http://www.hyattplacepenastationdenverairport.com,OFFICIAL_PROPERTY,2026-09-27,,,Pets Are Welcome | Bring your canine world traveler along for a relaxing layover. Maximum two dogs per room. For those | Pet Fees | 1–6 nights $100 | 7–30 nights + additional cleaning fee $200,,denver-co
Hyatt Regency Denver Anschutz Medical Campus,pet-friendly-hotels,13200 E 14th Place,Aurora,CO,80011,(303) 365-1234,http://hyattregencyaurora.com,http://hyattregencyaurora.com,OFFICIAL_PROPERTY,2026-09-27,,,We Are Pet Friendly | Pets are welcome at Hyatt Regency Denver Anschutz Medical Campus. We make it easier for pet lovers a | Pet Fees | 6 nights or less: $100 | 7 nights or more: $200 | Weight Limits | Maximum number of pets is 2,,denver-co
Hyatt Regency Denver Tech Center,pet-friendly-hotels,7800 East Tufts Avenue,Denver,CO,80237,(303) 779-1234,https://www.hyatt.com/en-US/hotel/colorado/hyatt-regency-denver-tech-center/denve,https://www.hyatt.com/en-US/hotel/colorado/hyatt-regency-denver-tech-center/denve,OFFICIAL_PROPERTY,2026-09-27,,,We Are Pet Friendly | Enjoy South Denver with your dog. Our hotel's pet-friendly program makes it easier for pet lovers an | Pet Fees | 6 nights or less $100 STAY | 7–30 nights $100 STAY $100 Deep-cleaning fee,,denver-co
Kimpton Claret Hotel,pet-friendly-hotels,6985 E. Chenango Ave.,Denver,CO,80237,(983) 999-0310,https://www.ihg.com/kimptonhotels/hotels/us/en/claret-hotel-denver-co/denim/hoteldetail,https://www.ihg.com/kimptonhotels/hotels/us/en/claret-hotel-denver-co/denim/hoteldetail,OFFICIAL_PROPERTY,2026-09-27,,,From 260 USD per night 219 room + 41 fees SELECT DATES View all offers Additional packages The Claret Canine Club THE CLARET CANINE CLUB Eligible dates: 10/5/2026 - 4/5/2027 Package includes one Kimpton branded dog robe 15lbs to 45lbs. Dog map to dog parks and pet friendly businesses. Package is applicable for one dog up to 45lbs due to robe sizing per reservation. In and out privileges Parking & transportation details Can I bring my pet to Kimpton Claret Hotel? Pets are welcome at Kimpton Clare,,denver-co
Kimpton Hotel Monaco Denver,pet-friendly-hotels,1717 Champa Street,Denver,CO,80202,+1 303 296 1717,https://www.ihg.com/kimptonhotels/hotels/us/en/hotel-monaco-denver-co/dendm/hoteldetail,https://www.ihg.com/kimptonhotels/hotels/us/en/hotel-monaco-denver-co/dendm/hoteldetail,OFFICIAL_PROPERTY,2026-09-27,,,"In and out privileges Parking & transportation details Can I bring my pet to Kimpton Hotel Monaco Denver? Pets are welcome at Kimpton Hotel Monaco Denver. Pet policy description. We invite you to bring your pet no matter their size, weight, or breed, all at no extra charge. If your pet fits through the door, we will welcome them in. Pet fee per night: 0 USD Pet damage deposit: 0 USD Pet policy Can I cancel my booking at Kimpton Hotel Monaco Denver for a full refund?",,denver-co
La Quinta by Wyndham Denver Englewood Tech Center,pet-friendly-hotels,9009 East Arapahoe Road,Greenwood Village,CO,80112,1-303-799-4555,https://www.wyndhamhotels.com/laquinta/greenwood-village-colorado/la-quinta-denver-englewood-tech-center/overview,https://www.wyndhamhotels.com/laquinta/greenwood-village-colorado/la-quinta-denver-englewood-tech-center/overview,OFFICIAL_PROPERTY,2026-09-27,,,Service - ADA defined animals welcome / Pets Allowed 2 pets max / Fees - 25USD per pet / Other Information - Contact hotel for additional details and availability.,,denver-co
La Quinta Inn & Suites by Wyndham Denver Airport DIA,pet-friendly-hotels,6801 Tower Road,Denver,CO,80249,(303) 371-0888,https://www.wyndhamhotels.com/laquinta/denver-colorado/la-quinta-denver-airport-dia/overview,https://www.wyndhamhotels.com/laquinta/denver-colorado/la-quinta-denver-airport-dia/overview,OFFICIAL_PROPERTY,2026-09-27,,,Service Animals - ADA-defined service animals are welcome free of charge. / Pets Allowed - 2 pets max. Cats and dogs only. 75lbs or less per pet. / Fees - Non-refundable 25 USD nightly for up to 2 pets. Max 75 USD per stay. / Other Information - Contact hotel for additional details and availability.,,denver-co
La Quinta Inn & Suites by Wyndham Denver Aurora Medical,pet-friendly-hotels,1500 S Abilene Street,Aurora,CO,80012,+1-303-847-0632,https://www.wyndhamhotels.com/laquinta/aurora-colorado/la-quinta-inn-and-suites-denver-aurora-medical-ctr/overview,https://www.wyndhamhotels.com/laquinta/aurora-colorado/la-quinta-inn-and-suites-denver-aurora-medical-ctr/overview,OFFICIAL_PROPERTY,2026-09-27,,,Service Animals - ADA-defined service animals are welcome free of charge. / Pets Allowed - 2 pets max. Cats and dogs only. 75lbs or less per pet. / Fees - Non-refundable 25 USD nightly for up to 2 pets. Max 75 USD per stay. / Other Information - Contact hotel for additional details and availability.,,denver-co
La Quinta Inn & Suites by Wyndham Denver Boulder-Louisville,pet-friendly-hotels,902 W Dillon Rd,Louisville,CO,80027,1-303-664-0100,https://www.wyndhamhotels.com/laquinta/louisville-colorado/la-quinta-denver-boulder-louisville/overview,https://www.wyndhamhotels.com/laquinta/louisville-colorado/la-quinta-denver-boulder-louisville/overview,OFFICIAL_PROPERTY,2026-09-27,,,Service Animals - ADA-defined service animals are welcome free of charge. / Pets Allowed - 2 pets max. Cats and dogs only. 75lbs or less per pet. / Fees - Non-refundable 25 USD nightly for up to 2 pets. Max 75 USD per stay. / Other Information - Contact hotel for additional details and availability.,,denver-co
La Quinta Inn & Suites by Wyndham Denver Gateway Park,pet-friendly-hotels,4460 Peoria Street,Denver,CO,80239,1-303-3732525,https://www.wyndhamhotels.com/laquinta/denver-colorado/la-quinta-denver-gateway-park/overview,https://www.wyndhamhotels.com/laquinta/denver-colorado/la-quinta-denver-gateway-park/overview,OFFICIAL_PROPERTY,2026-09-27,,,Service Animals - ADA-defined service animals are welcome free of charge. / Pets Allowed - 2 pets max. Cats and dogs only. 75lbs or less per pet. / Fees - Non-refundable 25 USD nightly for up to 2 pets. Max 75 USD per stay. / Other Information - Contact hotel for additional details and availability.,,denver-co
La Quinta Inn & Suites by Wyndham Denver Parker,pet-friendly-hotels,17111 Carlson Drive,Parker,CO,80134,(720) 716-3622,https://www.wyndhamhotels.com/laquinta/parker-colorado/la-quinta-inn-and-suites-denver-parker/overview,https://www.wyndhamhotels.com/laquinta/parker-colorado/la-quinta-inn-and-suites-denver-parker/overview,OFFICIAL_PROPERTY,2026-09-27,,,Service Animals - ADA-defined service animals are welcome free of charge. / Pets Allowed - 2 pets max. Cats and dogs only. 75lbs or less per pet. / Fees - Non-refundable 25 USD nightly for up to 2 pets. Max 75 USD per stay. / Other Information - Contact hotel for additional details and availability.,,denver-co
La Quinta Inn & Suites by Wyndham Denver Southwest Lakewood,pet-friendly-hotels,7190 West Hampden Avenue,Lakewood,CO,80227,1-303-969-9700,https://www.wyndhamhotels.com/laquinta/lakewood-colorado/la-quinta-denver-southwest-lakewood/overview,https://www.wyndhamhotels.com/laquinta/lakewood-colorado/la-quinta-denver-southwest-lakewood/overview,OFFICIAL_PROPERTY,2026-09-27,,,Service Animals - ADA-defined service animals are welcome free of charge. / Pets Allowed - 2 pets max. Cats and dogs only. 75lbs or less per pet. / Fees - Non-refundable 25 USD nightly for up to 2 pets. Max 75 USD per stay. / Other Information - Contact hotel for additional details and availability.,,denver-co
La Quinta Inn & Suites by Wyndham Denver Tech Center,pet-friendly-hotels,7077 South Clinton St,Greenwood Village,CO,80112,1-303-6499969,https://www.wyndhamhotels.com/laquinta/greenwood-village-colorado/la-quinta-denver-tech-center/overview,https://www.wyndhamhotels.com/laquinta/greenwood-village-colorado/la-quinta-denver-tech-center/overview,OFFICIAL_PROPERTY,2026-09-27,,,Service Animals - ADA-defined service animals are welcome free of charge. / Pets Allowed - 2 pets max. Cats and dogs only. 75lbs or less per pet. / Fees - Non-refundable 25 USD nightly for up to 2 pets. Max 75 USD per stay. / Other Information - Contact hotel for additional details and availability.,,denver-co
La Quinta Inn & Suites by Wyndham Littleton/Red Rocks,pet-friendly-hotels,5669 S Alkire Street,Littleton,CO,80127,(720) 687-3800,https://www.wyndhamhotels.com/laquinta/littleton-colorado/la-quinta-inn-and-suites-littleton-red-rocks/overview,https://www.wyndhamhotels.com/laquinta/littleton-colorado/la-quinta-inn-and-suites-littleton-red-rocks/overview,OFFICIAL_PROPERTY,2026-09-27,,,Service Animals - ADA-defined service animals are welcome free of charge. / Pets Allowed - 2 pets max. Cats and dogs only. 75lbs or less per pet. / Fees - Non-refundable 25 USD nightly for up to 2 pets. Max 75 USD per stay. / Other Information - Contact hotel for additional details and availability.,,denver-co
La Quinta Inn by Wyndham Denver Westminster,pet-friendly-hotels,8701 Turnpike Drive,Westminster,CO,80031,(303) 425-9099,https://www.wyndhamhotels.com/laquinta/westminster-colorado/la-quinta-inn-denver-westminster/overview,https://www.wyndhamhotels.com/laquinta/westminster-colorado/la-quinta-inn-denver-westminster/overview,OFFICIAL_PROPERTY,2026-09-27,,,Service Animals - ADA-defined service animals are welcome free of charge. / Pets Allowed - 2 pets max. Cats and dogs only. 75lbs or less per pet. / Fees - Non-refundable 25 USD nightly for up to 2 pets. Max 75 USD per stay. / Other Information - Contact hotel for additional details and availability.,,denver-co
Le Meridien Denver Downtown,pet-friendly-hotels,1475 California Street,Denver,CO,80202,(303) 893-1888,https://www.marriott.com/en-us/hotels/denmd-le-meridien-denver-downtown/overview/,https://www.marriott.com/en-us/hotels/denmd-le-meridien-denver-downtown/overview/,OFFICIAL_PROPERTY,2026-09-27,,,Pet Policy | Pets Welcome. | Only pets permitted are dogs under 50lbs. Non-refundable fee: $50/night. | Non-Refundable Pet Fee Per Night: $50.00 | Maximum Pet Weight: 50.0lbs | Maximum Number of Pets in Room: 1,,denver-co
Limelight Boulder,pet-friendly-hotels,1295 University Avenue,Boulder,CO,80302,+1-844-674-2733,https://www.limelighthotels.com/boulder,https://www.limelighthotels.com/boulder,OFFICIAL_PROPERTY,2026-09-27,,,"VIEW DETAILS Pet-Friendly Four-legged friends are welcome at every Limelight Hotel, and we'll do our best to ensure they have a comfortable stay just like you. Is Limelight Boulder a pet-friendly hotel? At check-in, your pet will be welcomed with their very own in-room pet bed and a complimentary water bowl, and will be offered a treat every time they return to the hotel. A non-refundable pet cleaning fee applies: $75 for stays of up to 5 nights, and $125 for stays longer than 5 nights. Pets are",,denver-co
Limelight Denver,pet-friendly-hotels,1600 Wewatta Street,Denver,CO,80202,+1 844-473-2438,https://www.limelighthotels.com/denver,https://www.limelighthotels.com/denver,OFFICIAL_PROPERTY,2026-09-27,,,"Pet-Friendly The original Limelite Lodge was a pioneer in welcoming pets, and we’ve kept up the tradition. Additional charges such as valet parking, pet fees, and incidentals will be billed separately during your stay. Hotel Policies & Safety Is Limelight Denver a pet-friendly hotel? At check-in, your pet will be welcomed with their very own in-room pet bed and a complimentary water bowl, and will be offered a treat every time they return to the hotel. A non-refundable pet cleaning fee applies:",,denver-co
"Magnolia Hotel Denver, a Tribute Portfolio Hotel",pet-friendly-hotels,818 17th Street,Denver,CO,80202,(303) 607-0900,https://www.marriott.com/en-us/hotels/denmg-magnolia-hotel-denver-a-tribute-portfolio-hotel/overview/,https://www.marriott.com/en-us/hotels/denmg-magnolia-hotel-denver-a-tribute-portfolio-hotel/overview/,OFFICIAL_PROPERTY,2026-09-27,,,"Pet Policy | Pets Welcome | No pet fee, must register pet with front desk, owner responsible for damages | Maximum Number of Pets in Room: 2",,denver-co
MainStay Suites Denver Tech Center,pet-friendly-hotels,6780 S Galena St,Centennial,CO,80112,,https://www.choicehotels.com/colorado/centennial/mainstay-hotels/co464,https://www.choicehotels.com/colorado/centennial/mainstay-hotels/co464,OFFICIAL_PROPERTY,2026-09-27,,,"Pets Allowed: Yes | General: No Cats, 50.00 USD non-refundable deposit for pets per stay PLUS 10.00 USD per pet, per nig",,denver-co
Microtel Inn & Suites by Wyndham Denver Airport,pet-friendly-hotels,18600 E 63rd Avenue,Denver,CO,80249,+1-303-371-8300,https://www.wyndhamhotels.com/microtel/denver-colorado/microtel-inn-and-suites-denver-airport/overview,https://www.wyndhamhotels.com/microtel/denver-colorado/microtel-inn-and-suites-denver-airport/overview,OFFICIAL_PROPERTY,2026-09-27,,,Service Animals - ADA-defined service animals welcome. / Pets Allowed - Dogs only. 2 dogs max. / Fees - 25USD per pet per night. / Pet Sanitation Fee 100 USD if required. / Other Information - Contact hotel for additional details and availability.,,denver-co
Moxy Boulder University,pet-friendly-hotels,1247 Pleasant Street,Boulder,CO,80302,(720) 961-0500,https://www.marriott.com/en-us/hotels/denbx-moxy-boulder-university/overview/,https://www.marriott.com/en-us/hotels/denbx-moxy-boulder-university/overview/,OFFICIAL_PROPERTY,2026-09-27,,,Pet Policy | Pets Welcome. | $50 non-refundable fee per night (max fee total $100 per stay). | Non-Refundable Pet Fee Per Night: $50.00 | Maximum Number of Pets in Room: 2,,denver-co
Moxy Denver Cherry Creek,pet-friendly-hotels,240 Josephine Street,Denver,CO,80206,(303) 463-6699,https://www.marriott.com/en-us/hotels/denox-moxy-denver-cherry-creek/overview/,https://www.marriott.com/en-us/hotels/denox-moxy-denver-cherry-creek/overview/,OFFICIAL_PROPERTY,2026-09-27,,,Pet Policy | Pets Welcome. | USD $50.00 non-refundable fee per room per night up to $150 per stay | Non-Refundable Pet Fee Per Night: $50.00 | Maximum Pet Weight: 60.0lbs | Maximum Number of Pets in Room: 1,,denver-co
Omni Interlocken Hotel,pet-friendly-hotels,500 Interlocken Boulevard,Broomfield,CO,80021,(303) 438-6600,http://www.omniinterlocken.com,http://www.omniinterlocken.com,OFFICIAL_PROPERTY,2026-09-27,,,"Yes, Omni Interlocken Hotel is a pet friendly hotel for dogs under 70 pounds. There is a one-time no",,denver-co
"Origin Red Rocks, a Wyndham Hotel",pet-friendly-hotels,18485 W Colfax Ave,Golden,CO,80401,(303) 215-0100,https://www.wyndhamhotels.com/wyndham/golden-colorado/origin-red-rocks/overview,https://www.wyndhamhotels.com/wyndham/golden-colorado/origin-red-rocks/overview,OFFICIAL_PROPERTY,2026-09-27,,,A maximum of 2 dogs allowed for a non-refundable charge of 50 USD per room per stay. Max 100 lbs.This include cleaning fee and pup pack with toys treats use of dog bowl and bed in room. ADA defined service animals are welcome at this hotel.,,denver-co
"Origin Westminster, a Wyndham Hotel",pet-friendly-hotels,8875 Westminster Blvd,Westminster,CO,80031,(720) 464-2755,https://www.wyndhamhotels.com/wyndham/westminster-colorado/origin-westminster/overview,https://www.wyndhamhotels.com/wyndham/westminster-colorado/origin-westminster/overview,OFFICIAL_PROPERTY,2026-09-27,,,Origin Westminster is dog friendly Dogs only. A charge of 50.00 USD per dog per stay. Maximum 2 dogs maximum weight 100 LBS. ADA defined service animals are welcome at this hotel.,,denver-co
"Park Inn by Radisson, Lakewood",pet-friendly-hotels,480 Wadsworth Boulevard,Lakewood,CO,80226,,https://www.choicehotels.com/colorado/lakewood/park-inn-hotels/co552,https://www.choicehotels.com/colorado/lakewood/park-inn-hotels/co552,OFFICIAL_PROPERTY,2026-09-27,,,"Pets | General: Pets Allowed. Pet Charge 25.00 USD Per Pet, Per Night. Refundable deposit of 100.00 USD is",,denver-co
Quality Inn & Suites Denver International Airport,pet-friendly-hotels,3300 North Ouray Street,Aurora,CO,80011,+1-720-213-5715,https://www.choicehotels.com/colorado/aurora/quality-inn-hotels/co188,https://www.choicehotels.com/colorado/aurora/quality-inn-hotels/co188,OFFICIAL_PROPERTY,2026-09-27,,,"Pets Allowed: Yes | General: Pet accommodation: 25.00 USD per night, per pet. Pet limit: 2 per room, up to 40 pounds to.",,denver-co
Quality Inn Longmont,pet-friendly-hotels,3815 State Hwy 119,Longmont,CO,80504,,https://www.choicehotels.com/colorado/longmont/quality-inn-hotels/co367,https://www.choicehotels.com/colorado/longmont/quality-inn-hotels/co367,OFFICIAL_PROPERTY,2026-09-27,,,Pets Allowed: Yes | General: Only Dogs Allowed. 15.00 USD per pet per night. 2 pets per room up to 40 lbs.. Service anim,,denver-co
Quality Inn Louisville - Boulder,pet-friendly-hotels,1196 Dillon Rd.,Louisville,CO,80027,,https://www.choicehotels.com/colorado/louisville/quality-inn-hotels/co097,https://www.choicehotels.com/colorado/louisville/quality-inn-hotels/co097,OFFICIAL_PROPERTY,2026-09-27,,,"Pets Allowed: Yes | General: Pet accommodation:20.00 USD per night, per dog. Dogs only allowed, up to 2 dogs. Weight lim...",,denver-co
Ramada by Wyndham Westminster/Denver,pet-friendly-hotels,345 W 120th Avenue,Westminster,CO,80234,+1 303-252-9800,https://www.wyndhamhotels.com/ramada/westminster-colorado/ramada-westminster-denver/overview,https://www.wyndhamhotels.com/ramada/westminster-colorado/ramada-westminster-denver/overview,OFFICIAL_PROPERTY,2026-09-27,,,Service Animals - ADA-defined service animals welcome. / Pets Allowed. 2 pets max. 75lbs or less per pet. / Fees - 25USD per pet per night. Max 100USD per stay. Pet Sanitation Fee 200USD if required. / Other Information - Contact hotel for additional details and availability.,,denver-co
Renaissance Boulder Flatiron Hotel,pet-friendly-hotels,500 Flatiron Boulevard,Broomfield,CO,80021,+1-303-464-8400,https://www.marriott.com/en-us/hotels/denir-renaissance-boulder-flatiron-hotel/overview/,https://www.marriott.com/en-us/hotels/denir-renaissance-boulder-flatiron-hotel/overview/,OFFICIAL_PROPERTY,2026-09-27,,,"Pet Policy | Pets Welcome | Dogs Only. $100 Pet Fee, Per Stay. | Maximum Pet Weight: 80.0lbs | Maximum Number of Pets in Room: 2",,denver-co
Renaissance Denver Downtown City Center Hotel,pet-friendly-hotels,918 17th Street,Denver,CO,80202,(303) 867-8100,https://www.marriott.com/en-us/hotels/dendr-renaissance-denver-downtown-city-center-hotel/overview/,https://www.marriott.com/en-us/hotels/dendr-renaissance-denver-downtown-city-center-hotel/overview/,OFFICIAL_PROPERTY,2026-09-27,,,Pet Policy | Pets Welcome | Pets allowed with a $50 non-refundable deposit per stay. | Non-Refundable Pet Fee Per Night: ... | Maximum Pet Weight: 75.0lbs | Maximum Number of Pets in Room: 1,,denver-co
Renaissance Denver Hotel & Conference Center,pet-friendly-hotels,3801 Quebec Street,Denver,CO,80207,+1-303-399-7500,https://www.marriott.com/en-us/hotels/densa-renaissance-denver-hotel-and-conference-center/overview/,https://www.marriott.com/en-us/hotels/densa-renaissance-denver-hotel-and-conference-center/overview/,OFFICIAL_PROPERTY,2026-09-27,,,"Pet Policy | Pets Welcome | Non-Refundable: Dog $50 per night up to $150 per stay, max 2 dogs per room | Maximum Pet Weight: 50.0lbs | Maximum Number of Pets in Room: 2",,denver-co
Residence Inn by Marriott Arvada Denver West,pet-friendly-hotels,7360 W 56th Ave,Arvada,CO,80002,,https://www.marriott.com/en-us/hotels/denrv-residence-inn-arvada-denver-west/overview/,https://www.marriott.com/en-us/hotels/denrv-residence-inn-arvada-denver-west/overview/,OFFICIAL_PROPERTY,2026-09-27,,,Pet Policy | Pets Welcome | 2 pet max per room per stay with 75-150 USD non-refundable fee. | Non-Refundable Pet Fee Per Stay: $150.00 | Maximum Pet Weight: 100.0lbs | Maximum Number of Pets in Room: 2,,denver-co
Residence Inn by Marriott Boulder,pet-friendly-hotels,3030 Center Green Drive,Boulder,CO,80301,+1 303-449-5545,https://www.marriott.com/en-us/hotels/vbocg-residence-inn-boulder/overview/,https://www.marriott.com/en-us/hotels/vbocg-residence-inn-boulder/overview/,OFFICIAL_PROPERTY,2026-09-27,,,Pet Policy | Pets Welcome | $20/day (caps at 5 days) with $100/stay nonrefundable cleaning fee. | Maximum Pet Weight: 100.0lbs | Maximum Number of Pets in Room: 2,,denver-co
Residence Inn by Marriott Boulder Broomfield,pet-friendly-hotels,845 Coal Creek Circle,Louisville,CO,80027,,https://www.marriott.com/en-us/hotels/vborl-residence-inn-boulder-broomfield/overview/,https://www.marriott.com/en-us/hotels/vborl-residence-inn-boulder-broomfield/overview/,OFFICIAL_PROPERTY,2026-09-27,,,Pet Policy | Pets Welcome | Pets 150 pounds max allowed with USD 100 non-refundable fee per room per stay | Non-Refundable Pet Fee Per Stay: $100.00 | Maximum Pet Weight: 150.0lbs,,denver-co
Residence Inn by Marriott Boulder Canyon Boulevard,pet-friendly-hotels,2550 Canyon Boulevard,Boulder,CO,80302,+1 303-577-7300,https://www.marriott.com/en-us/hotels/vbobl-residence-inn-boulder-canyon-boulevard/overview/,https://www.marriott.com/en-us/hotels/vbobl-residence-inn-boulder-canyon-boulevard/overview/,OFFICIAL_PROPERTY,2026-09-27,,,Pet Policy | Pets Welcome | Up to 2 dogs allowed. No cats allowed. | Non-Refundable Pet Fee Per Stay: $100.00 | Maximum Pet Weight: 50.0lbs | Maximum Number of Pets in Room: 2,,denver-co
Residence Inn by Marriott Boulder Longmont,pet-friendly-hotels,1450 Dry Creek Drive,Longmont,CO,80503,+1 303-702-9933,https://www.marriott.com/en-us/hotels/vbori-residence-inn-boulder-longmont/overview/,https://www.marriott.com/en-us/hotels/vbori-residence-inn-boulder-longmont/overview/,OFFICIAL_PROPERTY,2026-09-27,,,Pet Policy | Pets Welcome | Limit 2 pet per room allowed with USD $100 non-refundable fee per room per stay | Non-Refundable Pet Fee Per Stay: $100.00 | Maximum Number of Pets in Room: 2,,denver-co
Residence Inn by Marriott Denver Airport at Gateway Park,pet-friendly-hotels,16490 East 40th Circle,Aurora,CO,80011,+1 303-459-8000,https://www.marriott.com/en-us/hotels/denri-residence-inn-denver-airport-at-gateway-park/overview/,https://www.marriott.com/en-us/hotels/denri-residence-inn-denver-airport-at-gateway-park/overview/,OFFICIAL_PROPERTY,2026-09-27,,,Pet Policy | Pets Welcome | Small dogs allowed with a USD 125 non-refundable fee per room per stay. | Non-Refundable Pet Fee Per Stay: $100.00 | Maximum Pet Weight: 50.0lbs | Maximum Number of Pets in Room: 1,,denver-co
Residence Inn by Marriott Denver Airport/Convention Center,pet-friendly-hotels,6762 Tower Road,Denver,CO,80249,+1 303-307-9100,https://www.marriott.com/en-us/hotels/denra-residence-inn-denver-airport-convention-center/overview/,https://www.marriott.com/en-us/hotels/denra-residence-inn-denver-airport-convention-center/overview/,OFFICIAL_PROPERTY,2026-09-27,,,Pet Policy | Pets Welcome | 2 dogs 50 lbs max per room with USD $100 non-refundable fee per room per stay. | Non-Refundable Pet Fee Per Stay: $75.00 | Maximum Pet Weight: 50.0lbs | Maximum Number of Pets in Room: 2,,denver-co
Residence Inn by Marriott Denver Aurora,pet-friendly-hotels,2600 South Abilene Street,Aurora,CO,80014,+1 720-655-3770,https://www.marriott.com/en-us/hotels/denro-residence-inn-denver-aurora/overview/,https://www.marriott.com/en-us/hotels/denro-residence-inn-denver-aurora/overview/,OFFICIAL_PROPERTY,2026-09-27,,,Pet Policy | Pets Welcome | 2 pets 100lbs max per pet per room with150USD non-refundable fee per room | Maximum Number of Pets in Room: 2,,denver-co
Residence Inn by Marriott Denver Central Park,pet-friendly-hotels,4667 North Central Park Boulevard,Denver,CO,80238,+1 303-373-3960,https://www.marriott.com/en-us/hotels/denre-residence-inn-denver-central-park/overview/,https://www.marriott.com/en-us/hotels/denre-residence-inn-denver-central-park/overview/,OFFICIAL_PROPERTY,2026-09-27,,,Pet Policy | Pets Welcome | 2 pets 25 pounds max per room with USD 150 non-refundable fee per room per stay | Non-Refundable Pet Fee Per Stay: $150.00 | Maximum Pet Weight: 25.0lbs | Maximum Number of Pets in Room: 2,,denver-co
Residence Inn by Marriott Denver Cherry Creek,pet-friendly-hotels,670 S Colorado Boulevard,Denver,CO,80246,+1 303-758-6200,https://www.marriott.com/en-us/hotels/denrs-residence-inn-denver-cherry-creek/overview/,https://www.marriott.com/en-us/hotels/denrs-residence-inn-denver-cherry-creek/overview/,OFFICIAL_PROPERTY,2026-09-27,,,Pet Policy | Pets Welcome | Dogs 75 pounds or less allowed with USD 100 non-refundable fee plus tax per stay | Maximum Pet Weight: 75.0lbs | Maximum Number of Pets in Room: 2,,denver-co
Residence Inn by Marriott Denver City Center,pet-friendly-hotels,1725 Champa Street,Denver,CO,80202,+1 303-296-3444,https://www.marriott.com/en-us/hotels/denrd-residence-inn-denver-city-center/overview/,https://www.marriott.com/en-us/hotels/denrd-residence-inn-denver-city-center/overview/,OFFICIAL_PROPERTY,2026-09-27,,,Pet Policy | Pets Welcome | Pets allowed with USD 75 non-refundable fee per room per stay | Non-Refundable Pet Fee Per Stay: $75.00,,denver-co
Residence Inn by Marriott Denver Golden/Red Rocks,pet-friendly-hotels,14600 W 6th Avenue Frontage Road,Golden,CO,80401,,https://www.marriott.com/en-us/hotels/dengo-residence-inn-denver-golden-red-rocks/overview/,https://www.marriott.com/en-us/hotels/dengo-residence-inn-denver-golden-red-rocks/overview/,OFFICIAL_PROPERTY,2026-09-27,,,Pet Policy | Pets Welcome | Pets up to 60 pounds allowed with USD 100.00 non-refundable fee per stay | Non-Refundable Pet Fee Per Stay: $100.00 | Maximum Pet Weight: 60.0lbs | Maximum Number of Pets in Room: 2,,denver-co
Residence Inn by Marriott Denver Highlands Ranch,pet-friendly-hotels,93 West Centennial Boulevard,Highlands Ranch,CO,80126,,https://www.marriott.com/en-us/hotels/denhr-residence-inn-denver-highlands-ranch/overview/,https://www.marriott.com/en-us/hotels/denhr-residence-inn-denver-highlands-ranch/overview/,OFFICIAL_PROPERTY,2026-09-27,,,Pet Policy | Pets Welcome | $100 non-refundable fee per stay | Non-Refundable Pet Fee Per Stay: $100.00 | Maximum Pet Weight: 100.0lbs | Maximum Number of Pets in Room: 2,,denver-co
Residence Inn by Marriott Denver North/Westminster,pet-friendly-hotels,5010 W 88th Place,Westminster,CO,80031,+1 303-427-9500,https://www.marriott.com/en-us/hotels/denwr-residence-inn-denver-north-westminster/overview/,https://www.marriott.com/en-us/hotels/denwr-residence-inn-denver-north-westminster/overview/,OFFICIAL_PROPERTY,2026-09-27,,,Pet Policy | Pets Welcome | 2 pets per room allowed with USD 100 non-refundable fee per stay | Non-Refundable Pet Fee Per Stay: $100.00 | Maximum Pet Weight: 50.0lbs | Maximum Number of Pets in Room: 2,,denver-co
Residence Inn by Marriott Denver South/Park Meadows Mall,pet-friendly-hotels,8322 South Valley Highway,Englewood,CO,80112,+1 720-895-0200,https://www.marriott.com/en-us/hotels/denvn-residence-inn-denver-south-park-meadows-mall/overview/,https://www.marriott.com/en-us/hotels/denvn-residence-inn-denver-south-park-meadows-mall/overview/,OFFICIAL_PROPERTY,2026-09-27,,,Pet Policy | Pets Welcome | Non-Refundable Pet Fee Per Stay: $125.00 | Maximum Number of Pets in Room: 2,,denver-co
Residence Inn by Marriott Denver Southwest/Lakewood,pet-friendly-hotels,7050 West Hampden Avenue,Lakewood,CO,80227,+1 303-985-7676,https://www.marriott.com/en-us/hotels/denrk-residence-inn-denver-southwest-lakewood/overview/,https://www.marriott.com/en-us/hotels/denrk-residence-inn-denver-southwest-lakewood/overview/,OFFICIAL_PROPERTY,2026-09-27,,,Pet Policy | Pets Welcome | Pets allowed with USD 100 non-refundable fee per stay | Non-Refundable Pet Fee Per Stay: $100.00,,denver-co
Residence Inn by Marriott Denver Southwest/Littleton,pet-friendly-hotels,3090 West County Line Road,Littleton,CO,80129,(303) 791-3010,https://www.marriott.com/en-us/hotels/denrt-residence-inn-denver-southwest-littleton/overview/,https://www.marriott.com/en-us/hotels/denrt-residence-inn-denver-southwest-littleton/overview/,OFFICIAL_PROPERTY,2026-09-27,,,Pet Policy | Pets Welcome | Per room 2 well-mannered pets 150 lbs max USD 100 non-refundable fee per stay | Non-Refundable Pet Fee Per Stay: $100.00 | Maximum Pet Weight: 150.0lbs | Maximum Number of Pets in Room: 2,,denver-co
Residence Inn by Marriott Denver Tech Center,pet-friendly-hotels,6565 South Yosemite St.,Greenwood Village,CO,80111,+1 303-740-7177,https://www.marriott.com/en-us/hotels/denew-residence-inn-denver-tech-center/overview/,https://www.marriott.com/en-us/hotels/denew-residence-inn-denver-tech-center/overview/,OFFICIAL_PROPERTY,2026-09-27,,,Pet Policy | Pets Welcome | 2 pets 50 pounds max per room | Non-Refundable Pet Fee Per Stay: $100.00 | Maximum Pet Weight: 50.0lbs | Maximum Number of Pets in Room: 2,,denver-co
Sheraton Denver Downtown Hotel,pet-friendly-hotels,1550 Court Place,Denver,CO,80202,+1-303-893-3333,https://www.marriott.com/en-us/hotels/dends-sheraton-denver-downtown-hotel/overview/,https://www.marriott.com/en-us/hotels/dends-sheraton-denver-downtown-hotel/overview/,OFFICIAL_PROPERTY,2026-09-27,,,Pet Policy | Pets Welcome. | Non-Refundable Pet Fee Per Stay: $150.00 | Maximum Number of Pets in Room: 2,,denver-co
Sheraton Denver West Hotel,pet-friendly-hotels,360 Union Boulevard,Lakewood,CO,80228,+1 303-987-2000,https://www.marriott.com/en-us/hotels/densw-sheraton-denver-west-hotel/overview/,https://www.marriott.com/en-us/hotels/densw-sheraton-denver-west-hotel/overview/,OFFICIAL_PROPERTY,2026-09-27,,,"Pet Policy | Pets Welcome | Hotel allows dogs only. $75, non-refundable fee per stay up to one week. | Maximum Pet Weight: 50.0lbs | Maximum Number of Pets in Room: 2",,denver-co
Sleep Inn Denver Tech Center,pet-friendly-hotels,9257 E. Costilla Avenue,Greenwood Village,CO,80112,+1 720-466-7395,https://www.choicehotels.com/colorado/greenwood-village/sleep-inn-hotels/co736,https://www.choicehotels.com/colorado/greenwood-village/sleep-inn-hotels/co736,OFFICIAL_PROPERTY,2026-09-27,,,"Pets Allowed: Yes | General: Pets are allowed. Dogs only,25 USD per night per pet. 100 USD refundable deposit, 50lbs lim",,denver-co
Sonesta Denver Downtown,pet-friendly-hotels,1450 Glenarm Place,Denver,CO,80202,(303) 573-1450,https://www.sonesta.com/sonesta-hotels-resorts/co/denver/sonesta-denver-downtown,https://www.sonesta.com/sonesta-hotels-resorts/co/denver/sonesta-denver-downtown,OFFICIAL_PROPERTY,2026-09-27,,,"Pet-Friendly Hotel in Denver | Sonesta Denver Downtown is and welcomes well-mannered pets, with no breed or weight restrictions. U. | $100 fee per stay applies.",,denver-co
Sonesta ES Suites Denver South - Park Meadows,pet-friendly-hotels,7820 Park Meadows Drive,Lone Tree,CO,80124,,https://www.sonesta.com/sonesta-es-suites/co/lone-tree/sonesta-es-suites-denver-south-park-meadows,https://www.sonesta.com/sonesta-es-suites/co/lone-tree/sonesta-es-suites-denver-south-park-meadows,OFFICIAL_PROPERTY,2026-09-27,,,pets are permitted,,denver-co
Sonesta Simply Suites Denver West Federal Center,pet-friendly-hotels,895 Tabor Street,Lakewood,CO,80401,,https://www.sonesta.com/sonesta-simply-suites/co/lakewood/sonesta-simply-suites-denver-west-federal-center,https://www.sonesta.com/sonesta-simply-suites/co/lakewood/sonesta-simply-suites-denver-west-federal-center,OFFICIAL_PROPERTY,2026-09-27,,,"Sonesta Simply Suites Denver West Federal Center is pet-friendly and welcomes well-mannered pets, wi | $75 fee applies for stays up to 7 nights; $150 for all longer stays.",,denver-co
Spark by Hilton Denver East I 70,pet-friendly-hotels,4380 Peoria Street,Denver,CO,80239,+1-303-375-1500,https://www.hilton.com/en/hotels/deneape-spark-denver-east-i-70/,https://www.hilton.com/en/hotels/deneape-spark-denver-east-i-70/hotel-info/,OFFICIAL_PROPERTY,2026-09-27,,,Pets | Pets allowed: Yes | Non-refundable fee: $50.00 | Max weight: 50 lbs | Max size: large,,denver-co
Spark by Hilton Denver International Airport,pet-friendly-hotels,7020 Tower Rd,Denver,CO,80249,+1-303-373-1600,https://www.hilton.com/en/hotels/denngpe-spark-denver-international-airport/,https://www.hilton.com/en/hotels/denngpe-spark-denver-international-airport/hotel-info/,OFFICIAL_PROPERTY,2026-09-27,,,"Pets | Pets allowed: Yes | Non-refundable fee: $75.00 | Max weight: 25 lbs | Max size: medium | Pet policy: $75(1-4 nights), $150(5+ nights) 2 pets max, Dogs only",,denver-co
Spark by Hilton Denver Tech Center Centennial,pet-friendly-hotels,9719 E Geddes Avenue,Centennial,CO,80112,+1 303-768-9400,https://www.hilton.com/en/hotels/denmxpe-spark-denver-tech-center-centennial/,https://www.hilton.com/en/hotels/denmxpe-spark-denver-tech-center-centennial/hotel-info/,OFFICIAL_PROPERTY,2026-09-27,,,Pets | Pets allowed: Yes | Non-refundable fee: $20.00 | Max weight: 50 lbs,,denver-co
Spark by Hilton Lakewood Denver Southwest,pet-friendly-hotels,7240 W Jefferson,Lakewood,CO,80235,+1 303-989-4600,https://www.hilton.com/en/hotels/dencnpe-spark-lakewood-denver-southwest/,https://www.hilton.com/en/hotels/dencnpe-spark-lakewood-denver-southwest/hotel-info/,OFFICIAL_PROPERTY,2026-09-27,,,"Pets | Pets allowed: Yes | Non-refundable fee: $50.00 | Max weight: 75 lbs | Max size: medium | Pet policy: $50 1-4 nights, $125 5+ nights",,denver-co
SpringHill Suites by Marriott Denver Airport at Gateway Park,pet-friendly-hotels,16195 E 40th Ave,Denver,CO,80239,,https://www.marriott.com/en-us/hotels/dengh-springhill-suites-denver-airport-at-gateway-park/overview/,https://www.marriott.com/en-us/hotels/dengh-springhill-suites-denver-airport-at-gateway-park/overview/,OFFICIAL_PROPERTY,2026-09-27,,,Pet Policy | Pets Welcome | 2pets 50lbs max per pet per room with 75USD non-refundable fee per room per stay | Non-Refundable Pet Fee Per Stay: $75.00 | Maximum Pet Weight: 50.0lbs | Maximum Number of Pets in Room: 2,,denver-co
SpringHill Suites by Marriott Denver at Anschutz Medical Campus,pet-friendly-hotels,13400 East Colfax Avenue,Aurora,CO,80011,+1 720-859-1100,https://www.marriott.com/en-us/hotels/denaf-springhill-suites-denver-at-anschutz-medical-campus/overview/,https://www.marriott.com/en-us/hotels/denaf-springhill-suites-denver-at-anschutz-medical-campus/overview/,OFFICIAL_PROPERTY,2026-09-27,,,Pet Policy | Pets Welcome | Cats & Dogs Welcome | Non-Refundable Pet Fee Per Stay: $125.00 | Maximum Pet Weight: 50.0lbs | Maximum Number of Pets in Room: 2,,denver-co
SpringHill Suites by Marriott Denver Downtown,pet-friendly-hotels,1190 Auraria Parkway,Denver,CO,80204,(303) 705-7300,https://www.marriott.com/en-us/hotels/densd-springhill-suites-denver-downtown/overview/,https://www.marriott.com/en-us/hotels/densd-springhill-suites-denver-downtown/overview/,OFFICIAL_PROPERTY,2026-09-27,,,Pet Policy | Pets Welcome | Pets allowed with USD 75 non-refundable fee per room per stay. Maximum 2 pets. | Non-Refundable Pet Fee Per Stay: $75.00 | Maximum Number of Pets in Room: 2,,denver-co
SpringHill Suites by Marriott Denver North/Westminster,pet-friendly-hotels,6845 W 103rd Avenue,Westminster,CO,80021,,https://www.marriott.com/en-us/hotels/denwm-springhill-suites-denver-north-westminster/overview/,https://www.marriott.com/en-us/hotels/denwm-springhill-suites-denver-north-westminster/overview/,OFFICIAL_PROPERTY,2026-09-27,,,Pet Policy | Pets Welcome | Pet Fee is $75 per Stay,,denver-co
SpringHill Suites by Marriott Denver Parker,pet-friendly-hotels,9355 Silverado Drive,Parker,CO,80134,+1 303-841-6700,https://www.marriott.com/en-us/hotels/denpk-springhill-suites-denver-parker/overview/,https://www.marriott.com/en-us/hotels/denpk-springhill-suites-denver-parker/overview/,OFFICIAL_PROPERTY,2026-09-27,,,"Pet Policy | Pets Welcome | Dogs only, 2 max, 30lb limit: $75 per dog non refundable fee | Non-Refundable Pet Fee Per Stay: $75.00 | Maximum Pet Weight: 30.0lbs | Maximum Number of Pets in Room: 2",,denver-co
Staybridge Suites Denver - Central Park,pet-friendly-hotels,8101 Northfield Blvd,Denver,CO,80238,1-303-2273000,https://www.ihg.com/staybridge/hotels/us/en/denver/denqs/hoteldetail,https://www.ihg.com/staybridge/hotels/us/en/denver/denqs/hoteldetail,OFFICIAL_PROPERTY,2026-09-27,,,Amenities Parking Pet friendly Pool Fitness center Wi-Fi included Meeting facilities Parking Pet friendly Pool Fitness center Wi-Fi included Meeting facilities VIEW ALL AMENITIES Social Hour Join us for a variety of free appetizers and beverages at our evening reception. Can I bring my pet to Staybridge Suites Denver - Central Park? Pets are welcome at Staybridge Suites Denver - Central Park. There is a pet deposit per stay of 75 USD . Our Pet Policy: Dogs and service animals are permitted. Max,,denver-co
Staybridge Suites Denver-Cherry Creek,pet-friendly-hotels,4220 East Virginia Avenue,Glendale,CO,80246,(303) 321-5757,https://www.ihg.com/staybridge/hotels/us/en/glendale/dench/hoteldetail,https://www.ihg.com/staybridge/hotels/us/en/glendale/dench/hoteldetail,OFFICIAL_PROPERTY,2026-09-27,,,"Our non‑smoking, pet‑friendly all‑suite hotel offers spacious accommodations with fully equipped kitchens, giving you the comfort and flexibility to settle in and stay awhile. Can I bring my pet to Staybridge Suites Denver-Cherry Creek? Pets are welcome at Staybridge Suites Denver-Cherry Creek. There is a pet deposit per stay of 65 USD . Our Pet Policy: Pets are allowed with a non refundable fee of 65. Pet agreement must be signed at check in.",,denver-co
Staybridge Suites Denver Downtown,pet-friendly-hotels,333 West Colfax Avenue,Denver,CO,80204,(720) 428-8818,https://www.ihg.com/staybridge/hotels/us/en/denver/denca/hoteldetail,https://www.ihg.com/staybridge/hotels/us/en/denver/denca/hoteldetail,OFFICIAL_PROPERTY,2026-09-27,,,"Denver Pet Friendly Hotel | Staybridge Suites Denver Downtown Skip To main content Your session will expire in 5 minutes , 0 seconds , due to inactivity. Amenities Parking Pet friendly Pool Fitness center Wi-Fi included Meeting facilities Parking Pet friendly Pool Fitness center Wi-Fi included Meeting facilities VIEW ALL AMENITIES Social Hour Join us for a variety of free appetizers and beverages at our evening reception. Can I bring my pet to Staybridge Suites Denver Downtown? Pets are welcome",,denver-co
Staybridge Suites Denver International Airport,pet-friendly-hotels,6951 Tower Road,Denver,CO,80249,(303) 574-0888,https://www.ihg.com/staybridge/hotels/us/en/denver/densb/hoteldetail,https://www.ihg.com/staybridge/hotels/us/en/denver/densb/hoteldetail,OFFICIAL_PROPERTY,2026-09-27,,,"Feel right at home in our spacious & pet-friendly suite rooms. Your pet is welcome too. From free breakfast and a social hour to complimentary laundry facilities, our pet-friendly hotel is designed to blend functionality with relaxation. Amenities Parking Pet friendly Pool Fitness center Wi-Fi included Meeting facilities Parking Pet friendly Pool Fitness center Wi-Fi included Meeting facilities VIEW ALL AMENITIES Social Hour Join us for a variety of free appetizers and beverages at our evening r",,denver-co
Staybridge Suites Denver North - Thornton,pet-friendly-hotels,13719 Lincoln Street,Thornton,CO,80023,1-303-2556180,https://www.ihg.com/staybridge/hotels/us/en/thornton/dentt/hoteldetail,https://www.ihg.com/staybridge/hotels/us/en/thornton/dentt/hoteldetail,OFFICIAL_PROPERTY,2026-09-27,,,"Our Pet-Friendly, all-suites hot . Our Pet-Friendly, all-suites hotel is a short drive from Downtown Denver where you can enjoy year-round sports with the Broncos, Nuggets, Rockies, and Avalanche. Amenities Parking Pet friendly Pool Fitness center Wi-Fi included Meeting facilities Parking Pet friendly Pool Fitness center Wi-Fi included Meeting facilities VIEW ALL AMENITIES Social Hour Join us for a variety of free appetizers and beverages at our evening reception. 6:30 AM - 9:30 AM Monday, Tuesd",,denver-co
Staybridge Suites Denver South - Highlands Ranch,pet-friendly-hotels,8211 Southpark Circle,Littleton,CO,80120,(303) 347-9901,https://www.ihg.com/staybridge/hotels/us/en/littleton/denll/hoteldetail,https://www.ihg.com/staybridge/hotels/us/en/littleton/denll/hoteldetail,OFFICIAL_PROPERTY,2026-09-27,,,Amenities Parking Pet friendly Pool Fitness center Wi-Fi included Meeting facilities Parking Pet friendly Pool Fitness center Wi-Fi included Meeting facilities VIEW ALL AMENITIES Social Hour Join us for a variety of free appetizers and beverages at our evening reception. Can I bring my pet to Staybridge Suites Denver South - Highlands Ranch? Pets are welcome at Staybridge Suites Denver South - Highlands Ranch. Our Pet Policy: Pets weighing less than 80 pounds are welcome. A nonrefundable pet fee,,denver-co
Staybridge Suites Denver Tech Center,pet-friendly-hotels,7150 South Clinton Street,Centennial,CO,80112,1-303-8589990,https://www.ihg.com/staybridge/hotels/us/en/centennial/denct/hoteldetail,https://www.ihg.com/staybridge/hotels/us/en/centennial/denct/hoteldetail,OFFICIAL_PROPERTY,2026-09-27,,,Amenities Parking Pet friendly Pool Fitness center Wi-Fi included Meeting facilities Parking Pet friendly Pool Fitness center Wi-Fi included Meeting facilities VIEW ALL AMENITIES Social Hour Join us for a variety of free appetizers and beverages at our evening reception. Can I bring my pet to Staybridge Suites Denver Tech Center? Pets are welcome at Staybridge Suites Denver Tech Center. Our Pet Policy: A nonrefundable pet fee of 75 per dog applies to stays of 1 6 nights For stays of 7 nights or,,denver-co
StudioRes by Marriott Denver Tech Center,pet-friendly-hotels,7150 S Havana St,Centennial,CO,80112,(720) 230-6499,https://www.marriott.com/en-us/hotels/dencn-studiores-denver-tech-center/overview/,https://www.marriott.com/en-us/hotels/dencn-studiores-denver-tech-center/overview/,OFFICIAL_PROPERTY,2026-09-27,,,"Pet Policy: | Pets Welcome | $100 per stay, non-refundable | Non-Refundable Pet Fee Per Stay: $100.00 | Maximum Pet Weight: 45.0lbs | Maximum Number of Pets in Room: 2",,denver-co
Suburban Studios Denver Central-Arvada,pet-friendly-hotels,6455 Sheridan Boulevard,Arvada,CO,80003,,https://www.choicehotels.com/colorado/arvada/suburban-hotels/co478,https://www.choicehotels.com/colorado/arvada/suburban-hotels/co478,OFFICIAL_PROPERTY,2026-09-27,,,"Pets Allowed: Yes | General: Limit 2 dogs, under 75lbs. per room. No cats. Non-refundable pet cleaning fee of 100USD pe.",,denver-co
Suburban Studios Westminster Denver North,pet-friendly-hotels,12095 Mariposa Street,Westminster,CO,80234,+1-720-746-5300,https://www.choicehotels.com/colorado/westminster/suburban-hotels/co424,https://www.choicehotels.com/colorado/westminster/suburban-hotels/co424,OFFICIAL_PROPERTY,2026-09-27,,,"Pets Allowed: Yes | General: Pets are allowed Dogs Only. 5.00 USD per night, per pet. A maximum of 50 pounds per Pet. A",,denver-co
Super 8 by Wyndham Aurora East,pet-friendly-hotels,14031 E Iliff Ave,Aurora,CO,80014,+1-303-873-0286,https://www.wyndhamhotels.com/super-8/aurora-colorado/super-8-aurora-east/overview,https://www.wyndhamhotels.com/super-8/aurora-colorado/super-8-aurora-east/overview,OFFICIAL_PROPERTY,2026-09-27,,,Service Animals - ADA-defined service animals welcome./Dogs Allowed. 2 dogs max. 150lbs or less per dog./Fees - 10USD per dog per night. Pet Sanitation Fee 100USD if required./Other Information - Dogs must be crated if left unattended in room. Contact hotel for additional details and availability.,,denver-co
Super 8 by Wyndham Denver Central,pet-friendly-hotels,5888 North Broadway,Denver,CO,80216,(720) 531-5330,https://www.wyndhamhotels.com/super-8/denver-colorado/super-8-denver-i-25-and-58th-ave/overview,https://www.wyndhamhotels.com/super-8/denver-colorado/super-8-denver-i-25-and-58th-ave/overview,OFFICIAL_PROPERTY,2026-09-27,,,Service Animals - ADA-defined service animals welcome. / Dogs Allowed. 2 dogs max. / Fees - 25USD per pet per night. Pet Sanitation Fee 100USD if required. / Other Information - Please make note on reservation if travelling with pet. Contact hotel for additional details and availability.,,denver-co
Super 8 by Wyndham Denver Stapleton,pet-friendly-hotels,7201 E 36th Ave,Denver,CO,80207,(303) 393-7666,https://www.wyndhamhotels.com/super-8/denver-colorado/super-8-denver-stapleton/overview,https://www.wyndhamhotels.com/super-8/denver-colorado/super-8-denver-stapleton/overview,OFFICIAL_PROPERTY,2026-09-27,,,Service Animals - ADA-defined service animals are welcome free of charge. Max 2 dogs only - no cats - for 10.00USD/pet/night. Contact hotel for additional details and availability.,,denver-co
Super 8 by Wyndham Longmont/Del Camino,pet-friendly-hotels,10805 Turner Blvd,Longmont,CO,80504,(303) 772-0888,https://www.wyndhamhotels.com/super-8/longmont-colorado/super-8longmont-del-camino/overview,https://www.wyndhamhotels.com/super-8/longmont-colorado/super-8longmont-del-camino/overview,OFFICIAL_PROPERTY,2026-09-27,,,Service Animals - ADA-defined service animals welcome. / Pets Allowed - 2 pets max. 40lbs or less per pet. / Fees - 10USD per pet per night. / Other Information - Contact hotel for additional details and availability.,,denver-co
Super 8 by Wyndham Westminster Denver North,pet-friendly-hotels,12055 Melody Dr,Westminster,CO,80234,(303) 451-7200,https://www.wyndhamhotels.com/super-8/westminster-colorado/super-8-westminster-denver-north/overview,https://www.wyndhamhotels.com/super-8/westminster-colorado/super-8-westminster-denver-north/overview,OFFICIAL_PROPERTY,2026-09-27,,,Service Animals - ADA-defined service animals welcome. / Pets Allowed - 2 dogs max. Dogs only. 35lbs or less per dog. / Fees - 15USD per dog per night. Other information - Contact hotel for additional details and availability.,,denver-co
Super 8 by Wyndham Wheatridge/Denver West,pet-friendly-hotels,4700 Kipling Street,Wheatridge,CO,80033,(303) 423-4000,https://www.wyndhamhotels.com/super-8/wheat-ridge-colorado/super-8-denver-west/overview,https://www.wyndhamhotels.com/super-8/wheat-ridge-colorado/super-8-denver-west/overview,OFFICIAL_PROPERTY,2026-09-27,,,Service Animals - ADA-defined service animals are welcome free of charge. Max 2 DOGS max weight of 35 lbs each 25.00USD/DOG/night. DOGS ONLY. Contact hotel for additional details and availability.,,denver-co
Table Mountain Inn,pet-friendly-hotels,1310 Washington Avenue,Golden,CO,80401,+1 303 277 9898,https://www.tablemountaininn.com/,https://www.tablemountaininn.com/,OFFICIAL_PROPERTY,2026-09-27,,,"Is Table Mountain Inn dog-friendly? Yes, Table Mountain Inn welcomes dogs in designated pet-friendly rooms. Please contact the hotel for pet policies, availability, and applicable fees.",,denver-co
"The Art Hotel Denver, Curio Collection by Hilton",pet-friendly-hotels,1201 Broadway,Denver,CO,80203,+1-303-572-8000,https://www.hilton.com/en/hotels/denrtqq-the-art-hotel-denver/,https://www.hilton.com/en/hotels/denrtqq-the-art-hotel-denver/hotel-info/,OFFICIAL_PROPERTY,2026-09-27,,,Pets | Pets allowed: Yes | Non-refundable fee: $75.00 | Max weight: 60 lbs | Max size: large | Pet policy: Dogs only.,,denver-co
The Benson Hotel & Faculty Club,pet-friendly-hotels,13025 East Montview Boulevard,Aurora,CO,80045,+1 720 627 5958,https://thebensonhotel.com,https://thebensonhotel.com,OFFICIAL_PROPERTY,2026-09-27,,,"Do you allow pets? Yes, the hotel is dog-friendly! One dog under 50 lbs. Explore our pet policy for further details and amenities we offer our four legged guests.",,denver-co
"The Brown Palace Hotel and Spa, Autograph Collection",pet-friendly-hotels,321 17th Street,Denver,CO,80202,+1-303-297-3111,https://www.marriott.com/en-us/hotels/denak-the-brown-palace-hotel-and-spa-autograph-collection/overview/,https://www.marriott.com/en-us/hotels/denak-the-brown-palace-hotel-and-spa-autograph-collection/overview/,OFFICIAL_PROPERTY,2026-09-27,,,"Pet Policy | Pets Welcome | $125 non-refundable pet fee per stay, Dogs only | Maximum Pet Weight: 50.0lbs | Maximum Number of Pets in Room: 2",,denver-co
The Crawford Hotel,pet-friendly-hotels,1701 Wynkoop Street,Denver,CO,80202,(720) 460-3700,https://www.thecrawfordhotel.com/,https://www.thecrawfordhotel.com/our-story/amenities/pet-friendly/,OFFICIAL_PROPERTY,2026-09-27,,,"Pet-Friendly Hotel in Downtown Denver | Let us know prior to check-in that you'll be traveling with your pet; our thoughtful staff will fill | As part of our extensive hypoallergenic assurance, pet-friendly bookings incur a charge of $50 per n",,denver-co
the Curtis Denver - a DoubleTree by Hilton Hotel,pet-friendly-hotels,1405 Curtis Street,Denver,CO,80202,+1 303-571-0300,https://www.hilton.com/en/hotels/denchdt-the-curtis-denver/,https://www.hilton.com/en/hotels/denchdt-the-curtis-denver/hotel-info/,OFFICIAL_PROPERTY,2026-09-27,,,Pets | Pets allowed: Yes | Non-refundable fee: $25.00 | Max weight: 75 lbs | Max size: large | Pet policy: Pet fee of $25 per night,,denver-co
"The Golden Hotel, an Ascend Collection Hotel",pet-friendly-hotels,800 11th St.,Golden,CO,80401,(303) 279-0100,https://www.choicehotels.com/colorado/golden/ascend-hotels/co193,https://www.choicehotels.com/colorado/golden/ascend-hotels/co193,OFFICIAL_PROPERTY,2026-09-27,,,Pets Allowed: Yes | General: We are proud to be a pet-friendly hotel. $35.00 USD nightly fee applies. A maximum of 65 ..,,denver-co
"The Inverness Denver, a Hilton Golf & Spa Resort",pet-friendly-hotels,200 Inverness Drive West,Englewood,CO,80112,+1 303 799 5800,https://www.hilton.com/en/hotels/denirhh-the-inverness-denver-a-hilton-golf-and-spa-resort/,https://www.hilton.com/en/hotels/denirhh-the-inverness-denver-a-hilton-golf-and-spa-resort/amenities/,OFFICIAL_PROPERTY,2026-09-27,,,"Hotel Policies | Pets | Pets Allowed: Yes | Pet Policy: Pets allowed, $75.00 non-refundable fee, 75 lbs maximum, Dogs only, $75.00 per night up to 3 nights, Limit 2 dogs per room weight limit [75lbs/34kg]. | Max Size: Large | Max Weight: 75 lbs | Pet Fee: $75.00 Non-refundable",,denver-co
"The Jacquard, Autograph Collection",pet-friendly-hotels,222 Milwaukee Street,Denver,CO,80206,(303) 515-2000,https://www.marriott.com/en-us/hotels/dencr-the-jacquard-autograph-collection/overview/,https://www.marriott.com/en-us/hotels/dencr-the-jacquard-autograph-collection/overview/,OFFICIAL_PROPERTY,2026-09-27,,,"Pet Policy | Pets Welcome | Pets allowed with USD 150 non-refundable fee per pet per stay, under 50 Lbs. | Non-Refundable Pet Fee Per Stay: $150.00 | Maximum Pet Weight: 50.0lbs | Maximum Number of Pets in Room: 1",,denver-co
The Maven Hotel,pet-friendly-hotels,1850 Wazee St.,Denver,CO,80202,(720) 460-2727,https://www.themavenhotel.com/,https://www.themavenhotel.com/,OFFICIAL_PROPERTY,2026-09-27,,,Book Previous month Next month Book Book --> Home About Our Story Art Sustainability Amenities Inclusions Dogs Welcome! Space Host An Event Like A Maven Private Dining RFP Weddings Services Wedding Partners on the Block Our Space Wedding Request Gallery Special Offers Menu COVID-19 Initiatives Home About --> Our Story Art Sustainability Amenities Inclusions Dogs Welcome! Book Now See Inside Featured Amenities: Beds: 1 Occupancy: 2 Room Size: 300 - 395 SQ FT View: City/Alley City View Air Conditi,,denver-co
The Oxford Hotel,pet-friendly-hotels,1600 17th Street,Denver,CO,80202,+1 833 524 0368,https://www.theoxfordhotel.com/,https://www.theoxfordhotel.com/,OFFICIAL_PROPERTY,2026-09-27,,,Dogs Welcome,,denver-co
The Parker Hotel,pet-friendly-hotels,18595 East Mainstreet,Parker,CO,80134,+1 720 572 1910,https://theparkerhotel.com/,https://theparkerhotel.com/,OFFICIAL_PROPERTY,2026-09-27,,,"LEARN MORE Offers & Packages 01 / 08 Advance Purchase Book 7 days in advance & save 10% Bring Your Pup on a Colorado Adventure Dog Days Getaway 01 / 08 VIEW ALL OFFERS MEETINGS & EVENTS EXPLORE Our goal at The Parker Hotel is to leave those expectations in the foothills behind us. Is The Parker Hotel pet friendly? Yes, The Parker Hotel is a dog-friendly hotel. We charge a $75 non-refundable deposit, which includes a maximum of two pets. Please keep your dog on a leash when walking inside and aro",,denver-co
The Rally Hotel at McGregor Square,pet-friendly-hotels,1600 20th Street,Denver,CO,80202,+1 720 907 1234,https://www.therallyhotel.com/,https://www.therallyhotel.com/,OFFICIAL_PROPERTY,2026-09-27,,,Dogs Welcome,,denver-co
"The Ritz-Carlton, Denver",pet-friendly-hotels,1881 Curtis St.,Denver,CO,80202,(303) 312-3800,https://www.ritzcarlton.com/en/hotels/denrz-the-ritz-carlton-denver/overview/,https://www.ritzcarlton.com/en/hotels/denrz-the-ritz-carlton-denver/overview/,OFFICIAL_PROPERTY,2026-09-27,,,Pets Welcome,,denver-co
"The Slate Hotel Denver Downtown, Tapestry by Hilton",pet-friendly-hotels,1250 Welton Street,Denver,CO,80204,+1 303-292-5000,https://www.hilton.com/en/hotels/denvrup-the-slate-hotel-denver-downtown/,https://www.hilton.com/en/hotels/denvrup-the-slate-hotel-denver-downtown/hotel-info/,OFFICIAL_PROPERTY,2026-09-27,,,Pets | Pets allowed: Yes | Non-refundable fee: $75.00 | Max weight: 75 lbs | Max size: medium | Pet policy: $75 plus tax for 1 to 4 nights $125 plus tax for 5 nights or more.,,denver-co
The Source Hotel,pet-friendly-hotels,3330 Brighton Boulevard,Denver,CO,80216,+1-720-409-1200,https://www.thesourcehotel.com/,https://www.thesourcehotel.com/,OFFICIAL_PROPERTY,2026-09-27,,,"Events Calendar Gather Meetings & Events Weddings & Receptions Group Bookings Our Venues RFP Overview Offers Blog About Us Gallery Book Now Arrival & Departure Select Dates to Guests 2 Adults Children Promo Code Check Availability Book Now Pet Friendly Hotel in Denver, Colorado Home > Stay > Pet Friendly “Stayyy, stayyy! ” Dog-friendly digs are just one more reason to roll over to The Source during your next stay in Denver. Pamper yourself and your fur baby with a plush dog bed* to match your hu",,denver-co
The Westin Denver Downtown,pet-friendly-hotels,1672 Lawrence Street,Denver,CO,80202,(303) 572-9100,https://www.marriott.com/en-us/hotels/denwi-the-westin-denver-downtown/overview/,https://www.marriott.com/en-us/hotels/denwi-the-westin-denver-downtown/overview/,OFFICIAL_PROPERTY,2026-09-27,,,Pet Friendly Policy | Pets Welcome. | Non-Refundable Pet Fee Per Night: $50.00 | Maximum Pet Weight: 40.0lbs | Maximum Number of Pets in Room: 2,,denver-co
The Westin Denver International Airport,pet-friendly-hotels,8300 Peña Boulevard,Denver,CO,80249,+1-303-317-1800,https://www.marriott.com/en-us/hotels/denaw-the-westin-denver-international-airport/overview/,https://www.marriott.com/en-us/hotels/denaw-the-westin-denver-international-airport/overview/,OFFICIAL_PROPERTY,2026-09-27,,,Pet Policy | Pets Welcome. | $50 Pet Fee per Stay | Non-Refundable Pet Fee Per Night: $50.00 | Maximum Pet Weight: 80.0lbs | Maximum Number of Pets in Room: 1,,denver-co
The Westin Westminster,pet-friendly-hotels,10600 Westminster Boulevard,Westminster,CO,80020,(303) 410-5000,https://www.marriott.com/en-us/hotels/denww-the-westin-westminster/overview/,https://www.marriott.com/en-us/hotels/denww-the-westin-westminster/overview/,OFFICIAL_PROPERTY,2026-09-27,,,Pet Policy | Pets Welcome | $75 nonrefundable pet fee per room for dogs (excludes cats) | Maximum Pet Weight: 40.0lbs | Maximum Number of Pets in Room: 2,,denver-co
TownePlace Suites by Marriott Denver Airport at Gateway Park,pet-friendly-hotels,4100 N. Kittredge Street,Denver,CO,80239,+1 303-373-4243,https://www.marriott.com/en-us/hotels/denta-towneplace-suites-denver-airport-at-gateway-park/overview/,https://www.marriott.com/en-us/hotels/denta-towneplace-suites-denver-airport-at-gateway-park/overview/,OFFICIAL_PROPERTY,2026-09-27,,,Pet Policy | Pets Welcome | 2 pets 50 pounds max per room with USD 100 non-refundable fee per room per stay | Non-Refundable Pet Fee Per Stay: $100.00 | Maximum Pet Weight: 50.0lbs | Maximum Number of Pets in Room: 2,,denver-co
TownePlace Suites by Marriott Denver Downtown,pet-friendly-hotels,685 Speer Boulevard,Denver,CO,80204,(303) 722-2322,https://www.marriott.com/en-us/hotels/dencb-towneplace-suites-denver-downtown/overview/,https://www.marriott.com/en-us/hotels/dencb-towneplace-suites-denver-downtown/overview/,OFFICIAL_PROPERTY,2026-09-27,,,Pet Policy | Pets Welcome | 2 pets per room allowed with USD 100 per room per stay non-refundable fee | Non-Refundable Pet Fee Per Stay: $100.00 | Maximum Number of Pets in Room: 2,,denver-co
TownePlace Suites by Marriott Denver North/Thornton,pet-friendly-hotels,12135 Grant Circle,Thornton,CO,80241,,https://www.marriott.com/en-us/hotels/dento-towneplace-suites-denver-north-thornton/overview/,https://www.marriott.com/en-us/hotels/dento-towneplace-suites-denver-north-thornton/overview/,OFFICIAL_PROPERTY,2026-09-27,,,Pet Policy | Pets Welcome | 2 Pets 100lbs maximum per room with 100USD Non Refundable fee per room per stay | Non-Refundable Pet Fee Per Stay: $100.00 | Maximum Pet Weight: 100.0lbs | Maximum Number of Pets in Room: 2,,denver-co
TownePlace Suites by Marriott Denver South/Lone Tree,pet-friendly-hotels,10664 Cabela Drive,Lone Tree,CO,80124,+1 303-708-9664,https://www.marriott.com/en-us/hotels/dentl-towneplace-suites-denver-south-lone-tree/overview/,https://www.marriott.com/en-us/hotels/dentl-towneplace-suites-denver-south-lone-tree/overview/,OFFICIAL_PROPERTY,2026-09-27,,,Pet Policy | Pets Welcome | Domesticated pets are accepted with a 100 USD non-refundable cleaning fee. | Non-Refundable Pet Fee Per Stay: $100.00 | Maximum Pet Weight: 50.0lbs | Maximum Number of Pets in Room: 2,,denver-co
TownePlace Suites by Marriott Denver Southwest/Littleton,pet-friendly-hotels,10902 W. Toller Drive,Littleton,CO,80127,+1 303-972-0555,https://www.marriott.com/en-us/hotels/dentp-towneplace-suites-denver-southwest-littleton/overview/,https://www.marriott.com/en-us/hotels/dentp-towneplace-suites-denver-southwest-littleton/overview/,OFFICIAL_PROPERTY,2026-09-27,,,Pet Policy | Pets Welcome | Contact hotel for full pet policy. Pet fee variable based on length of stay. | Non-Refundable Pet Fee Per Stay: $100.00 | Maximum Number of Pets in Room: 2,,denver-co
Travelodge by Wyndham Golden/Denver,pet-friendly-hotels,"3301 Youngfield, Service",Golden,CO,80401,+1 303-279-5565,https://www.wyndhamhotels.com/travelodge/golden-colorado/travelodge-golden-denver/overview,https://www.wyndhamhotels.com/travelodge/golden-colorado/travelodge-golden-denver/overview,OFFICIAL_PROPERTY,2026-09-27,,,Service Animals - Service animals welcome. / Dogs and cats Allowed. 2 pets max. 150lbs or less per pet. / Pet Sanitation Fee 250USD if required. / Other Information - Contact hotel for additional details and availability.,,denver-co
Travelodge by Wyndham Longmont,pet-friendly-hotels,3820 State Highway 119,Longmont,CO,80504,1-303-651-6999,https://www.wyndhamhotels.com/travelodge/longmont-colorado/travelodge-longmont/overview,https://www.wyndhamhotels.com/travelodge/longmont-colorado/travelodge-longmont/overview,OFFICIAL_PROPERTY,2026-09-27,,,Service Animals - ADA-defined service animals welcome. / Dogs Allowed - 2 pets max. Dogs only. / Fees - 15USD per dog per night. Pet Sanitation Fee 100USD if required. / Other Information - Contact hotel for additional details and availability.,,denver-co
Tru by Hilton Denver Downtown Convention Center,pet-friendly-hotels,1501 Stout St,Denver,CO,80202,+1 303-753-1201,https://www.hilton.com/en/hotels/dencsru-tru-denver-downtown-convention-center/,https://www.hilton.com/en/hotels/dencsru-tru-denver-downtown-convention-center/hotel-info/,OFFICIAL_PROPERTY,2026-09-27,,,Pets | Pets allowed: Yes | Non-refundable fee: $50.00 | Pet policy: 1-4 night stay $50; 5+ night stay $75; 2 pets max; dog or cat only,,denver-co
Tru by Hilton Denver South Park Meadows,pet-friendly-hotels,9741 Park Meadows Dr,Lone Tree,CO,80124,+1 303-799-1800,https://www.hilton.com/en/hotels/denspru-tru-denver-south-park-meadows/,https://www.hilton.com/en/hotels/denspru-tru-denver-south-park-meadows/hotel-info/,OFFICIAL_PROPERTY,2026-09-27,,,"Pets | Pets allowed: Yes | Non-refundable fee: $125.00 | Pet policy: $75(1-4n)$125(5+n)2pets Max,dog/cat only",,denver-co
Uptown Suites Westminster,pet-friendly-hotels,1825 W 120th Avenue,Westminster,CO,80234,,https://uptownsuites.com/extended-stay-hotels/extended-stay-denver-co-westminster/,https://uptownsuites.com/extended-stay-hotels/extended-stay-denver-co-westminster/,OFFICIAL_PROPERTY,2026-09-27,,,"Other perks this property offers include fast Wi-Fi, pet-friendly suites , a 24/7 gym, free parking, and an on-site laundry facility. Are Pets Allowed at Uptown Suites? Uptown Suites allows one dog (40 lbs. Dogs must be less than 36 inches long and less than 36 inches tall. There is a non-refundable pet fee of $20 (plus tax) per night not to exceed $200. Additional fees may apply if damage is found upon check-out or our pet policies are violated. Pet Friendly Extended Stay Hotel | Uptown Suites",,denver-co
Vib Hotel by Best Western Denver RiNo,pet-friendly-hotels,3560 Brighton Boulevard,Denver,CO,80216,(720) 844-3100,https://www.bestwestern.com/en_US/book/hotel-rooms.06199.html,https://www.bestwestern.com/en_US/book/hotel-rooms.06199.html,OFFICIAL_PROPERTY,2026-09-27,,,Pet Policy | We are Pet Friendly and allow up to two dogs in a limited number of rooms. The size limit for any on,,denver-co
WoodSpring Suites Broomfield-Westminster,pet-friendly-hotels,121 Edgeview Drive,Broomfield,CO,80021,,https://www.choicehotels.com/colorado/broomfield/woodspring-hotels/co418,https://www.choicehotels.com/colorado/broomfield/woodspring-hotels/co418,OFFICIAL_PROPERTY,2026-09-27,,,Pets Allowed: Yes | General: Dogs Allowed Only. Limit of 2 Pets per room. Max 75 Pounds. Non-Refundable deposit of 50 US,,denver-co
WoodSpring Suites Centennial - Denver Tech Center,pet-friendly-hotels,6843 S. Potomac Street,Centennial,CO,80112,,https://www.choicehotels.com/colorado/centennial/woodspring-hotels/co528,https://www.choicehotels.com/colorado/centennial/woodspring-hotels/co528,OFFICIAL_PROPERTY,2026-09-27,,,"Pet-friendly suite options are available, and housekeeping is provided every other week for guests staying longer. onditioning Free WiFi Room Details $71 USD /night Per Night View estimated total details $532 total Book Now Amenities Featured Amenities (30) Apartment-Style Suites Weekly Rates In-Room Kitchen Laundry* Government Travelers: FEMA Approved Pet Friendly* Free WiFi Vending Machines* Fitness Center View all amenities *May require an additional cost Location Explore Centennial parks, ar",,denver-co
WoodSpring Suites Littleton-South Denver,pet-friendly-hotels,5260 S Santa Fe Drive,Littleton,CO,80120,,https://www.choicehotels.com/colorado/littleton/woodspring-hotels/co393,https://www.choicehotels.com/colorado/littleton/woodspring-hotels/co393,OFFICIAL_PROPERTY,2026-09-27,,,"Free WiFi and free parking are also included, and pet-friendly suites are available for guests traveling with a dog. on Adventist Hospital 5 mi Info Essential details Check-In 3:00 PM Check-Out 11:00 AM Phone Number (720) 823-5051 Children Anyone aged 18 and under, at time of booking, stay for free Fax (720) 823-5053 Office Hours Daily 9:00 AM - 10:00 PM Pets Pets Allowed: Yes General: Service Animals are welcome at no additional charge, must be registered upon arrival. Limit of 2 Dogs per room.",,denver-co
WoodSpring Suites Thornton-North Denver,pet-friendly-hotels,16125 Washington Street,Thornton,CO,80023,+1-720-844-5921,https://www.choicehotels.com/colorado/thornton/woodspring-hotels/co458,https://www.choicehotels.com/colorado/thornton/woodspring-hotels/co458,OFFICIAL_PROPERTY,2026-09-27,,,Pets Allowed: Yes | General: Dogs Allowed Only. Limit of 2 Pets per room. Max 75 Pounds. Non-Refundable deposit of 50 US,,denver-co
Wyndham Denver Tech Center,pet-friendly-hotels,7007 S Clinton St,Greenwood Village,CO,80112,+1 303-799-6200,https://www.wyndhamhotels.com/wyndham/greenwood-village-colorado/wyndham-denver-tech-center/overview,https://www.wyndhamhotels.com/wyndham/greenwood-village-colorado/wyndham-denver-tech-center/overview,OFFICIAL_PROPERTY,2026-09-27,,,Service Animals - ADA-defined service animals welcome. / Dogs Allowed. 2 dogs max. 50lbs or less per pet. / Fees - 50USD per stay. / Other Information - Contact hotel for additional details and availability.,,denver-co
